TaskOrder,consent_final_key_resp.keys,consent_final_key_resp.rt,VA_InstructionsLoop.thisRepN,VA_InstructionsLoop.thisTrialN,VA_InstructionsLoop.thisN,VA_InstructionsLoop.thisIndex,VA_InstructionsLoop.ran,PROLIFIC_PID,date,expName,psychopyVersion,OS,frameRate,STUDY_ID,SESSION_ID,Red Orientations,Blue Orientations,VA_array_dur,Target Rectangle,New Red Orientations,New Blue Orientations,VA_PracResponse.keys,VA_PracResponse.corr,VA_PracResponse.rt,PracTrials.thisRepN,PracTrials.thisTrialN,PracTrials.thisN,PracTrials.thisIndex,PracTrials.ran,VA_Target,VA_TargetNumber,VA_Orientation,VA_Answer,VA_DelayDur,VA_PracTrialsSpeed.thisRepN,VA_PracTrialsSpeed.thisTrialN,VA_PracTrialsSpeed.thisN,VA_PracTrialsSpeed.thisIndex,VA_PracTrialsSpeed.ran,VA_TestResponse.keys,VA_TestResponse.corr,VA_TestResponse.rt,VA_TestTrials.thisRepN,VA_TestTrials.thisTrialN,VA_TestTrials.thisN,VA_TestTrials.thisIndex,VA_TestTrials.ran,VA_Task.thisRepN,VA_Task.thisTrialN,VA_Task.thisN,VA_Task.thisIndex,VA_Task.ran,TasksLoop.thisRepN,TasksLoop.thisTrialN,TasksLoop.thisN,TasksLoop.thisIndex,TasksLoop.ran,nRepsVA,nRepsMRT,MRTPracResponse.keys,MRTPracResponse.corr,MRTPracResponse.rt,MRTPracticeTrials.thisRepN,MRTPracticeTrials.thisTrialN,MRTPracticeTrials.thisN,MRTPracticeTrials.thisIndex,MRTPracticeTrials.ran,PracStimulus,PracDegRotation,PracType,MRTPracCorrectAns,MRT_prac_blocks.thisRepN,MRT_prac_blocks.thisTrialN,MRT_prac_blocks.thisN,MRT_prac_blocks.thisIndex,MRT_prac_blocks.ran,MRTStimulus,MRTType,MRTDegRotation,MRTCorrectAns,MRTTestResponse.keys,MRTTestResponse.corr,MRTTestResponse.rt,MRTTestTrials.thisRepN,MRTTestTrials.thisTrialN,MRTTestTrials.thisN,MRTTestTrials.thisIndex,MRTTestTrials.ran,MRT_Task.thisRepN,MRT_Task.thisTrialN,MRT_Task.thisN,MRT_Task.thisIndex,MRT_Task.ran
1,y,4.5303,0,0,0,0,1,663a80393a72dac091c817b5,2025-01-21_22h14.27.060,VisualArraysMentalRotation_v4,2021.1.4,Win32,60.97560976,679054f2072d526265aabff2,67906277230174ea4544947c,,,,,,,,,,,,,,,,,,,,,,,,,,,,,,,,,,,,,,,,,,,,,,,,,,,,,,,,,,,,,,,,,,,,,,,,,,,,,,
,,,,,,,,663a80393a72dac091c817b5,2025-01-21_22h14.27.060,VisualArraysMentalRotation_v4,2021.1.4,Win32,60.97560976,679054f2072d526265aabff2,67906277230174ea4544947c,"[45,45,45,0,45]","[0,0,90,90,-45]",0.25,PracBlue_5,"[45,45,45,0,45]","[0,0,90,90,-45]",6,0,3.4017,0,0,0,10,1,BLUE,5,Same,5,1,,,,,,,,,,,,,,,,,,,,,,,,,,,,,,,,,,,,,,,,,,,,,,,,,,,,,,,,,,,
,,,,,,,,663a80393a72dac091c817b5,2025-01-21_22h14.27.060,VisualArraysMentalRotation_v4,2021.1.4,Win32,60.97560976,679054f2072d526265aabff2,67906277230174ea4544947c,"[0,90,90,90,-45]","[90,0,90,0,90]",0.25,PracRed_5,"[0,90,90,90,-45]","[90,0,90,0,90]",5,1,1.6511,0,1,1,3,1,RED,5,Same,5,3,,,,,,,,,,,,,,,,,,,,,,,,,,,,,,,,,,,,,,,,,,,,,,,,,,,,,,,,,,,
,,,,,,,,663a80393a72dac091c817b5,2025-01-21_22h14.27.060,VisualArraysMentalRotation_v4,2021.1.4,Win32,60.97560976,679054f2072d526265aabff2,67906277230174ea4544947c,"[-45,0,90,45,0]","[90,0,0,45,0]",0.25,PracRed_4,"[-45,0,90,-45,0]","[90,0,0,45,0]",6,1,1.6013,0,2,2,7,1,RED,5,Different,6,3,,,,,,,,,,,,,,,,,,,,,,,,,,,,,,,,,,,,,,,,,,,,,,,,,,,,,,,,,,,
,,,,,,,,663a80393a72dac091c817b5,2025-01-21_22h14.27.060,VisualArraysMentalRotation_v4,2021.1.4,Win32,60.97560976,679054f2072d526265aabff2,67906277230174ea4544947c,"[45,-45,0,-45,0]","[0,0,0,90,-45]",0.25,PracBlue_2,"[45,-45,0,-45,0]","[0,45,0,90,-45]",6,1,1.5501,0,3,3,14,1,BLUE,5,Different,6,1,,,,,,,,,,,,,,,,,,,,,,,,,,,,,,,,,,,,,,,,,,,,,,,,,,,,,,,,,,,
,,,,,,,,663a80393a72dac091c817b5,2025-01-21_22h14.27.060,VisualArraysMentalRotation_v4,2021.1.4,Win32,60.97560976,679054f2072d526265aabff2,67906277230174ea4544947c,"[-45,0,0,-45,90]","[90,90,45,0,45]",0.25,PracRed_5,"[-45,0,0,-45,-45]","[90,90,45,0,45]",6,1,1.1141,0,4,4,6,1,RED,5,Different,6,1,,,,,,,,,,,,,,,,,,,,,,,,,,,,,,,,,,,,,,,,,,,,,,,,,,,,,,,,,,,
,,,,,,,,663a80393a72dac091c817b5,2025-01-21_22h14.27.060,VisualArraysMentalRotation_v4,2021.1.4,Win32,60.97560976,679054f2072d526265aabff2,67906277230174ea4544947c,"[90,-45,0,-45,90]","[0,0,0,0,-45]",0.25,PracBlue_2,"[90,-45,0,-45,90]","[0,0,0,0,-45]",5,1,1.2121,0,5,5,9,1,BLUE,3,Same,5,3,,,,,,,,,,,,,,,,,,,,,,,,,,,,,,,,,,,,,,,,,,,,,,,,,,,,,,,,,,,
,,,,,,,,663a80393a72dac091c817b5,2025-01-21_22h14.27.060,VisualArraysMentalRotation_v4,2021.1.4,Win32,60.97560976,679054f2072d526265aabff2,67906277230174ea4544947c,"[90,45,-45,-45,90]","[90,90,45,90,90]",0.25,PracRed_1,"[45,45,-45,-45,90]","[90,90,45,90,90]",6,1,1.257,0,6,6,4,1,RED,3,Different,6,1,,,,,,,,,,,,,,,,,,,,,,,,,,,,,,,,,,,,,,,,,,,,,,,,,,,,,,,,,,,
,,,,,,,,663a80393a72dac091c817b5,2025-01-21_22h14.27.060,VisualArraysMentalRotation_v4,2021.1.4,Win32,60.97560976,679054f2072d526265aabff2,67906277230174ea4544947c,"[-45,-45,45,-45,90]","[45,-45,90,45,90]",0.25,PracBlue_3,"[-45,-45,45,-45,90]","[45,-45,90,45,90]",6,0,1.0414,0,7,7,8,1,BLUE,3,Same,5,1,,,,,,,,,,,,,,,,,,,,,,,,,,,,,,,,,,,,,,,,,,,,,,,,,,,,,,,,,,,
,,,,,,,,663a80393a72dac091c817b5,2025-01-21_22h14.27.060,VisualArraysMentalRotation_v4,2021.1.4,Win32,60.97560976,679054f2072d526265aabff2,67906277230174ea4544947c,"[90,0,0,0,-45]","[45,90,90,-45,0]",0.25,PracBlue_2,"[90,0,0,0,-45]","[45,90,90,-45,0]",5,1,1.3832,0,8,8,11,1,BLUE,5,Same,5,3,,,,,,,,,,,,,,,,,,,,,,,,,,,,,,,,,,,,,,,,,,,,,,,,,,,,,,,,,,,
,,,,,,,,663a80393a72dac091c817b5,2025-01-21_22h14.27.060,VisualArraysMentalRotation_v4,2021.1.4,Win32,60.97560976,679054f2072d526265aabff2,67906277230174ea4544947c,"[45,90,45,45,90]","[90,45,90,0,0]",0.25,PracRed_3,"[45,90,-45,45,90]","[90,45,90,0,0]",5,0,1.5522,0,9,9,5,1,RED,3,Different,6,3,,,,,,,,,,,,,,,,,,,,,,,,,,,,,,,,,,,,,,,,,,,,,,,,,,,,,,,,,,,
,,,,,,,,663a80393a72dac091c817b5,2025-01-21_22h14.27.060,VisualArraysMentalRotation_v4,2021.1.4,Win32,60.97560976,679054f2072d526265aabff2,67906277230174ea4544947c,"[90,45,-45,0,0]","[0,45,45,0,-45]",0.25,PracRed_3,"[90,45,-45,0,0]","[0,45,45,0,-45]",5,1,1.4367,0,10,10,1,1,RED,3,Same,5,3,,,,,,,,,,,,,,,,,,,,,,,,,,,,,,,,,,,,,,,,,,,,,,,,,,,,,,,,,,,
,,,,,,,,663a80393a72dac091c817b5,2025-01-21_22h14.27.060,VisualArraysMentalRotation_v4,2021.1.4,Win32,60.97560976,679054f2072d526265aabff2,67906277230174ea4544947c,"[-45,-45,45,90,-45]","[0,-45,-45,90,0]",0.25,PracBlue_2,"[-45,-45,45,90,-45]","[0,0,-45,90,0]",5,0,1.4562,0,11,11,13,1,BLUE,3,Different,6,3,,,,,,,,,,,,,,,,,,,,,,,,,,,,,,,,,,,,,,,,,,,,,,,,,,,,,,,,,,,
,,,,,,,,663a80393a72dac091c817b5,2025-01-21_22h14.27.060,VisualArraysMentalRotation_v4,2021.1.4,Win32,60.97560976,679054f2072d526265aabff2,67906277230174ea4544947c,"[-45,45,45,90,45]","[90,0,0,-45,45]",0.25,PracBlue_2,"[-45,45,45,90,45]","[90,90,0,-45,45]",5,0,1.6855,0,12,12,12,1,BLUE,3,Different,6,1,,,,,,,,,,,,,,,,,,,,,,,,,,,,,,,,,,,,,,,,,,,,,,,,,,,,,,,,,,,
,,,,,,,,663a80393a72dac091c817b5,2025-01-21_22h14.27.060,VisualArraysMentalRotation_v4,2021.1.4,Win32,60.97560976,679054f2072d526265aabff2,67906277230174ea4544947c,"[90,0,90,0,0]","[90,90,0,90,90]",0.25,PracBlue_3,"[90,0,90,0,0]","[90,90,45,90,90]",6,1,1.0905,0,13,13,15,1,BLUE,5,Different,6,3,,,,,,,,,,,,,,,,,,,,,,,,,,,,,,,,,,,,,,,,,,,,,,,,,,,,,,,,,,,
,,,,,,,,663a80393a72dac091c817b5,2025-01-21_22h14.27.060,VisualArraysMentalRotation_v4,2021.1.4,Win32,60.97560976,679054f2072d526265aabff2,67906277230174ea4544947c,"[0,-45,90,90,90]","[45,90,-45,-45,90]",0.25,PracRed_4,"[0,-45,90,90,90]","[45,90,-45,-45,90]",6,0,1.2766,0,14,14,2,1,RED,5,Same,5,1,,,,,,,,,,,,,,,,,,,,,,,,,,,,,,,,,,,,,,,,,,,,,,,,,,,,,,,,,,,
,,,,,,,,663a80393a72dac091c817b5,2025-01-21_22h14.27.060,VisualArraysMentalRotation_v4,2021.1.4,Win32,60.97560976,679054f2072d526265aabff2,67906277230174ea4544947c,"[0,90,-45,0,45]","[90,0,90,0,45]",0.25,PracRed_3,"[0,90,-45,0,45]","[90,0,90,0,45]",5,1,0.9857,0,15,15,0,1,RED,3,Same,5,1,,,,,,,,,,,,,,,,,,,,,,,,,,,,,,,,,,,,,,,,,,,,,,,,,,,,,,,,,,,
,,,,,,,,663a80393a72dac091c817b5,2025-01-21_22h14.27.060,VisualArraysMentalRotation_v4,2021.1.4,Win32,60.97560976,679054f2072d526265aabff2,67906277230174ea4544947c,,,,,,,,,,,,,,,,,,,,0,0,0,0,1,,,,,,,,,,,,,,,,,,,,,,,,,,,,,,,,,,,,,,,,,,,,,,,,,,,,,,
,,,,,,,,663a80393a72dac091c817b5,2025-01-21_22h14.27.060,VisualArraysMentalRotation_v4,2021.1.4,Win32,60.97560976,679054f2072d526265aabff2,67906277230174ea4544947c,"[0,0,-45,45,0]","[90,90,45,0,0]",0.25,PracBlue_1,"[0,0,-45,45,0]","[-45,90,45,0,0]",6,1,1.4269,0,0,0,13,1,BLUE,3,Different,6,3,,,,,,,,,,,,,,,,,,,,,,,,,,,,,,,,,,,,,,,,,,,,,,,,,,,,,,,,,,,
,,,,,,,,663a80393a72dac091c817b5,2025-01-21_22h14.27.060,VisualArraysMentalRotation_v4,2021.1.4,Win32,60.97560976,679054f2072d526265aabff2,67906277230174ea4544947c,"[90,-45,-45,45,45]","[0,0,-45,90,-45]",0.25,PracRed_5,"[90,-45,-45,45,45]","[0,0,-45,90,-45]",5,1,1.0435,0,1,1,2,1,RED,5,Same,5,1,,,,,,,,,,,,,,,,,,,,,,,,,,,,,,,,,,,,,,,,,,,,,,,,,,,,,,,,,,,
,,,,,,,,663a80393a72dac091c817b5,2025-01-21_22h14.27.060,VisualArraysMentalRotation_v4,2021.1.4,Win32,60.97560976,679054f2072d526265aabff2,67906277230174ea4544947c,"[45,0,-45,90,-45]","[0,45,-45,90,0]",0.25,PracBlue_3,"[45,0,-45,90,-45]","[0,45,90,90,0]",6,1,1.0712,0,2,2,15,1,BLUE,5,Different,6,3,,,,,,,,,,,,,,,,,,,,,,,,,,,,,,,,,,,,,,,,,,,,,,,,,,,,,,,,,,,
,,,,,,,,663a80393a72dac091c817b5,2025-01-21_22h14.27.060,VisualArraysMentalRotation_v4,2021.1.4,Win32,60.97560976,679054f2072d526265aabff2,67906277230174ea4544947c,"[0,90,90,45,-45]","[90,90,0,90,0]",0.25,PracRed_3,"[0,90,90,45,-45]","[90,90,0,90,0]",5,1,0.8499,0,3,3,1,1,RED,3,Same,5,3,,,,,,,,,,,,,,,,,,,,,,,,,,,,,,,,,,,,,,,,,,,,,,,,,,,,,,,,,,,
,,,,,,,,663a80393a72dac091c817b5,2025-01-21_22h14.27.060,VisualArraysMentalRotation_v4,2021.1.4,Win32,60.97560976,679054f2072d526265aabff2,67906277230174ea4544947c,"[90,90,-45,90,0]","[0,90,90,45,45]",0.25,PracBlue_3,"[90,90,-45,90,0]","[0,90,90,45,45]",5,1,0.8608,0,4,4,8,1,BLUE,3,Same,5,1,,,,,,,,,,,,,,,,,,,,,,,,,,,,,,,,,,,,,,,,,,,,,,,,,,,,,,,,,,,
,,,,,,,,663a80393a72dac091c817b5,2025-01-21_22h14.27.060,VisualArraysMentalRotation_v4,2021.1.4,Win32,60.97560976,679054f2072d526265aabff2,67906277230174ea4544947c,"[45,0,45,45,0]","[45,45,45,-45,-45]",0.25,PracBlue_3,"[45,0,45,45,0]","[45,45,90,-45,-45]",6,1,0.8319,0,5,5,12,1,BLUE,3,Different,6,1,,,,,,,,,,,,,,,,,,,,,,,,,,,,,,,,,,,,,,,,,,,,,,,,,,,,,,,,,,,
,,,,,,,,663a80393a72dac091c817b5,2025-01-21_22h14.27.060,VisualArraysMentalRotation_v4,2021.1.4,Win32,60.97560976,679054f2072d526265aabff2,67906277230174ea4544947c,"[90,0,90,0,0]","[90,-45,-45,90,0]",0.25,PracRed_3,"[90,0,0,0,0]","[90,-45,-45,90,0]",6,1,1.2743,0,6,6,5,1,RED,3,Different,6,3,,,,,,,,,,,,,,,,,,,,,,,,,,,,,,,,,,,,,,,,,,,,,,,,,,,,,,,,,,,
,,,,,,,,663a80393a72dac091c817b5,2025-01-21_22h14.27.060,VisualArraysMentalRotation_v4,2021.1.4,Win32,60.97560976,679054f2072d526265aabff2,67906277230174ea4544947c,"[-45,-45,45,-45,45]","[45,90,-45,-45,45]",0.25,PracBlue_1,"[-45,-45,45,-45,45]","[-45,90,-45,-45,45]",6,1,1.2413,0,7,7,14,1,BLUE,5,Different,6,1,,,,,,,,,,,,,,,,,,,,,,,,,,,,,,,,,,,,,,,,,,,,,,,,,,,,,,,,,,,
,,,,,,,,663a80393a72dac091c817b5,2025-01-21_22h14.27.060,VisualArraysMentalRotation_v4,2021.1.4,Win32,60.97560976,679054f2072d526265aabff2,67906277230174ea4544947c,"[-45,90,90,90,90]","[90,90,-45,45,90]",0.25,PracRed_1,"[-45,90,90,90,90]","[90,90,-45,45,90]",5,1,1.2499,0,8,8,0,1,RED,3,Same,5,1,,,,,,,,,,,,,,,,,,,,,,,,,,,,,,,,,,,,,,,,,,,,,,,,,,,,,,,,,,,
,,,,,,,,663a80393a72dac091c817b5,2025-01-21_22h14.27.060,VisualArraysMentalRotation_v4,2021.1.4,Win32,60.97560976,679054f2072d526265aabff2,67906277230174ea4544947c,"[45,90,-45,0,90]","[45,45,45,-45,-45]",0.25,PracRed_4,"[45,90,-45,0,90]","[45,45,45,-45,-45]",5,1,1.3718,0,9,9,3,1,RED,5,Same,5,3,,,,,,,,,,,,,,,,,,,,,,,,,,,,,,,,,,,,,,,,,,,,,,,,,,,,,,,,,,,
,,,,,,,,663a80393a72dac091c817b5,2025-01-21_22h14.27.060,VisualArraysMentalRotation_v4,2021.1.4,Win32,60.97560976,679054f2072d526265aabff2,67906277230174ea4544947c,"[0,45,0,-45,90]","[45,90,-45,90,-45]",0.25,PracRed_2,"[0,-45,0,-45,90]","[45,90,-45,90,-45]",6,1,0.9022,0,10,10,4,1,RED,3,Different,6,1,,,,,,,,,,,,,,,,,,,,,,,,,,,,,,,,,,,,,,,,,,,,,,,,,,,,,,,,,,,
,,,,,,,,663a80393a72dac091c817b5,2025-01-21_22h14.27.060,VisualArraysMentalRotation_v4,2021.1.4,Win32,60.97560976,679054f2072d526265aabff2,67906277230174ea4544947c,"[90,-45,90,0,0]","[90,0,0,90,90]",0.25,PracBlue_3,"[90,-45,90,0,0]","[90,0,0,90,90]",5,1,0.9845,0,11,11,9,1,BLUE,3,Same,5,3,,,,,,,,,,,,,,,,,,,,,,,,,,,,,,,,,,,,,,,,,,,,,,,,,,,,,,,,,,,
,,,,,,,,663a80393a72dac091c817b5,2025-01-21_22h14.27.060,VisualArraysMentalRotation_v4,2021.1.4,Win32,60.97560976,679054f2072d526265aabff2,67906277230174ea4544947c,"[0,-45,45,-45,90]","[45,0,0,0,90]",0.25,PracBlue_1,"[0,-45,45,-45,90]","[45,0,0,0,90]",5,1,1.1181,0,12,12,11,1,BLUE,5,Same,5,3,,,,,,,,,,,,,,,,,,,,,,,,,,,,,,,,,,,,,,,,,,,,,,,,,,,,,,,,,,,
,,,,,,,,663a80393a72dac091c817b5,2025-01-21_22h14.27.060,VisualArraysMentalRotation_v4,2021.1.4,Win32,60.97560976,679054f2072d526265aabff2,67906277230174ea4544947c,"[45,0,90,90,45]","[45,90,0,90,90]",0.25,PracRed_4,"[45,0,90,45,45]","[45,90,0,90,90]",6,1,1.0343,0,13,13,7,1,RED,5,Different,6,3,,,,,,,,,,,,,,,,,,,,,,,,,,,,,,,,,,,,,,,,,,,,,,,,,,,,,,,,,,,
,,,,,,,,663a80393a72dac091c817b5,2025-01-21_22h14.27.060,VisualArraysMentalRotation_v4,2021.1.4,Win32,60.97560976,679054f2072d526265aabff2,67906277230174ea4544947c,"[45,0,45,45,45]","[90,90,0,-45,-45]",0.25,PracBlue_5,"[45,0,45,45,45]","[90,90,0,-45,-45]",5,1,1.1561,0,14,14,10,1,BLUE,5,Same,5,1,,,,,,,,,,,,,,,,,,,,,,,,,,,,,,,,,,,,,,,,,,,,,,,,,,,,,,,,,,,
,,,,,,,,663a80393a72dac091c817b5,2025-01-21_22h14.27.060,VisualArraysMentalRotation_v4,2021.1.4,Win32,60.97560976,679054f2072d526265aabff2,67906277230174ea4544947c,"[45,0,45,0,45]","[0,90,-45,45,-45]",0.25,PracRed_4,"[45,0,45,-45,45]","[0,90,-45,45,-45]",6,1,0.969,0,15,15,6,1,RED,5,Different,6,1,,,,,,,,,,,,,,,,,,,,,,,,,,,,,,,,,,,,,,,,,,,,,,,,,,,,,,,,,,,
,,,,,,,,663a80393a72dac091c817b5,2025-01-21_22h14.27.060,VisualArraysMentalRotation_v4,2021.1.4,Win32,60.97560976,679054f2072d526265aabff2,67906277230174ea4544947c,,,,,,,,,,,,,,,,,,,,1,0,1,0,1,,,,,,,,,,,,,,,,,,,,,,,,,,,,,,,,,,,,,,,,,,,,,,,,,,,,,,
,,,,,,,,663a80393a72dac091c817b5,2025-01-21_22h14.27.060,VisualArraysMentalRotation_v4,2021.1.4,Win32,60.97560976,679054f2072d526265aabff2,67906277230174ea4544947c,"[90,0,45,-45,0]","[45,90,0,0,90]",,Red_5,"[90,0,45,-45,0]","[45,90,0,0,90]",,,,,,,,,RED,5,Same,5,1,,,,,,5,1,0.7822,0,0,0,2,1,,,,,,,,,,,,,,,,,,,,,,,,,,,,,,,,,,,,,,,,,,,,,,
,,,,,,,,663a80393a72dac091c817b5,2025-01-21_22h14.27.060,VisualArraysMentalRotation_v4,2021.1.4,Win32,60.97560976,679054f2072d526265aabff2,67906277230174ea4544947c,"[45,-45,0,-45,90]","[90,-45,0,-45,45]",,Blue_1,"[45,-45,0,-45,90]","[90,-45,0,-45,45]",,,,,,,,,BLUE,3,Same,5,3,,,,,,6,0,1.33,0,1,1,9,1,,,,,,,,,,,,,,,,,,,,,,,,,,,,,,,,,,,,,,,,,,,,,,
,,,,,,,,663a80393a72dac091c817b5,2025-01-21_22h14.27.060,VisualArraysMentalRotation_v4,2021.1.4,Win32,60.97560976,679054f2072d526265aabff2,67906277230174ea4544947c,"[0,0,45,-45,45]","[-45,-45,-45,0,0]",,Blue_1,"[0,0,45,-45,45]","[-45,-45,-45,0,0]",,,,,,,,,BLUE,3,Same,5,1,,,,,,5,1,1.1377,0,2,2,8,1,,,,,,,,,,,,,,,,,,,,,,,,,,,,,,,,,,,,,,,,,,,,,,
,,,,,,,,663a80393a72dac091c817b5,2025-01-21_22h14.27.060,VisualArraysMentalRotation_v4,2021.1.4,Win32,60.97560976,679054f2072d526265aabff2,67906277230174ea4544947c,"[0,45,90,-45,90]","[0,90,-45,90,45]",,Red_1,"[45,45,90,-45,90]","[0,90,-45,90,45]",,,,,,,,,RED,3,Different,6,1,,,,,,6,1,1.3003,0,3,3,4,1,,,,,,,,,,,,,,,,,,,,,,,,,,,,,,,,,,,,,,,,,,,,,,
,,,,,,,,663a80393a72dac091c817b5,2025-01-21_22h14.27.060,VisualArraysMentalRotation_v4,2021.1.4,Win32,60.97560976,679054f2072d526265aabff2,67906277230174ea4544947c,"[-45,-45,0,45,45]","[0,-45,45,0,-45]",,Red_5,"[-45,-45,0,45,-45]","[0,-45,45,0,-45]",,,,,,,,,RED,5,Different,6,1,,,,,,5,0,0.917,0,4,4,6,1,,,,,,,,,,,,,,,,,,,,,,,,,,,,,,,,,,,,,,,,,,,,,,
,,,,,,,,663a80393a72dac091c817b5,2025-01-21_22h14.27.060,VisualArraysMentalRotation_v4,2021.1.4,Win32,60.97560976,679054f2072d526265aabff2,67906277230174ea4544947c,"[90,0,90,90,-45]","[-45,90,0,-45,0]",,Red_3,"[90,0,90,90,-45]","[-45,90,0,-45,0]",,,,,,,,,RED,5,Same,5,3,,,,,,5,1,1.1117,0,5,5,3,1,,,,,,,,,,,,,,,,,,,,,,,,,,,,,,,,,,,,,,,,,,,,,,
,,,,,,,,663a80393a72dac091c817b5,2025-01-21_22h14.27.060,VisualArraysMentalRotation_v4,2021.1.4,Win32,60.97560976,679054f2072d526265aabff2,67906277230174ea4544947c,"[0,90,90,0,90]","[0,90,0,-45,45]",,Red_3,"[0,90,45,0,90]","[0,90,0,-45,45]",,,,,,,,,RED,5,Different,6,3,,,,,,5,0,1.4046,0,6,6,7,1,,,,,,,,,,,,,,,,,,,,,,,,,,,,,,,,,,,,,,,,,,,,,,
,,,,,,,,663a80393a72dac091c817b5,2025-01-21_22h14.27.060,VisualArraysMentalRotation_v4,2021.1.4,Win32,60.97560976,679054f2072d526265aabff2,67906277230174ea4544947c,"[0,90,0,90,90]","[0,-45,45,0,90]",,Blue_5,"[0,90,0,90,90]","[0,-45,45,0,90]",,,,,,,,,BLUE,5,Same,5,1,,,,,,5,1,1.0865,0,7,7,10,1,,,,,,,,,,,,,,,,,,,,,,,,,,,,,,,,,,,,,,,,,,,,,,
,,,,,,,,663a80393a72dac091c817b5,2025-01-21_22h14.27.060,VisualArraysMentalRotation_v4,2021.1.4,Win32,60.97560976,679054f2072d526265aabff2,67906277230174ea4544947c,"[0,0,45,45,0]","[90,0,45,-45,90]",,Red_1,"[0,0,45,45,0]","[90,0,45,-45,90]",,,,,,,,,RED,3,Same,5,1,,,,,,5,1,1.001,0,8,8,0,1,,,,,,,,,,,,,,,,,,,,,,,,,,,,,,,,,,,,,,,,,,,,,,
,,,,,,,,663a80393a72dac091c817b5,2025-01-21_22h14.27.060,VisualArraysMentalRotation_v4,2021.1.4,Win32,60.97560976,679054f2072d526265aabff2,67906277230174ea4544947c,"[45,45,0,-45,0]","[-45,45,0,90,90]",,Blue_1,"[45,45,0,-45,0]","[0,45,0,90,90]",,,,,,,,,BLUE,5,Different,6,1,,,,,,6,1,0.8864,0,9,9,14,1,,,,,,,,,,,,,,,,,,,,,,,,,,,,,,,,,,,,,,,,,,,,,,
,,,,,,,,663a80393a72dac091c817b5,2025-01-21_22h14.27.060,VisualArraysMentalRotation_v4,2021.1.4,Win32,60.97560976,679054f2072d526265aabff2,67906277230174ea4544947c,"[0,0,-45,0,45]","[90,90,45,-45,90]",,Red_1,"[90,0,-45,0,45]","[90,90,45,-45,90]",,,,,,,,,RED,3,Different,6,3,,,,,,6,1,1.2498,0,10,10,5,1,,,,,,,,,,,,,,,,,,,,,,,,,,,,,,,,,,,,,,,,,,,,,,
,,,,,,,,663a80393a72dac091c817b5,2025-01-21_22h14.27.060,VisualArraysMentalRotation_v4,2021.1.4,Win32,60.97560976,679054f2072d526265aabff2,67906277230174ea4544947c,"[90,90,90,45,-45]","[-45,90,45,0,45]",,Blue_4,"[90,90,90,45,-45]","[-45,90,45,90,45]",,,,,,,,,BLUE,5,Different,6,3,,,,,,5,0,1.2917,0,11,11,15,1,,,,,,,,,,,,,,,,,,,,,,,,,,,,,,,,,,,,,,,,,,,,,,
,,,,,,,,663a80393a72dac091c817b5,2025-01-21_22h14.27.060,VisualArraysMentalRotation_v4,2021.1.4,Win32,60.97560976,679054f2072d526265aabff2,67906277230174ea4544947c,"[-45,-45,90,45,45]","[45,90,90,45,-45]",,Blue_2,"[-45,-45,90,45,45]","[45,45,90,45,-45]",,,,,,,,,BLUE,3,Different,6,3,,,,,,6,1,1.1003,0,12,12,13,1,,,,,,,,,,,,,,,,,,,,,,,,,,,,,,,,,,,,,,,,,,,,,,
,,,,,,,,663a80393a72dac091c817b5,2025-01-21_22h14.27.060,VisualArraysMentalRotation_v4,2021.1.4,Win32,60.97560976,679054f2072d526265aabff2,67906277230174ea4544947c,"[45,-45,-45,-45,45]","[45,-45,90,90,0]",,Red_3,"[45,-45,-45,-45,45]","[45,-45,90,90,0]",,,,,,,,,RED,3,Same,5,3,,,,,,5,1,1.0621,0,13,13,1,1,,,,,,,,,,,,,,,,,,,,,,,,,,,,,,,,,,,,,,,,,,,,,,
,,,,,,,,663a80393a72dac091c817b5,2025-01-21_22h14.27.060,VisualArraysMentalRotation_v4,2021.1.4,Win32,60.97560976,679054f2072d526265aabff2,67906277230174ea4544947c,"[-45,-45,45,-45,90]","[0,45,0,-45,-45]",,Blue_3,"[-45,-45,45,-45,90]","[0,45,0,-45,-45]",,,,,,,,,BLUE,5,Same,5,3,,,,,,5,1,1.5713,0,14,14,11,1,,,,,,,,,,,,,,,,,,,,,,,,,,,,,,,,,,,,,,,,,,,,,,
,,,,,,,,663a80393a72dac091c817b5,2025-01-21_22h14.27.060,VisualArraysMentalRotation_v4,2021.1.4,Win32,60.97560976,679054f2072d526265aabff2,67906277230174ea4544947c,"[45,0,0,90,45]","[45,-45,90,0,-45]",,Blue_3,"[45,0,0,90,45]","[45,-45,45,0,-45]",,,,,,,,,BLUE,3,Different,6,1,,,,,,6,1,1.8855,0,15,15,12,1,,,,,,,,,,,,,,,,,,,,,,,,,,,,,,,,,,,,,,,,,,,,,,
,,,,,,,,663a80393a72dac091c817b5,2025-01-21_22h14.27.060,VisualArraysMentalRotation_v4,2021.1.4,Win32,60.97560976,679054f2072d526265aabff2,67906277230174ea4544947c,"[-45,0,90,45,90]","[45,45,-45,90,0]",,Red_2,"[-45,0,90,45,90]","[45,45,-45,90,0]",,,,,,,,,RED,3,Same,5,3,,,,,,5,1,1.2291,1,0,16,1,1,,,,,,,,,,,,,,,,,,,,,,,,,,,,,,,,,,,,,,,,,,,,,,
,,,,,,,,663a80393a72dac091c817b5,2025-01-21_22h14.27.060,VisualArraysMentalRotation_v4,2021.1.4,Win32,60.97560976,679054f2072d526265aabff2,67906277230174ea4544947c,"[45,45,-45,-45,90]","[-45,90,90,-45,45]",,Red_3,"[45,45,90,-45,90]","[-45,90,90,-45,45]",,,,,,,,,RED,3,Different,6,3,,,,,,6,1,2.4218,1,1,17,5,1,,,,,,,,,,,,,,,,,,,,,,,,,,,,,,,,,,,,,,,,,,,,,,
,,,,,,,,663a80393a72dac091c817b5,2025-01-21_22h14.27.060,VisualArraysMentalRotation_v4,2021.1.4,Win32,60.97560976,679054f2072d526265aabff2,67906277230174ea4544947c,"[-45,-45,0,90,90]","[45,90,90,0,-45]",,Blue_2,"[-45,-45,0,90,90]","[45,-45,90,0,-45]",,,,,,,,,BLUE,5,Different,6,1,,,,,,5,0,0.7769,1,2,18,14,1,,,,,,,,,,,,,,,,,,,,,,,,,,,,,,,,,,,,,,,,,,,,,,
,,,,,,,,663a80393a72dac091c817b5,2025-01-21_22h14.27.060,VisualArraysMentalRotation_v4,2021.1.4,Win32,60.97560976,679054f2072d526265aabff2,67906277230174ea4544947c,"[90,-45,45,0,45]","[90,0,90,0,90]",,Blue_2,"[90,-45,45,0,45]","[90,-45,90,0,90]",,,,,,,,,BLUE,3,Different,6,1,,,,,,6,1,1.9518,1,3,19,12,1,,,,,,,,,,,,,,,,,,,,,,,,,,,,,,,,,,,,,,,,,,,,,,
,,,,,,,,663a80393a72dac091c817b5,2025-01-21_22h14.27.060,VisualArraysMentalRotation_v4,2021.1.4,Win32,60.97560976,679054f2072d526265aabff2,67906277230174ea4544947c,"[90,-45,45,45,0]","[90,0,-45,0,0]",,Red_3,"[90,-45,90,45,0]","[90,0,-45,0,0]",,,,,,,,,RED,5,Different,6,3,,,,,,5,0,1.065,1,4,20,7,1,,,,,,,,,,,,,,,,,,,,,,,,,,,,,,,,,,,,,,,,,,,,,,
,,,,,,,,663a80393a72dac091c817b5,2025-01-21_22h14.27.060,VisualArraysMentalRotation_v4,2021.1.4,Win32,60.97560976,679054f2072d526265aabff2,67906277230174ea4544947c,"[45,-45,0,0,45]","[45,45,45,45,90]",,Red_5,"[45,-45,0,0,90]","[45,45,45,45,90]",,,,,,,,,RED,5,Different,6,1,,,,,,5,0,1.0847,1,5,21,6,1,,,,,,,,,,,,,,,,,,,,,,,,,,,,,,,,,,,,,,,,,,,,,,
,,,,,,,,663a80393a72dac091c817b5,2025-01-21_22h14.27.060,VisualArraysMentalRotation_v4,2021.1.4,Win32,60.97560976,679054f2072d526265aabff2,67906277230174ea4544947c,"[-45,90,-45,-45,90]","[45,45,90,-45,-45]",,Blue_5,"[-45,90,-45,-45,90]","[45,45,90,-45,-45]",,,,,,,,,BLUE,5,Same,5,1,,,,,,5,1,0.6887,1,6,22,10,1,,,,,,,,,,,,,,,,,,,,,,,,,,,,,,,,,,,,,,,,,,,,,,
,,,,,,,,663a80393a72dac091c817b5,2025-01-21_22h14.27.060,VisualArraysMentalRotation_v4,2021.1.4,Win32,60.97560976,679054f2072d526265aabff2,67906277230174ea4544947c,"[0,-45,-45,-45,0]","[-45,-45,90,-45,-45]",,Red_2,"[0,-45,-45,-45,0]","[-45,-45,90,-45,-45]",,,,,,,,,RED,3,Same,5,1,,,,,,6,0,1.7347,1,7,23,0,1,,,,,,,,,,,,,,,,,,,,,,,,,,,,,,,,,,,,,,,,,,,,,,
,,,,,,,,663a80393a72dac091c817b5,2025-01-21_22h14.27.060,VisualArraysMentalRotation_v4,2021.1.4,Win32,60.97560976,679054f2072d526265aabff2,67906277230174ea4544947c,"[0,0,-45,90,0]","[45,0,-45,0,45]",,Red_3,"[0,0,-45,90,0]","[45,0,-45,0,45]",,,,,,,,,RED,5,Same,5,3,,,,,,5,1,1.138,1,8,24,3,1,,,,,,,,,,,,,,,,,,,,,,,,,,,,,,,,,,,,,,,,,,,,,,
,,,,,,,,663a80393a72dac091c817b5,2025-01-21_22h14.27.060,VisualArraysMentalRotation_v4,2021.1.4,Win32,60.97560976,679054f2072d526265aabff2,67906277230174ea4544947c,"[0,90,45,90,90]","[90,0,90,-45,-45]",,Blue_3,"[0,90,45,90,90]","[90,0,90,-45,-45]",,,,,,,,,BLUE,3,Same,5,3,,,,,,5,1,0.5865,1,9,25,9,1,,,,,,,,,,,,,,,,,,,,,,,,,,,,,,,,,,,,,,,,,,,,,,
,,,,,,,,663a80393a72dac091c817b5,2025-01-21_22h14.27.060,VisualArraysMentalRotation_v4,2021.1.4,Win32,60.97560976,679054f2072d526265aabff2,67906277230174ea4544947c,"[-45,90,0,-45,45]","[0,90,-45,-45,0]",,Blue_3,"[-45,90,0,-45,45]","[0,90,90,-45,0]",,,,,,,,,BLUE,3,Different,6,3,,,,,,6,1,2.1542,1,10,26,13,1,,,,,,,,,,,,,,,,,,,,,,,,,,,,,,,,,,,,,,,,,,,,,,
,,,,,,,,663a80393a72dac091c817b5,2025-01-21_22h14.27.060,VisualArraysMentalRotation_v4,2021.1.4,Win32,60.97560976,679054f2072d526265aabff2,67906277230174ea4544947c,"[0,45,0,90,90]","[-45,0,45,45,90]",,Blue_5,"[0,45,0,90,90]","[-45,0,45,45,90]",,,,,,,,,BLUE,5,Same,5,3,,,,,,5,1,0.8729,1,11,27,11,1,,,,,,,,,,,,,,,,,,,,,,,,,,,,,,,,,,,,,,,,,,,,,,
,,,,,,,,663a80393a72dac091c817b5,2025-01-21_22h14.27.060,VisualArraysMentalRotation_v4,2021.1.4,Win32,60.97560976,679054f2072d526265aabff2,67906277230174ea4544947c,"[0,0,-45,-45,-45]","[-45,0,-45,-45,45]",,Blue_2,"[0,0,-45,-45,-45]","[-45,0,-45,-45,45]",,,,,,,,,BLUE,3,Same,5,1,,,,,,5,1,0.7996,1,12,28,8,1,,,,,,,,,,,,,,,,,,,,,,,,,,,,,,,,,,,,,,,,,,,,,,
,,,,,,,,663a80393a72dac091c817b5,2025-01-21_22h14.27.060,VisualArraysMentalRotation_v4,2021.1.4,Win32,60.97560976,679054f2072d526265aabff2,67906277230174ea4544947c,"[0,0,90,90,-45]","[0,45,45,0,0]",,Red_1,"[0,0,90,90,-45]","[0,45,45,0,0]",,,,,,,,,RED,5,Same,5,1,,,,,,6,0,0.5831,1,13,29,2,1,,,,,,,,,,,,,,,,,,,,,,,,,,,,,,,,,,,,,,,,,,,,,,
,,,,,,,,663a80393a72dac091c817b5,2025-01-21_22h14.27.060,VisualArraysMentalRotation_v4,2021.1.4,Win32,60.97560976,679054f2072d526265aabff2,67906277230174ea4544947c,"[0,0,0,90,0]","[0,90,45,45,-45]",,Blue_2,"[0,0,0,90,0]","[0,45,45,45,-45]",,,,,,,,,BLUE,5,Different,6,3,,,,,,6,1,1.2006,1,14,30,15,1,,,,,,,,,,,,,,,,,,,,,,,,,,,,,,,,,,,,,,,,,,,,,,
,,,,,,,,663a80393a72dac091c817b5,2025-01-21_22h14.27.060,VisualArraysMentalRotation_v4,2021.1.4,Win32,60.97560976,679054f2072d526265aabff2,67906277230174ea4544947c,"[90,-45,-45,45,45]","[0,90,45,-45,90]",,Red_3,"[90,-45,90,45,45]","[0,90,45,-45,90]",,,,,,,,,RED,3,Different,6,1,,,,,,5,0,0.9549,1,15,31,4,1,,,,,,,,,,,,,,,,,,,,,,,,,,,,,,,,,,,,,,,,,,,,,,
,,,,,,,,663a80393a72dac091c817b5,2025-01-21_22h14.27.060,VisualArraysMentalRotation_v4,2021.1.4,Win32,60.97560976,679054f2072d526265aabff2,67906277230174ea4544947c,"[0,90,-45,90,-45]","[45,45,-45,45,45]",,Red_2,"[0,-45,-45,90,-45]","[45,45,-45,45,45]",,,,,,,,,RED,5,Different,6,1,,,,,,5,0,0.8796,2,0,32,6,1,,,,,,,,,,,,,,,,,,,,,,,,,,,,,,,,,,,,,,,,,,,,,,
,,,,,,,,663a80393a72dac091c817b5,2025-01-21_22h14.27.060,VisualArraysMentalRotation_v4,2021.1.4,Win32,60.97560976,679054f2072d526265aabff2,67906277230174ea4544947c,"[-45,45,0,90,90]","[-45,90,0,-45,90]",,Blue_2,"[-45,45,0,90,90]","[-45,90,0,-45,90]",,,,,,,,,BLUE,3,Same,5,3,,,,,,5,1,1.0448,2,1,33,9,1,,,,,,,,,,,,,,,,,,,,,,,,,,,,,,,,,,,,,,,,,,,,,,
,,,,,,,,663a80393a72dac091c817b5,2025-01-21_22h14.27.060,VisualArraysMentalRotation_v4,2021.1.4,Win32,60.97560976,679054f2072d526265aabff2,67906277230174ea4544947c,"[90,-45,0,90,-45]","[-45,0,45,0,90]",,Blue_4,"[90,-45,0,90,-45]","[-45,0,45,-45,90]",,,,,,,,,BLUE,5,Different,6,3,,,,,,5,0,0.9004,2,2,34,15,1,,,,,,,,,,,,,,,,,,,,,,,,,,,,,,,,,,,,,,,,,,,,,,
,,,,,,,,663a80393a72dac091c817b5,2025-01-21_22h14.27.060,VisualArraysMentalRotation_v4,2021.1.4,Win32,60.97560976,679054f2072d526265aabff2,67906277230174ea4544947c,"[0,90,45,-45,-45]","[0,0,45,0,45]",,Red_1,"[0,90,45,-45,-45]","[0,0,45,0,45]",,,,,,,,,RED,5,Same,5,3,,,,,,5,1,0.8326,2,3,35,3,1,,,,,,,,,,,,,,,,,,,,,,,,,,,,,,,,,,,,,,,,,,,,,,
,,,,,,,,663a80393a72dac091c817b5,2025-01-21_22h14.27.060,VisualArraysMentalRotation_v4,2021.1.4,Win32,60.97560976,679054f2072d526265aabff2,67906277230174ea4544947c,"[90,45,90,-45,45]","[-45,90,45,90,45]",,Blue_1,"[90,45,90,-45,45]","[90,90,45,90,45]",,,,,,,,,BLUE,3,Different,6,3,,,,,,5,0,0.8081,2,4,36,13,1,,,,,,,,,,,,,,,,,,,,,,,,,,,,,,,,,,,,,,,,,,,,,,
,,,,,,,,663a80393a72dac091c817b5,2025-01-21_22h14.27.060,VisualArraysMentalRotation_v4,2021.1.4,Win32,60.97560976,679054f2072d526265aabff2,67906277230174ea4544947c,"[0,45,-45,45,90]","[45,90,90,90,-45]",,Red_2,"[0,0,-45,45,90]","[45,90,90,90,-45]",,,,,,,,,RED,3,Different,6,1,,,,,,5,0,2.5489,2,5,37,4,1,,,,,,,,,,,,,,,,,,,,,,,,,,,,,,,,,,,,,,,,,,,,,,
,,,,,,,,663a80393a72dac091c817b5,2025-01-21_22h14.27.060,VisualArraysMentalRotation_v4,2021.1.4,Win32,60.97560976,679054f2072d526265aabff2,67906277230174ea4544947c,"[-45,0,45,0,-45]","[-45,45,90,0,90]",,Blue_1,"[-45,0,45,0,-45]","[0,45,90,0,90]",,,,,,,,,BLUE,3,Different,6,1,,,,,,6,1,0.869,2,6,38,12,1,,,,,,,,,,,,,,,,,,,,,,,,,,,,,,,,,,,,,,,,,,,,,,
,,,,,,,,663a80393a72dac091c817b5,2025-01-21_22h14.27.060,VisualArraysMentalRotation_v4,2021.1.4,Win32,60.97560976,679054f2072d526265aabff2,67906277230174ea4544947c,"[-45,45,90,45,0]","[0,90,90,-45,45]",,Blue_5,"[-45,45,90,45,0]","[0,90,90,-45,-45]",,,,,,,,,BLUE,5,Different,6,1,,,,,,6,1,0.835,2,7,39,14,1,,,,,,,,,,,,,,,,,,,,,,,,,,,,,,,,,,,,,,,,,,,,,,
,,,,,,,,663a80393a72dac091c817b5,2025-01-21_22h14.27.060,VisualArraysMentalRotation_v4,2021.1.4,Win32,60.97560976,679054f2072d526265aabff2,67906277230174ea4544947c,"[90,0,-45,90,45]","[0,45,0,45,0]",,Red_4,"[90,0,-45,0,45]","[0,45,0,45,0]",,,,,,,,,RED,5,Different,6,3,,,,,,5,0,1.4943,2,8,40,7,1,,,,,,,,,,,,,,,,,,,,,,,,,,,,,,,,,,,,,,,,,,,,,,
,,,,,,,,663a80393a72dac091c817b5,2025-01-21_22h14.27.060,VisualArraysMentalRotation_v4,2021.1.4,Win32,60.97560976,679054f2072d526265aabff2,67906277230174ea4544947c,"[90,-45,0,0,45]","[0,45,90,90,45]",,Red_2,"[90,-45,0,0,45]","[0,45,90,90,45]",,,,,,,,,RED,3,Same,5,1,,,,,,5,1,0.7011,2,9,41,0,1,,,,,,,,,,,,,,,,,,,,,,,,,,,,,,,,,,,,,,,,,,,,,,
,,,,,,,,663a80393a72dac091c817b5,2025-01-21_22h14.27.060,VisualArraysMentalRotation_v4,2021.1.4,Win32,60.97560976,679054f2072d526265aabff2,67906277230174ea4544947c,"[45,-45,90,45,45]","[45,90,90,90,0]",,Red_2,"[45,-45,90,45,45]","[45,90,90,90,0]",,,,,,,,,RED,3,Same,5,3,,,,,,5,1,1.0216,2,10,42,1,1,,,,,,,,,,,,,,,,,,,,,,,,,,,,,,,,,,,,,,,,,,,,,,
,,,,,,,,663a80393a72dac091c817b5,2025-01-21_22h14.27.060,VisualArraysMentalRotation_v4,2021.1.4,Win32,60.97560976,679054f2072d526265aabff2,67906277230174ea4544947c,"[45,0,-45,45,0]","[90,-45,-45,90,90]",,Blue_4,"[45,0,-45,45,0]","[90,-45,-45,90,90]",,,,,,,,,BLUE,5,Same,5,1,,,,,,5,1,0.8583,2,11,43,10,1,,,,,,,,,,,,,,,,,,,,,,,,,,,,,,,,,,,,,,,,,,,,,,
,,,,,,,,663a80393a72dac091c817b5,2025-01-21_22h14.27.060,VisualArraysMentalRotation_v4,2021.1.4,Win32,60.97560976,679054f2072d526265aabff2,67906277230174ea4544947c,"[90,90,0,-45,45]","[0,45,-45,45,90]",,Blue_1,"[90,90,0,-45,45]","[0,45,-45,45,90]",,,,,,,,,BLUE,5,Same,5,3,,,,,,5,1,0.6946,2,12,44,11,1,,,,,,,,,,,,,,,,,,,,,,,,,,,,,,,,,,,,,,,,,,,,,,
,,,,,,,,663a80393a72dac091c817b5,2025-01-21_22h14.27.060,VisualArraysMentalRotation_v4,2021.1.4,Win32,60.97560976,679054f2072d526265aabff2,67906277230174ea4544947c,"[90,45,90,0,90]","[90,90,0,45,45]",,Red_3,"[90,45,90,0,90]","[90,90,0,45,45]",,,,,,,,,RED,5,Same,5,1,,,,,,6,0,0.8493,2,13,45,2,1,,,,,,,,,,,,,,,,,,,,,,,,,,,,,,,,,,,,,,,,,,,,,,
,,,,,,,,663a80393a72dac091c817b5,2025-01-21_22h14.27.060,VisualArraysMentalRotation_v4,2021.1.4,Win32,60.97560976,679054f2072d526265aabff2,67906277230174ea4544947c,"[90,90,-45,45,90]","[-45,45,45,45,-45]",,Red_2,"[90,0,-45,45,90]","[-45,45,45,45,-45]",,,,,,,,,RED,3,Different,6,3,,,,,,6,1,0.8864,2,14,46,5,1,,,,,,,,,,,,,,,,,,,,,,,,,,,,,,,,,,,,,,,,,,,,,,
,,,,,,,,663a80393a72dac091c817b5,2025-01-21_22h14.27.060,VisualArraysMentalRotation_v4,2021.1.4,Win32,60.97560976,679054f2072d526265aabff2,67906277230174ea4544947c,"[0,-45,0,90,90]","[-45,0,-45,45,-45]",,Blue_3,"[0,-45,0,90,90]","[-45,0,-45,45,-45]",,,,,,,,,BLUE,3,Same,5,1,,,,,,5,1,1.0001,2,15,47,8,1,,,,,,,,,,,,,,,,,,,,,,,,,,,,,,,,,,,,,,,,,,,,,,
,,,,,,,,663a80393a72dac091c817b5,2025-01-21_22h14.27.060,VisualArraysMentalRotation_v4,2021.1.4,Win32,60.97560976,679054f2072d526265aabff2,67906277230174ea4544947c,"[-45,0,0,0,45]","[0,-45,-45,45,-45]",,Blue_4,"[-45,0,0,0,45]","[0,-45,-45,45,-45]",,,,,,,,,BLUE,5,Same,5,1,,,,,,5,1,0.8458,3,0,48,10,1,,,,,,,,,,,,,,,,,,,,,,,,,,,,,,,,,,,,,,,,,,,,,,
,,,,,,,,663a80393a72dac091c817b5,2025-01-21_22h14.27.060,VisualArraysMentalRotation_v4,2021.1.4,Win32,60.97560976,679054f2072d526265aabff2,67906277230174ea4544947c,"[-45,-45,90,0,-45]","[90,90,45,45,45]",,Red_2,"[-45,0,90,0,-45]","[90,90,45,45,45]",,,,,,,,,RED,5,Different,6,1,,,,,,6,1,0.8943,3,1,49,6,1,,,,,,,,,,,,,,,,,,,,,,,,,,,,,,,,,,,,,,,,,,,,,,
,,,,,,,,663a80393a72dac091c817b5,2025-01-21_22h14.27.060,VisualArraysMentalRotation_v4,2021.1.4,Win32,60.97560976,679054f2072d526265aabff2,67906277230174ea4544947c,"[-45,45,0,90,-45]","[90,45,0,-45,45]",,Blue_1,"[-45,45,0,90,-45]","[0,45,0,-45,45]",,,,,,,,,BLUE,3,Different,6,1,,,,,,5,0,0.946,3,2,50,12,1,,,,,,,,,,,,,,,,,,,,,,,,,,,,,,,,,,,,,,,,,,,,,,
,,,,,,,,663a80393a72dac091c817b5,2025-01-21_22h14.27.060,VisualArraysMentalRotation_v4,2021.1.4,Win32,60.97560976,679054f2072d526265aabff2,67906277230174ea4544947c,"[90,45,90,45,90]","[0,-45,45,45,-45]",,Red_3,"[90,45,90,45,90]","[0,-45,45,45,-45]",,,,,,,,,RED,5,Same,5,3,,,,,,6,0,1.0906,3,3,51,3,1,,,,,,,,,,,,,,,,,,,,,,,,,,,,,,,,,,,,,,,,,,,,,,
,,,,,,,,663a80393a72dac091c817b5,2025-01-21_22h14.27.060,VisualArraysMentalRotation_v4,2021.1.4,Win32,60.97560976,679054f2072d526265aabff2,67906277230174ea4544947c,"[90,45,-45,-45,90]","[45,90,45,-45,90]",,Blue_1,"[90,45,-45,-45,90]","[0,90,45,-45,90]",,,,,,,,,BLUE,5,Different,6,1,,,,,,6,1,2.4596,3,4,52,14,1,,,,,,,,,,,,,,,,,,,,,,,,,,,,,,,,,,,,,,,,,,,,,,
,,,,,,,,663a80393a72dac091c817b5,2025-01-21_22h14.27.060,VisualArraysMentalRotation_v4,2021.1.4,Win32,60.97560976,679054f2072d526265aabff2,67906277230174ea4544947c,"[0,90,0,90,45]","[90,45,-45,90,45]",,Blue_1,"[0,90,0,90,45]","[45,45,-45,90,45]",,,,,,,,,BLUE,3,Different,6,3,,,,,,6,1,0.9524,3,5,53,13,1,,,,,,,,,,,,,,,,,,,,,,,,,,,,,,,,,,,,,,,,,,,,,,
,,,,,,,,663a80393a72dac091c817b5,2025-01-21_22h14.27.060,VisualArraysMentalRotation_v4,2021.1.4,Win32,60.97560976,679054f2072d526265aabff2,67906277230174ea4544947c,"[0,45,0,45,45]","[45,0,-45,45,90]",,Red_1,"[0,45,0,45,45]","[45,0,-45,45,90]",,,,,,,,,RED,3,Same,5,3,,,,,,5,1,0.9705,3,6,54,1,1,,,,,,,,,,,,,,,,,,,,,,,,,,,,,,,,,,,,,,,,,,,,,,
,,,,,,,,663a80393a72dac091c817b5,2025-01-21_22h14.27.060,VisualArraysMentalRotation_v4,2021.1.4,Win32,60.97560976,679054f2072d526265aabff2,67906277230174ea4544947c,"[90,45,90,-45,45]","[-45,-45,-45,-45,0]",,Red_3,"[90,45,90,-45,45]","[-45,-45,-45,-45,0]",,,,,,,,,RED,3,Same,5,1,,,,,,5,1,0.9887,3,7,55,0,1,,,,,,,,,,,,,,,,,,,,,,,,,,,,,,,,,,,,,,,,,,,,,,
,,,,,,,,663a80393a72dac091c817b5,2025-01-21_22h14.27.060,VisualArraysMentalRotation_v4,2021.1.4,Win32,60.97560976,679054f2072d526265aabff2,67906277230174ea4544947c,"[-45,-45,-45,0,0]","[45,90,45,45,45]",,Blue_3,"[-45,-45,-45,0,0]","[45,90,45,45,45]",,,,,,,,,BLUE,3,Same,5,1,,,,,,5,1,2.497,3,8,56,8,1,,,,,,,,,,,,,,,,,,,,,,,,,,,,,,,,,,,,,,,,,,,,,,
,,,,,,,,663a80393a72dac091c817b5,2025-01-21_22h14.27.060,VisualArraysMentalRotation_v4,2021.1.4,Win32,60.97560976,679054f2072d526265aabff2,67906277230174ea4544947c,"[45,90,-45,90,45]","[90,45,-45,-45,90]",,Blue_2,"[45,90,-45,90,45]","[90,45,-45,-45,90]",,,,,,,,,BLUE,3,Same,5,3,,,,,,5,1,0.7185,3,9,57,9,1,,,,,,,,,,,,,,,,,,,,,,,,,,,,,,,,,,,,,,,,,,,,,,
,,,,,,,,663a80393a72dac091c817b5,2025-01-21_22h14.27.060,VisualArraysMentalRotation_v4,2021.1.4,Win32,60.97560976,679054f2072d526265aabff2,67906277230174ea4544947c,"[-45,-45,0,90,0]","[-45,45,90,-45,0]",,Red_1,"[90,-45,0,90,0]","[-45,45,90,-45,0]",,,,,,,,,RED,3,Different,6,1,,,,,,6,1,0.8501,3,10,58,4,1,,,,,,,,,,,,,,,,,,,,,,,,,,,,,,,,,,,,,,,,,,,,,,
,,,,,,,,663a80393a72dac091c817b5,2025-01-21_22h14.27.060,VisualArraysMentalRotation_v4,2021.1.4,Win32,60.97560976,679054f2072d526265aabff2,67906277230174ea4544947c,"[-45,90,0,90,0]","[0,90,45,45,0]",,Blue_1,"[-45,90,0,90,0]","[45,90,45,45,0]",,,,,,,,,BLUE,5,Different,6,3,,,,,,6,1,0.6798,3,11,59,15,1,,,,,,,,,,,,,,,,,,,,,,,,,,,,,,,,,,,,,,,,,,,,,,
,,,,,,,,663a80393a72dac091c817b5,2025-01-21_22h14.27.060,VisualArraysMentalRotation_v4,2021.1.4,Win32,60.97560976,679054f2072d526265aabff2,67906277230174ea4544947c,"[90,0,45,90,90]","[-45,45,-45,0,0]",,Red_5,"[90,0,45,90,90]","[-45,45,-45,0,0]",,,,,,,,,RED,5,Same,5,1,,,,,,5,1,1.8924,3,12,60,2,1,,,,,,,,,,,,,,,,,,,,,,,,,,,,,,,,,,,,,,,,,,,,,,
,,,,,,,,663a80393a72dac091c817b5,2025-01-21_22h14.27.060,VisualArraysMentalRotation_v4,2021.1.4,Win32,60.97560976,679054f2072d526265aabff2,67906277230174ea4544947c,"[0,45,45,-45,0]","[45,0,0,45,45]",,Red_2,"[0,0,45,-45,0]","[45,0,0,45,45]",,,,,,,,,RED,3,Different,6,3,,,,,,6,1,0.7883,3,13,61,5,1,,,,,,,,,,,,,,,,,,,,,,,,,,,,,,,,,,,,,,,,,,,,,,
,,,,,,,,663a80393a72dac091c817b5,2025-01-21_22h14.27.060,VisualArraysMentalRotation_v4,2021.1.4,Win32,60.97560976,679054f2072d526265aabff2,67906277230174ea4544947c,"[0,-45,45,-45,90]","[-45,0,0,0,-45]",,Blue_5,"[0,-45,45,-45,90]","[-45,0,0,0,-45]",,,,,,,,,BLUE,5,Same,5,3,,,,,,5,1,2.3439,3,14,62,11,1,,,,,,,,,,,,,,,,,,,,,,,,,,,,,,,,,,,,,,,,,,,,,,
,,,,,,,,663a80393a72dac091c817b5,2025-01-21_22h14.27.060,VisualArraysMentalRotation_v4,2021.1.4,Win32,60.97560976,679054f2072d526265aabff2,67906277230174ea4544947c,"[0,-45,-45,0,0]","[90,0,90,45,0]",,Red_4,"[0,-45,-45,45,0]","[90,0,90,45,0]",,,,,,,,,RED,5,Different,6,3,,,,,,6,1,0.9842,3,15,63,7,1,,,,,,,,,,,,,,,,,,,,,,,,,,,,,,,,,,,,,,,,,,,,,,
,,,,,,,,663a80393a72dac091c817b5,2025-01-21_22h14.27.060,VisualArraysMentalRotation_v4,2021.1.4,Win32,60.97560976,679054f2072d526265aabff2,67906277230174ea4544947c,"[0,-45,-45,45,45]","[45,90,0,-45,45]",,Red_2,"[0,-45,-45,45,45]","[45,90,0,-45,45]",,,,,,,,,RED,5,Same,5,1,,,,,,5,1,0.9688,4,0,64,2,1,,,,,,,,,,,,,,,,,,,,,,,,,,,,,,,,,,,,,,,,,,,,,,
,,,,,,,,663a80393a72dac091c817b5,2025-01-21_22h14.27.060,VisualArraysMentalRotation_v4,2021.1.4,Win32,60.97560976,679054f2072d526265aabff2,67906277230174ea4544947c,"[0,0,0,0,-45]","[45,0,-45,0,45]",,Red_1,"[0,0,0,0,-45]","[45,0,-45,0,45]",,,,,,,,,RED,3,Same,5,3,,,,,,5,1,0.5774,4,1,65,1,1,,,,,,,,,,,,,,,,,,,,,,,,,,,,,,,,,,,,,,,,,,,,,,
,,,,,,,,663a80393a72dac091c817b5,2025-01-21_22h14.27.060,VisualArraysMentalRotation_v4,2021.1.4,Win32,60.97560976,679054f2072d526265aabff2,67906277230174ea4544947c,"[90,45,0,45,45]","[-45,0,-45,45,90]",,Red_3,"[90,45,90,45,45]","[-45,0,-45,45,90]",,,,,,,,,RED,5,Different,6,1,,,,,,5,0,1.839,4,2,66,6,1,,,,,,,,,,,,,,,,,,,,,,,,,,,,,,,,,,,,,,,,,,,,,,
,,,,,,,,663a80393a72dac091c817b5,2025-01-21_22h14.27.060,VisualArraysMentalRotation_v4,2021.1.4,Win32,60.97560976,679054f2072d526265aabff2,67906277230174ea4544947c,"[45,90,0,0,0]","[-45,90,-45,90,-45]",,Red_5,"[45,90,0,0,90]","[-45,90,-45,90,-45]",,,,,,,,,RED,5,Different,6,3,,,,,,5,0,1.924,4,3,67,7,1,,,,,,,,,,,,,,,,,,,,,,,,,,,,,,,,,,,,,,,,,,,,,,
,,,,,,,,663a80393a72dac091c817b5,2025-01-21_22h14.27.060,VisualArraysMentalRotation_v4,2021.1.4,Win32,60.97560976,679054f2072d526265aabff2,67906277230174ea4544947c,"[0,0,45,90,90]","[90,90,-45,90,0]",,Red_1,"[90,0,45,90,90]","[90,90,-45,90,0]",,,,,,,,,RED,3,Different,6,3,,,,,,6,1,3.577,4,4,68,5,1,,,,,,,,,,,,,,,,,,,,,,,,,,,,,,,,,,,,,,,,,,,,,,
,,,,,,,,663a80393a72dac091c817b5,2025-01-21_22h14.27.060,VisualArraysMentalRotation_v4,2021.1.4,Win32,60.97560976,679054f2072d526265aabff2,67906277230174ea4544947c,"[90,45,-45,45,45]","[90,-45,45,45,-45]",,Blue_1,"[90,45,-45,45,45]","[90,-45,45,45,-45]",,,,,,,,,BLUE,3,Same,5,3,,,,,,5,1,1.6274,4,5,69,9,1,,,,,,,,,,,,,,,,,,,,,,,,,,,,,,,,,,,,,,,,,,,,,,
,,,,,,,,663a80393a72dac091c817b5,2025-01-21_22h14.27.060,VisualArraysMentalRotation_v4,2021.1.4,Win32,60.97560976,679054f2072d526265aabff2,67906277230174ea4544947c,"[0,45,-45,90,0]","[45,0,-45,45,-45]",,Blue_3,"[0,45,-45,90,0]","[45,0,-45,45,-45]",,,,,,,,,BLUE,3,Same,5,1,,,,,,5,1,1.0192,4,6,70,8,1,,,,,,,,,,,,,,,,,,,,,,,,,,,,,,,,,,,,,,,,,,,,,,
,,,,,,,,663a80393a72dac091c817b5,2025-01-21_22h14.27.060,VisualArraysMentalRotation_v4,2021.1.4,Win32,60.97560976,679054f2072d526265aabff2,67906277230174ea4544947c,"[45,90,45,-45,45]","[0,45,90,0,0]",,Blue_5,"[45,90,45,-45,45]","[0,45,90,0,90]",,,,,,,,,BLUE,5,Different,6,1,,,,,,6,1,1.1466,4,7,71,14,1,,,,,,,,,,,,,,,,,,,,,,,,,,,,,,,,,,,,,,,,,,,,,,
,,,,,,,,663a80393a72dac091c817b5,2025-01-21_22h14.27.060,VisualArraysMentalRotation_v4,2021.1.4,Win32,60.97560976,679054f2072d526265aabff2,67906277230174ea4544947c,"[0,45,45,0,45]","[0,-45,90,90,45]",,Blue_3,"[0,45,45,0,45]","[0,-45,90,90,45]",,,,,,,,,BLUE,5,Same,5,1,,,,,,5,1,0.8093,4,8,72,10,1,,,,,,,,,,,,,,,,,,,,,,,,,,,,,,,,,,,,,,,,,,,,,,
,,,,,,,,663a80393a72dac091c817b5,2025-01-21_22h14.27.060,VisualArraysMentalRotation_v4,2021.1.4,Win32,60.97560976,679054f2072d526265aabff2,67906277230174ea4544947c,"[90,-45,45,-45,-45]","[90,-45,45,-45,90]",,Blue_4,"[90,-45,45,-45,-45]","[90,-45,45,0,90]",,,,,,,,,BLUE,5,Different,6,3,,,,,,5,0,1.6191,4,9,73,15,1,,,,,,,,,,,,,,,,,,,,,,,,,,,,,,,,,,,,,,,,,,,,,,
,,,,,,,,663a80393a72dac091c817b5,2025-01-21_22h14.27.060,VisualArraysMentalRotation_v4,2021.1.4,Win32,60.97560976,679054f2072d526265aabff2,67906277230174ea4544947c,"[-45,-45,90,0,45]","[45,-45,90,0,45]",,Blue_2,"[-45,-45,90,0,45]","[45,-45,90,0,45]",,,,,,,,,BLUE,5,Same,5,3,,,,,,5,1,1.1967,4,10,74,11,1,,,,,,,,,,,,,,,,,,,,,,,,,,,,,,,,,,,,,,,,,,,,,,
,,,,,,,,663a80393a72dac091c817b5,2025-01-21_22h14.27.060,VisualArraysMentalRotation_v4,2021.1.4,Win32,60.97560976,679054f2072d526265aabff2,67906277230174ea4544947c,"[90,45,90,45,0]","[90,45,90,45,-45]",,Blue_2,"[90,45,90,45,0]","[90,0,90,45,-45]",,,,,,,,,BLUE,3,Different,6,1,,,,,,6,1,0.9682,4,11,75,12,1,,,,,,,,,,,,,,,,,,,,,,,,,,,,,,,,,,,,,,,,,,,,,,
,,,,,,,,663a80393a72dac091c817b5,2025-01-21_22h14.27.060,VisualArraysMentalRotation_v4,2021.1.4,Win32,60.97560976,679054f2072d526265aabff2,67906277230174ea4544947c,"[45,0,0,0,90]","[45,45,-45,90,90]",,Red_2,"[45,-45,0,0,90]","[45,45,-45,90,90]",,,,,,,,,RED,3,Different,6,1,,,,,,5,0,4.1953,4,12,76,4,1,,,,,,,,,,,,,,,,,,,,,,,,,,,,,,,,,,,,,,,,,,,,,,
,,,,,,,,663a80393a72dac091c817b5,2025-01-21_22h14.27.060,VisualArraysMentalRotation_v4,2021.1.4,Win32,60.97560976,679054f2072d526265aabff2,67906277230174ea4544947c,"[45,45,45,90,45]","[-45,-45,0,45,45]",,Blue_3,"[45,45,45,90,45]","[-45,-45,-45,45,45]",,,,,,,,,BLUE,3,Different,6,3,,,,,,6,1,1.4621,4,13,77,13,1,,,,,,,,,,,,,,,,,,,,,,,,,,,,,,,,,,,,,,,,,,,,,,
,,,,,,,,663a80393a72dac091c817b5,2025-01-21_22h14.27.060,VisualArraysMentalRotation_v4,2021.1.4,Win32,60.97560976,679054f2072d526265aabff2,67906277230174ea4544947c,"[0,90,90,90,-45]","[0,90,90,0,90]",,Red_2,"[0,90,90,90,-45]","[0,90,90,0,90]",,,,,,,,,RED,5,Same,5,3,,,,,,5,1,1.3289,4,14,78,3,1,,,,,,,,,,,,,,,,,,,,,,,,,,,,,,,,,,,,,,,,,,,,,,
,,,,,,,,663a80393a72dac091c817b5,2025-01-21_22h14.27.060,VisualArraysMentalRotation_v4,2021.1.4,Win32,60.97560976,679054f2072d526265aabff2,67906277230174ea4544947c,"[45,45,90,90,-45]","[-45,-45,45,-45,45]",,Red_2,"[45,45,90,90,-45]","[-45,-45,45,-45,45]",,,,,,,,,RED,3,Same,5,1,,,,,,5,1,1.0553,4,15,79,0,1,,,,,,,,,,,,,,,,,,,,,,,,,,,,,,,,,,,,,,,,,,,,,,
,,,,,,,,663a80393a72dac091c817b5,2025-01-21_22h14.27.060,VisualArraysMentalRotation_v4,2021.1.4,Win32,60.97560976,679054f2072d526265aabff2,67906277230174ea4544947c,"[90,0,90,0,90]","[-45,90,45,0,0]",,Red_3,"[90,0,0,0,90]","[-45,90,45,0,0]",,,,,,,,,RED,3,Different,6,1,,,,,,6,1,1.0638,5,0,80,4,1,,,,,,,,,,,,,,,,,,,,,,,,,,,,,,,,,,,,,,,,,,,,,,
,,,,,,,,663a80393a72dac091c817b5,2025-01-21_22h14.27.060,VisualArraysMentalRotation_v4,2021.1.4,Win32,60.97560976,679054f2072d526265aabff2,67906277230174ea4544947c,"[90,90,0,-45,90]","[90,90,45,-45,-45]",,Blue_2,"[90,90,0,-45,90]","[90,45,45,-45,-45]",,,,,,,,,BLUE,5,Different,6,1,,,,,,6,1,1.7536,5,1,81,14,1,,,,,,,,,,,,,,,,,,,,,,,,,,,,,,,,,,,,,,,,,,,,,,
,,,,,,,,663a80393a72dac091c817b5,2025-01-21_22h14.27.060,VisualArraysMentalRotation_v4,2021.1.4,Win32,60.97560976,679054f2072d526265aabff2,67906277230174ea4544947c,"[0,0,0,45,0]","[-45,0,90,-45,-45]",,Red_3,"[0,0,0,45,0]","[-45,0,90,-45,-45]",,,,,,,,,RED,3,Same,5,3,,,,,,5,1,0.9662,5,2,82,1,1,,,,,,,,,,,,,,,,,,,,,,,,,,,,,,,,,,,,,,,,,,,,,,
,,,,,,,,663a80393a72dac091c817b5,2025-01-21_22h14.27.060,VisualArraysMentalRotation_v4,2021.1.4,Win32,60.97560976,679054f2072d526265aabff2,67906277230174ea4544947c,"[45,0,-45,90,-45]","[-45,90,-45,0,90]",,Red_3,"[45,0,-45,90,-45]","[-45,90,-45,0,90]",,,,,,,,,RED,5,Same,5,3,,,,,,5,1,0.9619,5,3,83,3,1,,,,,,,,,,,,,,,,,,,,,,,,,,,,,,,,,,,,,,,,,,,,,,
,,,,,,,,663a80393a72dac091c817b5,2025-01-21_22h14.27.060,VisualArraysMentalRotation_v4,2021.1.4,Win32,60.97560976,679054f2072d526265aabff2,67906277230174ea4544947c,"[90,-45,90,-45,90]","[0,-45,90,90,45]",,Red_5,"[90,-45,90,-45,90]","[0,-45,90,90,45]",,,,,,,,,RED,5,Same,5,1,,,,,,5,1,0.7414,5,4,84,2,1,,,,,,,,,,,,,,,,,,,,,,,,,,,,,,,,,,,,,,,,,,,,,,
,,,,,,,,663a80393a72dac091c817b5,2025-01-21_22h14.27.060,VisualArraysMentalRotation_v4,2021.1.4,Win32,60.97560976,679054f2072d526265aabff2,67906277230174ea4544947c,"[90,90,-45,90,90]","[90,0,45,45,90]",,Red_2,"[90,45,-45,90,90]","[90,0,45,45,90]",,,,,,,,,RED,5,Different,6,1,,,,,,6,1,1.0301,5,5,85,6,1,,,,,,,,,,,,,,,,,,,,,,,,,,,,,,,,,,,,,,,,,,,,,,
,,,,,,,,663a80393a72dac091c817b5,2025-01-21_22h14.27.060,VisualArraysMentalRotation_v4,2021.1.4,Win32,60.97560976,679054f2072d526265aabff2,67906277230174ea4544947c,"[-45,45,90,90,-45]","[-45,45,-45,0,-45]",,Blue_3,"[-45,45,90,90,-45]","[-45,45,45,0,-45]",,,,,,,,,BLUE,3,Different,6,1,,,,,,6,1,1.2627,5,6,86,12,1,,,,,,,,,,,,,,,,,,,,,,,,,,,,,,,,,,,,,,,,,,,,,,
,,,,,,,,663a80393a72dac091c817b5,2025-01-21_22h14.27.060,VisualArraysMentalRotation_v4,2021.1.4,Win32,60.97560976,679054f2072d526265aabff2,67906277230174ea4544947c,"[-45,45,90,-45,0]","[-45,45,0,45,45]",,Blue_4,"[-45,45,90,-45,0]","[-45,45,0,45,45]",,,,,,,,,BLUE,5,Same,5,1,,,,,,5,1,0.9326,5,7,87,10,1,,,,,,,,,,,,,,,,,,,,,,,,,,,,,,,,,,,,,,,,,,,,,,
,,,,,,,,663a80393a72dac091c817b5,2025-01-21_22h14.27.060,VisualArraysMentalRotation_v4,2021.1.4,Win32,60.97560976,679054f2072d526265aabff2,67906277230174ea4544947c,"[-45,-45,-45,0,-45]","[90,0,90,90,45]",,Red_1,"[45,-45,-45,0,-45]","[90,0,90,90,45]",,,,,,,,,RED,5,Different,6,3,,,,,,6,1,1.0274,5,8,88,7,1,,,,,,,,,,,,,,,,,,,,,,,,,,,,,,,,,,,,,,,,,,,,,,
,,,,,,,,663a80393a72dac091c817b5,2025-01-21_22h14.27.060,VisualArraysMentalRotation_v4,2021.1.4,Win32,60.97560976,679054f2072d526265aabff2,67906277230174ea4544947c,"[90,45,90,0,45]","[45,90,0,0,0]",,Blue_2,"[90,45,90,0,45]","[45,-45,0,0,0]",,,,,,,,,BLUE,5,Different,6,3,,,,,,6,1,1.0721,5,9,89,15,1,,,,,,,,,,,,,,,,,,,,,,,,,,,,,,,,,,,,,,,,,,,,,,
,,,,,,,,663a80393a72dac091c817b5,2025-01-21_22h14.27.060,VisualArraysMentalRotation_v4,2021.1.4,Win32,60.97560976,679054f2072d526265aabff2,67906277230174ea4544947c,"[-45,-45,-45,90,-45]","[0,90,0,-45,90]",,Blue_1,"[-45,-45,-45,90,-45]","[-45,90,0,-45,90]",,,,,,,,,BLUE,3,Different,6,3,,,,,,6,1,1.1282,5,10,90,13,1,,,,,,,,,,,,,,,,,,,,,,,,,,,,,,,,,,,,,,,,,,,,,,
,,,,,,,,663a80393a72dac091c817b5,2025-01-21_22h14.27.060,VisualArraysMentalRotation_v4,2021.1.4,Win32,60.97560976,679054f2072d526265aabff2,67906277230174ea4544947c,"[0,90,90,0,90]","[-45,0,-45,90,90]",,Blue_2,"[0,90,90,0,90]","[-45,0,-45,90,90]",,,,,,,,,BLUE,3,Same,5,3,,,,,,5,1,0.7664,5,11,91,9,1,,,,,,,,,,,,,,,,,,,,,,,,,,,,,,,,,,,,,,,,,,,,,,
,,,,,,,,663a80393a72dac091c817b5,2025-01-21_22h14.27.060,VisualArraysMentalRotation_v4,2021.1.4,Win32,60.97560976,679054f2072d526265aabff2,67906277230174ea4544947c,"[90,0,45,-45,0]","[45,-45,45,45,90]",,Blue_2,"[90,0,45,-45,0]","[45,-45,45,45,90]",,,,,,,,,BLUE,5,Same,5,3,,,,,,6,0,1.5337,5,12,92,11,1,,,,,,,,,,,,,,,,,,,,,,,,,,,,,,,,,,,,,,,,,,,,,,
,,,,,,,,663a80393a72dac091c817b5,2025-01-21_22h14.27.060,VisualArraysMentalRotation_v4,2021.1.4,Win32,60.97560976,679054f2072d526265aabff2,67906277230174ea4544947c,"[90,0,45,-45,90]","[45,45,-45,0,90]",,Blue_1,"[90,0,45,-45,90]","[45,45,-45,0,90]",,,,,,,,,BLUE,3,Same,5,1,,,,,,5,1,1.0608,5,13,93,8,1,,,,,,,,,,,,,,,,,,,,,,,,,,,,,,,,,,,,,,,,,,,,,,
,,,,,,,,663a80393a72dac091c817b5,2025-01-21_22h14.27.060,VisualArraysMentalRotation_v4,2021.1.4,Win32,60.97560976,679054f2072d526265aabff2,67906277230174ea4544947c,"[90,90,-45,-45,-45]","[0,-45,90,-45,90]",,Red_3,"[90,90,-45,-45,-45]","[0,-45,90,-45,90]",,,,,,,,,RED,3,Same,5,1,,,,,,5,1,0.9726,5,14,94,0,1,,,,,,,,,,,,,,,,,,,,,,,,,,,,,,,,,,,,,,,,,,,,,,
,,,,,,,,663a80393a72dac091c817b5,2025-01-21_22h14.27.060,VisualArraysMentalRotation_v4,2021.1.4,Win32,60.97560976,679054f2072d526265aabff2,67906277230174ea4544947c,"[90,-45,-45,0,90]","[90,45,45,45,45]",,Red_2,"[90,90,-45,0,90]","[90,45,45,45,45]",,,,,,,,,RED,3,Different,6,3,,,,,,6,1,0.8886,5,15,95,5,1,,,,,,,,,,,,,,,,,,,,,,,,,,,,,,,,,,,,,,,,,,,,,,
,,,,,,,,663a80393a72dac091c817b5,2025-01-21_22h14.27.060,VisualArraysMentalRotation_v4,2021.1.4,Win32,60.97560976,679054f2072d526265aabff2,67906277230174ea4544947c,"[90,90,0,45,90]","[-45,-45,45,90,0]",,Blue_2,"[90,90,0,45,90]","[-45,-45,45,90,0]",,,,,,,,,BLUE,5,Same,5,1,,,,,,5,1,1.0266,6,0,96,10,1,,,,,,,,,,,,,,,,,,,,,,,,,,,,,,,,,,,,,,,,,,,,,,
,,,,,,,,663a80393a72dac091c817b5,2025-01-21_22h14.27.060,VisualArraysMentalRotation_v4,2021.1.4,Win32,60.97560976,679054f2072d526265aabff2,67906277230174ea4544947c,"[-45,45,45,-45,0]","[45,-45,45,90,-45]",,Blue_3,"[-45,45,45,-45,0]","[45,-45,45,90,-45]",,,,,,,,,BLUE,5,Same,5,3,,,,,,5,1,0.7963,6,1,97,11,1,,,,,,,,,,,,,,,,,,,,,,,,,,,,,,,,,,,,,,,,,,,,,,
,,,,,,,,663a80393a72dac091c817b5,2025-01-21_22h14.27.060,VisualArraysMentalRotation_v4,2021.1.4,Win32,60.97560976,679054f2072d526265aabff2,67906277230174ea4544947c,"[0,0,-45,0,0]","[45,0,45,45,0]",,Red_3,"[0,0,-45,0,0]","[45,0,45,45,0]",,,,,,,,,RED,3,Same,5,3,,,,,,6,0,1.0724,6,2,98,1,1,,,,,,,,,,,,,,,,,,,,,,,,,,,,,,,,,,,,,,,,,,,,,,
,,,,,,,,663a80393a72dac091c817b5,2025-01-21_22h14.27.060,VisualArraysMentalRotation_v4,2021.1.4,Win32,60.97560976,679054f2072d526265aabff2,67906277230174ea4544947c,"[45,0,90,0,-45]","[45,90,45,90,90]",,Blue_1,"[45,0,90,0,-45]","[90,90,45,90,90]",,,,,,,,,BLUE,3,Different,6,3,,,,,,6,1,0.9298,6,3,99,13,1,,,,,,,,,,,,,,,,,,,,,,,,,,,,,,,,,,,,,,,,,,,,,,
,,,,,,,,663a80393a72dac091c817b5,2025-01-21_22h14.27.060,VisualArraysMentalRotation_v4,2021.1.4,Win32,60.97560976,679054f2072d526265aabff2,67906277230174ea4544947c,"[45,45,45,-45,45]","[90,90,-45,90,0]",,Red_3,"[45,45,45,-45,45]","[90,90,-45,90,0]",,,,,,,,,RED,3,Same,5,1,,,,,,5,1,0.5884,6,4,100,0,1,,,,,,,,,,,,,,,,,,,,,,,,,,,,,,,,,,,,,,,,,,,,,,
,,,,,,,,663a80393a72dac091c817b5,2025-01-21_22h14.27.060,VisualArraysMentalRotation_v4,2021.1.4,Win32,60.97560976,679054f2072d526265aabff2,67906277230174ea4544947c,"[90,45,0,45,-45]","[90,-45,90,-45,45]",,Red_4,"[90,45,0,45,-45]","[90,-45,90,-45,45]",,,,,,,,,RED,5,Same,5,1,,,,,,5,1,0.7366,6,5,101,2,1,,,,,,,,,,,,,,,,,,,,,,,,,,,,,,,,,,,,,,,,,,,,,,
,,,,,,,,663a80393a72dac091c817b5,2025-01-21_22h14.27.060,VisualArraysMentalRotation_v4,2021.1.4,Win32,60.97560976,679054f2072d526265aabff2,67906277230174ea4544947c,"[0,0,90,90,45]","[-45,45,0,45,0]",,Blue_3,"[0,0,90,90,45]","[-45,45,45,45,0]",,,,,,,,,BLUE,5,Different,6,3,,,,,,6,1,0.8008,6,6,102,15,1,,,,,,,,,,,,,,,,,,,,,,,,,,,,,,,,,,,,,,,,,,,,,,
,,,,,,,,663a80393a72dac091c817b5,2025-01-21_22h14.27.060,VisualArraysMentalRotation_v4,2021.1.4,Win32,60.97560976,679054f2072d526265aabff2,67906277230174ea4544947c,"[0,90,0,0,-45]","[-45,-45,45,45,-45]",,Red_1,"[90,90,0,0,-45]","[-45,-45,45,45,-45]",,,,,,,,,RED,3,Different,6,3,,,,,,6,1,0.8908,6,7,103,5,1,,,,,,,,,,,,,,,,,,,,,,,,,,,,,,,,,,,,,,,,,,,,,,
,,,,,,,,663a80393a72dac091c817b5,2025-01-21_22h14.27.060,VisualArraysMentalRotation_v4,2021.1.4,Win32,60.97560976,679054f2072d526265aabff2,67906277230174ea4544947c,"[90,0,45,0,0]","[45,90,0,0,45]",,Blue_3,"[90,0,45,0,0]","[45,90,0,0,45]",,,,,,,,,BLUE,3,Same,5,1,,,,,,5,1,0.8218,6,8,104,8,1,,,,,,,,,,,,,,,,,,,,,,,,,,,,,,,,,,,,,,,,,,,,,,
,,,,,,,,663a80393a72dac091c817b5,2025-01-21_22h14.27.060,VisualArraysMentalRotation_v4,2021.1.4,Win32,60.97560976,679054f2072d526265aabff2,67906277230174ea4544947c,"[-45,-45,90,0,-45]","[-45,-45,90,0,-45]",,Red_2,"[-45,0,90,0,-45]","[-45,-45,90,0,-45]",,,,,,,,,RED,5,Different,6,3,,,,,,6,1,1.6178,6,9,105,7,1,,,,,,,,,,,,,,,,,,,,,,,,,,,,,,,,,,,,,,,,,,,,,,
,,,,,,,,663a80393a72dac091c817b5,2025-01-21_22h14.27.060,VisualArraysMentalRotation_v4,2021.1.4,Win32,60.97560976,679054f2072d526265aabff2,67906277230174ea4544947c,"[90,90,45,0,0]","[-45,90,45,-45,90]",,Red_2,"[90,90,45,0,0]","[-45,90,45,-45,90]",,,,,,,,,RED,5,Same,5,3,,,,,,5,1,1.0286,6,10,106,3,1,,,,,,,,,,,,,,,,,,,,,,,,,,,,,,,,,,,,,,,,,,,,,,
,,,,,,,,663a80393a72dac091c817b5,2025-01-21_22h14.27.060,VisualArraysMentalRotation_v4,2021.1.4,Win32,60.97560976,679054f2072d526265aabff2,67906277230174ea4544947c,"[0,45,-45,45,90]","[90,0,45,45,-45]",,Red_3,"[0,45,0,45,90]","[90,0,45,45,-45]",,,,,,,,,RED,3,Different,6,1,,,,,,6,1,1.35,6,11,107,4,1,,,,,,,,,,,,,,,,,,,,,,,,,,,,,,,,,,,,,,,,,,,,,,
,,,,,,,,663a80393a72dac091c817b5,2025-01-21_22h14.27.060,VisualArraysMentalRotation_v4,2021.1.4,Win32,60.97560976,679054f2072d526265aabff2,67906277230174ea4544947c,"[0,45,45,45,-45]","[-45,0,90,-45,45]",,Blue_4,"[0,45,45,45,-45]","[-45,0,90,45,45]",,,,,,,,,BLUE,5,Different,6,1,,,,,,5,0,0.8627,6,12,108,14,1,,,,,,,,,,,,,,,,,,,,,,,,,,,,,,,,,,,,,,,,,,,,,,
,,,,,,,,663a80393a72dac091c817b5,2025-01-21_22h14.27.060,VisualArraysMentalRotation_v4,2021.1.4,Win32,60.97560976,679054f2072d526265aabff2,67906277230174ea4544947c,"[45,90,90,45,-45]","[0,45,90,-45,90]",,Blue_2,"[45,90,90,45,-45]","[0,45,90,-45,90]",,,,,,,,,BLUE,3,Same,5,3,,,,,,5,1,1.379,6,13,109,9,1,,,,,,,,,,,,,,,,,,,,,,,,,,,,,,,,,,,,,,,,,,,,,,
,,,,,,,,663a80393a72dac091c817b5,2025-01-21_22h14.27.060,VisualArraysMentalRotation_v4,2021.1.4,Win32,60.97560976,679054f2072d526265aabff2,67906277230174ea4544947c,"[-45,45,90,90,0]","[45,-45,-45,0,90]",,Red_3,"[-45,45,0,90,0]","[45,-45,-45,0,90]",,,,,,,,,RED,5,Different,6,1,,,,,,5,0,1.9055,6,14,110,6,1,,,,,,,,,,,,,,,,,,,,,,,,,,,,,,,,,,,,,,,,,,,,,,
,,,,,,,,663a80393a72dac091c817b5,2025-01-21_22h14.27.060,VisualArraysMentalRotation_v4,2021.1.4,Win32,60.97560976,679054f2072d526265aabff2,67906277230174ea4544947c,"[0,0,-45,0,90]","[45,-45,-45,45,-45]",,Blue_1,"[0,0,-45,0,90]","[-45,-45,-45,45,-45]",,,,,,,,,BLUE,3,Different,6,1,,,,,,6,1,0.7227,6,15,111,12,1,,,,,,,,,,,,,,,,,,,,,,,,,,,,,,,,,,,,,,,,,,,,,,
,,,,,,,,663a80393a72dac091c817b5,2025-01-21_22h14.27.060,VisualArraysMentalRotation_v4,2021.1.4,Win32,60.97560976,679054f2072d526265aabff2,67906277230174ea4544947c,,,,,,,,,,,,,,,,,,,,,,,,,,,,,,,,,0,0,0,0,1,,,,,,,,,,,,,,,,,,,,,,,,,,,,,,,,,,,,,,,,,
,,,,,,,,663a80393a72dac091c817b5,2025-01-21_22h14.27.060,VisualArraysMentalRotation_v4,2021.1.4,Win32,60.97560976,679054f2072d526265aabff2,67906277230174ea4544947c,,,,,,,,,,,,,,,,,,,,,,,,,,,,,,,,,,,,,,0,0,0,0,1,1,0,,,,,,,,,,,,,,,,,,,,,,,,,,,,,,,,,,
,,,,,,,,663a80393a72dac091c817b5,2025-01-21_22h14.27.060,VisualArraysMentalRotation_v4,2021.1.4,Win32,60.97560976,679054f2072d526265aabff2,67906277230174ea4544947c,,,,,,,,,,,,,,,,,,,,,,,,,,,,,,,,,,,,,,,,,,,,,n,0,3.117,0,0,0,5,1,PracticeStim/26_150.jpg,150,Same,b,,,,,,,,,,,,,,,,,,,,,,
,,,,,,,,663a80393a72dac091c817b5,2025-01-21_22h14.27.060,VisualArraysMentalRotation_v4,2021.1.4,Win32,60.97560976,679054f2072d526265aabff2,67906277230174ea4544947c,,,,,,,,,,,,,,,,,,,,,,,,,,,,,,,,,,,,,,,,,,,,,b,0,1.6337,0,1,1,6,1,PracticeStim/30_100_R.jpg,100,Different,n,,,,,,,,,,,,,,,,,,,,,,
,,,,,,,,663a80393a72dac091c817b5,2025-01-21_22h14.27.060,VisualArraysMentalRotation_v4,2021.1.4,Win32,60.97560976,679054f2072d526265aabff2,67906277230174ea4544947c,,,,,,,,,,,,,,,,,,,,,,,,,,,,,,,,,,,,,,,,,,,,,n,1,1.8539,0,2,2,7,1,PracticeStim/31_50_R.jpg,50,Different,n,,,,,,,,,,,,,,,,,,,,,,
,,,,,,,,663a80393a72dac091c817b5,2025-01-21_22h14.27.060,VisualArraysMentalRotation_v4,2021.1.4,Win32,60.97560976,679054f2072d526265aabff2,67906277230174ea4544947c,,,,,,,,,,,,,,,,,,,,,,,,,,,,,,,,,,,,,,,,,,,,,b,0,1.9688,0,3,3,8,1,PracticeStim/33_50_R.jpg,50,Different,n,,,,,,,,,,,,,,,,,,,,,,
,,,,,,,,663a80393a72dac091c817b5,2025-01-21_22h14.27.060,VisualArraysMentalRotation_v4,2021.1.4,Win32,60.97560976,679054f2072d526265aabff2,67906277230174ea4544947c,,,,,,,,,,,,,,,,,,,,,,,,,,,,,,,,,,,,,,,,,,,,,n,0,2.0684,0,4,4,2,1,PracticeStim/17_50.jpg,50,Same,b,,,,,,,,,,,,,,,,,,,,,,
,,,,,,,,663a80393a72dac091c817b5,2025-01-21_22h14.27.060,VisualArraysMentalRotation_v4,2021.1.4,Win32,60.97560976,679054f2072d526265aabff2,67906277230174ea4544947c,,,,,,,,,,,,,,,,,,,,,,,,,,,,,,,,,,,,,,,,,,,,,b,0,3.0407,0,5,5,9,1,PracticeStim/36_100_R.jpg,100,Different,n,,,,,,,,,,,,,,,,,,,,,,
,,,,,,,,663a80393a72dac091c817b5,2025-01-21_22h14.27.060,VisualArraysMentalRotation_v4,2021.1.4,Win32,60.97560976,679054f2072d526265aabff2,67906277230174ea4544947c,,,,,,,,,,,,,,,,,,,,,,,,,,,,,,,,,,,,,,,,,,,,,b,1,2.0767,0,6,6,10,1,PracticeStim/41_150.jpg,150,Same,b,,,,,,,,,,,,,,,,,,,,,,
,,,,,,,,663a80393a72dac091c817b5,2025-01-21_22h14.27.060,VisualArraysMentalRotation_v4,2021.1.4,Win32,60.97560976,679054f2072d526265aabff2,67906277230174ea4544947c,,,,,,,,,,,,,,,,,,,,,,,,,,,,,,,,,,,,,,,,,,,,,b,1,2.0958,0,7,7,11,1,PracticeStim/42_50.jpg,50,Same,b,,,,,,,,,,,,,,,,,,,,,,
,,,,,,,,663a80393a72dac091c817b5,2025-01-21_22h14.27.060,VisualArraysMentalRotation_v4,2021.1.4,Win32,60.97560976,679054f2072d526265aabff2,67906277230174ea4544947c,,,,,,,,,,,,,,,,,,,,,,,,,,,,,,,,,,,,,,,,,,,,,n,1,1.7464,0,8,8,0,1,PracticeStim/7_100_R.jpg,100,Different,n,,,,,,,,,,,,,,,,,,,,,,
,,,,,,,,663a80393a72dac091c817b5,2025-01-21_22h14.27.060,VisualArraysMentalRotation_v4,2021.1.4,Win32,60.97560976,679054f2072d526265aabff2,67906277230174ea4544947c,,,,,,,,,,,,,,,,,,,,,,,,,,,,,,,,,,,,,,,,,,,,,b,1,1.8197,0,9,9,3,1,PracticeStim/18_150.jpg,150,Same,b,,,,,,,,,,,,,,,,,,,,,,
,,,,,,,,663a80393a72dac091c817b5,2025-01-21_22h14.27.060,VisualArraysMentalRotation_v4,2021.1.4,Win32,60.97560976,679054f2072d526265aabff2,67906277230174ea4544947c,,,,,,,,,,,,,,,,,,,,,,,,,,,,,,,,,,,,,,,,,,,,,n,1,2.0453,0,10,10,1,1,PracticeStim/9_100_R.jpg,100,Different,n,,,,,,,,,,,,,,,,,,,,,,
,,,,,,,,663a80393a72dac091c817b5,2025-01-21_22h14.27.060,VisualArraysMentalRotation_v4,2021.1.4,Win32,60.97560976,679054f2072d526265aabff2,67906277230174ea4544947c,,,,,,,,,,,,,,,,,,,,,,,,,,,,,,,,,,,,,,,,,,,,,n,0,2.9053,0,11,11,4,1,PracticeStim/25_150.jpg,150,Same,b,,,,,,,,,,,,,,,,,,,,,,
,,,,,,,,663a80393a72dac091c817b5,2025-01-21_22h14.27.060,VisualArraysMentalRotation_v4,2021.1.4,Win32,60.97560976,679054f2072d526265aabff2,67906277230174ea4544947c,,,,,,,,,,,,,,,,,,,,,,,,,,,,,,,,,,,,,,,,,,,,,,,,,,,,,,,,,0,0,0,0,1,,,,,,,,,,,,,,,,,
,,,,,,,,663a80393a72dac091c817b5,2025-01-21_22h14.27.060,VisualArraysMentalRotation_v4,2021.1.4,Win32,60.97560976,679054f2072d526265aabff2,67906277230174ea4544947c,,,,,,,,,,,,,,,,,,,,,,,,,,,,,,,,,,,,,,,,,,,,,n,1,3.4251,0,0,0,1,1,PracticeStim/9_100_R.jpg,100,Different,n,,,,,,,,,,,,,,,,,,,,,,
,,,,,,,,663a80393a72dac091c817b5,2025-01-21_22h14.27.060,VisualArraysMentalRotation_v4,2021.1.4,Win32,60.97560976,679054f2072d526265aabff2,67906277230174ea4544947c,,,,,,,,,,,,,,,,,,,,,,,,,,,,,,,,,,,,,,,,,,,,,b,1,3.3487,0,1,1,4,1,PracticeStim/25_150.jpg,150,Same,b,,,,,,,,,,,,,,,,,,,,,,
,,,,,,,,663a80393a72dac091c817b5,2025-01-21_22h14.27.060,VisualArraysMentalRotation_v4,2021.1.4,Win32,60.97560976,679054f2072d526265aabff2,67906277230174ea4544947c,,,,,,,,,,,,,,,,,,,,,,,,,,,,,,,,,,,,,,,,,,,,,b,1,3.5781,0,2,2,2,1,PracticeStim/17_50.jpg,50,Same,b,,,,,,,,,,,,,,,,,,,,,,
,,,,,,,,663a80393a72dac091c817b5,2025-01-21_22h14.27.060,VisualArraysMentalRotation_v4,2021.1.4,Win32,60.97560976,679054f2072d526265aabff2,67906277230174ea4544947c,,,,,,,,,,,,,,,,,,,,,,,,,,,,,,,,,,,,,,,,,,,,,b,1,2.5363,0,3,3,3,1,PracticeStim/18_150.jpg,150,Same,b,,,,,,,,,,,,,,,,,,,,,,
,,,,,,,,663a80393a72dac091c817b5,2025-01-21_22h14.27.060,VisualArraysMentalRotation_v4,2021.1.4,Win32,60.97560976,679054f2072d526265aabff2,67906277230174ea4544947c,,,,,,,,,,,,,,,,,,,,,,,,,,,,,,,,,,,,,,,,,,,,,n,1,1.6674,0,4,4,8,1,PracticeStim/33_50_R.jpg,50,Different,n,,,,,,,,,,,,,,,,,,,,,,
,,,,,,,,663a80393a72dac091c817b5,2025-01-21_22h14.27.060,VisualArraysMentalRotation_v4,2021.1.4,Win32,60.97560976,679054f2072d526265aabff2,67906277230174ea4544947c,,,,,,,,,,,,,,,,,,,,,,,,,,,,,,,,,,,,,,,,,,,,,n,0,2.2599,0,5,5,5,1,PracticeStim/26_150.jpg,150,Same,b,,,,,,,,,,,,,,,,,,,,,,
,,,,,,,,663a80393a72dac091c817b5,2025-01-21_22h14.27.060,VisualArraysMentalRotation_v4,2021.1.4,Win32,60.97560976,679054f2072d526265aabff2,67906277230174ea4544947c,,,,,,,,,,,,,,,,,,,,,,,,,,,,,,,,,,,,,,,,,,,,,n,1,3.5325,0,6,6,9,1,PracticeStim/36_100_R.jpg,100,Different,n,,,,,,,,,,,,,,,,,,,,,,
,,,,,,,,663a80393a72dac091c817b5,2025-01-21_22h14.27.060,VisualArraysMentalRotation_v4,2021.1.4,Win32,60.97560976,679054f2072d526265aabff2,67906277230174ea4544947c,,,,,,,,,,,,,,,,,,,,,,,,,,,,,,,,,,,,,,,,,,,,,n,1,2.0049,0,7,7,0,1,PracticeStim/7_100_R.jpg,100,Different,n,,,,,,,,,,,,,,,,,,,,,,
,,,,,,,,663a80393a72dac091c817b5,2025-01-21_22h14.27.060,VisualArraysMentalRotation_v4,2021.1.4,Win32,60.97560976,679054f2072d526265aabff2,67906277230174ea4544947c,,,,,,,,,,,,,,,,,,,,,,,,,,,,,,,,,,,,,,,,,,,,,b,1,2.0309,0,8,8,11,1,PracticeStim/42_50.jpg,50,Same,b,,,,,,,,,,,,,,,,,,,,,,
,,,,,,,,663a80393a72dac091c817b5,2025-01-21_22h14.27.060,VisualArraysMentalRotation_v4,2021.1.4,Win32,60.97560976,679054f2072d526265aabff2,67906277230174ea4544947c,,,,,,,,,,,,,,,,,,,,,,,,,,,,,,,,,,,,,,,,,,,,,n,1,3.583,0,9,9,6,1,PracticeStim/30_100_R.jpg,100,Different,n,,,,,,,,,,,,,,,,,,,,,,
,,,,,,,,663a80393a72dac091c817b5,2025-01-21_22h14.27.060,VisualArraysMentalRotation_v4,2021.1.4,Win32,60.97560976,679054f2072d526265aabff2,67906277230174ea4544947c,,,,,,,,,,,,,,,,,,,,,,,,,,,,,,,,,,,,,,,,,,,,,b,1,1.9248,0,10,10,10,1,PracticeStim/41_150.jpg,150,Same,b,,,,,,,,,,,,,,,,,,,,,,
,,,,,,,,663a80393a72dac091c817b5,2025-01-21_22h14.27.060,VisualArraysMentalRotation_v4,2021.1.4,Win32,60.97560976,679054f2072d526265aabff2,67906277230174ea4544947c,,,,,,,,,,,,,,,,,,,,,,,,,,,,,,,,,,,,,,,,,,,,,n,1,2.6044,0,11,11,7,1,PracticeStim/31_50_R.jpg,50,Different,n,,,,,,,,,,,,,,,,,,,,,,
,,,,,,,,663a80393a72dac091c817b5,2025-01-21_22h14.27.060,VisualArraysMentalRotation_v4,2021.1.4,Win32,60.97560976,679054f2072d526265aabff2,67906277230174ea4544947c,,,,,,,,,,,,,,,,,,,,,,,,,,,,,,,,,,,,,,,,,,,,,,,,,,,,,,,,,,,,,,Stimuli/44_150.jpg,Same,150,b,b,1,1.7848,0,0,0,0,1,,,,,
,,,,,,,,663a80393a72dac091c817b5,2025-01-21_22h14.27.060,VisualArraysMentalRotation_v4,2021.1.4,Win32,60.97560976,679054f2072d526265aabff2,67906277230174ea4544947c,,,,,,,,,,,,,,,,,,,,,,,,,,,,,,,,,,,,,,,,,,,,,,,,,,,,,,,,,,,,,,Stimuli/3_0_R.jpg,Different,0,n,b,0,2.5463,1,0,1,0,1,,,,,
,,,,,,,,663a80393a72dac091c817b5,2025-01-21_22h14.27.060,VisualArraysMentalRotation_v4,2021.1.4,Win32,60.97560976,679054f2072d526265aabff2,67906277230174ea4544947c,,,,,,,,,,,,,,,,,,,,,,,,,,,,,,,,,,,,,,,,,,,,,,,,,,,,,,,,,,,,,,Stimuli/16_150_R.jpg,Different,150,n,b,0,3.4372,2,0,2,0,1,,,,,
,,,,,,,,663a80393a72dac091c817b5,2025-01-21_22h14.27.060,VisualArraysMentalRotation_v4,2021.1.4,Win32,60.97560976,679054f2072d526265aabff2,67906277230174ea4544947c,,,,,,,,,,,,,,,,,,,,,,,,,,,,,,,,,,,,,,,,,,,,,,,,,,,,,,,,,,,,,,Stimuli/44_100.jpg,Same,100,b,b,1,3.9132,3,0,3,0,1,,,,,
,,,,,,,,663a80393a72dac091c817b5,2025-01-21_22h14.27.060,VisualArraysMentalRotation_v4,2021.1.4,Win32,60.97560976,679054f2072d526265aabff2,67906277230174ea4544947c,,,,,,,,,,,,,,,,,,,,,,,,,,,,,,,,,,,,,,,,,,,,,,,,,,,,,,,,,,,,,,Stimuli/27_150_R.jpg,Different,150,n,b,0,3.0377,4,0,4,0,1,,,,,
,,,,,,,,663a80393a72dac091c817b5,2025-01-21_22h14.27.060,VisualArraysMentalRotation_v4,2021.1.4,Win32,60.97560976,679054f2072d526265aabff2,67906277230174ea4544947c,,,,,,,,,,,,,,,,,,,,,,,,,,,,,,,,,,,,,,,,,,,,,,,,,,,,,,,,,,,,,,Stimuli/22_0.jpg,Same,0,b,b,1,1.812,5,0,5,0,1,,,,,
,,,,,,,,663a80393a72dac091c817b5,2025-01-21_22h14.27.060,VisualArraysMentalRotation_v4,2021.1.4,Win32,60.97560976,679054f2072d526265aabff2,67906277230174ea4544947c,,,,,,,,,,,,,,,,,,,,,,,,,,,,,,,,,,,,,,,,,,,,,,,,,,,,,,,,,,,,,,Stimuli/32_50.jpg,Same,50,b,b,1,1.7806,6,0,6,0,1,,,,,
,,,,,,,,663a80393a72dac091c817b5,2025-01-21_22h14.27.060,VisualArraysMentalRotation_v4,2021.1.4,Win32,60.97560976,679054f2072d526265aabff2,67906277230174ea4544947c,,,,,,,,,,,,,,,,,,,,,,,,,,,,,,,,,,,,,,,,,,,,,,,,,,,,,,,,,,,,,,Stimuli/22_50_R.jpg,Different,50,n,n,1,1.8948,7,0,7,0,1,,,,,
,,,,,,,,663a80393a72dac091c817b5,2025-01-21_22h14.27.060,VisualArraysMentalRotation_v4,2021.1.4,Win32,60.97560976,679054f2072d526265aabff2,67906277230174ea4544947c,,,,,,,,,,,,,,,,,,,,,,,,,,,,,,,,,,,,,,,,,,,,,,,,,,,,,,,,,,,,,,Stimuli/3_100_R.jpg,Different,100,n,n,1,4.8626,8,0,8,0,1,,,,,
,,,,,,,,663a80393a72dac091c817b5,2025-01-21_22h14.27.060,VisualArraysMentalRotation_v4,2021.1.4,Win32,60.97560976,679054f2072d526265aabff2,67906277230174ea4544947c,,,,,,,,,,,,,,,,,,,,,,,,,,,,,,,,,,,,,,,,,,,,,,,,,,,,,,,,,,,,,,Stimuli/32_100.jpg,Same,100,b,b,1,2.3416,9,0,9,0,1,,,,,
,,,,,,,,663a80393a72dac091c817b5,2025-01-21_22h14.27.060,VisualArraysMentalRotation_v4,2021.1.4,Win32,60.97560976,679054f2072d526265aabff2,67906277230174ea4544947c,,,,,,,,,,,,,,,,,,,,,,,,,,,,,,,,,,,,,,,,,,,,,,,,,,,,,,,,,,,,,,Stimuli/38_150_R.jpg,Different,150,n,n,1,3.6171,10,0,10,0,1,,,,,
,,,,,,,,663a80393a72dac091c817b5,2025-01-21_22h14.27.060,VisualArraysMentalRotation_v4,2021.1.4,Win32,60.97560976,679054f2072d526265aabff2,67906277230174ea4544947c,,,,,,,,,,,,,,,,,,,,,,,,,,,,,,,,,,,,,,,,,,,,,,,,,,,,,,,,,,,,,,Stimuli/22_0_R.jpg,Different,0,n,n,1,2.1185,11,0,11,0,1,,,,,
,,,,,,,,663a80393a72dac091c817b5,2025-01-21_22h14.27.060,VisualArraysMentalRotation_v4,2021.1.4,Win32,60.97560976,679054f2072d526265aabff2,67906277230174ea4544947c,,,,,,,,,,,,,,,,,,,,,,,,,,,,,,,,,,,,,,,,,,,,,,,,,,,,,,,,,,,,,,Stimuli/32_100_R.jpg,Different,100,n,n,1,3.6965,12,0,12,0,1,,,,,
,,,,,,,,663a80393a72dac091c817b5,2025-01-21_22h14.27.060,VisualArraysMentalRotation_v4,2021.1.4,Win32,60.97560976,679054f2072d526265aabff2,67906277230174ea4544947c,,,,,,,,,,,,,,,,,,,,,,,,,,,,,,,,,,,,,,,,,,,,,,,,,,,,,,,,,,,,,,Stimuli/28_150.jpg,Same,150,b,b,1,2.786,13,0,13,0,1,,,,,
,,,,,,,,663a80393a72dac091c817b5,2025-01-21_22h14.27.060,VisualArraysMentalRotation_v4,2021.1.4,Win32,60.97560976,679054f2072d526265aabff2,67906277230174ea4544947c,,,,,,,,,,,,,,,,,,,,,,,,,,,,,,,,,,,,,,,,,,,,,,,,,,,,,,,,,,,,,,Stimuli/38_100_R.jpg,Different,100,n,n,1,3.1204,14,0,14,0,1,,,,,
,,,,,,,,663a80393a72dac091c817b5,2025-01-21_22h14.27.060,VisualArraysMentalRotation_v4,2021.1.4,Win32,60.97560976,679054f2072d526265aabff2,67906277230174ea4544947c,,,,,,,,,,,,,,,,,,,,,,,,,,,,,,,,,,,,,,,,,,,,,,,,,,,,,,,,,,,,,,Stimuli/28_100.jpg,Same,100,b,b,1,2.5315,15,0,15,0,1,,,,,
,,,,,,,,663a80393a72dac091c817b5,2025-01-21_22h14.27.060,VisualArraysMentalRotation_v4,2021.1.4,Win32,60.97560976,679054f2072d526265aabff2,67906277230174ea4544947c,,,,,,,,,,,,,,,,,,,,,,,,,,,,,,,,,,,,,,,,,,,,,,,,,,,,,,,,,,,,,,Stimuli/40_0.jpg,Same,0,b,b,1,1.4521,16,0,16,0,1,,,,,
,,,,,,,,663a80393a72dac091c817b5,2025-01-21_22h14.27.060,VisualArraysMentalRotation_v4,2021.1.4,Win32,60.97560976,679054f2072d526265aabff2,67906277230174ea4544947c,,,,,,,,,,,,,,,,,,,,,,,,,,,,,,,,,,,,,,,,,,,,,,,,,,,,,,,,,,,,,,Stimuli/38_50.jpg,Same,50,b,b,1,1.5202,17,0,17,0,1,,,,,
,,,,,,,,663a80393a72dac091c817b5,2025-01-21_22h14.27.060,VisualArraysMentalRotation_v4,2021.1.4,Win32,60.97560976,679054f2072d526265aabff2,67906277230174ea4544947c,,,,,,,,,,,,,,,,,,,,,,,,,,,,,,,,,,,,,,,,,,,,,,,,,,,,,,,,,,,,,,Stimuli/21_150_R.jpg,Different,150,n,b,0,2.7468,18,0,18,0,1,,,,,
,,,,,,,,663a80393a72dac091c817b5,2025-01-21_22h14.27.060,VisualArraysMentalRotation_v4,2021.1.4,Win32,60.97560976,679054f2072d526265aabff2,67906277230174ea4544947c,,,,,,,,,,,,,,,,,,,,,,,,,,,,,,,,,,,,,,,,,,,,,,,,,,,,,,,,,,,,,,Stimuli/19_100.jpg,Same,100,b,b,1,2.0369,19,0,19,0,1,,,,,
,,,,,,,,663a80393a72dac091c817b5,2025-01-21_22h14.27.060,VisualArraysMentalRotation_v4,2021.1.4,Win32,60.97560976,679054f2072d526265aabff2,67906277230174ea4544947c,,,,,,,,,,,,,,,,,,,,,,,,,,,,,,,,,,,,,,,,,,,,,,,,,,,,,,,,,,,,,,Stimuli/43_50.jpg,Same,50,b,b,1,3.1762,20,0,20,0,1,,,,,
,,,,,,,,663a80393a72dac091c817b5,2025-01-21_22h14.27.060,VisualArraysMentalRotation_v4,2021.1.4,Win32,60.97560976,679054f2072d526265aabff2,67906277230174ea4544947c,,,,,,,,,,,,,,,,,,,,,,,,,,,,,,,,,,,,,,,,,,,,,,,,,,,,,,,,,,,,,,Stimuli/16_50_R.jpg,Different,50,n,n,1,1.9357,21,0,21,0,1,,,,,
,,,,,,,,663a80393a72dac091c817b5,2025-01-21_22h14.27.060,VisualArraysMentalRotation_v4,2021.1.4,Win32,60.97560976,679054f2072d526265aabff2,67906277230174ea4544947c,,,,,,,,,,,,,,,,,,,,,,,,,,,,,,,,,,,,,,,,,,,,,,,,,,,,,,,,,,,,,,Stimuli/28_50_R.jpg,Different,50,n,n,1,1.869,22,0,22,0,1,,,,,
,,,,,,,,663a80393a72dac091c817b5,2025-01-21_22h14.27.060,VisualArraysMentalRotation_v4,2021.1.4,Win32,60.97560976,679054f2072d526265aabff2,67906277230174ea4544947c,,,,,,,,,,,,,,,,,,,,,,,,,,,,,,,,,,,,,,,,,,,,,,,,,,,,,,,,,,,,,,Stimuli/40_150.jpg,Same,150,b,n,0,3.8313,23,0,23,0,1,,,,,
,,,,,,,,663a80393a72dac091c817b5,2025-01-21_22h14.27.060,VisualArraysMentalRotation_v4,2021.1.4,Win32,60.97560976,679054f2072d526265aabff2,67906277230174ea4544947c,,,,,,,,,,,,,,,,,,,,,,,,,,,,,,,,,,,,,,,,,,,,,,,,,,,,,,,,,,,,,,Stimuli/3_150_R.jpg,Different,150,n,n,1,2.4438,24,0,24,0,1,,,,,
,,,,,,,,663a80393a72dac091c817b5,2025-01-21_22h14.27.060,VisualArraysMentalRotation_v4,2021.1.4,Win32,60.97560976,679054f2072d526265aabff2,67906277230174ea4544947c,,,,,,,,,,,,,,,,,,,,,,,,,,,,,,,,,,,,,,,,,,,,,,,,,,,,,,,,,,,,,,Stimuli/38_100.jpg,Same,100,b,n,0,2.5522,25,0,25,0,1,,,,,
,,,,,,,,663a80393a72dac091c817b5,2025-01-21_22h14.27.060,VisualArraysMentalRotation_v4,2021.1.4,Win32,60.97560976,679054f2072d526265aabff2,67906277230174ea4544947c,,,,,,,,,,,,,,,,,,,,,,,,,,,,,,,,,,,,,,,,,,,,,,,,,,,,,,,,,,,,,,Stimuli/28_0_R.jpg,Different,0,n,n,1,2.6606,26,0,26,0,1,,,,,
,,,,,,,,663a80393a72dac091c817b5,2025-01-21_22h14.27.060,VisualArraysMentalRotation_v4,2021.1.4,Win32,60.97560976,679054f2072d526265aabff2,67906277230174ea4544947c,,,,,,,,,,,,,,,,,,,,,,,,,,,,,,,,,,,,,,,,,,,,,,,,,,,,,,,,,,,,,,Stimuli/32_150.jpg,Same,150,b,b,1,3.3281,27,0,27,0,1,,,,,
,,,,,,,,663a80393a72dac091c817b5,2025-01-21_22h14.27.060,VisualArraysMentalRotation_v4,2021.1.4,Win32,60.97560976,679054f2072d526265aabff2,67906277230174ea4544947c,,,,,,,,,,,,,,,,,,,,,,,,,,,,,,,,,,,,,,,,,,,,,,,,,,,,,,,,,,,,,,Stimuli/16_100_R.jpg,Different,100,n,n,1,2.1253,28,0,28,0,1,,,,,
,,,,,,,,663a80393a72dac091c817b5,2025-01-21_22h14.27.060,VisualArraysMentalRotation_v4,2021.1.4,Win32,60.97560976,679054f2072d526265aabff2,67906277230174ea4544947c,,,,,,,,,,,,,,,,,,,,,,,,,,,,,,,,,,,,,,,,,,,,,,,,,,,,,,,,,,,,,,Stimuli/40_50_R.jpg,Different,50,n,n,1,4.6125,29,0,29,0,1,,,,,
,,,,,,,,663a80393a72dac091c817b5,2025-01-21_22h14.27.060,VisualArraysMentalRotation_v4,2021.1.4,Win32,60.97560976,679054f2072d526265aabff2,67906277230174ea4544947c,,,,,,,,,,,,,,,,,,,,,,,,,,,,,,,,,,,,,,,,,,,,,,,,,,,,,,,,,,,,,,Stimuli/21_50_R.jpg,Different,50,n,n,1,2.3351,30,0,30,0,1,,,,,
,,,,,,,,663a80393a72dac091c817b5,2025-01-21_22h14.27.060,VisualArraysMentalRotation_v4,2021.1.4,Win32,60.97560976,679054f2072d526265aabff2,67906277230174ea4544947c,,,,,,,,,,,,,,,,,,,,,,,,,,,,,,,,,,,,,,,,,,,,,,,,,,,,,,,,,,,,,,Stimuli/44_50.jpg,Same,50,b,n,0,2.6208,31,0,31,0,1,,,,,
,,,,,,,,663a80393a72dac091c817b5,2025-01-21_22h14.27.060,VisualArraysMentalRotation_v4,2021.1.4,Win32,60.97560976,679054f2072d526265aabff2,67906277230174ea4544947c,,,,,,,,,,,,,,,,,,,,,,,,,,,,,,,,,,,,,,,,,,,,,,,,,,,,,,,,,,,,,,Stimuli/16_100.jpg,Same,100,b,b,1,3.1081,32,0,32,0,1,,,,,
,,,,,,,,663a80393a72dac091c817b5,2025-01-21_22h14.27.060,VisualArraysMentalRotation_v4,2021.1.4,Win32,60.97560976,679054f2072d526265aabff2,67906277230174ea4544947c,,,,,,,,,,,,,,,,,,,,,,,,,,,,,,,,,,,,,,,,,,,,,,,,,,,,,,,,,,,,,,Stimuli/32_50_R.jpg,Different,50,n,b,0,6.5288,33,0,33,0,1,,,,,
,,,,,,,,663a80393a72dac091c817b5,2025-01-21_22h14.27.060,VisualArraysMentalRotation_v4,2021.1.4,Win32,60.97560976,679054f2072d526265aabff2,67906277230174ea4544947c,,,,,,,,,,,,,,,,,,,,,,,,,,,,,,,,,,,,,,,,,,,,,,,,,,,,,,,,,,,,,,Stimuli/43_0_R.jpg,Different,0,n,b,0,1.8751,34,0,34,0,1,,,,,
,,,,,,,,663a80393a72dac091c817b5,2025-01-21_22h14.27.060,VisualArraysMentalRotation_v4,2021.1.4,Win32,60.97560976,679054f2072d526265aabff2,67906277230174ea4544947c,,,,,,,,,,,,,,,,,,,,,,,,,,,,,,,,,,,,,,,,,,,,,,,,,,,,,,,,,,,,,,Stimuli/3_50.jpg,Same,50,b,b,1,1.9527,35,0,35,0,1,,,,,
,,,,,,,,663a80393a72dac091c817b5,2025-01-21_22h14.27.060,VisualArraysMentalRotation_v4,2021.1.4,Win32,60.97560976,679054f2072d526265aabff2,67906277230174ea4544947c,,,,,,,,,,,,,,,,,,,,,,,,,,,,,,,,,,,,,,,,,,,,,,,,,,,,,,,,,,,,,,Stimuli/40_0_R.jpg,Different,0,n,n,1,4.2127,36,0,36,0,1,,,,,
,,,,,,,,663a80393a72dac091c817b5,2025-01-21_22h14.27.060,VisualArraysMentalRotation_v4,2021.1.4,Win32,60.97560976,679054f2072d526265aabff2,67906277230174ea4544947c,,,,,,,,,,,,,,,,,,,,,,,,,,,,,,,,,,,,,,,,,,,,,,,,,,,,,,,,,,,,,,Stimuli/32_0.jpg,Same,0,b,b,1,1.0859,37,0,37,0,1,,,,,
,,,,,,,,663a80393a72dac091c817b5,2025-01-21_22h14.27.060,VisualArraysMentalRotation_v4,2021.1.4,Win32,60.97560976,679054f2072d526265aabff2,67906277230174ea4544947c,,,,,,,,,,,,,,,,,,,,,,,,,,,,,,,,,,,,,,,,,,,,,,,,,,,,,,,,,,,,,,Stimuli/19_150.jpg,Same,150,b,b,1,2.6305,38,0,38,0,1,,,,,
,,,,,,,,663a80393a72dac091c817b5,2025-01-21_22h14.27.060,VisualArraysMentalRotation_v4,2021.1.4,Win32,60.97560976,679054f2072d526265aabff2,67906277230174ea4544947c,,,,,,,,,,,,,,,,,,,,,,,,,,,,,,,,,,,,,,,,,,,,,,,,,,,,,,,,,,,,,,Stimuli/16_0_R.jpg,Different,0,n,n,1,2.5708,39,0,39,0,1,,,,,
,,,,,,,,663a80393a72dac091c817b5,2025-01-21_22h14.27.060,VisualArraysMentalRotation_v4,2021.1.4,Win32,60.97560976,679054f2072d526265aabff2,67906277230174ea4544947c,,,,,,,,,,,,,,,,,,,,,,,,,,,,,,,,,,,,,,,,,,,,,,,,,,,,,,,,,,,,,,Stimuli/43_100_R.jpg,Different,100,n,n,1,2.9339,40,0,40,0,1,,,,,
,,,,,,,,663a80393a72dac091c817b5,2025-01-21_22h14.27.060,VisualArraysMentalRotation_v4,2021.1.4,Win32,60.97560976,679054f2072d526265aabff2,67906277230174ea4544947c,,,,,,,,,,,,,,,,,,,,,,,,,,,,,,,,,,,,,,,,,,,,,,,,,,,,,,,,,,,,,,Stimuli/21_0.jpg,Same,0,b,b,1,1.0085,41,0,41,0,1,,,,,
,,,,,,,,663a80393a72dac091c817b5,2025-01-21_22h14.27.060,VisualArraysMentalRotation_v4,2021.1.4,Win32,60.97560976,679054f2072d526265aabff2,67906277230174ea4544947c,,,,,,,,,,,,,,,,,,,,,,,,,,,,,,,,,,,,,,,,,,,,,,,,,,,,,,,,,,,,,,Stimuli/38_150.jpg,Same,150,b,b,1,3.0083,42,0,42,0,1,,,,,
,,,,,,,,663a80393a72dac091c817b5,2025-01-21_22h14.27.060,VisualArraysMentalRotation_v4,2021.1.4,Win32,60.97560976,679054f2072d526265aabff2,67906277230174ea4544947c,,,,,,,,,,,,,,,,,,,,,,,,,,,,,,,,,,,,,,,,,,,,,,,,,,,,,,,,,,,,,,Stimuli/28_50.jpg,Same,50,b,b,1,2.9375,43,0,43,0,1,,,,,
,,,,,,,,663a80393a72dac091c817b5,2025-01-21_22h14.27.060,VisualArraysMentalRotation_v4,2021.1.4,Win32,60.97560976,679054f2072d526265aabff2,67906277230174ea4544947c,,,,,,,,,,,,,,,,,,,,,,,,,,,,,,,,,,,,,,,,,,,,,,,,,,,,,,,,,,,,,,Stimuli/22_150_R.jpg,Different,150,n,n,1,1.3816,44,0,44,0,1,,,,,
,,,,,,,,663a80393a72dac091c817b5,2025-01-21_22h14.27.060,VisualArraysMentalRotation_v4,2021.1.4,Win32,60.97560976,679054f2072d526265aabff2,67906277230174ea4544947c,,,,,,,,,,,,,,,,,,,,,,,,,,,,,,,,,,,,,,,,,,,,,,,,,,,,,,,,,,,,,,Stimuli/43_0.jpg,Same,0,b,b,1,1.2613,45,0,45,0,1,,,,,
,,,,,,,,663a80393a72dac091c817b5,2025-01-21_22h14.27.060,VisualArraysMentalRotation_v4,2021.1.4,Win32,60.97560976,679054f2072d526265aabff2,67906277230174ea4544947c,,,,,,,,,,,,,,,,,,,,,,,,,,,,,,,,,,,,,,,,,,,,,,,,,,,,,,,,,,,,,,Stimuli/44_0.jpg,Same,0,b,b,1,1.3412,46,0,46,0,1,,,,,
,,,,,,,,663a80393a72dac091c817b5,2025-01-21_22h14.27.060,VisualArraysMentalRotation_v4,2021.1.4,Win32,60.97560976,679054f2072d526265aabff2,67906277230174ea4544947c,,,,,,,,,,,,,,,,,,,,,,,,,,,,,,,,,,,,,,,,,,,,,,,,,,,,,,,,,,,,,,Stimuli/44_100_R.jpg,Different,100,n,n,1,1.4572,47,0,47,0,1,,,,,
,,,,,,,,663a80393a72dac091c817b5,2025-01-21_22h14.27.060,VisualArraysMentalRotation_v4,2021.1.4,Win32,60.97560976,679054f2072d526265aabff2,67906277230174ea4544947c,,,,,,,,,,,,,,,,,,,,,,,,,,,,,,,,,,,,,,,,,,,,,,,,,,,,,,,,,,,,,,Stimuli/21_50.jpg,Same,50,b,b,1,1.874,48,0,48,0,1,,,,,
,,,,,,,,663a80393a72dac091c817b5,2025-01-21_22h14.27.060,VisualArraysMentalRotation_v4,2021.1.4,Win32,60.97560976,679054f2072d526265aabff2,67906277230174ea4544947c,,,,,,,,,,,,,,,,,,,,,,,,,,,,,,,,,,,,,,,,,,,,,,,,,,,,,,,,,,,,,,Stimuli/21_100.jpg,Same,100,b,b,1,3.2741,49,0,49,0,1,,,,,
,,,,,,,,663a80393a72dac091c817b5,2025-01-21_22h14.27.060,VisualArraysMentalRotation_v4,2021.1.4,Win32,60.97560976,679054f2072d526265aabff2,67906277230174ea4544947c,,,,,,,,,,,,,,,,,,,,,,,,,,,,,,,,,,,,,,,,,,,,,,,,,,,,,,,,,,,,,,Stimuli/27_50_R.jpg,Different,50,n,n,1,6.1433,50,0,50,0,1,,,,,
,,,,,,,,663a80393a72dac091c817b5,2025-01-21_22h14.27.060,VisualArraysMentalRotation_v4,2021.1.4,Win32,60.97560976,679054f2072d526265aabff2,67906277230174ea4544947c,,,,,,,,,,,,,,,,,,,,,,,,,,,,,,,,,,,,,,,,,,,,,,,,,,,,,,,,,,,,,,Stimuli/3_150.jpg,Same,150,b,n,0,4.7337,51,0,51,0,1,,,,,
,,,,,,,,663a80393a72dac091c817b5,2025-01-21_22h14.27.060,VisualArraysMentalRotation_v4,2021.1.4,Win32,60.97560976,679054f2072d526265aabff2,67906277230174ea4544947c,,,,,,,,,,,,,,,,,,,,,,,,,,,,,,,,,,,,,,,,,,,,,,,,,,,,,,,,,,,,,,Stimuli/27_0_R.jpg,Different,0,n,n,1,2.5794,52,0,52,0,1,,,,,
,,,,,,,,663a80393a72dac091c817b5,2025-01-21_22h14.27.060,VisualArraysMentalRotation_v4,2021.1.4,Win32,60.97560976,679054f2072d526265aabff2,67906277230174ea4544947c,,,,,,,,,,,,,,,,,,,,,,,,,,,,,,,,,,,,,,,,,,,,,,,,,,,,,,,,,,,,,,Stimuli/19_50_R.jpg,Different,50,n,n,1,2.5196,53,0,53,0,1,,,,,
,,,,,,,,663a80393a72dac091c817b5,2025-01-21_22h14.27.060,VisualArraysMentalRotation_v4,2021.1.4,Win32,60.97560976,679054f2072d526265aabff2,67906277230174ea4544947c,,,,,,,,,,,,,,,,,,,,,,,,,,,,,,,,,,,,,,,,,,,,,,,,,,,,,,,,,,,,,,Stimuli/21_0_R.jpg,Different,0,n,n,1,2.5931,54,0,54,0,1,,,,,
,,,,,,,,663a80393a72dac091c817b5,2025-01-21_22h14.27.060,VisualArraysMentalRotation_v4,2021.1.4,Win32,60.97560976,679054f2072d526265aabff2,67906277230174ea4544947c,,,,,,,,,,,,,,,,,,,,,,,,,,,,,,,,,,,,,,,,,,,,,,,,,,,,,,,,,,,,,,Stimuli/40_50.jpg,Same,50,b,b,1,3.7587,55,0,55,0,1,,,,,
,,,,,,,,663a80393a72dac091c817b5,2025-01-21_22h14.27.060,VisualArraysMentalRotation_v4,2021.1.4,Win32,60.97560976,679054f2072d526265aabff2,67906277230174ea4544947c,,,,,,,,,,,,,,,,,,,,,,,,,,,,,,,,,,,,,,,,,,,,,,,,,,,,,,,,,,,,,,Stimuli/32_150_R.jpg,Different,150,n,n,1,2.03,56,0,56,0,1,,,,,
,,,,,,,,663a80393a72dac091c817b5,2025-01-21_22h14.27.060,VisualArraysMentalRotation_v4,2021.1.4,Win32,60.97560976,679054f2072d526265aabff2,67906277230174ea4544947c,,,,,,,,,,,,,,,,,,,,,,,,,,,,,,,,,,,,,,,,,,,,,,,,,,,,,,,,,,,,,,Stimuli/22_100.jpg,Same,100,b,b,1,1.8526,57,0,57,0,1,,,,,
,,,,,,,,663a80393a72dac091c817b5,2025-01-21_22h14.27.060,VisualArraysMentalRotation_v4,2021.1.4,Win32,60.97560976,679054f2072d526265aabff2,67906277230174ea4544947c,,,,,,,,,,,,,,,,,,,,,,,,,,,,,,,,,,,,,,,,,,,,,,,,,,,,,,,,,,,,,,Stimuli/40_100_R.jpg,Different,100,n,n,1,2.1861,58,0,58,0,1,,,,,
,,,,,,,,663a80393a72dac091c817b5,2025-01-21_22h14.27.060,VisualArraysMentalRotation_v4,2021.1.4,Win32,60.97560976,679054f2072d526265aabff2,67906277230174ea4544947c,,,,,,,,,,,,,,,,,,,,,,,,,,,,,,,,,,,,,,,,,,,,,,,,,,,,,,,,,,,,,,Stimuli/27_0.jpg,Same,0,b,b,1,1.1453,59,0,59,0,1,,,,,
,,,,,,,,663a80393a72dac091c817b5,2025-01-21_22h14.27.060,VisualArraysMentalRotation_v4,2021.1.4,Win32,60.97560976,679054f2072d526265aabff2,67906277230174ea4544947c,,,,,,,,,,,,,,,,,,,,,,,,,,,,,,,,,,,,,,,,,,,,,,,,,,,,,,,,,,,,,,Stimuli/27_50.jpg,Same,50,b,n,0,2.0875,60,0,60,0,1,,,,,
,,,,,,,,663a80393a72dac091c817b5,2025-01-21_22h14.27.060,VisualArraysMentalRotation_v4,2021.1.4,Win32,60.97560976,679054f2072d526265aabff2,67906277230174ea4544947c,,,,,,,,,,,,,,,,,,,,,,,,,,,,,,,,,,,,,,,,,,,,,,,,,,,,,,,,,,,,,,Stimuli/43_50_R.jpg,Different,50,n,n,1,4.1407,61,0,61,0,1,,,,,
,,,,,,,,663a80393a72dac091c817b5,2025-01-21_22h14.27.060,VisualArraysMentalRotation_v4,2021.1.4,Win32,60.97560976,679054f2072d526265aabff2,67906277230174ea4544947c,,,,,,,,,,,,,,,,,,,,,,,,,,,,,,,,,,,,,,,,,,,,,,,,,,,,,,,,,,,,,,Stimuli/19_0.jpg,Same,0,b,b,1,0.8101,62,0,62,0,1,,,,,
,,,,,,,,663a80393a72dac091c817b5,2025-01-21_22h14.27.060,VisualArraysMentalRotation_v4,2021.1.4,Win32,60.97560976,679054f2072d526265aabff2,67906277230174ea4544947c,,,,,,,,,,,,,,,,,,,,,,,,,,,,,,,,,,,,,,,,,,,,,,,,,,,,,,,,,,,,,,Stimuli/28_100_R.jpg,Different,100,n,n,1,3.9328,63,0,63,0,1,,,,,
,,,,,,,,663a80393a72dac091c817b5,2025-01-21_22h14.27.060,VisualArraysMentalRotation_v4,2021.1.4,Win32,60.97560976,679054f2072d526265aabff2,67906277230174ea4544947c,,,,,,,,,,,,,,,,,,,,,,,,,,,,,,,,,,,,,,,,,,,,,,,,,,,,,,,,,,,,,,Stimuli/16_150.jpg,Same,150,b,b,1,2.5958,64,0,64,0,1,,,,,
,,,,,,,,663a80393a72dac091c817b5,2025-01-21_22h14.27.060,VisualArraysMentalRotation_v4,2021.1.4,Win32,60.97560976,679054f2072d526265aabff2,67906277230174ea4544947c,,,,,,,,,,,,,,,,,,,,,,,,,,,,,,,,,,,,,,,,,,,,,,,,,,,,,,,,,,,,,,Stimuli/32_0_R.jpg,Different,0,n,n,1,2.3436,65,0,65,0,1,,,,,
,,,,,,,,663a80393a72dac091c817b5,2025-01-21_22h14.27.060,VisualArraysMentalRotation_v4,2021.1.4,Win32,60.97560976,679054f2072d526265aabff2,67906277230174ea4544947c,,,,,,,,,,,,,,,,,,,,,,,,,,,,,,,,,,,,,,,,,,,,,,,,,,,,,,,,,,,,,,Stimuli/28_150_R.jpg,Different,150,n,n,1,2.984,66,0,66,0,1,,,,,
,,,,,,,,663a80393a72dac091c817b5,2025-01-21_22h14.27.060,VisualArraysMentalRotation_v4,2021.1.4,Win32,60.97560976,679054f2072d526265aabff2,67906277230174ea4544947c,,,,,,,,,,,,,,,,,,,,,,,,,,,,,,,,,,,,,,,,,,,,,,,,,,,,,,,,,,,,,,Stimuli/16_0.jpg,Same,0,b,b,1,1.0752,67,0,67,0,1,,,,,
,,,,,,,,663a80393a72dac091c817b5,2025-01-21_22h14.27.060,VisualArraysMentalRotation_v4,2021.1.4,Win32,60.97560976,679054f2072d526265aabff2,67906277230174ea4544947c,,,,,,,,,,,,,,,,,,,,,,,,,,,,,,,,,,,,,,,,,,,,,,,,,,,,,,,,,,,,,,Stimuli/19_50.jpg,Same,50,b,b,1,1.268,68,0,68,0,1,,,,,
,,,,,,,,663a80393a72dac091c817b5,2025-01-21_22h14.27.060,VisualArraysMentalRotation_v4,2021.1.4,Win32,60.97560976,679054f2072d526265aabff2,67906277230174ea4544947c,,,,,,,,,,,,,,,,,,,,,,,,,,,,,,,,,,,,,,,,,,,,,,,,,,,,,,,,,,,,,,Stimuli/40_150_R.jpg,Different,150,n,n,1,2.0403,69,0,69,0,1,,,,,
,,,,,,,,663a80393a72dac091c817b5,2025-01-21_22h14.27.060,VisualArraysMentalRotation_v4,2021.1.4,Win32,60.97560976,679054f2072d526265aabff2,67906277230174ea4544947c,,,,,,,,,,,,,,,,,,,,,,,,,,,,,,,,,,,,,,,,,,,,,,,,,,,,,,,,,,,,,,Stimuli/38_50_R.jpg,Different,50,n,n,1,1.7807,70,0,70,0,1,,,,,
,,,,,,,,663a80393a72dac091c817b5,2025-01-21_22h14.27.060,VisualArraysMentalRotation_v4,2021.1.4,Win32,60.97560976,679054f2072d526265aabff2,67906277230174ea4544947c,,,,,,,,,,,,,,,,,,,,,,,,,,,,,,,,,,,,,,,,,,,,,,,,,,,,,,,,,,,,,,Stimuli/40_100.jpg,Same,100,b,b,1,3.9699,71,0,71,0,1,,,,,
,,,,,,,,663a80393a72dac091c817b5,2025-01-21_22h14.27.060,VisualArraysMentalRotation_v4,2021.1.4,Win32,60.97560976,679054f2072d526265aabff2,67906277230174ea4544947c,,,,,,,,,,,,,,,,,,,,,,,,,,,,,,,,,,,,,,,,,,,,,,,,,,,,,,,,,,,,,,Stimuli/3_0.jpg,Same,0,b,b,1,1.1415,72,0,72,0,1,,,,,
,,,,,,,,663a80393a72dac091c817b5,2025-01-21_22h14.27.060,VisualArraysMentalRotation_v4,2021.1.4,Win32,60.97560976,679054f2072d526265aabff2,67906277230174ea4544947c,,,,,,,,,,,,,,,,,,,,,,,,,,,,,,,,,,,,,,,,,,,,,,,,,,,,,,,,,,,,,,Stimuli/43_150.jpg,Same,150,b,b,1,4.656,73,0,73,0,1,,,,,
,,,,,,,,663a80393a72dac091c817b5,2025-01-21_22h14.27.060,VisualArraysMentalRotation_v4,2021.1.4,Win32,60.97560976,679054f2072d526265aabff2,67906277230174ea4544947c,,,,,,,,,,,,,,,,,,,,,,,,,,,,,,,,,,,,,,,,,,,,,,,,,,,,,,,,,,,,,,Stimuli/44_0_R.jpg,Different,0,n,n,1,5.6578,74,0,74,0,1,,,,,
,,,,,,,,663a80393a72dac091c817b5,2025-01-21_22h14.27.060,VisualArraysMentalRotation_v4,2021.1.4,Win32,60.97560976,679054f2072d526265aabff2,67906277230174ea4544947c,,,,,,,,,,,,,,,,,,,,,,,,,,,,,,,,,,,,,,,,,,,,,,,,,,,,,,,,,,,,,,Stimuli/22_100_R.jpg,Different,100,n,n,1,1.8066,75,0,75,0,1,,,,,
,,,,,,,,663a80393a72dac091c817b5,2025-01-21_22h14.27.060,VisualArraysMentalRotation_v4,2021.1.4,Win32,60.97560976,679054f2072d526265aabff2,67906277230174ea4544947c,,,,,,,,,,,,,,,,,,,,,,,,,,,,,,,,,,,,,,,,,,,,,,,,,,,,,,,,,,,,,,Stimuli/43_150_R.jpg,Different,150,n,n,1,1.8586,76,0,76,0,1,,,,,
,,,,,,,,663a80393a72dac091c817b5,2025-01-21_22h14.27.060,VisualArraysMentalRotation_v4,2021.1.4,Win32,60.97560976,679054f2072d526265aabff2,67906277230174ea4544947c,,,,,,,,,,,,,,,,,,,,,,,,,,,,,,,,,,,,,,,,,,,,,,,,,,,,,,,,,,,,,,Stimuli/22_50.jpg,Same,50,b,b,1,1.5854,77,0,77,0,1,,,,,
,,,,,,,,663a80393a72dac091c817b5,2025-01-21_22h14.27.060,VisualArraysMentalRotation_v4,2021.1.4,Win32,60.97560976,679054f2072d526265aabff2,67906277230174ea4544947c,,,,,,,,,,,,,,,,,,,,,,,,,,,,,,,,,,,,,,,,,,,,,,,,,,,,,,,,,,,,,,Stimuli/27_100.jpg,Same,100,b,b,1,2.0767,78,0,78,0,1,,,,,
,,,,,,,,663a80393a72dac091c817b5,2025-01-21_22h14.27.060,VisualArraysMentalRotation_v4,2021.1.4,Win32,60.97560976,679054f2072d526265aabff2,67906277230174ea4544947c,,,,,,,,,,,,,,,,,,,,,,,,,,,,,,,,,,,,,,,,,,,,,,,,,,,,,,,,,,,,,,Stimuli/44_150_R.jpg,Different,150,n,n,1,4.1148,79,0,79,0,1,,,,,
,,,,,,,,663a80393a72dac091c817b5,2025-01-21_22h14.27.060,VisualArraysMentalRotation_v4,2021.1.4,Win32,60.97560976,679054f2072d526265aabff2,67906277230174ea4544947c,,,,,,,,,,,,,,,,,,,,,,,,,,,,,,,,,,,,,,,,,,,,,,,,,,,,,,,,,,,,,,Stimuli/21_100_R.jpg,Different,100,n,n,1,1.4519,80,0,80,0,1,,,,,
,,,,,,,,663a80393a72dac091c817b5,2025-01-21_22h14.27.060,VisualArraysMentalRotation_v4,2021.1.4,Win32,60.97560976,679054f2072d526265aabff2,67906277230174ea4544947c,,,,,,,,,,,,,,,,,,,,,,,,,,,,,,,,,,,,,,,,,,,,,,,,,,,,,,,,,,,,,,Stimuli/3_50_R.jpg,Different,50,n,n,1,3.2718,81,0,81,0,1,,,,,
,,,,,,,,663a80393a72dac091c817b5,2025-01-21_22h14.27.060,VisualArraysMentalRotation_v4,2021.1.4,Win32,60.97560976,679054f2072d526265aabff2,67906277230174ea4544947c,,,,,,,,,,,,,,,,,,,,,,,,,,,,,,,,,,,,,,,,,,,,,,,,,,,,,,,,,,,,,,Stimuli/28_0.jpg,Same,0,b,b,1,1.0213,82,0,82,0,1,,,,,
,,,,,,,,663a80393a72dac091c817b5,2025-01-21_22h14.27.060,VisualArraysMentalRotation_v4,2021.1.4,Win32,60.97560976,679054f2072d526265aabff2,67906277230174ea4544947c,,,,,,,,,,,,,,,,,,,,,,,,,,,,,,,,,,,,,,,,,,,,,,,,,,,,,,,,,,,,,,Stimuli/43_100.jpg,Same,100,b,b,1,2.7749,83,0,83,0,1,,,,,
,,,,,,,,663a80393a72dac091c817b5,2025-01-21_22h14.27.060,VisualArraysMentalRotation_v4,2021.1.4,Win32,60.97560976,679054f2072d526265aabff2,67906277230174ea4544947c,,,,,,,,,,,,,,,,,,,,,,,,,,,,,,,,,,,,,,,,,,,,,,,,,,,,,,,,,,,,,,Stimuli/38_0_R.jpg,Different,0,n,n,1,1.5271,84,0,84,0,1,,,,,
,,,,,,,,663a80393a72dac091c817b5,2025-01-21_22h14.27.060,VisualArraysMentalRotation_v4,2021.1.4,Win32,60.97560976,679054f2072d526265aabff2,67906277230174ea4544947c,,,,,,,,,,,,,,,,,,,,,,,,,,,,,,,,,,,,,,,,,,,,,,,,,,,,,,,,,,,,,,Stimuli/3_100.jpg,Same,100,b,b,1,2.4318,85,0,85,0,1,,,,,
,,,,,,,,663a80393a72dac091c817b5,2025-01-21_22h14.27.060,VisualArraysMentalRotation_v4,2021.1.4,Win32,60.97560976,679054f2072d526265aabff2,67906277230174ea4544947c,,,,,,,,,,,,,,,,,,,,,,,,,,,,,,,,,,,,,,,,,,,,,,,,,,,,,,,,,,,,,,Stimuli/22_150.jpg,Same,150,b,b,1,2.6108,86,0,86,0,1,,,,,
,,,,,,,,663a80393a72dac091c817b5,2025-01-21_22h14.27.060,VisualArraysMentalRotation_v4,2021.1.4,Win32,60.97560976,679054f2072d526265aabff2,67906277230174ea4544947c,,,,,,,,,,,,,,,,,,,,,,,,,,,,,,,,,,,,,,,,,,,,,,,,,,,,,,,,,,,,,,Stimuli/19_100_R.jpg,Different,100,n,b,0,1.9249,87,0,87,0,1,,,,,
,,,,,,,,663a80393a72dac091c817b5,2025-01-21_22h14.27.060,VisualArraysMentalRotation_v4,2021.1.4,Win32,60.97560976,679054f2072d526265aabff2,67906277230174ea4544947c,,,,,,,,,,,,,,,,,,,,,,,,,,,,,,,,,,,,,,,,,,,,,,,,,,,,,,,,,,,,,,Stimuli/38_0.jpg,Same,0,b,b,1,2.3666,88,0,88,0,1,,,,,
,,,,,,,,663a80393a72dac091c817b5,2025-01-21_22h14.27.060,VisualArraysMentalRotation_v4,2021.1.4,Win32,60.97560976,679054f2072d526265aabff2,67906277230174ea4544947c,,,,,,,,,,,,,,,,,,,,,,,,,,,,,,,,,,,,,,,,,,,,,,,,,,,,,,,,,,,,,,Stimuli/44_50_R.jpg,Different,50,n,n,1,1.3239,89,0,89,0,1,,,,,
,,,,,,,,663a80393a72dac091c817b5,2025-01-21_22h14.27.060,VisualArraysMentalRotation_v4,2021.1.4,Win32,60.97560976,679054f2072d526265aabff2,67906277230174ea4544947c,,,,,,,,,,,,,,,,,,,,,,,,,,,,,,,,,,,,,,,,,,,,,,,,,,,,,,,,,,,,,,Stimuli/19_150_R.jpg,Different,150,n,b,0,2.2245,90,0,90,0,1,,,,,
,,,,,,,,663a80393a72dac091c817b5,2025-01-21_22h14.27.060,VisualArraysMentalRotation_v4,2021.1.4,Win32,60.97560976,679054f2072d526265aabff2,67906277230174ea4544947c,,,,,,,,,,,,,,,,,,,,,,,,,,,,,,,,,,,,,,,,,,,,,,,,,,,,,,,,,,,,,,Stimuli/27_150.jpg,Same,150,b,b,1,3.0875,91,0,91,0,1,,,,,
,,,,,,,,663a80393a72dac091c817b5,2025-01-21_22h14.27.060,VisualArraysMentalRotation_v4,2021.1.4,Win32,60.97560976,679054f2072d526265aabff2,67906277230174ea4544947c,,,,,,,,,,,,,,,,,,,,,,,,,,,,,,,,,,,,,,,,,,,,,,,,,,,,,,,,,,,,,,Stimuli/19_0_R.jpg,Different,0,n,n,1,1.3177,92,0,92,0,1,,,,,
,,,,,,,,663a80393a72dac091c817b5,2025-01-21_22h14.27.060,VisualArraysMentalRotation_v4,2021.1.4,Win32,60.97560976,679054f2072d526265aabff2,67906277230174ea4544947c,,,,,,,,,,,,,,,,,,,,,,,,,,,,,,,,,,,,,,,,,,,,,,,,,,,,,,,,,,,,,,Stimuli/16_50.jpg,Same,50,b,b,1,1.2151,93,0,93,0,1,,,,,
,,,,,,,,663a80393a72dac091c817b5,2025-01-21_22h14.27.060,VisualArraysMentalRotation_v4,2021.1.4,Win32,60.97560976,679054f2072d526265aabff2,67906277230174ea4544947c,,,,,,,,,,,,,,,,,,,,,,,,,,,,,,,,,,,,,,,,,,,,,,,,,,,,,,,,,,,,,,Stimuli/27_100_R.jpg,Different,100,n,n,1,2.8038,94,0,94,0,1,,,,,
,,,,,,,,663a80393a72dac091c817b5,2025-01-21_22h14.27.060,VisualArraysMentalRotation_v4,2021.1.4,Win32,60.97560976,679054f2072d526265aabff2,67906277230174ea4544947c,,,,,,,,,,,,,,,,,,,,,,,,,,,,,,,,,,,,,,,,,,,,,,,,,,,,,,,,,,,,,,Stimuli/21_150.jpg,Same,150,b,b,1,1.9746,95,0,95,0,1,,,,,
,,,,,,,,663a80393a72dac091c817b5,2025-01-21_22h14.27.060,VisualArraysMentalRotation_v4,2021.1.4,Win32,60.97560976,679054f2072d526265aabff2,67906277230174ea4544947c,,,,,,,,,,,,,,,,,,,,,,,,,,,,,,,,,,,,,,,,,,,,,,,,,,,,,,,,,,,,,,,,,,,,,,,,,,0,0,0,0,1
,,,,,,,,663a80393a72dac091c817b5,2025-01-21_22h14.27.060,VisualArraysMentalRotation_v4,2021.1.4,Win32,60.97560976,679054f2072d526265aabff2,67906277230174ea4544947c,,,,,,,,,,,,,,,,,,,,,,,,,,,,,,,,,,,,,,0,1,1,1,1,0,1,,,,,,,,,,,,,,,,,,,,,,,,,,,,,,,,,,
