TaskOrder,consent_final_key_resp.keys,consent_final_key_resp.rt,MRTPracResponse.keys,MRTPracResponse.corr,MRTPracResponse.rt,MRTPracticeTrials.thisRepN,MRTPracticeTrials.thisTrialN,MRTPracticeTrials.thisN,MRTPracticeTrials.thisIndex,MRTPracticeTrials.ran,PracStimulus,PracDegRotation,PracType,MRTPracCorrectAns,PROLIFIC_PID,date,expName,psychopyVersion,OS,frameRate,STUDY_ID,SESSION_ID,MRTStimulus,MRTType,MRTDegRotation,MRTCorrectAns,MRTTestResponse.keys,MRTTestResponse.corr,MRTTestResponse.rt,MRTTestTrials.thisRepN,MRTTestTrials.thisTrialN,MRTTestTrials.thisN,MRTTestTrials.thisIndex,MRTTestTrials.ran,MRT_Task.thisRepN,MRT_Task.thisTrialN,MRT_Task.thisN,MRT_Task.thisIndex,MRT_Task.ran,TasksLoop.thisRepN,TasksLoop.thisTrialN,TasksLoop.thisN,TasksLoop.thisIndex,TasksLoop.ran,nRepsVA,nRepsMRT,VA_InstructionsLoop.thisRepN,VA_InstructionsLoop.thisTrialN,VA_InstructionsLoop.thisN,VA_InstructionsLoop.thisIndex,VA_InstructionsLoop.ran,Red Orientations,Blue Orientations,VA_array_dur,Target Rectangle,New Red Orientations,New Blue Orientations,VA_PracResponse.keys,VA_PracResponse.corr,VA_PracResponse.rt,PracTrials.thisRepN,PracTrials.thisTrialN,PracTrials.thisN,PracTrials.thisIndex,PracTrials.ran,VA_Target,VA_TargetNumber,VA_Orientation,VA_Answer,VA_DelayDur,VA_PracTrialsSpeed.thisRepN,VA_PracTrialsSpeed.thisTrialN,VA_PracTrialsSpeed.thisN,VA_PracTrialsSpeed.thisIndex,VA_PracTrialsSpeed.ran,VA_TestResponse.keys,VA_TestResponse.corr,VA_TestResponse.rt,VA_TestTrials.thisRepN,VA_TestTrials.thisTrialN,VA_TestTrials.thisN,VA_TestTrials.thisIndex,VA_TestTrials.ran,VA_Task.thisRepN,VA_Task.thisTrialN,VA_Task.thisN,VA_Task.thisIndex,VA_Task.ran
2,y,3.192,n,1,2.235,0,0,0,1,1,PracticeStim/9_100_R.jpg,100,Different,n,664f98c80beb5400a141ac91,2025-01-21_20h02.42.192,VisualArraysMentalRotation_v4,2021.1.4,MacIntel,58.82352941,679054f2072d526265aabff2,67906cd985ca9bd1651b2174,,,,,,,,,,,,,,,,,,,,,,,,,,,,,,,,,,,,,,,,,,,,,,,,,,,,,,,,,,,,,,,,,,
,,,n,1,3.809,0,1,1,8,1,PracticeStim/33_50_R.jpg,50,Different,n,664f98c80beb5400a141ac91,2025-01-21_20h02.42.192,VisualArraysMentalRotation_v4,2021.1.4,MacIntel,58.82352941,679054f2072d526265aabff2,67906cd985ca9bd1651b2174,,,,,,,,,,,,,,,,,,,,,,,,,,,,,,,,,,,,,,,,,,,,,,,,,,,,,,,,,,,,,,,,,,
,,,b,1,2.336,0,2,2,11,1,PracticeStim/42_50.jpg,50,Same,b,664f98c80beb5400a141ac91,2025-01-21_20h02.42.192,VisualArraysMentalRotation_v4,2021.1.4,MacIntel,58.82352941,679054f2072d526265aabff2,67906cd985ca9bd1651b2174,,,,,,,,,,,,,,,,,,,,,,,,,,,,,,,,,,,,,,,,,,,,,,,,,,,,,,,,,,,,,,,,,,
,,,n,0,2.903,0,3,3,4,1,PracticeStim/25_150.jpg,150,Same,b,664f98c80beb5400a141ac91,2025-01-21_20h02.42.192,VisualArraysMentalRotation_v4,2021.1.4,MacIntel,58.82352941,679054f2072d526265aabff2,67906cd985ca9bd1651b2174,,,,,,,,,,,,,,,,,,,,,,,,,,,,,,,,,,,,,,,,,,,,,,,,,,,,,,,,,,,,,,,,,,
,,,b,1,2.271,0,4,4,5,1,PracticeStim/26_150.jpg,150,Same,b,664f98c80beb5400a141ac91,2025-01-21_20h02.42.192,VisualArraysMentalRotation_v4,2021.1.4,MacIntel,58.82352941,679054f2072d526265aabff2,67906cd985ca9bd1651b2174,,,,,,,,,,,,,,,,,,,,,,,,,,,,,,,,,,,,,,,,,,,,,,,,,,,,,,,,,,,,,,,,,,
,,,b,1,1.177,0,5,5,2,1,PracticeStim/17_50.jpg,50,Same,b,664f98c80beb5400a141ac91,2025-01-21_20h02.42.192,VisualArraysMentalRotation_v4,2021.1.4,MacIntel,58.82352941,679054f2072d526265aabff2,67906cd985ca9bd1651b2174,,,,,,,,,,,,,,,,,,,,,,,,,,,,,,,,,,,,,,,,,,,,,,,,,,,,,,,,,,,,,,,,,,
,,,b,0,0.9,0,6,6,6,1,PracticeStim/30_100_R.jpg,100,Different,n,664f98c80beb5400a141ac91,2025-01-21_20h02.42.192,VisualArraysMentalRotation_v4,2021.1.4,MacIntel,58.82352941,679054f2072d526265aabff2,67906cd985ca9bd1651b2174,,,,,,,,,,,,,,,,,,,,,,,,,,,,,,,,,,,,,,,,,,,,,,,,,,,,,,,,,,,,,,,,,,
,,,b,1,2.053,0,7,7,10,1,PracticeStim/41_150.jpg,150,Same,b,664f98c80beb5400a141ac91,2025-01-21_20h02.42.192,VisualArraysMentalRotation_v4,2021.1.4,MacIntel,58.82352941,679054f2072d526265aabff2,67906cd985ca9bd1651b2174,,,,,,,,,,,,,,,,,,,,,,,,,,,,,,,,,,,,,,,,,,,,,,,,,,,,,,,,,,,,,,,,,,
,,,b,1,1.088,0,8,8,3,1,PracticeStim/18_150.jpg,150,Same,b,664f98c80beb5400a141ac91,2025-01-21_20h02.42.192,VisualArraysMentalRotation_v4,2021.1.4,MacIntel,58.82352941,679054f2072d526265aabff2,67906cd985ca9bd1651b2174,,,,,,,,,,,,,,,,,,,,,,,,,,,,,,,,,,,,,,,,,,,,,,,,,,,,,,,,,,,,,,,,,,
,,,n,1,1.02,0,9,9,7,1,PracticeStim/31_50_R.jpg,50,Different,n,664f98c80beb5400a141ac91,2025-01-21_20h02.42.192,VisualArraysMentalRotation_v4,2021.1.4,MacIntel,58.82352941,679054f2072d526265aabff2,67906cd985ca9bd1651b2174,,,,,,,,,,,,,,,,,,,,,,,,,,,,,,,,,,,,,,,,,,,,,,,,,,,,,,,,,,,,,,,,,,
,,,n,1,1.252,0,10,10,0,1,PracticeStim/7_100_R.jpg,100,Different,n,664f98c80beb5400a141ac91,2025-01-21_20h02.42.192,VisualArraysMentalRotation_v4,2021.1.4,MacIntel,58.82352941,679054f2072d526265aabff2,67906cd985ca9bd1651b2174,,,,,,,,,,,,,,,,,,,,,,,,,,,,,,,,,,,,,,,,,,,,,,,,,,,,,,,,,,,,,,,,,,
,,,n,1,2.772,0,11,11,9,1,PracticeStim/36_100_R.jpg,100,Different,n,664f98c80beb5400a141ac91,2025-01-21_20h02.42.192,VisualArraysMentalRotation_v4,2021.1.4,MacIntel,58.82352941,679054f2072d526265aabff2,67906cd985ca9bd1651b2174,,,,,,,,,,,,,,,,,,,,,,,,,,,,,,,,,,,,,,,,,,,,,,,,,,,,,,,,,,,,,,,,,,
,,,,,,,,,,,,,,,664f98c80beb5400a141ac91,2025-01-21_20h02.42.192,VisualArraysMentalRotation_v4,2021.1.4,MacIntel,58.82352941,679054f2072d526265aabff2,67906cd985ca9bd1651b2174,Stimuli/44_50.jpg,Same,50,b,n,0,1.153,0,0,0,0,1,,,,,,,,,,,,,,,,,,,,,,,,,,,,,,,,,,,,,,,,,,,,,,,,,,,,,,
,,,,,,,,,,,,,,,664f98c80beb5400a141ac91,2025-01-21_20h02.42.192,VisualArraysMentalRotation_v4,2021.1.4,MacIntel,58.82352941,679054f2072d526265aabff2,67906cd985ca9bd1651b2174,Stimuli/44_100.jpg,Same,100,b,n,0,1.975,1,0,1,0,1,,,,,,,,,,,,,,,,,,,,,,,,,,,,,,,,,,,,,,,,,,,,,,,,,,,,,,
,,,,,,,,,,,,,,,664f98c80beb5400a141ac91,2025-01-21_20h02.42.192,VisualArraysMentalRotation_v4,2021.1.4,MacIntel,58.82352941,679054f2072d526265aabff2,67906cd985ca9bd1651b2174,Stimuli/3_0_R.jpg,Different,0,n,b,0,0.887,2,0,2,0,1,,,,,,,,,,,,,,,,,,,,,,,,,,,,,,,,,,,,,,,,,,,,,,,,,,,,,,
,,,,,,,,,,,,,,,664f98c80beb5400a141ac91,2025-01-21_20h02.42.192,VisualArraysMentalRotation_v4,2021.1.4,MacIntel,58.82352941,679054f2072d526265aabff2,67906cd985ca9bd1651b2174,Stimuli/21_0_R.jpg,Different,0,n,b,0,1.286,3,0,3,0,1,,,,,,,,,,,,,,,,,,,,,,,,,,,,,,,,,,,,,,,,,,,,,,,,,,,,,,
,,,,,,,,,,,,,,,664f98c80beb5400a141ac91,2025-01-21_20h02.42.192,VisualArraysMentalRotation_v4,2021.1.4,MacIntel,58.82352941,679054f2072d526265aabff2,67906cd985ca9bd1651b2174,Stimuli/22_50_R.jpg,Different,50,n,b,0,2.521,4,0,4,0,1,,,,,,,,,,,,,,,,,,,,,,,,,,,,,,,,,,,,,,,,,,,,,,,,,,,,,,
,,,,,,,,,,,,,,,664f98c80beb5400a141ac91,2025-01-21_20h02.42.192,VisualArraysMentalRotation_v4,2021.1.4,MacIntel,58.82352941,679054f2072d526265aabff2,67906cd985ca9bd1651b2174,Stimuli/19_100.jpg,Same,100,b,n,0,2.271,5,0,5,0,1,,,,,,,,,,,,,,,,,,,,,,,,,,,,,,,,,,,,,,,,,,,,,,,,,,,,,,
,,,,,,,,,,,,,,,664f98c80beb5400a141ac91,2025-01-21_20h02.42.192,VisualArraysMentalRotation_v4,2021.1.4,MacIntel,58.82352941,679054f2072d526265aabff2,67906cd985ca9bd1651b2174,Stimuli/38_150_R.jpg,Different,150,n,n,1,2.586,6,0,6,0,1,,,,,,,,,,,,,,,,,,,,,,,,,,,,,,,,,,,,,,,,,,,,,,,,,,,,,,
,,,,,,,,,,,,,,,664f98c80beb5400a141ac91,2025-01-21_20h02.42.192,VisualArraysMentalRotation_v4,2021.1.4,MacIntel,58.82352941,679054f2072d526265aabff2,67906cd985ca9bd1651b2174,Stimuli/43_0.jpg,Same,0,b,b,1,0.969,7,0,7,0,1,,,,,,,,,,,,,,,,,,,,,,,,,,,,,,,,,,,,,,,,,,,,,,,,,,,,,,
,,,,,,,,,,,,,,,664f98c80beb5400a141ac91,2025-01-21_20h02.42.192,VisualArraysMentalRotation_v4,2021.1.4,MacIntel,58.82352941,679054f2072d526265aabff2,67906cd985ca9bd1651b2174,Stimuli/3_100_R.jpg,Different,100,n,b,0,2.872,8,0,8,0,1,,,,,,,,,,,,,,,,,,,,,,,,,,,,,,,,,,,,,,,,,,,,,,,,,,,,,,
,,,,,,,,,,,,,,,664f98c80beb5400a141ac91,2025-01-21_20h02.42.192,VisualArraysMentalRotation_v4,2021.1.4,MacIntel,58.82352941,679054f2072d526265aabff2,67906cd985ca9bd1651b2174,Stimuli/19_0.jpg,Same,0,b,b,1,0.97,9,0,9,0,1,,,,,,,,,,,,,,,,,,,,,,,,,,,,,,,,,,,,,,,,,,,,,,,,,,,,,,
,,,,,,,,,,,,,,,664f98c80beb5400a141ac91,2025-01-21_20h02.42.192,VisualArraysMentalRotation_v4,2021.1.4,MacIntel,58.82352941,679054f2072d526265aabff2,67906cd985ca9bd1651b2174,Stimuli/21_150_R.jpg,Different,150,n,n,1,1.326,10,0,10,0,1,,,,,,,,,,,,,,,,,,,,,,,,,,,,,,,,,,,,,,,,,,,,,,,,,,,,,,
,,,,,,,,,,,,,,,664f98c80beb5400a141ac91,2025-01-21_20h02.42.192,VisualArraysMentalRotation_v4,2021.1.4,MacIntel,58.82352941,679054f2072d526265aabff2,67906cd985ca9bd1651b2174,Stimuli/19_50.jpg,Same,50,b,b,1,1.589,11,0,11,0,1,,,,,,,,,,,,,,,,,,,,,,,,,,,,,,,,,,,,,,,,,,,,,,,,,,,,,,
,,,,,,,,,,,,,,,664f98c80beb5400a141ac91,2025-01-21_20h02.42.192,VisualArraysMentalRotation_v4,2021.1.4,MacIntel,58.82352941,679054f2072d526265aabff2,67906cd985ca9bd1651b2174,Stimuli/32_0_R.jpg,Different,0,n,n,1,1.221,12,0,12,0,1,,,,,,,,,,,,,,,,,,,,,,,,,,,,,,,,,,,,,,,,,,,,,,,,,,,,,,
,,,,,,,,,,,,,,,664f98c80beb5400a141ac91,2025-01-21_20h02.42.192,VisualArraysMentalRotation_v4,2021.1.4,MacIntel,58.82352941,679054f2072d526265aabff2,67906cd985ca9bd1651b2174,Stimuli/21_100_R.jpg,Different,100,n,n,1,1.803,13,0,13,0,1,,,,,,,,,,,,,,,,,,,,,,,,,,,,,,,,,,,,,,,,,,,,,,,,,,,,,,
,,,,,,,,,,,,,,,664f98c80beb5400a141ac91,2025-01-21_20h02.42.192,VisualArraysMentalRotation_v4,2021.1.4,MacIntel,58.82352941,679054f2072d526265aabff2,67906cd985ca9bd1651b2174,Stimuli/32_100.jpg,Same,100,b,b,1,2.021,14,0,14,0,1,,,,,,,,,,,,,,,,,,,,,,,,,,,,,,,,,,,,,,,,,,,,,,,,,,,,,,
,,,,,,,,,,,,,,,664f98c80beb5400a141ac91,2025-01-21_20h02.42.192,VisualArraysMentalRotation_v4,2021.1.4,MacIntel,58.82352941,679054f2072d526265aabff2,67906cd985ca9bd1651b2174,Stimuli/38_50.jpg,Same,50,b,b,1,1.724,15,0,15,0,1,,,,,,,,,,,,,,,,,,,,,,,,,,,,,,,,,,,,,,,,,,,,,,,,,,,,,,
,,,,,,,,,,,,,,,664f98c80beb5400a141ac91,2025-01-21_20h02.42.192,VisualArraysMentalRotation_v4,2021.1.4,MacIntel,58.82352941,679054f2072d526265aabff2,67906cd985ca9bd1651b2174,Stimuli/32_150_R.jpg,Different,150,n,b,0,1.37,16,0,16,0,1,,,,,,,,,,,,,,,,,,,,,,,,,,,,,,,,,,,,,,,,,,,,,,,,,,,,,,
,,,,,,,,,,,,,,,664f98c80beb5400a141ac91,2025-01-21_20h02.42.192,VisualArraysMentalRotation_v4,2021.1.4,MacIntel,58.82352941,679054f2072d526265aabff2,67906cd985ca9bd1651b2174,Stimuli/16_0.jpg,Same,0,b,b,1,0.939,17,0,17,0,1,,,,,,,,,,,,,,,,,,,,,,,,,,,,,,,,,,,,,,,,,,,,,,,,,,,,,,
,,,,,,,,,,,,,,,664f98c80beb5400a141ac91,2025-01-21_20h02.42.192,VisualArraysMentalRotation_v4,2021.1.4,MacIntel,58.82352941,679054f2072d526265aabff2,67906cd985ca9bd1651b2174,Stimuli/28_100.jpg,Same,100,b,b,1,2.087,18,0,18,0,1,,,,,,,,,,,,,,,,,,,,,,,,,,,,,,,,,,,,,,,,,,,,,,,,,,,,,,
,,,,,,,,,,,,,,,664f98c80beb5400a141ac91,2025-01-21_20h02.42.192,VisualArraysMentalRotation_v4,2021.1.4,MacIntel,58.82352941,679054f2072d526265aabff2,67906cd985ca9bd1651b2174,Stimuli/38_0_R.jpg,Different,0,n,n,1,4.002,19,0,19,0,1,,,,,,,,,,,,,,,,,,,,,,,,,,,,,,,,,,,,,,,,,,,,,,,,,,,,,,
,,,,,,,,,,,,,,,664f98c80beb5400a141ac91,2025-01-21_20h02.42.192,VisualArraysMentalRotation_v4,2021.1.4,MacIntel,58.82352941,679054f2072d526265aabff2,67906cd985ca9bd1651b2174,Stimuli/28_0.jpg,Same,0,b,b,1,1.57,20,0,20,0,1,,,,,,,,,,,,,,,,,,,,,,,,,,,,,,,,,,,,,,,,,,,,,,,,,,,,,,
,,,,,,,,,,,,,,,664f98c80beb5400a141ac91,2025-01-21_20h02.42.192,VisualArraysMentalRotation_v4,2021.1.4,MacIntel,58.82352941,679054f2072d526265aabff2,67906cd985ca9bd1651b2174,Stimuli/27_150.jpg,Same,150,b,n,0,1.838,21,0,21,0,1,,,,,,,,,,,,,,,,,,,,,,,,,,,,,,,,,,,,,,,,,,,,,,,,,,,,,,
,,,,,,,,,,,,,,,664f98c80beb5400a141ac91,2025-01-21_20h02.42.192,VisualArraysMentalRotation_v4,2021.1.4,MacIntel,58.82352941,679054f2072d526265aabff2,67906cd985ca9bd1651b2174,Stimuli/3_50_R.jpg,Different,50,n,b,0,2.187,22,0,22,0,1,,,,,,,,,,,,,,,,,,,,,,,,,,,,,,,,,,,,,,,,,,,,,,,,,,,,,,
,,,,,,,,,,,,,,,664f98c80beb5400a141ac91,2025-01-21_20h02.42.192,VisualArraysMentalRotation_v4,2021.1.4,MacIntel,58.82352941,679054f2072d526265aabff2,67906cd985ca9bd1651b2174,Stimuli/43_50_R.jpg,Different,50,n,b,0,3.376,23,0,23,0,1,,,,,,,,,,,,,,,,,,,,,,,,,,,,,,,,,,,,,,,,,,,,,,,,,,,,,,
,,,,,,,,,,,,,,,664f98c80beb5400a141ac91,2025-01-21_20h02.42.192,VisualArraysMentalRotation_v4,2021.1.4,MacIntel,58.82352941,679054f2072d526265aabff2,67906cd985ca9bd1651b2174,Stimuli/40_0_R.jpg,Different,0,n,n,1,3.822,24,0,24,0,1,,,,,,,,,,,,,,,,,,,,,,,,,,,,,,,,,,,,,,,,,,,,,,,,,,,,,,
,,,,,,,,,,,,,,,664f98c80beb5400a141ac91,2025-01-21_20h02.42.192,VisualArraysMentalRotation_v4,2021.1.4,MacIntel,58.82352941,679054f2072d526265aabff2,67906cd985ca9bd1651b2174,Stimuli/3_100.jpg,Same,100,b,b,1,2.26,25,0,25,0,1,,,,,,,,,,,,,,,,,,,,,,,,,,,,,,,,,,,,,,,,,,,,,,,,,,,,,,
,,,,,,,,,,,,,,,664f98c80beb5400a141ac91,2025-01-21_20h02.42.192,VisualArraysMentalRotation_v4,2021.1.4,MacIntel,58.82352941,679054f2072d526265aabff2,67906cd985ca9bd1651b2174,Stimuli/19_0_R.jpg,Different,0,n,n,1,2.74,26,0,26,0,1,,,,,,,,,,,,,,,,,,,,,,,,,,,,,,,,,,,,,,,,,,,,,,,,,,,,,,
,,,,,,,,,,,,,,,664f98c80beb5400a141ac91,2025-01-21_20h02.42.192,VisualArraysMentalRotation_v4,2021.1.4,MacIntel,58.82352941,679054f2072d526265aabff2,67906cd985ca9bd1651b2174,Stimuli/16_100.jpg,Same,100,b,b,1,2.253,27,0,27,0,1,,,,,,,,,,,,,,,,,,,,,,,,,,,,,,,,,,,,,,,,,,,,,,,,,,,,,,
,,,,,,,,,,,,,,,664f98c80beb5400a141ac91,2025-01-21_20h02.42.192,VisualArraysMentalRotation_v4,2021.1.4,MacIntel,58.82352941,679054f2072d526265aabff2,67906cd985ca9bd1651b2174,Stimuli/27_0.jpg,Same,0,b,b,1,1.918,28,0,28,0,1,,,,,,,,,,,,,,,,,,,,,,,,,,,,,,,,,,,,,,,,,,,,,,,,,,,,,,
,,,,,,,,,,,,,,,664f98c80beb5400a141ac91,2025-01-21_20h02.42.192,VisualArraysMentalRotation_v4,2021.1.4,MacIntel,58.82352941,679054f2072d526265aabff2,67906cd985ca9bd1651b2174,Stimuli/28_150.jpg,Same,150,b,b,1,1.836,29,0,29,0,1,,,,,,,,,,,,,,,,,,,,,,,,,,,,,,,,,,,,,,,,,,,,,,,,,,,,,,
,,,,,,,,,,,,,,,664f98c80beb5400a141ac91,2025-01-21_20h02.42.192,VisualArraysMentalRotation_v4,2021.1.4,MacIntel,58.82352941,679054f2072d526265aabff2,67906cd985ca9bd1651b2174,Stimuli/19_50_R.jpg,Different,50,n,n,1,1.885,30,0,30,0,1,,,,,,,,,,,,,,,,,,,,,,,,,,,,,,,,,,,,,,,,,,,,,,,,,,,,,,
,,,,,,,,,,,,,,,664f98c80beb5400a141ac91,2025-01-21_20h02.42.192,VisualArraysMentalRotation_v4,2021.1.4,MacIntel,58.82352941,679054f2072d526265aabff2,67906cd985ca9bd1651b2174,Stimuli/32_100_R.jpg,Different,100,n,n,1,2.037,31,0,31,0,1,,,,,,,,,,,,,,,,,,,,,,,,,,,,,,,,,,,,,,,,,,,,,,,,,,,,,,
,,,,,,,,,,,,,,,664f98c80beb5400a141ac91,2025-01-21_20h02.42.192,VisualArraysMentalRotation_v4,2021.1.4,MacIntel,58.82352941,679054f2072d526265aabff2,67906cd985ca9bd1651b2174,Stimuli/22_0.jpg,Same,0,b,b,1,1.936,32,0,32,0,1,,,,,,,,,,,,,,,,,,,,,,,,,,,,,,,,,,,,,,,,,,,,,,,,,,,,,,
,,,,,,,,,,,,,,,664f98c80beb5400a141ac91,2025-01-21_20h02.42.192,VisualArraysMentalRotation_v4,2021.1.4,MacIntel,58.82352941,679054f2072d526265aabff2,67906cd985ca9bd1651b2174,Stimuli/43_100_R.jpg,Different,100,n,b,0,3.006,33,0,33,0,1,,,,,,,,,,,,,,,,,,,,,,,,,,,,,,,,,,,,,,,,,,,,,,,,,,,,,,
,,,,,,,,,,,,,,,664f98c80beb5400a141ac91,2025-01-21_20h02.42.192,VisualArraysMentalRotation_v4,2021.1.4,MacIntel,58.82352941,679054f2072d526265aabff2,67906cd985ca9bd1651b2174,Stimuli/28_50.jpg,Same,50,b,b,1,3.642,34,0,34,0,1,,,,,,,,,,,,,,,,,,,,,,,,,,,,,,,,,,,,,,,,,,,,,,,,,,,,,,
,,,,,,,,,,,,,,,664f98c80beb5400a141ac91,2025-01-21_20h02.42.192,VisualArraysMentalRotation_v4,2021.1.4,MacIntel,58.82352941,679054f2072d526265aabff2,67906cd985ca9bd1651b2174,Stimuli/40_150.jpg,Same,150,b,b,1,4.309,35,0,35,0,1,,,,,,,,,,,,,,,,,,,,,,,,,,,,,,,,,,,,,,,,,,,,,,,,,,,,,,
,,,,,,,,,,,,,,,664f98c80beb5400a141ac91,2025-01-21_20h02.42.192,VisualArraysMentalRotation_v4,2021.1.4,MacIntel,58.82352941,679054f2072d526265aabff2,67906cd985ca9bd1651b2174,Stimuli/32_150.jpg,Same,150,b,b,1,4.79,36,0,36,0,1,,,,,,,,,,,,,,,,,,,,,,,,,,,,,,,,,,,,,,,,,,,,,,,,,,,,,,
,,,,,,,,,,,,,,,664f98c80beb5400a141ac91,2025-01-21_20h02.42.192,VisualArraysMentalRotation_v4,2021.1.4,MacIntel,58.82352941,679054f2072d526265aabff2,67906cd985ca9bd1651b2174,Stimuli/38_100_R.jpg,Different,100,n,n,1,1.642,37,0,37,0,1,,,,,,,,,,,,,,,,,,,,,,,,,,,,,,,,,,,,,,,,,,,,,,,,,,,,,,
,,,,,,,,,,,,,,,664f98c80beb5400a141ac91,2025-01-21_20h02.42.192,VisualArraysMentalRotation_v4,2021.1.4,MacIntel,58.82352941,679054f2072d526265aabff2,67906cd985ca9bd1651b2174,Stimuli/27_50.jpg,Same,50,b,n,0,2.303,38,0,38,0,1,,,,,,,,,,,,,,,,,,,,,,,,,,,,,,,,,,,,,,,,,,,,,,,,,,,,,,
,,,,,,,,,,,,,,,664f98c80beb5400a141ac91,2025-01-21_20h02.42.192,VisualArraysMentalRotation_v4,2021.1.4,MacIntel,58.82352941,679054f2072d526265aabff2,67906cd985ca9bd1651b2174,Stimuli/27_150_R.jpg,Different,150,n,n,1,2.404,39,0,39,0,1,,,,,,,,,,,,,,,,,,,,,,,,,,,,,,,,,,,,,,,,,,,,,,,,,,,,,,
,,,,,,,,,,,,,,,664f98c80beb5400a141ac91,2025-01-21_20h02.42.192,VisualArraysMentalRotation_v4,2021.1.4,MacIntel,58.82352941,679054f2072d526265aabff2,67906cd985ca9bd1651b2174,Stimuli/16_150_R.jpg,Different,150,n,b,0,2.205,40,0,40,0,1,,,,,,,,,,,,,,,,,,,,,,,,,,,,,,,,,,,,,,,,,,,,,,,,,,,,,,
,,,,,,,,,,,,,,,664f98c80beb5400a141ac91,2025-01-21_20h02.42.192,VisualArraysMentalRotation_v4,2021.1.4,MacIntel,58.82352941,679054f2072d526265aabff2,67906cd985ca9bd1651b2174,Stimuli/19_100_R.jpg,Different,100,n,b,0,1.986,41,0,41,0,1,,,,,,,,,,,,,,,,,,,,,,,,,,,,,,,,,,,,,,,,,,,,,,,,,,,,,,
,,,,,,,,,,,,,,,664f98c80beb5400a141ac91,2025-01-21_20h02.42.192,VisualArraysMentalRotation_v4,2021.1.4,MacIntel,58.82352941,679054f2072d526265aabff2,67906cd985ca9bd1651b2174,Stimuli/21_50.jpg,Same,50,b,b,1,4.156,42,0,42,0,1,,,,,,,,,,,,,,,,,,,,,,,,,,,,,,,,,,,,,,,,,,,,,,,,,,,,,,
,,,,,,,,,,,,,,,664f98c80beb5400a141ac91,2025-01-21_20h02.42.192,VisualArraysMentalRotation_v4,2021.1.4,MacIntel,58.82352941,679054f2072d526265aabff2,67906cd985ca9bd1651b2174,Stimuli/3_150.jpg,Same,150,b,n,0,2.273,43,0,43,0,1,,,,,,,,,,,,,,,,,,,,,,,,,,,,,,,,,,,,,,,,,,,,,,,,,,,,,,
,,,,,,,,,,,,,,,664f98c80beb5400a141ac91,2025-01-21_20h02.42.192,VisualArraysMentalRotation_v4,2021.1.4,MacIntel,58.82352941,679054f2072d526265aabff2,67906cd985ca9bd1651b2174,Stimuli/32_50_R.jpg,Different,50,n,n,1,2.323,44,0,44,0,1,,,,,,,,,,,,,,,,,,,,,,,,,,,,,,,,,,,,,,,,,,,,,,,,,,,,,,
,,,,,,,,,,,,,,,664f98c80beb5400a141ac91,2025-01-21_20h02.42.192,VisualArraysMentalRotation_v4,2021.1.4,MacIntel,58.82352941,679054f2072d526265aabff2,67906cd985ca9bd1651b2174,Stimuli/19_150_R.jpg,Different,150,n,n,1,1.606,45,0,45,0,1,,,,,,,,,,,,,,,,,,,,,,,,,,,,,,,,,,,,,,,,,,,,,,,,,,,,,,
,,,,,,,,,,,,,,,664f98c80beb5400a141ac91,2025-01-21_20h02.42.192,VisualArraysMentalRotation_v4,2021.1.4,MacIntel,58.82352941,679054f2072d526265aabff2,67906cd985ca9bd1651b2174,Stimuli/44_150.jpg,Same,150,b,n,0,7.069,46,0,46,0,1,,,,,,,,,,,,,,,,,,,,,,,,,,,,,,,,,,,,,,,,,,,,,,,,,,,,,,
,,,,,,,,,,,,,,,664f98c80beb5400a141ac91,2025-01-21_20h02.42.192,VisualArraysMentalRotation_v4,2021.1.4,MacIntel,58.82352941,679054f2072d526265aabff2,67906cd985ca9bd1651b2174,Stimuli/40_50_R.jpg,Different,50,n,n,1,1.72,47,0,47,0,1,,,,,,,,,,,,,,,,,,,,,,,,,,,,,,,,,,,,,,,,,,,,,,,,,,,,,,
,,,,,,,,,,,,,,,664f98c80beb5400a141ac91,2025-01-21_20h02.42.192,VisualArraysMentalRotation_v4,2021.1.4,MacIntel,58.82352941,679054f2072d526265aabff2,67906cd985ca9bd1651b2174,Stimuli/43_0_R.jpg,Different,0,n,n,1,1.653,48,0,48,0,1,,,,,,,,,,,,,,,,,,,,,,,,,,,,,,,,,,,,,,,,,,,,,,,,,,,,,,
,,,,,,,,,,,,,,,664f98c80beb5400a141ac91,2025-01-21_20h02.42.192,VisualArraysMentalRotation_v4,2021.1.4,MacIntel,58.82352941,679054f2072d526265aabff2,67906cd985ca9bd1651b2174,Stimuli/38_50_R.jpg,Different,50,n,n,1,7.053,49,0,49,0,1,,,,,,,,,,,,,,,,,,,,,,,,,,,,,,,,,,,,,,,,,,,,,,,,,,,,,,
,,,,,,,,,,,,,,,664f98c80beb5400a141ac91,2025-01-21_20h02.42.192,VisualArraysMentalRotation_v4,2021.1.4,MacIntel,58.82352941,679054f2072d526265aabff2,67906cd985ca9bd1651b2174,Stimuli/27_50_R.jpg,Different,50,n,n,1,1.641,50,0,50,0,1,,,,,,,,,,,,,,,,,,,,,,,,,,,,,,,,,,,,,,,,,,,,,,,,,,,,,,
,,,,,,,,,,,,,,,664f98c80beb5400a141ac91,2025-01-21_20h02.42.192,VisualArraysMentalRotation_v4,2021.1.4,MacIntel,58.82352941,679054f2072d526265aabff2,67906cd985ca9bd1651b2174,Stimuli/43_100.jpg,Same,100,b,n,0,2.075,51,0,51,0,1,,,,,,,,,,,,,,,,,,,,,,,,,,,,,,,,,,,,,,,,,,,,,,,,,,,,,,
,,,,,,,,,,,,,,,664f98c80beb5400a141ac91,2025-01-21_20h02.42.192,VisualArraysMentalRotation_v4,2021.1.4,MacIntel,58.82352941,679054f2072d526265aabff2,67906cd985ca9bd1651b2174,Stimuli/27_100_R.jpg,Different,100,n,n,1,4.137,52,0,52,0,1,,,,,,,,,,,,,,,,,,,,,,,,,,,,,,,,,,,,,,,,,,,,,,,,,,,,,,
,,,,,,,,,,,,,,,664f98c80beb5400a141ac91,2025-01-21_20h02.42.192,VisualArraysMentalRotation_v4,2021.1.4,MacIntel,58.82352941,679054f2072d526265aabff2,67906cd985ca9bd1651b2174,Stimuli/22_150.jpg,Same,150,b,b,1,1.704,53,0,53,0,1,,,,,,,,,,,,,,,,,,,,,,,,,,,,,,,,,,,,,,,,,,,,,,,,,,,,,,
,,,,,,,,,,,,,,,664f98c80beb5400a141ac91,2025-01-21_20h02.42.192,VisualArraysMentalRotation_v4,2021.1.4,MacIntel,58.82352941,679054f2072d526265aabff2,67906cd985ca9bd1651b2174,Stimuli/38_0.jpg,Same,0,b,b,1,1.141,54,0,54,0,1,,,,,,,,,,,,,,,,,,,,,,,,,,,,,,,,,,,,,,,,,,,,,,,,,,,,,,
,,,,,,,,,,,,,,,664f98c80beb5400a141ac91,2025-01-21_20h02.42.192,VisualArraysMentalRotation_v4,2021.1.4,MacIntel,58.82352941,679054f2072d526265aabff2,67906cd985ca9bd1651b2174,Stimuli/21_100.jpg,Same,100,b,,0,,55,0,55,0,1,,,,,,,,,,,,,,,,,,,,,,,,,,,,,,,,,,,,,,,,,,,,,,,,,,,,,,
,,,,,,,,,,,,,,,664f98c80beb5400a141ac91,2025-01-21_20h02.42.192,VisualArraysMentalRotation_v4,2021.1.4,MacIntel,58.82352941,679054f2072d526265aabff2,67906cd985ca9bd1651b2174,Stimuli/28_100_R.jpg,Different,100,n,b,0,0.493,56,0,56,0,1,,,,,,,,,,,,,,,,,,,,,,,,,,,,,,,,,,,,,,,,,,,,,,,,,,,,,,
,,,,,,,,,,,,,,,664f98c80beb5400a141ac91,2025-01-21_20h02.42.192,VisualArraysMentalRotation_v4,2021.1.4,MacIntel,58.82352941,679054f2072d526265aabff2,67906cd985ca9bd1651b2174,Stimuli/16_50.jpg,Same,50,b,b,1,2.284,57,0,57,0,1,,,,,,,,,,,,,,,,,,,,,,,,,,,,,,,,,,,,,,,,,,,,,,,,,,,,,,
,,,,,,,,,,,,,,,664f98c80beb5400a141ac91,2025-01-21_20h02.42.192,VisualArraysMentalRotation_v4,2021.1.4,MacIntel,58.82352941,679054f2072d526265aabff2,67906cd985ca9bd1651b2174,Stimuli/38_150.jpg,Same,150,b,n,0,1.82,58,0,58,0,1,,,,,,,,,,,,,,,,,,,,,,,,,,,,,,,,,,,,,,,,,,,,,,,,,,,,,,
,,,,,,,,,,,,,,,664f98c80beb5400a141ac91,2025-01-21_20h02.42.192,VisualArraysMentalRotation_v4,2021.1.4,MacIntel,58.82352941,679054f2072d526265aabff2,67906cd985ca9bd1651b2174,Stimuli/44_0.jpg,Same,0,b,b,1,0.841,59,0,59,0,1,,,,,,,,,,,,,,,,,,,,,,,,,,,,,,,,,,,,,,,,,,,,,,,,,,,,,,
,,,,,,,,,,,,,,,664f98c80beb5400a141ac91,2025-01-21_20h02.42.192,VisualArraysMentalRotation_v4,2021.1.4,MacIntel,58.82352941,679054f2072d526265aabff2,67906cd985ca9bd1651b2174,Stimuli/22_150_R.jpg,Different,150,n,n,1,1.805,60,0,60,0,1,,,,,,,,,,,,,,,,,,,,,,,,,,,,,,,,,,,,,,,,,,,,,,,,,,,,,,
,,,,,,,,,,,,,,,664f98c80beb5400a141ac91,2025-01-21_20h02.42.192,VisualArraysMentalRotation_v4,2021.1.4,MacIntel,58.82352941,679054f2072d526265aabff2,67906cd985ca9bd1651b2174,Stimuli/44_0_R.jpg,Different,0,n,n,1,2.769,61,0,61,0,1,,,,,,,,,,,,,,,,,,,,,,,,,,,,,,,,,,,,,,,,,,,,,,,,,,,,,,
,,,,,,,,,,,,,,,664f98c80beb5400a141ac91,2025-01-21_20h02.42.192,VisualArraysMentalRotation_v4,2021.1.4,MacIntel,58.82352941,679054f2072d526265aabff2,67906cd985ca9bd1651b2174,Stimuli/32_0.jpg,Same,0,b,b,1,0.97,62,0,62,0,1,,,,,,,,,,,,,,,,,,,,,,,,,,,,,,,,,,,,,,,,,,,,,,,,,,,,,,
,,,,,,,,,,,,,,,664f98c80beb5400a141ac91,2025-01-21_20h02.42.192,VisualArraysMentalRotation_v4,2021.1.4,MacIntel,58.82352941,679054f2072d526265aabff2,67906cd985ca9bd1651b2174,Stimuli/28_150_R.jpg,Different,150,n,n,1,3.573,63,0,63,0,1,,,,,,,,,,,,,,,,,,,,,,,,,,,,,,,,,,,,,,,,,,,,,,,,,,,,,,
,,,,,,,,,,,,,,,664f98c80beb5400a141ac91,2025-01-21_20h02.42.192,VisualArraysMentalRotation_v4,2021.1.4,MacIntel,58.82352941,679054f2072d526265aabff2,67906cd985ca9bd1651b2174,Stimuli/3_0.jpg,Same,0,b,b,1,0.904,64,0,64,0,1,,,,,,,,,,,,,,,,,,,,,,,,,,,,,,,,,,,,,,,,,,,,,,,,,,,,,,
,,,,,,,,,,,,,,,664f98c80beb5400a141ac91,2025-01-21_20h02.42.192,VisualArraysMentalRotation_v4,2021.1.4,MacIntel,58.82352941,679054f2072d526265aabff2,67906cd985ca9bd1651b2174,Stimuli/16_50_R.jpg,Different,50,n,n,1,2.5,65,0,65,0,1,,,,,,,,,,,,,,,,,,,,,,,,,,,,,,,,,,,,,,,,,,,,,,,,,,,,,,
,,,,,,,,,,,,,,,664f98c80beb5400a141ac91,2025-01-21_20h02.42.192,VisualArraysMentalRotation_v4,2021.1.4,MacIntel,58.82352941,679054f2072d526265aabff2,67906cd985ca9bd1651b2174,Stimuli/21_150.jpg,Same,150,b,b,1,2.57,66,0,66,0,1,,,,,,,,,,,,,,,,,,,,,,,,,,,,,,,,,,,,,,,,,,,,,,,,,,,,,,
,,,,,,,,,,,,,,,664f98c80beb5400a141ac91,2025-01-21_20h02.42.192,VisualArraysMentalRotation_v4,2021.1.4,MacIntel,58.82352941,679054f2072d526265aabff2,67906cd985ca9bd1651b2174,Stimuli/40_50.jpg,Same,50,b,b,1,1.382,67,0,67,0,1,,,,,,,,,,,,,,,,,,,,,,,,,,,,,,,,,,,,,,,,,,,,,,,,,,,,,,
,,,,,,,,,,,,,,,664f98c80beb5400a141ac91,2025-01-21_20h02.42.192,VisualArraysMentalRotation_v4,2021.1.4,MacIntel,58.82352941,679054f2072d526265aabff2,67906cd985ca9bd1651b2174,Stimuli/27_0_R.jpg,Different,0,n,b,0,0.853,68,0,68,0,1,,,,,,,,,,,,,,,,,,,,,,,,,,,,,,,,,,,,,,,,,,,,,,,,,,,,,,
,,,,,,,,,,,,,,,664f98c80beb5400a141ac91,2025-01-21_20h02.42.192,VisualArraysMentalRotation_v4,2021.1.4,MacIntel,58.82352941,679054f2072d526265aabff2,67906cd985ca9bd1651b2174,Stimuli/38_100.jpg,Same,100,b,b,1,1.77,69,0,69,0,1,,,,,,,,,,,,,,,,,,,,,,,,,,,,,,,,,,,,,,,,,,,,,,,,,,,,,,
,,,,,,,,,,,,,,,664f98c80beb5400a141ac91,2025-01-21_20h02.42.192,VisualArraysMentalRotation_v4,2021.1.4,MacIntel,58.82352941,679054f2072d526265aabff2,67906cd985ca9bd1651b2174,Stimuli/16_100_R.jpg,Different,100,n,n,1,1.68,70,0,70,0,1,,,,,,,,,,,,,,,,,,,,,,,,,,,,,,,,,,,,,,,,,,,,,,,,,,,,,,
,,,,,,,,,,,,,,,664f98c80beb5400a141ac91,2025-01-21_20h02.42.192,VisualArraysMentalRotation_v4,2021.1.4,MacIntel,58.82352941,679054f2072d526265aabff2,67906cd985ca9bd1651b2174,Stimuli/21_50_R.jpg,Different,50,n,n,1,2.019,71,0,71,0,1,,,,,,,,,,,,,,,,,,,,,,,,,,,,,,,,,,,,,,,,,,,,,,,,,,,,,,
,,,,,,,,,,,,,,,664f98c80beb5400a141ac91,2025-01-21_20h02.42.192,VisualArraysMentalRotation_v4,2021.1.4,MacIntel,58.82352941,679054f2072d526265aabff2,67906cd985ca9bd1651b2174,Stimuli/22_50.jpg,Same,50,b,b,1,1.24,72,0,72,0,1,,,,,,,,,,,,,,,,,,,,,,,,,,,,,,,,,,,,,,,,,,,,,,,,,,,,,,
,,,,,,,,,,,,,,,664f98c80beb5400a141ac91,2025-01-21_20h02.42.192,VisualArraysMentalRotation_v4,2021.1.4,MacIntel,58.82352941,679054f2072d526265aabff2,67906cd985ca9bd1651b2174,Stimuli/22_100.jpg,Same,100,b,n,0,2.102,73,0,73,0,1,,,,,,,,,,,,,,,,,,,,,,,,,,,,,,,,,,,,,,,,,,,,,,,,,,,,,,
,,,,,,,,,,,,,,,664f98c80beb5400a141ac91,2025-01-21_20h02.42.192,VisualArraysMentalRotation_v4,2021.1.4,MacIntel,58.82352941,679054f2072d526265aabff2,67906cd985ca9bd1651b2174,Stimuli/22_0_R.jpg,Different,0,n,n,1,1.436,74,0,74,0,1,,,,,,,,,,,,,,,,,,,,,,,,,,,,,,,,,,,,,,,,,,,,,,,,,,,,,,
,,,,,,,,,,,,,,,664f98c80beb5400a141ac91,2025-01-21_20h02.42.192,VisualArraysMentalRotation_v4,2021.1.4,MacIntel,58.82352941,679054f2072d526265aabff2,67906cd985ca9bd1651b2174,Stimuli/27_100.jpg,Same,100,b,b,1,2.287,75,0,75,0,1,,,,,,,,,,,,,,,,,,,,,,,,,,,,,,,,,,,,,,,,,,,,,,,,,,,,,,
,,,,,,,,,,,,,,,664f98c80beb5400a141ac91,2025-01-21_20h02.42.192,VisualArraysMentalRotation_v4,2021.1.4,MacIntel,58.82352941,679054f2072d526265aabff2,67906cd985ca9bd1651b2174,Stimuli/16_150.jpg,Same,150,b,b,1,2.581,76,0,76,0,1,,,,,,,,,,,,,,,,,,,,,,,,,,,,,,,,,,,,,,,,,,,,,,,,,,,,,,
,,,,,,,,,,,,,,,664f98c80beb5400a141ac91,2025-01-21_20h02.42.192,VisualArraysMentalRotation_v4,2021.1.4,MacIntel,58.82352941,679054f2072d526265aabff2,67906cd985ca9bd1651b2174,Stimuli/3_150_R.jpg,Different,150,n,n,1,2.792,77,0,77,0,1,,,,,,,,,,,,,,,,,,,,,,,,,,,,,,,,,,,,,,,,,,,,,,,,,,,,,,
,,,,,,,,,,,,,,,664f98c80beb5400a141ac91,2025-01-21_20h02.42.192,VisualArraysMentalRotation_v4,2021.1.4,MacIntel,58.82352941,679054f2072d526265aabff2,67906cd985ca9bd1651b2174,Stimuli/40_100.jpg,Same,100,b,b,1,1.586,78,0,78,0,1,,,,,,,,,,,,,,,,,,,,,,,,,,,,,,,,,,,,,,,,,,,,,,,,,,,,,,
,,,,,,,,,,,,,,,664f98c80beb5400a141ac91,2025-01-21_20h02.42.192,VisualArraysMentalRotation_v4,2021.1.4,MacIntel,58.82352941,679054f2072d526265aabff2,67906cd985ca9bd1651b2174,Stimuli/40_0.jpg,Same,0,b,b,1,1.604,79,0,79,0,1,,,,,,,,,,,,,,,,,,,,,,,,,,,,,,,,,,,,,,,,,,,,,,,,,,,,,,
,,,,,,,,,,,,,,,664f98c80beb5400a141ac91,2025-01-21_20h02.42.192,VisualArraysMentalRotation_v4,2021.1.4,MacIntel,58.82352941,679054f2072d526265aabff2,67906cd985ca9bd1651b2174,Stimuli/40_100_R.jpg,Different,100,n,n,1,3.287,80,0,80,0,1,,,,,,,,,,,,,,,,,,,,,,,,,,,,,,,,,,,,,,,,,,,,,,,,,,,,,,
,,,,,,,,,,,,,,,664f98c80beb5400a141ac91,2025-01-21_20h02.42.192,VisualArraysMentalRotation_v4,2021.1.4,MacIntel,58.82352941,679054f2072d526265aabff2,67906cd985ca9bd1651b2174,Stimuli/44_100_R.jpg,Different,100,n,n,1,2.191,81,0,81,0,1,,,,,,,,,,,,,,,,,,,,,,,,,,,,,,,,,,,,,,,,,,,,,,,,,,,,,,
,,,,,,,,,,,,,,,664f98c80beb5400a141ac91,2025-01-21_20h02.42.192,VisualArraysMentalRotation_v4,2021.1.4,MacIntel,58.82352941,679054f2072d526265aabff2,67906cd985ca9bd1651b2174,Stimuli/28_0_R.jpg,Different,0,n,n,1,3.039,82,0,82,0,1,,,,,,,,,,,,,,,,,,,,,,,,,,,,,,,,,,,,,,,,,,,,,,,,,,,,,,
,,,,,,,,,,,,,,,664f98c80beb5400a141ac91,2025-01-21_20h02.42.192,VisualArraysMentalRotation_v4,2021.1.4,MacIntel,58.82352941,679054f2072d526265aabff2,67906cd985ca9bd1651b2174,Stimuli/43_50.jpg,Same,50,b,b,1,1.864,83,0,83,0,1,,,,,,,,,,,,,,,,,,,,,,,,,,,,,,,,,,,,,,,,,,,,,,,,,,,,,,
,,,,,,,,,,,,,,,664f98c80beb5400a141ac91,2025-01-21_20h02.42.192,VisualArraysMentalRotation_v4,2021.1.4,MacIntel,58.82352941,679054f2072d526265aabff2,67906cd985ca9bd1651b2174,Stimuli/43_150.jpg,Same,150,b,n,0,1.92,84,0,84,0,1,,,,,,,,,,,,,,,,,,,,,,,,,,,,,,,,,,,,,,,,,,,,,,,,,,,,,,
,,,,,,,,,,,,,,,664f98c80beb5400a141ac91,2025-01-21_20h02.42.192,VisualArraysMentalRotation_v4,2021.1.4,MacIntel,58.82352941,679054f2072d526265aabff2,67906cd985ca9bd1651b2174,Stimuli/32_50.jpg,Same,50,b,b,1,1.82,85,0,85,0,1,,,,,,,,,,,,,,,,,,,,,,,,,,,,,,,,,,,,,,,,,,,,,,,,,,,,,,
,,,,,,,,,,,,,,,664f98c80beb5400a141ac91,2025-01-21_20h02.42.192,VisualArraysMentalRotation_v4,2021.1.4,MacIntel,58.82352941,679054f2072d526265aabff2,67906cd985ca9bd1651b2174,Stimuli/40_150_R.jpg,Different,150,n,n,1,2.036,86,0,86,0,1,,,,,,,,,,,,,,,,,,,,,,,,,,,,,,,,,,,,,,,,,,,,,,,,,,,,,,
,,,,,,,,,,,,,,,664f98c80beb5400a141ac91,2025-01-21_20h02.42.192,VisualArraysMentalRotation_v4,2021.1.4,MacIntel,58.82352941,679054f2072d526265aabff2,67906cd985ca9bd1651b2174,Stimuli/28_50_R.jpg,Different,50,n,n,1,1.342,87,0,87,0,1,,,,,,,,,,,,,,,,,,,,,,,,,,,,,,,,,,,,,,,,,,,,,,,,,,,,,,
,,,,,,,,,,,,,,,664f98c80beb5400a141ac91,2025-01-21_20h02.42.192,VisualArraysMentalRotation_v4,2021.1.4,MacIntel,58.82352941,679054f2072d526265aabff2,67906cd985ca9bd1651b2174,Stimuli/22_100_R.jpg,Different,100,n,b,0,1.969,88,0,88,0,1,,,,,,,,,,,,,,,,,,,,,,,,,,,,,,,,,,,,,,,,,,,,,,,,,,,,,,
,,,,,,,,,,,,,,,664f98c80beb5400a141ac91,2025-01-21_20h02.42.192,VisualArraysMentalRotation_v4,2021.1.4,MacIntel,58.82352941,679054f2072d526265aabff2,67906cd985ca9bd1651b2174,Stimuli/19_150.jpg,Same,150,b,b,1,3.39,89,0,89,0,1,,,,,,,,,,,,,,,,,,,,,,,,,,,,,,,,,,,,,,,,,,,,,,,,,,,,,,
,,,,,,,,,,,,,,,664f98c80beb5400a141ac91,2025-01-21_20h02.42.192,VisualArraysMentalRotation_v4,2021.1.4,MacIntel,58.82352941,679054f2072d526265aabff2,67906cd985ca9bd1651b2174,Stimuli/44_150_R.jpg,Different,150,n,n,1,2.174,90,0,90,0,1,,,,,,,,,,,,,,,,,,,,,,,,,,,,,,,,,,,,,,,,,,,,,,,,,,,,,,
,,,,,,,,,,,,,,,664f98c80beb5400a141ac91,2025-01-21_20h02.42.192,VisualArraysMentalRotation_v4,2021.1.4,MacIntel,58.82352941,679054f2072d526265aabff2,67906cd985ca9bd1651b2174,Stimuli/16_0_R.jpg,Different,0,n,n,1,1.275,91,0,91,0,1,,,,,,,,,,,,,,,,,,,,,,,,,,,,,,,,,,,,,,,,,,,,,,,,,,,,,,
,,,,,,,,,,,,,,,664f98c80beb5400a141ac91,2025-01-21_20h02.42.192,VisualArraysMentalRotation_v4,2021.1.4,MacIntel,58.82352941,679054f2072d526265aabff2,67906cd985ca9bd1651b2174,Stimuli/3_50.jpg,Same,50,b,b,1,1.553,92,0,92,0,1,,,,,,,,,,,,,,,,,,,,,,,,,,,,,,,,,,,,,,,,,,,,,,,,,,,,,,
,,,,,,,,,,,,,,,664f98c80beb5400a141ac91,2025-01-21_20h02.42.192,VisualArraysMentalRotation_v4,2021.1.4,MacIntel,58.82352941,679054f2072d526265aabff2,67906cd985ca9bd1651b2174,Stimuli/44_50_R.jpg,Different,50,n,n,1,3.504,93,0,93,0,1,,,,,,,,,,,,,,,,,,,,,,,,,,,,,,,,,,,,,,,,,,,,,,,,,,,,,,
,,,,,,,,,,,,,,,664f98c80beb5400a141ac91,2025-01-21_20h02.42.192,VisualArraysMentalRotation_v4,2021.1.4,MacIntel,58.82352941,679054f2072d526265aabff2,67906cd985ca9bd1651b2174,Stimuli/21_0.jpg,Same,0,b,b,1,1.941,94,0,94,0,1,,,,,,,,,,,,,,,,,,,,,,,,,,,,,,,,,,,,,,,,,,,,,,,,,,,,,,
,,,,,,,,,,,,,,,664f98c80beb5400a141ac91,2025-01-21_20h02.42.192,VisualArraysMentalRotation_v4,2021.1.4,MacIntel,58.82352941,679054f2072d526265aabff2,67906cd985ca9bd1651b2174,Stimuli/43_150_R.jpg,Different,150,n,n,1,3.07,95,0,95,0,1,,,,,,,,,,,,,,,,,,,,,,,,,,,,,,,,,,,,,,,,,,,,,,,,,,,,,,
,,,,,,,,,,,,,,,664f98c80beb5400a141ac91,2025-01-21_20h02.42.192,VisualArraysMentalRotation_v4,2021.1.4,MacIntel,58.82352941,679054f2072d526265aabff2,67906cd985ca9bd1651b2174,,,,,,,,,,,,,0,0,0,0,1,,,,,,,,,,,,,,,,,,,,,,,,,,,,,,,,,,,,,,,,,,,,,,,,,
,,,,,,,,,,,,,,,664f98c80beb5400a141ac91,2025-01-21_20h02.42.192,VisualArraysMentalRotation_v4,2021.1.4,MacIntel,58.82352941,679054f2072d526265aabff2,67906cd985ca9bd1651b2174,,,,,,,,,,,,,,,,,,0,0,0,0,1,0,1,,,,,,,,,,,,,,,,,,,,,,,,,,,,,,,,,,,,,,,,,,
,,,,,,,,,,,,,,,664f98c80beb5400a141ac91,2025-01-21_20h02.42.192,VisualArraysMentalRotation_v4,2021.1.4,MacIntel,58.82352941,679054f2072d526265aabff2,67906cd985ca9bd1651b2174,,,,,,,,,,,,,,,,,,,,,,,,,0,0,0,0,1,,,,,,,,,,,,,,,,,,,,,,,,,,,,,,,,,,,,,
,,,,,,,,,,,,,,,664f98c80beb5400a141ac91,2025-01-21_20h02.42.192,VisualArraysMentalRotation_v4,2021.1.4,MacIntel,58.82352941,679054f2072d526265aabff2,67906cd985ca9bd1651b2174,,,,,,,,,,,,,,,,,,,,,,,,,,,,,,"[-45,-45,0,0,45]","[45,90,0,-45,45]",0.25,PracBlue_1,"[-45,-45,0,0,45]","[90,90,0,-45,45]",5,0,2.539,0,0,0,12,1,BLUE,3,Different,6,1,,,,,,,,,,,,,,,,,,
,,,,,,,,,,,,,,,664f98c80beb5400a141ac91,2025-01-21_20h02.42.192,VisualArraysMentalRotation_v4,2021.1.4,MacIntel,58.82352941,679054f2072d526265aabff2,67906cd985ca9bd1651b2174,,,,,,,,,,,,,,,,,,,,,,,,,,,,,,"[45,45,45,90,45]","[-45,-45,0,90,90]",0.25,PracBlue_1,"[45,45,45,90,45]","[-45,-45,0,90,90]",6,0,2.388,0,1,1,9,1,BLUE,3,Same,5,3,,,,,,,,,,,,,,,,,,
,,,,,,,,,,,,,,,664f98c80beb5400a141ac91,2025-01-21_20h02.42.192,VisualArraysMentalRotation_v4,2021.1.4,MacIntel,58.82352941,679054f2072d526265aabff2,67906cd985ca9bd1651b2174,,,,,,,,,,,,,,,,,,,,,,,,,,,,,,"[-45,90,45,0,0]","[45,90,-45,45,0]",0.25,PracRed_1,"[-45,90,45,0,0]","[45,90,-45,45,0]",5,1,0.795,0,2,2,2,1,RED,5,Same,5,1,,,,,,,,,,,,,,,,,,
,,,,,,,,,,,,,,,664f98c80beb5400a141ac91,2025-01-21_20h02.42.192,VisualArraysMentalRotation_v4,2021.1.4,MacIntel,58.82352941,679054f2072d526265aabff2,67906cd985ca9bd1651b2174,,,,,,,,,,,,,,,,,,,,,,,,,,,,,,"[0,45,90,45,90]","[90,-45,90,0,-45]",0.25,PracRed_3,"[0,45,90,45,90]","[90,-45,90,0,-45]",5,1,0.771,0,3,3,1,1,RED,3,Same,5,3,,,,,,,,,,,,,,,,,,
,,,,,,,,,,,,,,,664f98c80beb5400a141ac91,2025-01-21_20h02.42.192,VisualArraysMentalRotation_v4,2021.1.4,MacIntel,58.82352941,679054f2072d526265aabff2,67906cd985ca9bd1651b2174,,,,,,,,,,,,,,,,,,,,,,,,,,,,,,"[90,0,45,-45,-45]","[0,-45,0,-45,0]",0.25,PracRed_3,"[90,0,90,-45,-45]","[0,-45,0,-45,0]",6,1,0.538,0,4,4,5,1,RED,3,Different,6,3,,,,,,,,,,,,,,,,,,
,,,,,,,,,,,,,,,664f98c80beb5400a141ac91,2025-01-21_20h02.42.192,VisualArraysMentalRotation_v4,2021.1.4,MacIntel,58.82352941,679054f2072d526265aabff2,67906cd985ca9bd1651b2174,,,,,,,,,,,,,,,,,,,,,,,,,,,,,,"[90,90,45,45,-45]","[-45,45,90,0,0]",0.25,PracRed_3,"[90,90,90,45,-45]","[-45,45,90,0,0]",6,1,1.023,0,5,5,4,1,RED,3,Different,6,1,,,,,,,,,,,,,,,,,,
,,,,,,,,,,,,,,,664f98c80beb5400a141ac91,2025-01-21_20h02.42.192,VisualArraysMentalRotation_v4,2021.1.4,MacIntel,58.82352941,679054f2072d526265aabff2,67906cd985ca9bd1651b2174,,,,,,,,,,,,,,,,,,,,,,,,,,,,,,"[0,90,0,-45,-45]","[45,45,90,-45,90]",0.25,PracBlue_1,"[0,90,0,-45,-45]","[-45,45,90,-45,90]",5,0,0.555,0,6,6,13,1,BLUE,3,Different,6,3,,,,,,,,,,,,,,,,,,
,,,,,,,,,,,,,,,664f98c80beb5400a141ac91,2025-01-21_20h02.42.192,VisualArraysMentalRotation_v4,2021.1.4,MacIntel,58.82352941,679054f2072d526265aabff2,67906cd985ca9bd1651b2174,,,,,,,,,,,,,,,,,,,,,,,,,,,,,,"[45,90,-45,45,45]","[0,90,45,0,45]",0.25,PracBlue_5,"[45,90,-45,45,45]","[0,90,45,0,45]",5,1,0.624,0,7,7,10,1,BLUE,5,Same,5,1,,,,,,,,,,,,,,,,,,
,,,,,,,,,,,,,,,664f98c80beb5400a141ac91,2025-01-21_20h02.42.192,VisualArraysMentalRotation_v4,2021.1.4,MacIntel,58.82352941,679054f2072d526265aabff2,67906cd985ca9bd1651b2174,,,,,,,,,,,,,,,,,,,,,,,,,,,,,,"[0,0,-45,90,-45]","[-45,45,45,-45,90]",0.25,PracBlue_5,"[0,0,-45,90,-45]","[-45,45,45,-45,90]",5,1,0.64,0,8,8,11,1,BLUE,5,Same,5,3,,,,,,,,,,,,,,,,,,
,,,,,,,,,,,,,,,664f98c80beb5400a141ac91,2025-01-21_20h02.42.192,VisualArraysMentalRotation_v4,2021.1.4,MacIntel,58.82352941,679054f2072d526265aabff2,67906cd985ca9bd1651b2174,,,,,,,,,,,,,,,,,,,,,,,,,,,,,,"[45,-45,-45,90,90]","[45,0,90,90,-45]",0.25,PracRed_3,"[45,-45,-45,90,90]","[45,0,90,90,-45]",5,1,0.822,0,9,9,0,1,RED,3,Same,5,1,,,,,,,,,,,,,,,,,,
,,,,,,,,,,,,,,,664f98c80beb5400a141ac91,2025-01-21_20h02.42.192,VisualArraysMentalRotation_v4,2021.1.4,MacIntel,58.82352941,679054f2072d526265aabff2,67906cd985ca9bd1651b2174,,,,,,,,,,,,,,,,,,,,,,,,,,,,,,"[90,-45,0,0,-45]","[90,-45,0,-45,0]",0.25,PracRed_4,"[90,-45,0,45,-45]","[90,-45,0,-45,0]",6,1,0.938,0,10,10,6,1,RED,5,Different,6,1,,,,,,,,,,,,,,,,,,
,,,,,,,,,,,,,,,664f98c80beb5400a141ac91,2025-01-21_20h02.42.192,VisualArraysMentalRotation_v4,2021.1.4,MacIntel,58.82352941,679054f2072d526265aabff2,67906cd985ca9bd1651b2174,,,,,,,,,,,,,,,,,,,,,,,,,,,,,,"[-45,0,90,45,0]","[0,0,0,90,-45]",0.25,PracRed_2,"[-45,-45,90,45,0]","[0,0,0,90,-45]",5,0,0.657,0,11,11,7,1,RED,5,Different,6,3,,,,,,,,,,,,,,,,,,
,,,,,,,,,,,,,,,664f98c80beb5400a141ac91,2025-01-21_20h02.42.192,VisualArraysMentalRotation_v4,2021.1.4,MacIntel,58.82352941,679054f2072d526265aabff2,67906cd985ca9bd1651b2174,,,,,,,,,,,,,,,,,,,,,,,,,,,,,,"[0,0,90,45,45]","[90,0,0,-45,-45]",0.25,PracBlue_1,"[0,0,90,45,45]","[90,0,0,-45,-45]",6,0,0.873,0,12,12,8,1,BLUE,3,Same,5,1,,,,,,,,,,,,,,,,,,
,,,,,,,,,,,,,,,664f98c80beb5400a141ac91,2025-01-21_20h02.42.192,VisualArraysMentalRotation_v4,2021.1.4,MacIntel,58.82352941,679054f2072d526265aabff2,67906cd985ca9bd1651b2174,,,,,,,,,,,,,,,,,,,,,,,,,,,,,,"[45,45,-45,-45,45]","[-45,-45,90,0,-45]",0.25,PracBlue_3,"[45,45,-45,-45,45]","[-45,-45,0,0,-45]",5,0,0.438,0,13,13,15,1,BLUE,5,Different,6,3,,,,,,,,,,,,,,,,,,
,,,,,,,,,,,,,,,664f98c80beb5400a141ac91,2025-01-21_20h02.42.192,VisualArraysMentalRotation_v4,2021.1.4,MacIntel,58.82352941,679054f2072d526265aabff2,67906cd985ca9bd1651b2174,,,,,,,,,,,,,,,,,,,,,,,,,,,,,,"[45,0,90,0,90]","[45,45,90,0,-45]",0.25,PracBlue_3,"[45,0,90,0,90]","[45,45,-45,0,-45]",5,0,0.756,0,14,14,14,1,BLUE,5,Different,6,1,,,,,,,,,,,,,,,,,,
,,,,,,,,,,,,,,,664f98c80beb5400a141ac91,2025-01-21_20h02.42.192,VisualArraysMentalRotation_v4,2021.1.4,MacIntel,58.82352941,679054f2072d526265aabff2,67906cd985ca9bd1651b2174,,,,,,,,,,,,,,,,,,,,,,,,,,,,,,"[90,-45,45,45,90]","[90,90,90,90,0]",0.25,PracRed_5,"[90,-45,45,45,90]","[90,90,90,90,0]",5,1,1.939,0,15,15,3,1,RED,5,Same,5,3,,,,,,,,,,,,,,,,,,
,,,,,,,,,,,,,,,664f98c80beb5400a141ac91,2025-01-21_20h02.42.192,VisualArraysMentalRotation_v4,2021.1.4,MacIntel,58.82352941,679054f2072d526265aabff2,67906cd985ca9bd1651b2174,,,,,,,,,,,,,,,,,,,,,,,,,,,,,,,,,,,,,,,,,,,,,,,,,0,0,0,0,1,,,,,,,,,,,,,
,,,,,,,,,,,,,,,664f98c80beb5400a141ac91,2025-01-21_20h02.42.192,VisualArraysMentalRotation_v4,2021.1.4,MacIntel,58.82352941,679054f2072d526265aabff2,67906cd985ca9bd1651b2174,,,,,,,,,,,,,,,,,,,,,,,,,,,,,,"[0,90,-45,0,0]","[90,90,0,90,0]",0.25,PracRed_1,"[0,90,-45,0,0]","[90,90,0,90,0]",5,1,1.288,0,0,0,3,1,RED,5,Same,5,3,,,,,,,,,,,,,,,,,,
,,,,,,,,,,,,,,,664f98c80beb5400a141ac91,2025-01-21_20h02.42.192,VisualArraysMentalRotation_v4,2021.1.4,MacIntel,58.82352941,679054f2072d526265aabff2,67906cd985ca9bd1651b2174,,,,,,,,,,,,,,,,,,,,,,,,,,,,,,"[-45,0,-45,45,-45]","[45,0,45,0,90]",0.25,PracBlue_2,"[-45,0,-45,45,-45]","[45,0,45,0,90]",6,0,0.64,0,1,1,9,1,BLUE,3,Same,5,3,,,,,,,,,,,,,,,,,,
,,,,,,,,,,,,,,,664f98c80beb5400a141ac91,2025-01-21_20h02.42.192,VisualArraysMentalRotation_v4,2021.1.4,MacIntel,58.82352941,679054f2072d526265aabff2,67906cd985ca9bd1651b2174,,,,,,,,,,,,,,,,,,,,,,,,,,,,,,"[-45,0,-45,0,90]","[45,90,45,90,45]",0.25,PracBlue_2,"[-45,0,-45,0,90]","[45,0,45,90,45]",6,1,1.058,0,2,2,14,1,BLUE,5,Different,6,1,,,,,,,,,,,,,,,,,,
,,,,,,,,,,,,,,,664f98c80beb5400a141ac91,2025-01-21_20h02.42.192,VisualArraysMentalRotation_v4,2021.1.4,MacIntel,58.82352941,679054f2072d526265aabff2,67906cd985ca9bd1651b2174,,,,,,,,,,,,,,,,,,,,,,,,,,,,,,"[-45,45,90,90,45]","[45,45,45,0,0]",0.25,PracBlue_2,"[-45,45,90,90,45]","[45,45,45,0,0]",5,1,1.077,0,3,3,10,1,BLUE,5,Same,5,1,,,,,,,,,,,,,,,,,,
,,,,,,,,,,,,,,,664f98c80beb5400a141ac91,2025-01-21_20h02.42.192,VisualArraysMentalRotation_v4,2021.1.4,MacIntel,58.82352941,679054f2072d526265aabff2,67906cd985ca9bd1651b2174,,,,,,,,,,,,,,,,,,,,,,,,,,,,,,"[-45,-45,-45,-45,45]","[0,-45,0,90,0]",0.25,PracRed_4,"[-45,-45,-45,-45,45]","[0,-45,0,90,0]",5,1,1.172,0,4,4,2,1,RED,5,Same,5,1,,,,,,,,,,,,,,,,,,
,,,,,,,,,,,,,,,664f98c80beb5400a141ac91,2025-01-21_20h02.42.192,VisualArraysMentalRotation_v4,2021.1.4,MacIntel,58.82352941,679054f2072d526265aabff2,67906cd985ca9bd1651b2174,,,,,,,,,,,,,,,,,,,,,,,,,,,,,,"[-45,90,-45,0,-45]","[45,-45,45,0,90]",0.25,PracBlue_2,"[-45,90,-45,0,-45]","[45,45,45,0,90]",5,0,1.556,0,5,5,12,1,BLUE,3,Different,6,1,,,,,,,,,,,,,,,,,,
,,,,,,,,,,,,,,,664f98c80beb5400a141ac91,2025-01-21_20h02.42.192,VisualArraysMentalRotation_v4,2021.1.4,MacIntel,58.82352941,679054f2072d526265aabff2,67906cd985ca9bd1651b2174,,,,,,,,,,,,,,,,,,,,,,,,,,,,,,"[0,45,-45,90,0]","[-45,-45,0,-45,90]",0.25,PracBlue_2,"[0,45,-45,90,0]","[-45,-45,0,-45,90]",5,1,0.806,0,6,6,8,1,BLUE,3,Same,5,1,,,,,,,,,,,,,,,,,,
,,,,,,,,,,,,,,,664f98c80beb5400a141ac91,2025-01-21_20h02.42.192,VisualArraysMentalRotation_v4,2021.1.4,MacIntel,58.82352941,679054f2072d526265aabff2,67906cd985ca9bd1651b2174,,,,,,,,,,,,,,,,,,,,,,,,,,,,,,"[90,0,90,0,45]","[-45,0,-45,45,45]",0.25,PracBlue_1,"[90,0,90,0,45]","[45,0,-45,45,45]",5,0,1.289,0,7,7,13,1,BLUE,3,Different,6,3,,,,,,,,,,,,,,,,,,
,,,,,,,,,,,,,,,664f98c80beb5400a141ac91,2025-01-21_20h02.42.192,VisualArraysMentalRotation_v4,2021.1.4,MacIntel,58.82352941,679054f2072d526265aabff2,67906cd985ca9bd1651b2174,,,,,,,,,,,,,,,,,,,,,,,,,,,,,,"[-45,0,90,45,90]","[90,0,0,90,-45]",0.25,PracRed_2,"[-45,45,90,45,90]","[90,0,0,90,-45]",5,0,0.791,0,8,8,6,1,RED,5,Different,6,1,,,,,,,,,,,,,,,,,,
,,,,,,,,,,,,,,,664f98c80beb5400a141ac91,2025-01-21_20h02.42.192,VisualArraysMentalRotation_v4,2021.1.4,MacIntel,58.82352941,679054f2072d526265aabff2,67906cd985ca9bd1651b2174,,,,,,,,,,,,,,,,,,,,,,,,,,,,,,"[-45,45,45,45,0]","[-45,-45,90,90,90]",0.25,PracRed_2,"[-45,45,45,45,0]","[-45,-45,90,90,90]",5,1,0.605,0,9,9,0,1,RED,3,Same,5,1,,,,,,,,,,,,,,,,,,
,,,,,,,,,,,,,,,664f98c80beb5400a141ac91,2025-01-21_20h02.42.192,VisualArraysMentalRotation_v4,2021.1.4,MacIntel,58.82352941,679054f2072d526265aabff2,67906cd985ca9bd1651b2174,,,,,,,,,,,,,,,,,,,,,,,,,,,,,,"[0,-45,-45,90,0]","[45,45,90,90,0]",0.25,PracBlue_1,"[0,-45,-45,90,0]","[45,45,90,90,0]",5,1,0.823,0,10,10,11,1,BLUE,5,Same,5,3,,,,,,,,,,,,,,,,,,
,,,,,,,,,,,,,,,664f98c80beb5400a141ac91,2025-01-21_20h02.42.192,VisualArraysMentalRotation_v4,2021.1.4,MacIntel,58.82352941,679054f2072d526265aabff2,67906cd985ca9bd1651b2174,,,,,,,,,,,,,,,,,,,,,,,,,,,,,,"[0,-45,-45,-45,45]","[45,45,0,45,0]",0.25,PracRed_1,"[90,-45,-45,-45,45]","[45,45,0,45,0]",6,1,0.806,0,11,11,7,1,RED,5,Different,6,3,,,,,,,,,,,,,,,,,,
,,,,,,,,,,,,,,,664f98c80beb5400a141ac91,2025-01-21_20h02.42.192,VisualArraysMentalRotation_v4,2021.1.4,MacIntel,58.82352941,679054f2072d526265aabff2,67906cd985ca9bd1651b2174,,,,,,,,,,,,,,,,,,,,,,,,,,,,,,"[-45,45,45,-45,0]","[45,0,0,45,90]",0.25,PracRed_2,"[-45,90,45,-45,0]","[45,0,0,45,90]",6,1,0.959,0,12,12,4,1,RED,3,Different,6,1,,,,,,,,,,,,,,,,,,
,,,,,,,,,,,,,,,664f98c80beb5400a141ac91,2025-01-21_20h02.42.192,VisualArraysMentalRotation_v4,2021.1.4,MacIntel,58.82352941,679054f2072d526265aabff2,67906cd985ca9bd1651b2174,,,,,,,,,,,,,,,,,,,,,,,,,,,,,,"[45,-45,90,-45,-45]","[45,-45,90,-45,45]",0.25,PracRed_1,"[90,-45,90,-45,-45]","[45,-45,90,-45,45]",6,1,0.905,0,13,13,5,1,RED,3,Different,6,3,,,,,,,,,,,,,,,,,,
,,,,,,,,,,,,,,,664f98c80beb5400a141ac91,2025-01-21_20h02.42.192,VisualArraysMentalRotation_v4,2021.1.4,MacIntel,58.82352941,679054f2072d526265aabff2,67906cd985ca9bd1651b2174,,,,,,,,,,,,,,,,,,,,,,,,,,,,,,"[-45,0,90,-45,90]","[90,45,45,90,45]",0.25,PracBlue_2,"[-45,0,90,-45,90]","[90,-45,45,90,45]",5,0,0.878,0,14,14,15,1,BLUE,5,Different,6,3,,,,,,,,,,,,,,,,,,
,,,,,,,,,,,,,,,664f98c80beb5400a141ac91,2025-01-21_20h02.42.192,VisualArraysMentalRotation_v4,2021.1.4,MacIntel,58.82352941,679054f2072d526265aabff2,67906cd985ca9bd1651b2174,,,,,,,,,,,,,,,,,,,,,,,,,,,,,,"[45,0,0,90,-45]","[0,45,-45,45,90]",0.25,PracRed_3,"[45,0,0,90,-45]","[0,45,-45,45,90]",5,1,0.835,0,15,15,1,1,RED,3,Same,5,3,,,,,,,,,,,,,,,,,,
,,,,,,,,,,,,,,,664f98c80beb5400a141ac91,2025-01-21_20h02.42.192,VisualArraysMentalRotation_v4,2021.1.4,MacIntel,58.82352941,679054f2072d526265aabff2,67906cd985ca9bd1651b2174,,,,,,,,,,,,,,,,,,,,,,,,,,,,,,,,,,,,,,,,,,,,,,,,,1,0,1,0,1,,,,,,,,,,,,,
,,,,,,,,,,,,,,,664f98c80beb5400a141ac91,2025-01-21_20h02.42.192,VisualArraysMentalRotation_v4,2021.1.4,MacIntel,58.82352941,679054f2072d526265aabff2,67906cd985ca9bd1651b2174,,,,,,,,,,,,,,,,,,,,,,,,,,,,,,"[90,45,-45,0,0]","[90,-45,-45,45,-45]",,Red_3,"[90,45,90,0,0]","[90,-45,-45,45,-45]",,,,,,,,,RED,3,Different,6,1,,,,,,6,1,0.556,0,0,0,4,1,,,,,
,,,,,,,,,,,,,,,664f98c80beb5400a141ac91,2025-01-21_20h02.42.192,VisualArraysMentalRotation_v4,2021.1.4,MacIntel,58.82352941,679054f2072d526265aabff2,67906cd985ca9bd1651b2174,,,,,,,,,,,,,,,,,,,,,,,,,,,,,,"[-45,0,45,-45,45]","[90,45,45,90,-45]",,Blue_2,"[-45,0,45,-45,45]","[90,45,45,90,-45]",,,,,,,,,BLUE,3,Same,5,3,,,,,,5,1,1.873,0,1,1,9,1,,,,,
,,,,,,,,,,,,,,,664f98c80beb5400a141ac91,2025-01-21_20h02.42.192,VisualArraysMentalRotation_v4,2021.1.4,MacIntel,58.82352941,679054f2072d526265aabff2,67906cd985ca9bd1651b2174,,,,,,,,,,,,,,,,,,,,,,,,,,,,,,"[-45,45,90,45,0]","[0,45,45,-45,0]",,Red_3,"[-45,45,90,45,0]","[0,45,45,-45,0]",,,,,,,,,RED,5,Same,5,3,,,,,,6,0,0.929,0,2,2,3,1,,,,,
,,,,,,,,,,,,,,,664f98c80beb5400a141ac91,2025-01-21_20h02.42.192,VisualArraysMentalRotation_v4,2021.1.4,MacIntel,58.82352941,679054f2072d526265aabff2,67906cd985ca9bd1651b2174,,,,,,,,,,,,,,,,,,,,,,,,,,,,,,"[45,-45,0,-45,45]","[-45,90,-45,0,90]",,Blue_4,"[45,-45,0,-45,45]","[-45,90,-45,0,90]",,,,,,,,,BLUE,5,Same,5,1,,,,,,5,1,1.35,0,3,3,10,1,,,,,
,,,,,,,,,,,,,,,664f98c80beb5400a141ac91,2025-01-21_20h02.42.192,VisualArraysMentalRotation_v4,2021.1.4,MacIntel,58.82352941,679054f2072d526265aabff2,67906cd985ca9bd1651b2174,,,,,,,,,,,,,,,,,,,,,,,,,,,,,,"[-45,90,0,45,0]","[90,-45,0,45,-45]",,Red_2,"[-45,90,0,45,0]","[90,-45,0,45,-45]",,,,,,,,,RED,3,Same,5,1,,,,,,5,1,1.239,0,4,4,0,1,,,,,
,,,,,,,,,,,,,,,664f98c80beb5400a141ac91,2025-01-21_20h02.42.192,VisualArraysMentalRotation_v4,2021.1.4,MacIntel,58.82352941,679054f2072d526265aabff2,67906cd985ca9bd1651b2174,,,,,,,,,,,,,,,,,,,,,,,,,,,,,,"[90,90,0,0,45]","[0,-45,90,-45,-45]",,Red_5,"[90,90,0,0,0]","[0,-45,90,-45,-45]",,,,,,,,,RED,5,Different,6,1,,,,,,5,0,1.489,0,5,5,6,1,,,,,
,,,,,,,,,,,,,,,664f98c80beb5400a141ac91,2025-01-21_20h02.42.192,VisualArraysMentalRotation_v4,2021.1.4,MacIntel,58.82352941,679054f2072d526265aabff2,67906cd985ca9bd1651b2174,,,,,,,,,,,,,,,,,,,,,,,,,,,,,,"[45,45,45,-45,-45]","[90,0,0,45,0]",,Blue_1,"[45,45,45,-45,-45]","[90,0,0,45,0]",,,,,,,,,BLUE,3,Same,5,1,,,,,,5,1,0.99,0,6,6,8,1,,,,,
,,,,,,,,,,,,,,,664f98c80beb5400a141ac91,2025-01-21_20h02.42.192,VisualArraysMentalRotation_v4,2021.1.4,MacIntel,58.82352941,679054f2072d526265aabff2,67906cd985ca9bd1651b2174,,,,,,,,,,,,,,,,,,,,,,,,,,,,,,"[-45,-45,0,45,-45]","[45,0,-45,45,-45]",,Blue_1,"[-45,-45,0,45,-45]","[90,0,-45,45,-45]",,,,,,,,,BLUE,3,Different,6,1,,,,,,5,0,1.472,0,7,7,12,1,,,,,
,,,,,,,,,,,,,,,664f98c80beb5400a141ac91,2025-01-21_20h02.42.192,VisualArraysMentalRotation_v4,2021.1.4,MacIntel,58.82352941,679054f2072d526265aabff2,67906cd985ca9bd1651b2174,,,,,,,,,,,,,,,,,,,,,,,,,,,,,,"[-45,45,0,-45,-45]","[45,45,90,45,-45]",,Red_2,"[-45,45,0,-45,-45]","[45,45,90,45,-45]",,,,,,,,,RED,5,Same,5,1,,,,,,5,1,0.872,0,8,8,2,1,,,,,
,,,,,,,,,,,,,,,664f98c80beb5400a141ac91,2025-01-21_20h02.42.192,VisualArraysMentalRotation_v4,2021.1.4,MacIntel,58.82352941,679054f2072d526265aabff2,67906cd985ca9bd1651b2174,,,,,,,,,,,,,,,,,,,,,,,,,,,,,,"[90,90,0,-45,90]","[0,0,45,0,90]",,Red_2,"[90,45,0,-45,90]","[0,0,45,0,90]",,,,,,,,,RED,5,Different,6,3,,,,,,5,0,1.622,0,9,9,7,1,,,,,
,,,,,,,,,,,,,,,664f98c80beb5400a141ac91,2025-01-21_20h02.42.192,VisualArraysMentalRotation_v4,2021.1.4,MacIntel,58.82352941,679054f2072d526265aabff2,67906cd985ca9bd1651b2174,,,,,,,,,,,,,,,,,,,,,,,,,,,,,,"[-45,0,0,0,90]","[90,0,90,-45,90]",,Blue_4,"[-45,0,0,0,90]","[90,0,90,-45,90]",,,,,,,,,BLUE,5,Same,5,3,,,,,,6,0,1.136,0,10,10,11,1,,,,,
,,,,,,,,,,,,,,,664f98c80beb5400a141ac91,2025-01-21_20h02.42.192,VisualArraysMentalRotation_v4,2021.1.4,MacIntel,58.82352941,679054f2072d526265aabff2,67906cd985ca9bd1651b2174,,,,,,,,,,,,,,,,,,,,,,,,,,,,,,"[90,45,45,90,90]","[90,0,90,90,0]",,Blue_3,"[90,45,45,90,90]","[90,0,0,90,0]",,,,,,,,,BLUE,3,Different,6,3,,,,,,5,0,1.072,0,11,11,13,1,,,,,
,,,,,,,,,,,,,,,664f98c80beb5400a141ac91,2025-01-21_20h02.42.192,VisualArraysMentalRotation_v4,2021.1.4,MacIntel,58.82352941,679054f2072d526265aabff2,67906cd985ca9bd1651b2174,,,,,,,,,,,,,,,,,,,,,,,,,,,,,,"[45,-45,0,45,90]","[-45,0,45,-45,45]",,Red_1,"[45,-45,0,45,90]","[-45,0,45,-45,45]",,,,,,,,,RED,3,Same,5,3,,,,,,5,1,1.106,0,12,12,1,1,,,,,
,,,,,,,,,,,,,,,664f98c80beb5400a141ac91,2025-01-21_20h02.42.192,VisualArraysMentalRotation_v4,2021.1.4,MacIntel,58.82352941,679054f2072d526265aabff2,67906cd985ca9bd1651b2174,,,,,,,,,,,,,,,,,,,,,,,,,,,,,,"[45,90,0,45,0]","[90,90,0,90,-45]",,Blue_5,"[45,90,0,45,0]","[90,90,0,90,45]",,,,,,,,,BLUE,5,Different,6,3,,,,,,6,1,1.159,0,13,13,15,1,,,,,
,,,,,,,,,,,,,,,664f98c80beb5400a141ac91,2025-01-21_20h02.42.192,VisualArraysMentalRotation_v4,2021.1.4,MacIntel,58.82352941,679054f2072d526265aabff2,67906cd985ca9bd1651b2174,,,,,,,,,,,,,,,,,,,,,,,,,,,,,,"[90,45,90,-45,45]","[-45,90,0,-45,45]",,Red_3,"[90,45,45,-45,45]","[-45,90,0,-45,45]",,,,,,,,,RED,3,Different,6,3,,,,,,6,1,0.91,0,14,14,5,1,,,,,
,,,,,,,,,,,,,,,664f98c80beb5400a141ac91,2025-01-21_20h02.42.192,VisualArraysMentalRotation_v4,2021.1.4,MacIntel,58.82352941,679054f2072d526265aabff2,67906cd985ca9bd1651b2174,,,,,,,,,,,,,,,,,,,,,,,,,,,,,,"[45,45,90,90,90]","[0,90,0,0,45]",,Blue_5,"[45,45,90,90,90]","[0,90,0,0,0]",,,,,,,,,BLUE,5,Different,6,1,,,,,,5,0,1.462,0,15,15,14,1,,,,,
,,,,,,,,,,,,,,,664f98c80beb5400a141ac91,2025-01-21_20h02.42.192,VisualArraysMentalRotation_v4,2021.1.4,MacIntel,58.82352941,679054f2072d526265aabff2,67906cd985ca9bd1651b2174,,,,,,,,,,,,,,,,,,,,,,,,,,,,,,"[90,-45,0,90,90]","[45,45,-45,-45,90]",,Red_2,"[90,0,0,90,90]","[45,45,-45,-45,90]",,,,,,,,,RED,3,Different,6,1,,,,,,6,1,0.722,1,0,16,4,1,,,,,
,,,,,,,,,,,,,,,664f98c80beb5400a141ac91,2025-01-21_20h02.42.192,VisualArraysMentalRotation_v4,2021.1.4,MacIntel,58.82352941,679054f2072d526265aabff2,67906cd985ca9bd1651b2174,,,,,,,,,,,,,,,,,,,,,,,,,,,,,,"[-45,0,90,-45,90]","[0,-45,45,90,-45]",,Red_1,"[90,0,90,-45,90]","[0,-45,45,90,-45]",,,,,,,,,RED,3,Different,6,3,,,,,,6,1,0.906,1,1,17,5,1,,,,,
,,,,,,,,,,,,,,,664f98c80beb5400a141ac91,2025-01-21_20h02.42.192,VisualArraysMentalRotation_v4,2021.1.4,MacIntel,58.82352941,679054f2072d526265aabff2,67906cd985ca9bd1651b2174,,,,,,,,,,,,,,,,,,,,,,,,,,,,,,"[45,90,45,0,-45]","[90,-45,90,-45,0]",,Blue_3,"[45,90,45,0,-45]","[90,-45,45,-45,0]",,,,,,,,,BLUE,3,Different,6,3,,,,,,5,0,0.773,1,2,18,13,1,,,,,
,,,,,,,,,,,,,,,664f98c80beb5400a141ac91,2025-01-21_20h02.42.192,VisualArraysMentalRotation_v4,2021.1.4,MacIntel,58.82352941,679054f2072d526265aabff2,67906cd985ca9bd1651b2174,,,,,,,,,,,,,,,,,,,,,,,,,,,,,,"[0,0,0,0,0]","[90,45,-45,45,0]",,Blue_1,"[0,0,0,0,0]","[90,45,-45,45,0]",,,,,,,,,BLUE,3,Same,5,3,,,,,,5,1,1.989,1,3,19,9,1,,,,,
,,,,,,,,,,,,,,,664f98c80beb5400a141ac91,2025-01-21_20h02.42.192,VisualArraysMentalRotation_v4,2021.1.4,MacIntel,58.82352941,679054f2072d526265aabff2,67906cd985ca9bd1651b2174,,,,,,,,,,,,,,,,,,,,,,,,,,,,,,"[45,-45,-45,-45,-45]","[0,-45,45,90,-45]",,Blue_3,"[45,-45,-45,-45,-45]","[0,-45,-45,90,-45]",,,,,,,,,BLUE,5,Different,6,3,,,,,,5,0,0.721,1,4,20,15,1,,,,,
,,,,,,,,,,,,,,,664f98c80beb5400a141ac91,2025-01-21_20h02.42.192,VisualArraysMentalRotation_v4,2021.1.4,MacIntel,58.82352941,679054f2072d526265aabff2,67906cd985ca9bd1651b2174,,,,,,,,,,,,,,,,,,,,,,,,,,,,,,"[45,45,45,90,-45]","[-45,0,-45,-45,45]",,Red_3,"[45,45,45,90,-45]","[-45,0,-45,-45,45]",,,,,,,,,RED,3,Same,5,3,,,,,,5,1,1.356,1,5,21,1,1,,,,,
,,,,,,,,,,,,,,,664f98c80beb5400a141ac91,2025-01-21_20h02.42.192,VisualArraysMentalRotation_v4,2021.1.4,MacIntel,58.82352941,679054f2072d526265aabff2,67906cd985ca9bd1651b2174,,,,,,,,,,,,,,,,,,,,,,,,,,,,,,"[45,0,-45,90,0]","[45,90,45,0,90]",,Blue_5,"[45,0,-45,90,0]","[45,90,45,0,90]",,,,,,,,,BLUE,5,Same,5,3,,,,,,5,1,0.723,1,6,22,11,1,,,,,
,,,,,,,,,,,,,,,664f98c80beb5400a141ac91,2025-01-21_20h02.42.192,VisualArraysMentalRotation_v4,2021.1.4,MacIntel,58.82352941,679054f2072d526265aabff2,67906cd985ca9bd1651b2174,,,,,,,,,,,,,,,,,,,,,,,,,,,,,,"[0,45,-45,45,90]","[90,-45,0,90,90]",,Blue_2,"[0,45,-45,45,90]","[90,0,0,90,90]",,,,,,,,,BLUE,3,Different,6,1,,,,,,6,1,0.756,1,7,23,12,1,,,,,
,,,,,,,,,,,,,,,664f98c80beb5400a141ac91,2025-01-21_20h02.42.192,VisualArraysMentalRotation_v4,2021.1.4,MacIntel,58.82352941,679054f2072d526265aabff2,67906cd985ca9bd1651b2174,,,,,,,,,,,,,,,,,,,,,,,,,,,,,,"[0,90,45,0,0]","[45,90,-45,-45,45]",,Red_2,"[0,90,45,0,0]","[45,90,-45,-45,45]",,,,,,,,,RED,3,Same,5,1,,,,,,6,0,1.456,1,8,24,0,1,,,,,
,,,,,,,,,,,,,,,664f98c80beb5400a141ac91,2025-01-21_20h02.42.192,VisualArraysMentalRotation_v4,2021.1.4,MacIntel,58.82352941,679054f2072d526265aabff2,67906cd985ca9bd1651b2174,,,,,,,,,,,,,,,,,,,,,,,,,,,,,,"[-45,45,45,45,-45]","[90,0,0,-45,-45]",,Red_4,"[-45,45,45,45,-45]","[90,0,0,-45,-45]",,,,,,,,,RED,5,Same,5,1,,,,,,5,1,0.739,1,9,25,2,1,,,,,
,,,,,,,,,,,,,,,664f98c80beb5400a141ac91,2025-01-21_20h02.42.192,VisualArraysMentalRotation_v4,2021.1.4,MacIntel,58.82352941,679054f2072d526265aabff2,67906cd985ca9bd1651b2174,,,,,,,,,,,,,,,,,,,,,,,,,,,,,,"[45,45,0,0,45]","[-45,90,-45,90,-45]",,Blue_2,"[45,45,0,0,45]","[-45,0,-45,90,-45]",,,,,,,,,BLUE,5,Different,6,1,,,,,,5,0,1.158,1,10,26,14,1,,,,,
,,,,,,,,,,,,,,,664f98c80beb5400a141ac91,2025-01-21_20h02.42.192,VisualArraysMentalRotation_v4,2021.1.4,MacIntel,58.82352941,679054f2072d526265aabff2,67906cd985ca9bd1651b2174,,,,,,,,,,,,,,,,,,,,,,,,,,,,,,"[90,-45,0,45,-45]","[-45,0,-45,0,0]",,Blue_2,"[90,-45,0,45,-45]","[-45,0,-45,0,0]",,,,,,,,,BLUE,3,Same,5,1,,,,,,5,1,0.578,1,11,27,8,1,,,,,
,,,,,,,,,,,,,,,664f98c80beb5400a141ac91,2025-01-21_20h02.42.192,VisualArraysMentalRotation_v4,2021.1.4,MacIntel,58.82352941,679054f2072d526265aabff2,67906cd985ca9bd1651b2174,,,,,,,,,,,,,,,,,,,,,,,,,,,,,,"[90,0,45,-45,0]","[-45,-45,-45,90,45]",,Red_3,"[90,0,-45,-45,0]","[-45,-45,-45,90,45]",,,,,,,,,RED,5,Different,6,3,,,,,,6,1,1.106,1,12,28,7,1,,,,,
,,,,,,,,,,,,,,,664f98c80beb5400a141ac91,2025-01-21_20h02.42.192,VisualArraysMentalRotation_v4,2021.1.4,MacIntel,58.82352941,679054f2072d526265aabff2,67906cd985ca9bd1651b2174,,,,,,,,,,,,,,,,,,,,,,,,,,,,,,"[0,45,45,45,45]","[45,0,90,-45,90]",,Blue_1,"[0,45,45,45,45]","[45,0,90,-45,90]",,,,,,,,,BLUE,5,Same,5,1,,,,,,5,1,0.689,1,13,29,10,1,,,,,
,,,,,,,,,,,,,,,664f98c80beb5400a141ac91,2025-01-21_20h02.42.192,VisualArraysMentalRotation_v4,2021.1.4,MacIntel,58.82352941,679054f2072d526265aabff2,67906cd985ca9bd1651b2174,,,,,,,,,,,,,,,,,,,,,,,,,,,,,,"[45,0,90,-45,-45]","[-45,45,45,90,0]",,Red_5,"[45,0,90,-45,45]","[-45,45,45,90,0]",,,,,,,,,RED,5,Different,6,1,,,,,,5,0,0.746,1,14,30,6,1,,,,,
,,,,,,,,,,,,,,,664f98c80beb5400a141ac91,2025-01-21_20h02.42.192,VisualArraysMentalRotation_v4,2021.1.4,MacIntel,58.82352941,679054f2072d526265aabff2,67906cd985ca9bd1651b2174,,,,,,,,,,,,,,,,,,,,,,,,,,,,,,"[45,0,0,0,-45]","[90,0,90,45,45]",,Red_2,"[45,0,0,0,-45]","[90,0,90,45,45]",,,,,,,,,RED,5,Same,5,3,,,,,,6,0,0.84,1,15,31,3,1,,,,,
,,,,,,,,,,,,,,,664f98c80beb5400a141ac91,2025-01-21_20h02.42.192,VisualArraysMentalRotation_v4,2021.1.4,MacIntel,58.82352941,679054f2072d526265aabff2,67906cd985ca9bd1651b2174,,,,,,,,,,,,,,,,,,,,,,,,,,,,,,"[-45,-45,45,-45,-45]","[45,90,45,-45,45]",,Blue_1,"[-45,-45,45,-45,-45]","[-45,90,45,-45,45]",,,,,,,,,BLUE,3,Different,6,3,,,,,,5,0,0.461,2,0,32,13,1,,,,,
,,,,,,,,,,,,,,,664f98c80beb5400a141ac91,2025-01-21_20h02.42.192,VisualArraysMentalRotation_v4,2021.1.4,MacIntel,58.82352941,679054f2072d526265aabff2,67906cd985ca9bd1651b2174,,,,,,,,,,,,,,,,,,,,,,,,,,,,,,"[90,90,-45,0,0]","[-45,90,-45,90,90]",,Red_2,"[90,-45,-45,0,0]","[-45,90,-45,90,90]",,,,,,,,,RED,3,Different,6,1,,,,,,5,0,1.055,2,1,33,4,1,,,,,
,,,,,,,,,,,,,,,664f98c80beb5400a141ac91,2025-01-21_20h02.42.192,VisualArraysMentalRotation_v4,2021.1.4,MacIntel,58.82352941,679054f2072d526265aabff2,67906cd985ca9bd1651b2174,,,,,,,,,,,,,,,,,,,,,,,,,,,,,,"[0,45,0,90,0]","[45,0,0,90,45]",,Blue_4,"[0,45,0,90,0]","[45,0,0,-45,45]",,,,,,,,,BLUE,5,Different,6,3,,,,,,5,0,1.091,2,2,34,15,1,,,,,
,,,,,,,,,,,,,,,664f98c80beb5400a141ac91,2025-01-21_20h02.42.192,VisualArraysMentalRotation_v4,2021.1.4,MacIntel,58.82352941,679054f2072d526265aabff2,67906cd985ca9bd1651b2174,,,,,,,,,,,,,,,,,,,,,,,,,,,,,,"[90,45,45,0,0]","[-45,90,45,45,-45]",,Red_5,"[90,45,45,0,45]","[-45,90,45,45,-45]",,,,,,,,,RED,5,Different,6,1,,,,,,6,1,0.372,2,3,35,6,1,,,,,
,,,,,,,,,,,,,,,664f98c80beb5400a141ac91,2025-01-21_20h02.42.192,VisualArraysMentalRotation_v4,2021.1.4,MacIntel,58.82352941,679054f2072d526265aabff2,67906cd985ca9bd1651b2174,,,,,,,,,,,,,,,,,,,,,,,,,,,,,,"[90,-45,45,0,45]","[45,45,0,90,-45]",,Red_5,"[90,-45,45,0,0]","[45,45,0,90,-45]",,,,,,,,,RED,5,Different,6,3,,,,,,6,1,1.295,2,4,36,7,1,,,,,
,,,,,,,,,,,,,,,664f98c80beb5400a141ac91,2025-01-21_20h02.42.192,VisualArraysMentalRotation_v4,2021.1.4,MacIntel,58.82352941,679054f2072d526265aabff2,67906cd985ca9bd1651b2174,,,,,,,,,,,,,,,,,,,,,,,,,,,,,,"[45,90,0,-45,45]","[0,90,90,45,90]",,Red_3,"[45,90,0,-45,45]","[0,90,90,45,90]",,,,,,,,,RED,3,Same,5,3,,,,,,5,1,0.626,2,5,37,1,1,,,,,
,,,,,,,,,,,,,,,664f98c80beb5400a141ac91,2025-01-21_20h02.42.192,VisualArraysMentalRotation_v4,2021.1.4,MacIntel,58.82352941,679054f2072d526265aabff2,67906cd985ca9bd1651b2174,,,,,,,,,,,,,,,,,,,,,,,,,,,,,,"[0,-45,45,45,90]","[-45,0,0,45,45]",,Blue_4,"[0,-45,45,45,90]","[-45,0,0,45,45]",,,,,,,,,BLUE,5,Same,5,1,,,,,,5,1,0.743,2,6,38,10,1,,,,,
,,,,,,,,,,,,,,,664f98c80beb5400a141ac91,2025-01-21_20h02.42.192,VisualArraysMentalRotation_v4,2021.1.4,MacIntel,58.82352941,679054f2072d526265aabff2,67906cd985ca9bd1651b2174,,,,,,,,,,,,,,,,,,,,,,,,,,,,,,"[45,45,0,0,0]","[90,0,-45,45,90]",,Red_3,"[45,45,0,0,0]","[90,0,-45,45,90]",,,,,,,,,RED,5,Same,5,1,,,,,,6,0,0.9,2,7,39,2,1,,,,,
,,,,,,,,,,,,,,,664f98c80beb5400a141ac91,2025-01-21_20h02.42.192,VisualArraysMentalRotation_v4,2021.1.4,MacIntel,58.82352941,679054f2072d526265aabff2,67906cd985ca9bd1651b2174,,,,,,,,,,,,,,,,,,,,,,,,,,,,,,"[-45,45,90,45,45]","[-45,0,0,90,90]",,Blue_3,"[-45,45,90,45,45]","[-45,0,90,90,90]",,,,,,,,,BLUE,3,Different,6,1,,,,,,5,0,0.589,2,8,40,12,1,,,,,
,,,,,,,,,,,,,,,664f98c80beb5400a141ac91,2025-01-21_20h02.42.192,VisualArraysMentalRotation_v4,2021.1.4,MacIntel,58.82352941,679054f2072d526265aabff2,67906cd985ca9bd1651b2174,,,,,,,,,,,,,,,,,,,,,,,,,,,,,,"[0,90,0,90,90]","[90,-45,-45,-45,90]",,Blue_5,"[0,90,0,90,90]","[90,-45,-45,-45,90]",,,,,,,,,BLUE,5,Same,5,3,,,,,,5,1,1.856,2,9,41,11,1,,,,,
,,,,,,,,,,,,,,,664f98c80beb5400a141ac91,2025-01-21_20h02.42.192,VisualArraysMentalRotation_v4,2021.1.4,MacIntel,58.82352941,679054f2072d526265aabff2,67906cd985ca9bd1651b2174,,,,,,,,,,,,,,,,,,,,,,,,,,,,,,"[90,-45,0,-45,45]","[45,45,90,45,45]",,Blue_5,"[90,-45,0,-45,45]","[45,45,90,45,0]",,,,,,,,,BLUE,5,Different,6,1,,,,,,5,0,0.924,2,10,42,14,1,,,,,
,,,,,,,,,,,,,,,664f98c80beb5400a141ac91,2025-01-21_20h02.42.192,VisualArraysMentalRotation_v4,2021.1.4,MacIntel,58.82352941,679054f2072d526265aabff2,67906cd985ca9bd1651b2174,,,,,,,,,,,,,,,,,,,,,,,,,,,,,,"[90,45,0,45,90]","[90,0,0,45,0]",,Red_1,"[90,45,0,45,90]","[90,0,0,45,0]",,,,,,,,,RED,5,Same,5,3,,,,,,6,0,6.072,2,11,43,3,1,,,,,
,,,,,,,,,,,,,,,664f98c80beb5400a141ac91,2025-01-21_20h02.42.192,VisualArraysMentalRotation_v4,2021.1.4,MacIntel,58.82352941,679054f2072d526265aabff2,67906cd985ca9bd1651b2174,,,,,,,,,,,,,,,,,,,,,,,,,,,,,,"[0,90,45,-45,-45]","[0,-45,90,45,45]",,Red_3,"[0,90,45,-45,-45]","[0,-45,90,45,45]",,,,,,,,,RED,3,Same,5,1,,,,,,6,0,0.995,2,12,44,0,1,,,,,
,,,,,,,,,,,,,,,664f98c80beb5400a141ac91,2025-01-21_20h02.42.192,VisualArraysMentalRotation_v4,2021.1.4,MacIntel,58.82352941,679054f2072d526265aabff2,67906cd985ca9bd1651b2174,,,,,,,,,,,,,,,,,,,,,,,,,,,,,,"[45,45,-45,90,90]","[90,-45,0,0,45]",,Blue_1,"[45,45,-45,90,90]","[90,-45,0,0,45]",,,,,,,,,BLUE,3,Same,5,3,,,,,,5,1,0.674,2,13,45,9,1,,,,,
,,,,,,,,,,,,,,,664f98c80beb5400a141ac91,2025-01-21_20h02.42.192,VisualArraysMentalRotation_v4,2021.1.4,MacIntel,58.82352941,679054f2072d526265aabff2,67906cd985ca9bd1651b2174,,,,,,,,,,,,,,,,,,,,,,,,,,,,,,"[-45,0,0,45,90]","[90,90,0,45,0]",,Blue_1,"[-45,0,0,45,90]","[90,90,0,45,0]",,,,,,,,,BLUE,3,Same,5,1,,,,,,5,1,0.659,2,14,46,8,1,,,,,
,,,,,,,,,,,,,,,664f98c80beb5400a141ac91,2025-01-21_20h02.42.192,VisualArraysMentalRotation_v4,2021.1.4,MacIntel,58.82352941,679054f2072d526265aabff2,67906cd985ca9bd1651b2174,,,,,,,,,,,,,,,,,,,,,,,,,,,,,,"[0,45,-45,45,0]","[45,90,90,45,45]",,Red_1,"[-45,45,-45,45,0]","[45,90,90,45,45]",,,,,,,,,RED,3,Different,6,3,,,,,,5,0,0.766,2,15,47,5,1,,,,,
,,,,,,,,,,,,,,,664f98c80beb5400a141ac91,2025-01-21_20h02.42.192,VisualArraysMentalRotation_v4,2021.1.4,MacIntel,58.82352941,679054f2072d526265aabff2,67906cd985ca9bd1651b2174,,,,,,,,,,,,,,,,,,,,,,,,,,,,,,"[0,45,90,90,-45]","[0,-45,45,0,-45]",,Blue_4,"[0,45,90,90,-45]","[0,-45,45,0,-45]",,,,,,,,,BLUE,5,Same,5,3,,,,,,5,1,0.822,3,0,48,11,1,,,,,
,,,,,,,,,,,,,,,664f98c80beb5400a141ac91,2025-01-21_20h02.42.192,VisualArraysMentalRotation_v4,2021.1.4,MacIntel,58.82352941,679054f2072d526265aabff2,67906cd985ca9bd1651b2174,,,,,,,,,,,,,,,,,,,,,,,,,,,,,,"[-45,0,90,0,90]","[0,0,90,-45,90]",,Blue_2,"[-45,0,90,0,90]","[0,0,90,-45,90]",,,,,,,,,BLUE,3,Same,5,3,,,,,,5,1,0.622,3,1,49,9,1,,,,,
,,,,,,,,,,,,,,,664f98c80beb5400a141ac91,2025-01-21_20h02.42.192,VisualArraysMentalRotation_v4,2021.1.4,MacIntel,58.82352941,679054f2072d526265aabff2,67906cd985ca9bd1651b2174,,,,,,,,,,,,,,,,,,,,,,,,,,,,,,"[45,0,45,90,-45]","[0,-45,0,-45,45]",,Blue_1,"[45,0,45,90,-45]","[0,-45,0,-45,45]",,,,,,,,,BLUE,5,Same,5,1,,,,,,5,1,0.609,3,2,50,10,1,,,,,
,,,,,,,,,,,,,,,664f98c80beb5400a141ac91,2025-01-21_20h02.42.192,VisualArraysMentalRotation_v4,2021.1.4,MacIntel,58.82352941,679054f2072d526265aabff2,67906cd985ca9bd1651b2174,,,,,,,,,,,,,,,,,,,,,,,,,,,,,,"[45,90,-45,45,45]","[45,45,-45,-45,0]",,Red_4,"[45,90,-45,45,45]","[45,45,-45,-45,0]",,,,,,,,,RED,5,Same,5,3,,,,,,5,1,1.072,3,3,51,3,1,,,,,
,,,,,,,,,,,,,,,664f98c80beb5400a141ac91,2025-01-21_20h02.42.192,VisualArraysMentalRotation_v4,2021.1.4,MacIntel,58.82352941,679054f2072d526265aabff2,67906cd985ca9bd1651b2174,,,,,,,,,,,,,,,,,,,,,,,,,,,,,,"[45,-45,90,45,45]","[45,90,-45,90,-45]",,Red_2,"[45,-45,90,45,45]","[45,90,-45,90,-45]",,,,,,,,,RED,3,Same,5,1,,,,,,5,1,0.639,3,4,52,0,1,,,,,
,,,,,,,,,,,,,,,664f98c80beb5400a141ac91,2025-01-21_20h02.42.192,VisualArraysMentalRotation_v4,2021.1.4,MacIntel,58.82352941,679054f2072d526265aabff2,67906cd985ca9bd1651b2174,,,,,,,,,,,,,,,,,,,,,,,,,,,,,,"[90,0,-45,-45,90]","[45,45,90,45,-45]",,Blue_2,"[90,0,-45,-45,90]","[45,90,90,45,-45]",,,,,,,,,BLUE,3,Different,6,1,,,,,,6,1,0.775,3,5,53,12,1,,,,,
,,,,,,,,,,,,,,,664f98c80beb5400a141ac91,2025-01-21_20h02.42.192,VisualArraysMentalRotation_v4,2021.1.4,MacIntel,58.82352941,679054f2072d526265aabff2,67906cd985ca9bd1651b2174,,,,,,,,,,,,,,,,,,,,,,,,,,,,,,"[-45,90,0,90,45]","[-45,90,0,0,0]",,Red_3,"[-45,90,-45,90,45]","[-45,90,0,0,0]",,,,,,,,,RED,3,Different,6,1,,,,,,5,0,0.639,3,6,54,4,1,,,,,
,,,,,,,,,,,,,,,664f98c80beb5400a141ac91,2025-01-21_20h02.42.192,VisualArraysMentalRotation_v4,2021.1.4,MacIntel,58.82352941,679054f2072d526265aabff2,67906cd985ca9bd1651b2174,,,,,,,,,,,,,,,,,,,,,,,,,,,,,,"[45,-45,0,45,-45]","[45,90,-45,90,0]",,Blue_2,"[45,-45,0,45,-45]","[45,90,-45,90,0]",,,,,,,,,BLUE,3,Same,5,1,,,,,,6,0,1.123,3,7,55,8,1,,,,,
,,,,,,,,,,,,,,,664f98c80beb5400a141ac91,2025-01-21_20h02.42.192,VisualArraysMentalRotation_v4,2021.1.4,MacIntel,58.82352941,679054f2072d526265aabff2,67906cd985ca9bd1651b2174,,,,,,,,,,,,,,,,,,,,,,,,,,,,,,"[-45,-45,45,0,45]","[0,45,0,90,45]",,Red_3,"[-45,-45,45,0,45]","[0,45,0,90,45]",,,,,,,,,RED,3,Same,5,3,,,,,,6,0,1.229,3,8,56,1,1,,,,,
,,,,,,,,,,,,,,,664f98c80beb5400a141ac91,2025-01-21_20h02.42.192,VisualArraysMentalRotation_v4,2021.1.4,MacIntel,58.82352941,679054f2072d526265aabff2,67906cd985ca9bd1651b2174,,,,,,,,,,,,,,,,,,,,,,,,,,,,,,"[45,-45,45,-45,0]","[90,45,0,45,0]",,Blue_1,"[45,-45,45,-45,0]","[-45,45,0,45,0]",,,,,,,,,BLUE,5,Different,6,3,,,,,,5,0,0.623,3,9,57,15,1,,,,,
,,,,,,,,,,,,,,,664f98c80beb5400a141ac91,2025-01-21_20h02.42.192,VisualArraysMentalRotation_v4,2021.1.4,MacIntel,58.82352941,679054f2072d526265aabff2,67906cd985ca9bd1651b2174,,,,,,,,,,,,,,,,,,,,,,,,,,,,,,"[90,-45,0,0,-45]","[45,45,45,45,45]",,Red_4,"[90,-45,0,45,-45]","[45,45,45,45,45]",,,,,,,,,RED,5,Different,6,1,,,,,,6,1,2.539,3,10,58,6,1,,,,,
,,,,,,,,,,,,,,,664f98c80beb5400a141ac91,2025-01-21_20h02.42.192,VisualArraysMentalRotation_v4,2021.1.4,MacIntel,58.82352941,679054f2072d526265aabff2,67906cd985ca9bd1651b2174,,,,,,,,,,,,,,,,,,,,,,,,,,,,,,"[0,-45,0,90,0]","[-45,45,-45,0,-45]",,Blue_2,"[0,-45,0,90,0]","[-45,0,-45,0,-45]",,,,,,,,,BLUE,3,Different,6,3,,,,,,5,0,0.655,3,11,59,13,1,,,,,
,,,,,,,,,,,,,,,664f98c80beb5400a141ac91,2025-01-21_20h02.42.192,VisualArraysMentalRotation_v4,2021.1.4,MacIntel,58.82352941,679054f2072d526265aabff2,67906cd985ca9bd1651b2174,,,,,,,,,,,,,,,,,,,,,,,,,,,,,,"[-45,90,90,0,-45]","[90,0,90,90,45]",,Red_2,"[-45,-45,90,0,-45]","[90,0,90,90,45]",,,,,,,,,RED,5,Different,6,3,,,,,,5,0,0.673,3,12,60,7,1,,,,,
,,,,,,,,,,,,,,,664f98c80beb5400a141ac91,2025-01-21_20h02.42.192,VisualArraysMentalRotation_v4,2021.1.4,MacIntel,58.82352941,679054f2072d526265aabff2,67906cd985ca9bd1651b2174,,,,,,,,,,,,,,,,,,,,,,,,,,,,,,"[90,-45,90,0,90]","[45,0,0,-45,45]",,Red_3,"[90,-45,-45,0,90]","[45,0,0,-45,45]",,,,,,,,,RED,3,Different,6,3,,,,,,6,1,0.774,3,13,61,5,1,,,,,
,,,,,,,,,,,,,,,664f98c80beb5400a141ac91,2025-01-21_20h02.42.192,VisualArraysMentalRotation_v4,2021.1.4,MacIntel,58.82352941,679054f2072d526265aabff2,67906cd985ca9bd1651b2174,,,,,,,,,,,,,,,,,,,,,,,,,,,,,,"[90,0,0,0,90]","[-45,-45,0,90,0]",,Blue_1,"[90,0,0,0,90]","[90,-45,0,90,0]",,,,,,,,,BLUE,5,Different,6,1,,,,,,5,0,0.888,3,14,62,14,1,,,,,
,,,,,,,,,,,,,,,664f98c80beb5400a141ac91,2025-01-21_20h02.42.192,VisualArraysMentalRotation_v4,2021.1.4,MacIntel,58.82352941,679054f2072d526265aabff2,67906cd985ca9bd1651b2174,,,,,,,,,,,,,,,,,,,,,,,,,,,,,,"[-45,0,90,90,90]","[0,-45,-45,0,-45]",,Red_5,"[-45,0,90,90,90]","[0,-45,-45,0,-45]",,,,,,,,,RED,5,Same,5,1,,,,,,5,1,0.622,3,15,63,2,1,,,,,
,,,,,,,,,,,,,,,664f98c80beb5400a141ac91,2025-01-21_20h02.42.192,VisualArraysMentalRotation_v4,2021.1.4,MacIntel,58.82352941,679054f2072d526265aabff2,67906cd985ca9bd1651b2174,,,,,,,,,,,,,,,,,,,,,,,,,,,,,,"[90,45,90,45,90]","[45,0,90,45,90]",,Red_1,"[90,45,90,45,90]","[45,0,90,45,90]",,,,,,,,,RED,3,Same,5,1,,,,,,5,1,0.573,4,0,64,0,1,,,,,
,,,,,,,,,,,,,,,664f98c80beb5400a141ac91,2025-01-21_20h02.42.192,VisualArraysMentalRotation_v4,2021.1.4,MacIntel,58.82352941,679054f2072d526265aabff2,67906cd985ca9bd1651b2174,,,,,,,,,,,,,,,,,,,,,,,,,,,,,,"[90,90,-45,-45,0]","[-45,0,-45,0,90]",,Red_2,"[90,45,-45,-45,0]","[-45,0,-45,0,90]",,,,,,,,,RED,3,Different,6,3,,,,,,5,0,0.779,4,1,65,5,1,,,,,
,,,,,,,,,,,,,,,664f98c80beb5400a141ac91,2025-01-21_20h02.42.192,VisualArraysMentalRotation_v4,2021.1.4,MacIntel,58.82352941,679054f2072d526265aabff2,67906cd985ca9bd1651b2174,,,,,,,,,,,,,,,,,,,,,,,,,,,,,,"[45,45,45,45,-45]","[0,-45,-45,90,0]",,Blue_4,"[45,45,45,45,-45]","[0,-45,-45,-45,0]",,,,,,,,,BLUE,5,Different,6,3,,,,,,5,0,0.805,4,2,66,15,1,,,,,
,,,,,,,,,,,,,,,664f98c80beb5400a141ac91,2025-01-21_20h02.42.192,VisualArraysMentalRotation_v4,2021.1.4,MacIntel,58.82352941,679054f2072d526265aabff2,67906cd985ca9bd1651b2174,,,,,,,,,,,,,,,,,,,,,,,,,,,,,,"[45,90,90,45,-45]","[-45,-45,90,-45,45]",,Red_1,"[45,90,90,45,-45]","[-45,-45,90,-45,45]",,,,,,,,,RED,3,Same,5,3,,,,,,5,1,0.689,4,3,67,1,1,,,,,
,,,,,,,,,,,,,,,664f98c80beb5400a141ac91,2025-01-21_20h02.42.192,VisualArraysMentalRotation_v4,2021.1.4,MacIntel,58.82352941,679054f2072d526265aabff2,67906cd985ca9bd1651b2174,,,,,,,,,,,,,,,,,,,,,,,,,,,,,,"[90,45,45,90,45]","[90,90,45,90,-45]",,Blue_3,"[90,45,45,90,45]","[90,90,45,90,-45]",,,,,,,,,BLUE,3,Same,5,3,,,,,,5,1,0.588,4,4,68,9,1,,,,,
,,,,,,,,,,,,,,,664f98c80beb5400a141ac91,2025-01-21_20h02.42.192,VisualArraysMentalRotation_v4,2021.1.4,MacIntel,58.82352941,679054f2072d526265aabff2,67906cd985ca9bd1651b2174,,,,,,,,,,,,,,,,,,,,,,,,,,,,,,"[90,45,0,-45,0]","[0,-45,-45,45,90]",,Red_2,"[90,90,0,-45,0]","[0,-45,-45,45,90]",,,,,,,,,RED,5,Different,6,3,,,,,,6,1,0.456,4,5,69,7,1,,,,,
,,,,,,,,,,,,,,,664f98c80beb5400a141ac91,2025-01-21_20h02.42.192,VisualArraysMentalRotation_v4,2021.1.4,MacIntel,58.82352941,679054f2072d526265aabff2,67906cd985ca9bd1651b2174,,,,,,,,,,,,,,,,,,,,,,,,,,,,,,"[90,0,-45,-45,45]","[45,45,-45,-45,-45]",,Blue_2,"[90,0,-45,-45,45]","[45,-45,-45,-45,-45]",,,,,,,,,BLUE,3,Different,6,3,,,,,,6,1,1.006,4,6,70,13,1,,,,,
,,,,,,,,,,,,,,,664f98c80beb5400a141ac91,2025-01-21_20h02.42.192,VisualArraysMentalRotation_v4,2021.1.4,MacIntel,58.82352941,679054f2072d526265aabff2,67906cd985ca9bd1651b2174,,,,,,,,,,,,,,,,,,,,,,,,,,,,,,"[-45,-45,90,0,-45]","[-45,45,45,45,0]",,Blue_1,"[-45,-45,90,0,-45]","[0,45,45,45,0]",,,,,,,,,BLUE,3,Different,6,1,,,,,,5,0,0.621,4,7,71,12,1,,,,,
,,,,,,,,,,,,,,,664f98c80beb5400a141ac91,2025-01-21_20h02.42.192,VisualArraysMentalRotation_v4,2021.1.4,MacIntel,58.82352941,679054f2072d526265aabff2,67906cd985ca9bd1651b2174,,,,,,,,,,,,,,,,,,,,,,,,,,,,,,"[90,-45,0,-45,0]","[0,-45,45,45,90]",,Blue_2,"[90,-45,0,-45,0]","[0,-45,45,45,90]",,,,,,,,,BLUE,5,Same,5,3,,,,,,5,1,0.773,4,8,72,11,1,,,,,
,,,,,,,,,,,,,,,664f98c80beb5400a141ac91,2025-01-21_20h02.42.192,VisualArraysMentalRotation_v4,2021.1.4,MacIntel,58.82352941,679054f2072d526265aabff2,67906cd985ca9bd1651b2174,,,,,,,,,,,,,,,,,,,,,,,,,,,,,,"[0,0,90,45,0]","[0,0,-45,-45,-45]",,Red_5,"[0,0,90,45,0]","[0,0,-45,-45,-45]",,,,,,,,,RED,5,Same,5,1,,,,,,6,0,1.539,4,9,73,2,1,,,,,
,,,,,,,,,,,,,,,664f98c80beb5400a141ac91,2025-01-21_20h02.42.192,VisualArraysMentalRotation_v4,2021.1.4,MacIntel,58.82352941,679054f2072d526265aabff2,67906cd985ca9bd1651b2174,,,,,,,,,,,,,,,,,,,,,,,,,,,,,,"[90,0,-45,90,-45]","[0,90,90,90,-45]",,Red_3,"[90,0,-45,90,-45]","[0,90,90,90,-45]",,,,,,,,,RED,5,Same,5,3,,,,,,5,1,0.994,4,10,74,3,1,,,,,
,,,,,,,,,,,,,,,664f98c80beb5400a141ac91,2025-01-21_20h02.42.192,VisualArraysMentalRotation_v4,2021.1.4,MacIntel,58.82352941,679054f2072d526265aabff2,67906cd985ca9bd1651b2174,,,,,,,,,,,,,,,,,,,,,,,,,,,,,,"[0,90,45,-45,-45]","[0,45,45,90,45]",,Red_1,"[90,90,45,-45,-45]","[0,45,45,90,45]",,,,,,,,,RED,3,Different,6,1,,,,,,6,1,0.817,4,11,75,4,1,,,,,
,,,,,,,,,,,,,,,664f98c80beb5400a141ac91,2025-01-21_20h02.42.192,VisualArraysMentalRotation_v4,2021.1.4,MacIntel,58.82352941,679054f2072d526265aabff2,67906cd985ca9bd1651b2174,,,,,,,,,,,,,,,,,,,,,,,,,,,,,,"[90,-45,45,90,45]","[-45,45,-45,90,0]",,Red_1,"[-45,-45,45,90,45]","[-45,45,-45,90,0]",,,,,,,,,RED,5,Different,6,1,,,,,,6,1,0.811,4,12,76,6,1,,,,,
,,,,,,,,,,,,,,,664f98c80beb5400a141ac91,2025-01-21_20h02.42.192,VisualArraysMentalRotation_v4,2021.1.4,MacIntel,58.82352941,679054f2072d526265aabff2,67906cd985ca9bd1651b2174,,,,,,,,,,,,,,,,,,,,,,,,,,,,,,"[45,45,0,-45,45]","[45,-45,-45,45,-45]",,Blue_2,"[45,45,0,-45,45]","[45,-45,-45,45,-45]",,,,,,,,,BLUE,3,Same,5,1,,,,,,5,1,0.545,4,13,77,8,1,,,,,
,,,,,,,,,,,,,,,664f98c80beb5400a141ac91,2025-01-21_20h02.42.192,VisualArraysMentalRotation_v4,2021.1.4,MacIntel,58.82352941,679054f2072d526265aabff2,67906cd985ca9bd1651b2174,,,,,,,,,,,,,,,,,,,,,,,,,,,,,,"[-45,45,90,45,45]","[90,45,45,90,0]",,Blue_5,"[-45,45,90,45,45]","[90,45,45,90,90]",,,,,,,,,BLUE,5,Different,6,1,,,,,,5,0,1.78,4,14,78,14,1,,,,,
,,,,,,,,,,,,,,,664f98c80beb5400a141ac91,2025-01-21_20h02.42.192,VisualArraysMentalRotation_v4,2021.1.4,MacIntel,58.82352941,679054f2072d526265aabff2,67906cd985ca9bd1651b2174,,,,,,,,,,,,,,,,,,,,,,,,,,,,,,"[-45,0,45,-45,0]","[45,90,45,90,0]",,Blue_4,"[-45,0,45,-45,0]","[45,90,45,90,0]",,,,,,,,,BLUE,5,Same,5,1,,,,,,5,1,0.94,4,15,79,10,1,,,,,
,,,,,,,,,,,,,,,664f98c80beb5400a141ac91,2025-01-21_20h02.42.192,VisualArraysMentalRotation_v4,2021.1.4,MacIntel,58.82352941,679054f2072d526265aabff2,67906cd985ca9bd1651b2174,,,,,,,,,,,,,,,,,,,,,,,,,,,,,,"[45,45,-45,0,45]","[-45,45,0,90,90]",,Red_3,"[45,45,90,0,45]","[-45,45,0,90,90]",,,,,,,,,RED,3,Different,6,1,,,,,,6,1,0.906,5,0,80,4,1,,,,,
,,,,,,,,,,,,,,,664f98c80beb5400a141ac91,2025-01-21_20h02.42.192,VisualArraysMentalRotation_v4,2021.1.4,MacIntel,58.82352941,679054f2072d526265aabff2,67906cd985ca9bd1651b2174,,,,,,,,,,,,,,,,,,,,,,,,,,,,,,"[45,90,90,45,-45]","[90,-45,-45,45,90]",,Red_1,"[90,90,90,45,-45]","[90,-45,-45,45,90]",,,,,,,,,RED,3,Different,6,3,,,,,,6,1,0.711,5,1,81,5,1,,,,,
,,,,,,,,,,,,,,,664f98c80beb5400a141ac91,2025-01-21_20h02.42.192,VisualArraysMentalRotation_v4,2021.1.4,MacIntel,58.82352941,679054f2072d526265aabff2,67906cd985ca9bd1651b2174,,,,,,,,,,,,,,,,,,,,,,,,,,,,,,"[90,90,-45,-45,90]","[90,0,45,0,0]",,Red_1,"[90,90,-45,-45,90]","[90,0,45,0,0]",,,,,,,,,RED,5,Same,5,3,,,,,,5,1,0.893,5,2,82,3,1,,,,,
,,,,,,,,,,,,,,,664f98c80beb5400a141ac91,2025-01-21_20h02.42.192,VisualArraysMentalRotation_v4,2021.1.4,MacIntel,58.82352941,679054f2072d526265aabff2,67906cd985ca9bd1651b2174,,,,,,,,,,,,,,,,,,,,,,,,,,,,,,"[0,-45,90,-45,45]","[45,0,0,45,-45]",,Blue_3,"[0,-45,90,-45,45]","[45,0,-45,45,-45]",,,,,,,,,BLUE,3,Different,6,1,,,,,,6,1,1.397,5,3,83,12,1,,,,,
,,,,,,,,,,,,,,,664f98c80beb5400a141ac91,2025-01-21_20h02.42.192,VisualArraysMentalRotation_v4,2021.1.4,MacIntel,58.82352941,679054f2072d526265aabff2,67906cd985ca9bd1651b2174,,,,,,,,,,,,,,,,,,,,,,,,,,,,,,"[45,-45,0,-45,0]","[-45,0,0,45,90]",,Red_2,"[45,90,0,-45,0]","[-45,0,0,45,90]",,,,,,,,,RED,5,Different,6,1,,,,,,5,0,0.822,5,4,84,6,1,,,,,
,,,,,,,,,,,,,,,664f98c80beb5400a141ac91,2025-01-21_20h02.42.192,VisualArraysMentalRotation_v4,2021.1.4,MacIntel,58.82352941,679054f2072d526265aabff2,67906cd985ca9bd1651b2174,,,,,,,,,,,,,,,,,,,,,,,,,,,,,,"[-45,-45,45,90,90]","[45,45,0,45,45]",,Blue_3,"[-45,-45,45,90,90]","[45,45,0,45,45]",,,,,,,,,BLUE,3,Same,5,1,,,,,,5,1,0.705,5,5,85,8,1,,,,,
,,,,,,,,,,,,,,,664f98c80beb5400a141ac91,2025-01-21_20h02.42.192,VisualArraysMentalRotation_v4,2021.1.4,MacIntel,58.82352941,679054f2072d526265aabff2,67906cd985ca9bd1651b2174,,,,,,,,,,,,,,,,,,,,,,,,,,,,,,"[0,90,-45,-45,90]","[-45,-45,0,90,-45]",,Blue_3,"[0,90,-45,-45,90]","[-45,-45,-45,90,-45]",,,,,,,,,BLUE,5,Different,6,3,,,,,,6,1,0.807,5,6,86,15,1,,,,,
,,,,,,,,,,,,,,,664f98c80beb5400a141ac91,2025-01-21_20h02.42.192,VisualArraysMentalRotation_v4,2021.1.4,MacIntel,58.82352941,679054f2072d526265aabff2,67906cd985ca9bd1651b2174,,,,,,,,,,,,,,,,,,,,,,,,,,,,,,"[0,45,-45,90,45]","[-45,45,-45,45,90]",,Blue_3,"[0,45,-45,90,45]","[-45,45,-45,45,90]",,,,,,,,,BLUE,5,Same,5,1,,,,,,5,1,0.656,5,7,87,10,1,,,,,
,,,,,,,,,,,,,,,664f98c80beb5400a141ac91,2025-01-21_20h02.42.192,VisualArraysMentalRotation_v4,2021.1.4,MacIntel,58.82352941,679054f2072d526265aabff2,67906cd985ca9bd1651b2174,,,,,,,,,,,,,,,,,,,,,,,,,,,,,,"[90,90,45,90,45]","[90,0,45,0,-45]",,Blue_4,"[90,90,45,90,45]","[90,0,45,0,-45]",,,,,,,,,BLUE,5,Same,5,3,,,,,,5,1,0.761,5,8,88,11,1,,,,,
,,,,,,,,,,,,,,,664f98c80beb5400a141ac91,2025-01-21_20h02.42.192,VisualArraysMentalRotation_v4,2021.1.4,MacIntel,58.82352941,679054f2072d526265aabff2,67906cd985ca9bd1651b2174,,,,,,,,,,,,,,,,,,,,,,,,,,,,,,"[90,-45,45,0,45]","[45,45,45,-45,45]",,Blue_3,"[90,-45,45,0,45]","[45,45,45,-45,45]",,,,,,,,,BLUE,3,Same,5,3,,,,,,5,1,0.745,5,9,89,9,1,,,,,
,,,,,,,,,,,,,,,664f98c80beb5400a141ac91,2025-01-21_20h02.42.192,VisualArraysMentalRotation_v4,2021.1.4,MacIntel,58.82352941,679054f2072d526265aabff2,67906cd985ca9bd1651b2174,,,,,,,,,,,,,,,,,,,,,,,,,,,,,,"[90,45,0,-45,0]","[45,-45,90,0,90]",,Blue_1,"[90,45,0,-45,0]","[-45,-45,90,0,90]",,,,,,,,,BLUE,5,Different,6,1,,,,,,5,0,0.689,5,10,90,14,1,,,,,
,,,,,,,,,,,,,,,664f98c80beb5400a141ac91,2025-01-21_20h02.42.192,VisualArraysMentalRotation_v4,2021.1.4,MacIntel,58.82352941,679054f2072d526265aabff2,67906cd985ca9bd1651b2174,,,,,,,,,,,,,,,,,,,,,,,,,,,,,,"[0,45,-45,45,45]","[0,-45,45,-45,45]",,Red_5,"[0,45,-45,45,90]","[0,-45,45,-45,45]",,,,,,,,,RED,5,Different,6,3,,,,,,6,1,0.456,5,11,91,7,1,,,,,
,,,,,,,,,,,,,,,664f98c80beb5400a141ac91,2025-01-21_20h02.42.192,VisualArraysMentalRotation_v4,2021.1.4,MacIntel,58.82352941,679054f2072d526265aabff2,67906cd985ca9bd1651b2174,,,,,,,,,,,,,,,,,,,,,,,,,,,,,,"[45,0,90,0,-45]","[-45,45,45,45,0]",,Red_2,"[45,0,90,0,-45]","[-45,45,45,45,0]",,,,,,,,,RED,3,Same,5,1,,,,,,5,1,0.823,5,12,92,0,1,,,,,
,,,,,,,,,,,,,,,664f98c80beb5400a141ac91,2025-01-21_20h02.42.192,VisualArraysMentalRotation_v4,2021.1.4,MacIntel,58.82352941,679054f2072d526265aabff2,67906cd985ca9bd1651b2174,,,,,,,,,,,,,,,,,,,,,,,,,,,,,,"[0,45,0,-45,45]","[90,45,45,0,90]",,Red_3,"[0,45,0,-45,45]","[90,45,45,0,90]",,,,,,,,,RED,3,Same,5,3,,,,,,6,0,0.389,5,13,93,1,1,,,,,
,,,,,,,,,,,,,,,664f98c80beb5400a141ac91,2025-01-21_20h02.42.192,VisualArraysMentalRotation_v4,2021.1.4,MacIntel,58.82352941,679054f2072d526265aabff2,67906cd985ca9bd1651b2174,,,,,,,,,,,,,,,,,,,,,,,,,,,,,,"[45,90,45,-45,45]","[-45,45,0,-45,45]",,Red_5,"[45,90,45,-45,45]","[-45,45,0,-45,45]",,,,,,,,,RED,5,Same,5,1,,,,,,5,1,0.428,5,14,94,2,1,,,,,
,,,,,,,,,,,,,,,664f98c80beb5400a141ac91,2025-01-21_20h02.42.192,VisualArraysMentalRotation_v4,2021.1.4,MacIntel,58.82352941,679054f2072d526265aabff2,67906cd985ca9bd1651b2174,,,,,,,,,,,,,,,,,,,,,,,,,,,,,,"[45,-45,90,-45,0]","[45,-45,45,0,45]",,Blue_1,"[45,-45,90,-45,0]","[90,-45,45,0,45]",,,,,,,,,BLUE,3,Different,6,3,,,,,,6,1,0.774,5,15,95,13,1,,,,,
,,,,,,,,,,,,,,,664f98c80beb5400a141ac91,2025-01-21_20h02.42.192,VisualArraysMentalRotation_v4,2021.1.4,MacIntel,58.82352941,679054f2072d526265aabff2,67906cd985ca9bd1651b2174,,,,,,,,,,,,,,,,,,,,,,,,,,,,,,"[-45,45,-45,45,-45]","[0,90,90,-45,0]",,Blue_3,"[-45,45,-45,45,-45]","[0,90,90,-45,0]",,,,,,,,,BLUE,5,Same,5,1,,,,,,5,1,1.166,6,0,96,10,1,,,,,
,,,,,,,,,,,,,,,664f98c80beb5400a141ac91,2025-01-21_20h02.42.192,VisualArraysMentalRotation_v4,2021.1.4,MacIntel,58.82352941,679054f2072d526265aabff2,67906cd985ca9bd1651b2174,,,,,,,,,,,,,,,,,,,,,,,,,,,,,,"[-45,90,0,45,45]","[-45,0,45,0,90]",,Blue_4,"[-45,90,0,45,45]","[-45,0,45,45,90]",,,,,,,,,BLUE,5,Different,6,1,,,,,,5,0,1.109,6,1,97,14,1,,,,,
,,,,,,,,,,,,,,,664f98c80beb5400a141ac91,2025-01-21_20h02.42.192,VisualArraysMentalRotation_v4,2021.1.4,MacIntel,58.82352941,679054f2072d526265aabff2,67906cd985ca9bd1651b2174,,,,,,,,,,,,,,,,,,,,,,,,,,,,,,"[0,90,90,90,90]","[-45,90,-45,-45,90]",,Red_3,"[0,90,90,90,90]","[-45,90,-45,-45,90]",,,,,,,,,RED,3,Same,5,3,,,,,,6,0,0.728,6,2,98,1,1,,,,,
,,,,,,,,,,,,,,,664f98c80beb5400a141ac91,2025-01-21_20h02.42.192,VisualArraysMentalRotation_v4,2021.1.4,MacIntel,58.82352941,679054f2072d526265aabff2,67906cd985ca9bd1651b2174,,,,,,,,,,,,,,,,,,,,,,,,,,,,,,"[0,45,90,45,45]","[0,90,0,45,90]",,Red_4,"[0,45,90,45,45]","[0,90,0,45,90]",,,,,,,,,RED,5,Same,5,1,,,,,,5,1,0.727,6,3,99,2,1,,,,,
,,,,,,,,,,,,,,,664f98c80beb5400a141ac91,2025-01-21_20h02.42.192,VisualArraysMentalRotation_v4,2021.1.4,MacIntel,58.82352941,679054f2072d526265aabff2,67906cd985ca9bd1651b2174,,,,,,,,,,,,,,,,,,,,,,,,,,,,,,"[-45,0,-45,90,-45]","[90,45,90,90,-45]",,Red_3,"[-45,0,0,90,-45]","[90,45,90,90,-45]",,,,,,,,,RED,3,Different,6,3,,,,,,6,1,0.723,6,4,100,5,1,,,,,
,,,,,,,,,,,,,,,664f98c80beb5400a141ac91,2025-01-21_20h02.42.192,VisualArraysMentalRotation_v4,2021.1.4,MacIntel,58.82352941,679054f2072d526265aabff2,67906cd985ca9bd1651b2174,,,,,,,,,,,,,,,,,,,,,,,,,,,,,,"[-45,-45,0,45,-45]","[0,90,-45,45,90]",,Red_3,"[-45,-45,45,45,-45]","[0,90,-45,45,90]",,,,,,,,,RED,5,Different,6,1,,,,,,5,0,1.139,6,5,101,6,1,,,,,
,,,,,,,,,,,,,,,664f98c80beb5400a141ac91,2025-01-21_20h02.42.192,VisualArraysMentalRotation_v4,2021.1.4,MacIntel,58.82352941,679054f2072d526265aabff2,67906cd985ca9bd1651b2174,,,,,,,,,,,,,,,,,,,,,,,,,,,,,,"[-45,45,45,-45,90]","[-45,-45,90,45,90]",,Red_1,"[90,45,45,-45,90]","[-45,-45,90,45,90]",,,,,,,,,RED,3,Different,6,1,,,,,,6,1,0.739,6,6,102,4,1,,,,,
,,,,,,,,,,,,,,,664f98c80beb5400a141ac91,2025-01-21_20h02.42.192,VisualArraysMentalRotation_v4,2021.1.4,MacIntel,58.82352941,679054f2072d526265aabff2,67906cd985ca9bd1651b2174,,,,,,,,,,,,,,,,,,,,,,,,,,,,,,"[45,90,90,-45,90]","[-45,45,90,-45,0]",,Blue_5,"[45,90,90,-45,90]","[-45,45,90,-45,0]",,,,,,,,,BLUE,5,Same,5,3,,,,,,6,0,1.89,6,7,103,11,1,,,,,
,,,,,,,,,,,,,,,664f98c80beb5400a141ac91,2025-01-21_20h02.42.192,VisualArraysMentalRotation_v4,2021.1.4,MacIntel,58.82352941,679054f2072d526265aabff2,67906cd985ca9bd1651b2174,,,,,,,,,,,,,,,,,,,,,,,,,,,,,,"[0,90,45,90,-45]","[-45,45,45,-45,0]",,Red_5,"[0,90,45,90,-45]","[-45,45,45,-45,0]",,,,,,,,,RED,5,Same,5,3,,,,,,6,0,0.722,6,8,104,3,1,,,,,
,,,,,,,,,,,,,,,664f98c80beb5400a141ac91,2025-01-21_20h02.42.192,VisualArraysMentalRotation_v4,2021.1.4,MacIntel,58.82352941,679054f2072d526265aabff2,67906cd985ca9bd1651b2174,,,,,,,,,,,,,,,,,,,,,,,,,,,,,,"[0,-45,90,90,0]","[45,45,0,90,-45]",,Blue_5,"[0,-45,90,90,0]","[45,45,0,90,90]",,,,,,,,,BLUE,5,Different,6,3,,,,,,5,0,0.857,6,9,105,15,1,,,,,
,,,,,,,,,,,,,,,664f98c80beb5400a141ac91,2025-01-21_20h02.42.192,VisualArraysMentalRotation_v4,2021.1.4,MacIntel,58.82352941,679054f2072d526265aabff2,67906cd985ca9bd1651b2174,,,,,,,,,,,,,,,,,,,,,,,,,,,,,,"[0,45,45,-45,90]","[0,90,0,45,-45]",,Red_2,"[0,45,45,-45,90]","[0,90,0,45,-45]",,,,,,,,,RED,3,Same,5,1,,,,,,5,1,0.695,6,10,106,0,1,,,,,
,,,,,,,,,,,,,,,664f98c80beb5400a141ac91,2025-01-21_20h02.42.192,VisualArraysMentalRotation_v4,2021.1.4,MacIntel,58.82352941,679054f2072d526265aabff2,67906cd985ca9bd1651b2174,,,,,,,,,,,,,,,,,,,,,,,,,,,,,,"[-45,45,90,45,90]","[-45,45,-45,-45,45]",,Blue_2,"[-45,45,90,45,90]","[-45,45,-45,-45,45]",,,,,,,,,BLUE,3,Same,5,1,,,,,,5,1,0.506,6,11,107,8,1,,,,,
,,,,,,,,,,,,,,,664f98c80beb5400a141ac91,2025-01-21_20h02.42.192,VisualArraysMentalRotation_v4,2021.1.4,MacIntel,58.82352941,679054f2072d526265aabff2,67906cd985ca9bd1651b2174,,,,,,,,,,,,,,,,,,,,,,,,,,,,,,"[90,-45,90,45,45]","[-45,-45,0,45,-45]",,Blue_1,"[90,-45,90,45,45]","[-45,-45,0,45,-45]",,,,,,,,,BLUE,3,Same,5,3,,,,,,5,1,0.589,6,12,108,9,1,,,,,
,,,,,,,,,,,,,,,664f98c80beb5400a141ac91,2025-01-21_20h02.42.192,VisualArraysMentalRotation_v4,2021.1.4,MacIntel,58.82352941,679054f2072d526265aabff2,67906cd985ca9bd1651b2174,,,,,,,,,,,,,,,,,,,,,,,,,,,,,,"[-45,90,0,-45,0]","[90,90,45,-45,45]",,Blue_3,"[-45,90,0,-45,0]","[90,90,90,-45,45]",,,,,,,,,BLUE,3,Different,6,3,,,,,,6,1,0.439,6,13,109,13,1,,,,,
,,,,,,,,,,,,,,,664f98c80beb5400a141ac91,2025-01-21_20h02.42.192,VisualArraysMentalRotation_v4,2021.1.4,MacIntel,58.82352941,679054f2072d526265aabff2,67906cd985ca9bd1651b2174,,,,,,,,,,,,,,,,,,,,,,,,,,,,,,"[90,0,45,0,-45]","[45,45,90,-45,45]",,Blue_2,"[90,0,45,0,-45]","[45,0,90,-45,45]",,,,,,,,,BLUE,3,Different,6,1,,,,,,5,0,0.661,6,14,110,12,1,,,,,
,,,,,,,,,,,,,,,664f98c80beb5400a141ac91,2025-01-21_20h02.42.192,VisualArraysMentalRotation_v4,2021.1.4,MacIntel,58.82352941,679054f2072d526265aabff2,67906cd985ca9bd1651b2174,,,,,,,,,,,,,,,,,,,,,,,,,,,,,,"[-45,45,-45,-45,45]","[90,-45,0,90,-45]",,Red_3,"[-45,45,0,-45,45]","[90,-45,0,90,-45]",,,,,,,,,RED,5,Different,6,3,,,,,,6,1,2.205,6,15,111,7,1,,,,,
,,,,,,,,,,,,,,,664f98c80beb5400a141ac91,2025-01-21_20h02.42.192,VisualArraysMentalRotation_v4,2021.1.4,MacIntel,58.82352941,679054f2072d526265aabff2,67906cd985ca9bd1651b2174,,,,,,,,,,,,,,,,,,,,,,,,,,,,,,,,,,,,,,,,,,,,,,,,,,,,,,,,,,,,,,0,0,0,0,1
,,,,,,,,,,,,,,,664f98c80beb5400a141ac91,2025-01-21_20h02.42.192,VisualArraysMentalRotation_v4,2021.1.4,MacIntel,58.82352941,679054f2072d526265aabff2,67906cd985ca9bd1651b2174,,,,,,,,,,,,,,,,,,0,1,1,1,1,1,0,,,,,,,,,,,,,,,,,,,,,,,,,,,,,,,,,,,,,,,,,,
