TaskOrder,consent_final_key_resp.keys,consent_final_key_resp.rt,VA_InstructionsLoop.thisRepN,VA_InstructionsLoop.thisTrialN,VA_InstructionsLoop.thisN,VA_InstructionsLoop.thisIndex,VA_InstructionsLoop.ran,PROLIFIC_PID,date,expName,psychopyVersion,OS,frameRate,STUDY_ID,SESSION_ID,Red Orientations,Blue Orientations,VA_array_dur,Target Rectangle,New Red Orientations,New Blue Orientations,VA_PracResponse.keys,VA_PracResponse.corr,VA_PracResponse.rt,PracTrials.thisRepN,PracTrials.thisTrialN,PracTrials.thisN,PracTrials.thisIndex,PracTrials.ran,VA_Target,VA_TargetNumber,VA_Orientation,VA_Answer,VA_DelayDur,VA_PracTrialsSpeed.thisRepN,VA_PracTrialsSpeed.thisTrialN,VA_PracTrialsSpeed.thisN,VA_PracTrialsSpeed.thisIndex,VA_PracTrialsSpeed.ran,VA_TestResponse.keys,VA_TestResponse.corr,VA_TestResponse.rt,VA_TestTrials.thisRepN,VA_TestTrials.thisTrialN,VA_TestTrials.thisN,VA_TestTrials.thisIndex,VA_TestTrials.ran,VA_Task.thisRepN,VA_Task.thisTrialN,VA_Task.thisN,VA_Task.thisIndex,VA_Task.ran,TasksLoop.thisRepN,TasksLoop.thisTrialN,TasksLoop.thisN,TasksLoop.thisIndex,TasksLoop.ran,nRepsVA,nRepsMRT,MRTPracResponse.keys,MRTPracResponse.corr,MRTPracResponse.rt,MRTPracticeTrials.thisRepN,MRTPracticeTrials.thisTrialN,MRTPracticeTrials.thisN,MRTPracticeTrials.thisIndex,MRTPracticeTrials.ran,PracStimulus,PracDegRotation,PracType,MRTPracCorrectAns,MRT_prac_blocks.thisRepN,MRT_prac_blocks.thisTrialN,MRT_prac_blocks.thisN,MRT_prac_blocks.thisIndex,MRT_prac_blocks.ran,MRTStimulus,MRTType,MRTDegRotation,MRTCorrectAns,MRTTestResponse.keys,MRTTestResponse.corr,MRTTestResponse.rt,MRTTestTrials.thisRepN,MRTTestTrials.thisTrialN,MRTTestTrials.thisN,MRTTestTrials.thisIndex,MRTTestTrials.ran,MRT_Task.thisRepN,MRT_Task.thisTrialN,MRT_Task.thisN,MRT_Task.thisIndex,MRT_Task.ran
1,y,30.0068,0,0,0,0,1,6786d027b56713ac675fbbb1,2025-01-21_22h23.56.619,VisualArraysMentalRotation_v4,2021.1.4,Win32,59.17159763,679054f2072d526265aabff2,67907273fa1713c1b01b1ff2,,,,,,,,,,,,,,,,,,,,,,,,,,,,,,,,,,,,,,,,,,,,,,,,,,,,,,,,,,,,,,,,,,,,,,,,,,,,,,
,,,,,,,,6786d027b56713ac675fbbb1,2025-01-21_22h23.56.619,VisualArraysMentalRotation_v4,2021.1.4,Win32,59.17159763,679054f2072d526265aabff2,67907273fa1713c1b01b1ff2,"[45,45,-45,90,0]","[0,90,-45,0,90]",0.25,PracBlue_3,"[45,45,-45,90,0]","[0,90,-45,0,90]",5,1,6.2623,0,0,0,10,1,BLUE,5,Same,5,1,,,,,,,,,,,,,,,,,,,,,,,,,,,,,,,,,,,,,,,,,,,,,,,,,,,,,,,,,,,
,,,,,,,,6786d027b56713ac675fbbb1,2025-01-21_22h23.56.619,VisualArraysMentalRotation_v4,2021.1.4,Win32,59.17159763,679054f2072d526265aabff2,67907273fa1713c1b01b1ff2,"[0,45,0,90,90]","[45,-45,90,45,-45]",0.25,PracRed_5,"[0,45,0,90,90]","[45,-45,90,45,-45]",5,1,1.5551,0,1,1,2,1,RED,5,Same,5,1,,,,,,,,,,,,,,,,,,,,,,,,,,,,,,,,,,,,,,,,,,,,,,,,,,,,,,,,,,,
,,,,,,,,6786d027b56713ac675fbbb1,2025-01-21_22h23.56.619,VisualArraysMentalRotation_v4,2021.1.4,Win32,59.17159763,679054f2072d526265aabff2,67907273fa1713c1b01b1ff2,"[-45,-45,0,-45,0]","[90,-45,90,90,0]",0.25,PracBlue_2,"[-45,-45,0,-45,0]","[90,0,90,90,0]",6,1,1.2132,0,2,2,12,1,BLUE,3,Different,6,1,,,,,,,,,,,,,,,,,,,,,,,,,,,,,,,,,,,,,,,,,,,,,,,,,,,,,,,,,,,
,,,,,,,,6786d027b56713ac675fbbb1,2025-01-21_22h23.56.619,VisualArraysMentalRotation_v4,2021.1.4,Win32,59.17159763,679054f2072d526265aabff2,67907273fa1713c1b01b1ff2,"[-45,90,-45,45,45]","[45,-45,45,45,90]",0.25,PracRed_5,"[-45,90,-45,45,45]","[45,-45,45,45,90]",5,1,1.3892,0,3,3,3,1,RED,5,Same,5,3,,,,,,,,,,,,,,,,,,,,,,,,,,,,,,,,,,,,,,,,,,,,,,,,,,,,,,,,,,,
,,,,,,,,6786d027b56713ac675fbbb1,2025-01-21_22h23.56.619,VisualArraysMentalRotation_v4,2021.1.4,Win32,59.17159763,679054f2072d526265aabff2,67907273fa1713c1b01b1ff2,"[0,-45,90,-45,90]","[90,0,45,45,-45]",0.25,PracRed_4,"[0,-45,90,45,90]","[90,0,45,45,-45]",5,0,1.2534,0,4,4,6,1,RED,5,Different,6,1,,,,,,,,,,,,,,,,,,,,,,,,,,,,,,,,,,,,,,,,,,,,,,,,,,,,,,,,,,,
,,,,,,,,6786d027b56713ac675fbbb1,2025-01-21_22h23.56.619,VisualArraysMentalRotation_v4,2021.1.4,Win32,59.17159763,679054f2072d526265aabff2,67907273fa1713c1b01b1ff2,"[45,45,45,45,0]","[0,45,-45,90,90]",0.25,PracBlue_4,"[45,45,45,45,0]","[0,45,-45,45,90]",6,1,1.9616,0,5,5,15,1,BLUE,5,Different,6,3,,,,,,,,,,,,,,,,,,,,,,,,,,,,,,,,,,,,,,,,,,,,,,,,,,,,,,,,,,,
,,,,,,,,6786d027b56713ac675fbbb1,2025-01-21_22h23.56.619,VisualArraysMentalRotation_v4,2021.1.4,Win32,59.17159763,679054f2072d526265aabff2,67907273fa1713c1b01b1ff2,"[90,-45,-45,-45,45]","[0,90,-45,90,90]",0.25,PracBlue_2,"[90,-45,-45,-45,45]","[0,0,-45,90,90]",5,0,1.9675,0,6,6,14,1,BLUE,5,Different,6,1,,,,,,,,,,,,,,,,,,,,,,,,,,,,,,,,,,,,,,,,,,,,,,,,,,,,,,,,,,,
,,,,,,,,6786d027b56713ac675fbbb1,2025-01-21_22h23.56.619,VisualArraysMentalRotation_v4,2021.1.4,Win32,59.17159763,679054f2072d526265aabff2,67907273fa1713c1b01b1ff2,"[90,0,90,90,45]","[0,45,0,45,0]",0.25,PracRed_3,"[90,0,45,90,45]","[0,45,0,45,0]",6,1,1.5042,0,7,7,7,1,RED,5,Different,6,3,,,,,,,,,,,,,,,,,,,,,,,,,,,,,,,,,,,,,,,,,,,,,,,,,,,,,,,,,,,
,,,,,,,,6786d027b56713ac675fbbb1,2025-01-21_22h23.56.619,VisualArraysMentalRotation_v4,2021.1.4,Win32,59.17159763,679054f2072d526265aabff2,67907273fa1713c1b01b1ff2,"[90,-45,45,90,45]","[90,-45,90,90,45]",0.25,PracBlue_3,"[90,-45,45,90,45]","[90,-45,90,90,45]",5,1,1.257,0,8,8,9,1,BLUE,3,Same,5,3,,,,,,,,,,,,,,,,,,,,,,,,,,,,,,,,,,,,,,,,,,,,,,,,,,,,,,,,,,,
,,,,,,,,6786d027b56713ac675fbbb1,2025-01-21_22h23.56.619,VisualArraysMentalRotation_v4,2021.1.4,Win32,59.17159763,679054f2072d526265aabff2,67907273fa1713c1b01b1ff2,"[45,-45,90,90,-45]","[45,-45,90,-45,90]",0.25,PracRed_2,"[45,0,90,90,-45]","[45,-45,90,-45,90]",5,0,1.7862,0,9,9,5,1,RED,3,Different,6,3,,,,,,,,,,,,,,,,,,,,,,,,,,,,,,,,,,,,,,,,,,,,,,,,,,,,,,,,,,,
,,,,,,,,6786d027b56713ac675fbbb1,2025-01-21_22h23.56.619,VisualArraysMentalRotation_v4,2021.1.4,Win32,59.17159763,679054f2072d526265aabff2,67907273fa1713c1b01b1ff2,"[0,45,0,-45,-45]","[90,90,90,-45,90]",0.25,PracBlue_2,"[0,45,0,-45,-45]","[90,90,90,-45,90]",5,1,1.2605,0,10,10,8,1,BLUE,3,Same,5,1,,,,,,,,,,,,,,,,,,,,,,,,,,,,,,,,,,,,,,,,,,,,,,,,,,,,,,,,,,,
,,,,,,,,6786d027b56713ac675fbbb1,2025-01-21_22h23.56.619,VisualArraysMentalRotation_v4,2021.1.4,Win32,59.17159763,679054f2072d526265aabff2,67907273fa1713c1b01b1ff2,"[-45,90,45,45,0]","[-45,90,90,0,90]",0.25,PracBlue_3,"[-45,90,45,45,0]","[-45,90,90,0,90]",5,1,1.0684,0,11,11,11,1,BLUE,5,Same,5,3,,,,,,,,,,,,,,,,,,,,,,,,,,,,,,,,,,,,,,,,,,,,,,,,,,,,,,,,,,,
,,,,,,,,6786d027b56713ac675fbbb1,2025-01-21_22h23.56.619,VisualArraysMentalRotation_v4,2021.1.4,Win32,59.17159763,679054f2072d526265aabff2,67907273fa1713c1b01b1ff2,"[-45,90,-45,90,90]","[90,45,45,0,90]",0.25,PracRed_3,"[-45,90,-45,90,90]","[90,45,45,0,90]",5,1,0.9502,0,12,12,1,1,RED,3,Same,5,3,,,,,,,,,,,,,,,,,,,,,,,,,,,,,,,,,,,,,,,,,,,,,,,,,,,,,,,,,,,
,,,,,,,,6786d027b56713ac675fbbb1,2025-01-21_22h23.56.619,VisualArraysMentalRotation_v4,2021.1.4,Win32,59.17159763,679054f2072d526265aabff2,67907273fa1713c1b01b1ff2,"[-45,90,0,0,0]","[-45,45,0,45,45]",0.25,PracBlue_2,"[-45,90,0,0,0]","[-45,90,0,45,45]",6,1,1.1858,0,13,13,13,1,BLUE,3,Different,6,3,,,,,,,,,,,,,,,,,,,,,,,,,,,,,,,,,,,,,,,,,,,,,,,,,,,,,,,,,,,
,,,,,,,,6786d027b56713ac675fbbb1,2025-01-21_22h23.56.619,VisualArraysMentalRotation_v4,2021.1.4,Win32,59.17159763,679054f2072d526265aabff2,67907273fa1713c1b01b1ff2,"[45,-45,45,45,0]","[90,45,-45,90,0]",0.25,PracRed_2,"[45,0,45,45,0]","[90,45,-45,90,0]",6,1,1.3684,0,14,14,4,1,RED,3,Different,6,1,,,,,,,,,,,,,,,,,,,,,,,,,,,,,,,,,,,,,,,,,,,,,,,,,,,,,,,,,,,
,,,,,,,,6786d027b56713ac675fbbb1,2025-01-21_22h23.56.619,VisualArraysMentalRotation_v4,2021.1.4,Win32,59.17159763,679054f2072d526265aabff2,67907273fa1713c1b01b1ff2,"[90,-45,0,90,0]","[0,45,45,45,0]",0.25,PracRed_2,"[90,-45,0,90,0]","[0,45,45,45,0]",5,1,1.4783,0,15,15,0,1,RED,3,Same,5,1,,,,,,,,,,,,,,,,,,,,,,,,,,,,,,,,,,,,,,,,,,,,,,,,,,,,,,,,,,,
,,,,,,,,6786d027b56713ac675fbbb1,2025-01-21_22h23.56.619,VisualArraysMentalRotation_v4,2021.1.4,Win32,59.17159763,679054f2072d526265aabff2,67907273fa1713c1b01b1ff2,,,,,,,,,,,,,,,,,,,,0,0,0,0,1,,,,,,,,,,,,,,,,,,,,,,,,,,,,,,,,,,,,,,,,,,,,,,,,,,,,,,
,,,,,,,,6786d027b56713ac675fbbb1,2025-01-21_22h23.56.619,VisualArraysMentalRotation_v4,2021.1.4,Win32,59.17159763,679054f2072d526265aabff2,67907273fa1713c1b01b1ff2,"[0,0,90,45,-45]","[0,90,90,45,-45]",0.25,PracBlue_1,"[0,0,90,45,-45]","[45,90,90,45,-45]",6,1,1.4012,0,0,0,13,1,BLUE,3,Different,6,3,,,,,,,,,,,,,,,,,,,,,,,,,,,,,,,,,,,,,,,,,,,,,,,,,,,,,,,,,,,
,,,,,,,,6786d027b56713ac675fbbb1,2025-01-21_22h23.56.619,VisualArraysMentalRotation_v4,2021.1.4,Win32,59.17159763,679054f2072d526265aabff2,67907273fa1713c1b01b1ff2,"[45,90,90,90,90]","[45,0,90,-45,0]",0.25,PracRed_2,"[45,90,90,90,90]","[45,0,90,-45,0]",5,1,3.8079,0,1,1,2,1,RED,5,Same,5,1,,,,,,,,,,,,,,,,,,,,,,,,,,,,,,,,,,,,,,,,,,,,,,,,,,,,,,,,,,,
,,,,,,,,6786d027b56713ac675fbbb1,2025-01-21_22h23.56.619,VisualArraysMentalRotation_v4,2021.1.4,Win32,59.17159763,679054f2072d526265aabff2,67907273fa1713c1b01b1ff2,"[-45,45,0,90,45]","[45,45,90,45,-45]",0.25,PracBlue_3,"[-45,45,0,90,45]","[45,45,90,45,-45]",5,1,1.6006,0,2,2,10,1,BLUE,5,Same,5,1,,,,,,,,,,,,,,,,,,,,,,,,,,,,,,,,,,,,,,,,,,,,,,,,,,,,,,,,,,,
,,,,,,,,6786d027b56713ac675fbbb1,2025-01-21_22h23.56.619,VisualArraysMentalRotation_v4,2021.1.4,Win32,59.17159763,679054f2072d526265aabff2,67907273fa1713c1b01b1ff2,"[0,45,90,45,-45]","[45,90,-45,45,-45]",0.25,PracRed_2,"[0,45,90,45,-45]","[45,90,-45,45,-45]",5,1,1.2173,0,3,3,0,1,RED,3,Same,5,1,,,,,,,,,,,,,,,,,,,,,,,,,,,,,,,,,,,,,,,,,,,,,,,,,,,,,,,,,,,
,,,,,,,,6786d027b56713ac675fbbb1,2025-01-21_22h23.56.619,VisualArraysMentalRotation_v4,2021.1.4,Win32,59.17159763,679054f2072d526265aabff2,67907273fa1713c1b01b1ff2,"[45,45,0,45,90]","[0,90,45,90,45]",0.25,PracRed_1,"[45,45,0,45,90]","[0,90,45,90,45]",5,1,1.045,0,4,4,1,1,RED,3,Same,5,3,,,,,,,,,,,,,,,,,,,,,,,,,,,,,,,,,,,,,,,,,,,,,,,,,,,,,,,,,,,
,,,,,,,,6786d027b56713ac675fbbb1,2025-01-21_22h23.56.619,VisualArraysMentalRotation_v4,2021.1.4,Win32,59.17159763,679054f2072d526265aabff2,67907273fa1713c1b01b1ff2,"[90,45,0,-45,0]","[0,45,-45,45,0]",0.25,PracBlue_4,"[90,45,0,-45,0]","[0,45,-45,45,0]",5,1,1.809,0,5,5,11,1,BLUE,5,Same,5,3,,,,,,,,,,,,,,,,,,,,,,,,,,,,,,,,,,,,,,,,,,,,,,,,,,,,,,,,,,,
,,,,,,,,6786d027b56713ac675fbbb1,2025-01-21_22h23.56.619,VisualArraysMentalRotation_v4,2021.1.4,Win32,59.17159763,679054f2072d526265aabff2,67907273fa1713c1b01b1ff2,"[0,-45,45,-45,90]","[90,-45,0,0,45]",0.25,PracRed_5,"[0,-45,45,-45,-45]","[90,-45,0,0,45]",5,0,1.5276,0,6,6,6,1,RED,5,Different,6,1,,,,,,,,,,,,,,,,,,,,,,,,,,,,,,,,,,,,,,,,,,,,,,,,,,,,,,,,,,,
,,,,,,,,6786d027b56713ac675fbbb1,2025-01-21_22h23.56.619,VisualArraysMentalRotation_v4,2021.1.4,Win32,59.17159763,679054f2072d526265aabff2,67907273fa1713c1b01b1ff2,"[90,0,0,0,90]","[45,-45,90,45,-45]",0.25,PracBlue_1,"[90,0,0,0,90]","[45,-45,90,45,-45]",5,1,1.007,0,7,7,9,1,BLUE,3,Same,5,3,,,,,,,,,,,,,,,,,,,,,,,,,,,,,,,,,,,,,,,,,,,,,,,,,,,,,,,,,,,
,,,,,,,,6786d027b56713ac675fbbb1,2025-01-21_22h23.56.619,VisualArraysMentalRotation_v4,2021.1.4,Win32,59.17159763,679054f2072d526265aabff2,67907273fa1713c1b01b1ff2,"[90,90,90,-45,0]","[45,90,-45,0,45]",0.25,PracBlue_3,"[90,90,90,-45,0]","[45,90,0,0,45]",5,0,1.3086,0,8,8,15,1,BLUE,5,Different,6,3,,,,,,,,,,,,,,,,,,,,,,,,,,,,,,,,,,,,,,,,,,,,,,,,,,,,,,,,,,,
,,,,,,,,6786d027b56713ac675fbbb1,2025-01-21_22h23.56.619,VisualArraysMentalRotation_v4,2021.1.4,Win32,59.17159763,679054f2072d526265aabff2,67907273fa1713c1b01b1ff2,"[0,0,90,-45,0]","[45,-45,90,90,0]",0.25,PracRed_1,"[90,0,90,-45,0]","[45,-45,90,90,0]",6,1,1.1384,0,9,9,5,1,RED,3,Different,6,3,,,,,,,,,,,,,,,,,,,,,,,,,,,,,,,,,,,,,,,,,,,,,,,,,,,,,,,,,,,
,,,,,,,,6786d027b56713ac675fbbb1,2025-01-21_22h23.56.619,VisualArraysMentalRotation_v4,2021.1.4,Win32,59.17159763,679054f2072d526265aabff2,67907273fa1713c1b01b1ff2,"[0,45,45,-45,0]","[90,-45,0,-45,0]",0.25,PracBlue_1,"[0,45,45,-45,0]","[90,-45,0,-45,0]",5,1,1.6172,0,10,10,8,1,BLUE,3,Same,5,1,,,,,,,,,,,,,,,,,,,,,,,,,,,,,,,,,,,,,,,,,,,,,,,,,,,,,,,,,,,
,,,,,,,,6786d027b56713ac675fbbb1,2025-01-21_22h23.56.619,VisualArraysMentalRotation_v4,2021.1.4,Win32,59.17159763,679054f2072d526265aabff2,67907273fa1713c1b01b1ff2,"[45,-45,45,90,-45]","[90,0,-45,-45,90]",0.25,PracBlue_2,"[45,-45,45,90,-45]","[90,45,-45,-45,90]",5,0,1.2365,0,11,11,14,1,BLUE,5,Different,6,1,,,,,,,,,,,,,,,,,,,,,,,,,,,,,,,,,,,,,,,,,,,,,,,,,,,,,,,,,,,
,,,,,,,,6786d027b56713ac675fbbb1,2025-01-21_22h23.56.619,VisualArraysMentalRotation_v4,2021.1.4,Win32,59.17159763,679054f2072d526265aabff2,67907273fa1713c1b01b1ff2,"[45,90,90,-45,0]","[0,-45,0,45,90]",0.25,PracRed_3,"[45,90,0,-45,0]","[0,-45,0,45,90]",6,1,2.0867,0,12,12,4,1,RED,3,Different,6,1,,,,,,,,,,,,,,,,,,,,,,,,,,,,,,,,,,,,,,,,,,,,,,,,,,,,,,,,,,,
,,,,,,,,6786d027b56713ac675fbbb1,2025-01-21_22h23.56.619,VisualArraysMentalRotation_v4,2021.1.4,Win32,59.17159763,679054f2072d526265aabff2,67907273fa1713c1b01b1ff2,"[0,90,-45,0,-45]","[45,45,90,90,0]",0.25,PracRed_4,"[0,90,-45,0,-45]","[45,45,90,90,0]",6,0,1.7335,0,13,13,3,1,RED,5,Same,5,3,,,,,,,,,,,,,,,,,,,,,,,,,,,,,,,,,,,,,,,,,,,,,,,,,,,,,,,,,,,
,,,,,,,,6786d027b56713ac675fbbb1,2025-01-21_22h23.56.619,VisualArraysMentalRotation_v4,2021.1.4,Win32,59.17159763,679054f2072d526265aabff2,67907273fa1713c1b01b1ff2,"[0,-45,-45,90,45]","[0,45,45,0,90]",0.25,PracBlue_1,"[0,-45,-45,90,45]","[45,45,45,0,90]",6,1,1.2894,0,14,14,12,1,BLUE,3,Different,6,1,,,,,,,,,,,,,,,,,,,,,,,,,,,,,,,,,,,,,,,,,,,,,,,,,,,,,,,,,,,
,,,,,,,,6786d027b56713ac675fbbb1,2025-01-21_22h23.56.619,VisualArraysMentalRotation_v4,2021.1.4,Win32,59.17159763,679054f2072d526265aabff2,67907273fa1713c1b01b1ff2,"[0,45,45,0,-45]","[45,45,45,0,45]",0.25,PracRed_2,"[0,-45,45,0,-45]","[45,45,45,0,45]",6,1,1.5202,0,15,15,7,1,RED,5,Different,6,3,,,,,,,,,,,,,,,,,,,,,,,,,,,,,,,,,,,,,,,,,,,,,,,,,,,,,,,,,,,
,,,,,,,,6786d027b56713ac675fbbb1,2025-01-21_22h23.56.619,VisualArraysMentalRotation_v4,2021.1.4,Win32,59.17159763,679054f2072d526265aabff2,67907273fa1713c1b01b1ff2,,,,,,,,,,,,,,,,,,,,1,0,1,0,1,,,,,,,,,,,,,,,,,,,,,,,,,,,,,,,,,,,,,,,,,,,,,,,,,,,,,,
,,,,,,,,6786d027b56713ac675fbbb1,2025-01-21_22h23.56.619,VisualArraysMentalRotation_v4,2021.1.4,Win32,59.17159763,679054f2072d526265aabff2,67907273fa1713c1b01b1ff2,"[-45,-45,45,90,90]","[0,45,-45,90,90]",,Blue_1,"[-45,-45,45,90,90]","[45,45,-45,90,90]",,,,,,,,,BLUE,3,Different,6,3,,,,,,6,1,1.8033,0,0,0,13,1,,,,,,,,,,,,,,,,,,,,,,,,,,,,,,,,,,,,,,,,,,,,,,
,,,,,,,,6786d027b56713ac675fbbb1,2025-01-21_22h23.56.619,VisualArraysMentalRotation_v4,2021.1.4,Win32,59.17159763,679054f2072d526265aabff2,67907273fa1713c1b01b1ff2,"[0,-45,90,-45,0]","[-45,45,45,45,45]",,Red_5,"[0,-45,90,-45,0]","[-45,45,45,45,45]",,,,,,,,,RED,5,Same,5,3,,,,,,6,0,2.6632,0,1,1,3,1,,,,,,,,,,,,,,,,,,,,,,,,,,,,,,,,,,,,,,,,,,,,,,
,,,,,,,,6786d027b56713ac675fbbb1,2025-01-21_22h23.56.619,VisualArraysMentalRotation_v4,2021.1.4,Win32,59.17159763,679054f2072d526265aabff2,67907273fa1713c1b01b1ff2,"[90,90,0,90,0]","[90,-45,45,45,45]",,Red_5,"[90,90,0,90,90]","[90,-45,45,45,45]",,,,,,,,,RED,5,Different,6,3,,,,,,5,0,3.1391,0,2,2,7,1,,,,,,,,,,,,,,,,,,,,,,,,,,,,,,,,,,,,,,,,,,,,,,
,,,,,,,,6786d027b56713ac675fbbb1,2025-01-21_22h23.56.619,VisualArraysMentalRotation_v4,2021.1.4,Win32,59.17159763,679054f2072d526265aabff2,67907273fa1713c1b01b1ff2,"[45,0,-45,90,45]","[-45,45,45,90,90]",,Red_5,"[45,0,-45,90,0]","[-45,45,45,90,90]",,,,,,,,,RED,5,Different,6,1,,,,,,5,0,2.8162,0,3,3,6,1,,,,,,,,,,,,,,,,,,,,,,,,,,,,,,,,,,,,,,,,,,,,,,
,,,,,,,,6786d027b56713ac675fbbb1,2025-01-21_22h23.56.619,VisualArraysMentalRotation_v4,2021.1.4,Win32,59.17159763,679054f2072d526265aabff2,67907273fa1713c1b01b1ff2,"[90,90,0,90,-45]","[0,90,0,0,45]",,Red_2,"[90,90,0,90,-45]","[0,90,0,0,45]",,,,,,,,,RED,3,Same,5,3,,,,,,5,1,2.8459,0,4,4,1,1,,,,,,,,,,,,,,,,,,,,,,,,,,,,,,,,,,,,,,,,,,,,,,
,,,,,,,,6786d027b56713ac675fbbb1,2025-01-21_22h23.56.619,VisualArraysMentalRotation_v4,2021.1.4,Win32,59.17159763,679054f2072d526265aabff2,67907273fa1713c1b01b1ff2,"[0,90,90,45,-45]","[-45,0,45,90,90]",,Blue_5,"[0,90,90,45,-45]","[-45,0,45,90,90]",,,,,,,,,BLUE,5,Same,5,3,,,,,,6,0,3.3834,0,5,5,11,1,,,,,,,,,,,,,,,,,,,,,,,,,,,,,,,,,,,,,,,,,,,,,,
,,,,,,,,6786d027b56713ac675fbbb1,2025-01-21_22h23.56.619,VisualArraysMentalRotation_v4,2021.1.4,Win32,59.17159763,679054f2072d526265aabff2,67907273fa1713c1b01b1ff2,"[-45,-45,90,45,0]","[45,-45,45,90,45]",,Red_1,"[0,-45,90,45,0]","[45,-45,45,90,45]",,,,,,,,,RED,3,Different,6,3,,,,,,5,0,2.609,0,6,6,5,1,,,,,,,,,,,,,,,,,,,,,,,,,,,,,,,,,,,,,,,,,,,,,,
,,,,,,,,6786d027b56713ac675fbbb1,2025-01-21_22h23.56.619,VisualArraysMentalRotation_v4,2021.1.4,Win32,59.17159763,679054f2072d526265aabff2,67907273fa1713c1b01b1ff2,"[45,45,-45,45,90]","[-45,45,90,45,45]",,Red_1,"[45,45,-45,45,90]","[-45,45,90,45,45]",,,,,,,,,RED,5,Same,5,1,,,,,,5,1,1.6176,0,7,7,2,1,,,,,,,,,,,,,,,,,,,,,,,,,,,,,,,,,,,,,,,,,,,,,,
,,,,,,,,6786d027b56713ac675fbbb1,2025-01-21_22h23.56.619,VisualArraysMentalRotation_v4,2021.1.4,Win32,59.17159763,679054f2072d526265aabff2,67907273fa1713c1b01b1ff2,"[0,-45,45,0,0]","[45,90,-45,-45,90]",,Blue_3,"[0,-45,45,0,0]","[45,90,0,-45,90]",,,,,,,,,BLUE,3,Different,6,1,,,,,,6,1,1.1599,0,8,8,12,1,,,,,,,,,,,,,,,,,,,,,,,,,,,,,,,,,,,,,,,,,,,,,,
,,,,,,,,6786d027b56713ac675fbbb1,2025-01-21_22h23.56.619,VisualArraysMentalRotation_v4,2021.1.4,Win32,59.17159763,679054f2072d526265aabff2,67907273fa1713c1b01b1ff2,"[45,45,45,90,-45]","[-45,45,0,90,-45]",,Blue_4,"[45,45,45,90,-45]","[-45,45,0,0,-45]",,,,,,,,,BLUE,5,Different,6,1,,,,,,6,1,1.7695,0,9,9,14,1,,,,,,,,,,,,,,,,,,,,,,,,,,,,,,,,,,,,,,,,,,,,,,
,,,,,,,,6786d027b56713ac675fbbb1,2025-01-21_22h23.56.619,VisualArraysMentalRotation_v4,2021.1.4,Win32,59.17159763,679054f2072d526265aabff2,67907273fa1713c1b01b1ff2,"[45,-45,90,-45,90]","[0,-45,0,45,90]",,Blue_4,"[45,-45,90,-45,90]","[0,-45,0,90,90]",,,,,,,,,BLUE,5,Different,6,3,,,,,,5,0,5.962,0,10,10,15,1,,,,,,,,,,,,,,,,,,,,,,,,,,,,,,,,,,,,,,,,,,,,,,
,,,,,,,,6786d027b56713ac675fbbb1,2025-01-21_22h23.56.619,VisualArraysMentalRotation_v4,2021.1.4,Win32,59.17159763,679054f2072d526265aabff2,67907273fa1713c1b01b1ff2,"[-45,90,-45,45,90]","[45,-45,90,90,-45]",,Blue_3,"[-45,90,-45,45,90]","[45,-45,90,90,-45]",,,,,,,,,BLUE,3,Same,5,1,,,,,,5,1,1.6279,0,11,11,8,1,,,,,,,,,,,,,,,,,,,,,,,,,,,,,,,,,,,,,,,,,,,,,,
,,,,,,,,6786d027b56713ac675fbbb1,2025-01-21_22h23.56.619,VisualArraysMentalRotation_v4,2021.1.4,Win32,59.17159763,679054f2072d526265aabff2,67907273fa1713c1b01b1ff2,"[90,45,45,0,90]","[0,90,90,45,0]",,Blue_4,"[90,45,45,0,90]","[0,90,90,45,0]",,,,,,,,,BLUE,5,Same,5,1,,,,,,5,1,1.3049,0,12,12,10,1,,,,,,,,,,,,,,,,,,,,,,,,,,,,,,,,,,,,,,,,,,,,,,
,,,,,,,,6786d027b56713ac675fbbb1,2025-01-21_22h23.56.619,VisualArraysMentalRotation_v4,2021.1.4,Win32,59.17159763,679054f2072d526265aabff2,67907273fa1713c1b01b1ff2,"[-45,-45,-45,45,0]","[-45,90,90,90,0]",,Red_1,"[90,-45,-45,45,0]","[-45,90,90,90,0]",,,,,,,,,RED,3,Different,6,1,,,,,,6,1,0.8661,0,13,13,4,1,,,,,,,,,,,,,,,,,,,,,,,,,,,,,,,,,,,,,,,,,,,,,,
,,,,,,,,6786d027b56713ac675fbbb1,2025-01-21_22h23.56.619,VisualArraysMentalRotation_v4,2021.1.4,Win32,59.17159763,679054f2072d526265aabff2,67907273fa1713c1b01b1ff2,"[90,90,0,0,0]","[-45,90,45,90,45]",,Blue_3,"[90,90,0,0,0]","[-45,90,45,90,45]",,,,,,,,,BLUE,3,Same,5,3,,,,,,5,1,1.6686,0,14,14,9,1,,,,,,,,,,,,,,,,,,,,,,,,,,,,,,,,,,,,,,,,,,,,,,
,,,,,,,,6786d027b56713ac675fbbb1,2025-01-21_22h23.56.619,VisualArraysMentalRotation_v4,2021.1.4,Win32,59.17159763,679054f2072d526265aabff2,67907273fa1713c1b01b1ff2,"[45,45,0,45,45]","[0,90,0,0,90]",,Red_2,"[45,45,0,45,45]","[0,90,0,0,90]",,,,,,,,,RED,3,Same,5,1,,,,,,5,1,1.8518,0,15,15,0,1,,,,,,,,,,,,,,,,,,,,,,,,,,,,,,,,,,,,,,,,,,,,,,
,,,,,,,,6786d027b56713ac675fbbb1,2025-01-21_22h23.56.619,VisualArraysMentalRotation_v4,2021.1.4,Win32,59.17159763,679054f2072d526265aabff2,67907273fa1713c1b01b1ff2,"[45,90,-45,90,0]","[-45,90,45,90,0]",,Red_1,"[-45,90,-45,90,0]","[-45,90,45,90,0]",,,,,,,,,RED,5,Different,6,1,,,,,,5,0,1.7503,1,0,16,6,1,,,,,,,,,,,,,,,,,,,,,,,,,,,,,,,,,,,,,,,,,,,,,,
,,,,,,,,6786d027b56713ac675fbbb1,2025-01-21_22h23.56.619,VisualArraysMentalRotation_v4,2021.1.4,Win32,59.17159763,679054f2072d526265aabff2,67907273fa1713c1b01b1ff2,"[0,90,0,0,0]","[90,45,90,0,45]",,Blue_2,"[0,90,0,0,0]","[90,45,90,0,45]",,,,,,,,,BLUE,5,Same,5,3,,,,,,5,1,2.6509,1,1,17,11,1,,,,,,,,,,,,,,,,,,,,,,,,,,,,,,,,,,,,,,,,,,,,,,
,,,,,,,,6786d027b56713ac675fbbb1,2025-01-21_22h23.56.619,VisualArraysMentalRotation_v4,2021.1.4,Win32,59.17159763,679054f2072d526265aabff2,67907273fa1713c1b01b1ff2,"[90,45,90,0,90]","[90,0,-45,45,0]",,Blue_2,"[90,45,90,0,90]","[90,0,-45,45,0]",,,,,,,,,BLUE,3,Same,5,1,,,,,,5,1,1.4704,1,2,18,8,1,,,,,,,,,,,,,,,,,,,,,,,,,,,,,,,,,,,,,,,,,,,,,,
,,,,,,,,6786d027b56713ac675fbbb1,2025-01-21_22h23.56.619,VisualArraysMentalRotation_v4,2021.1.4,Win32,59.17159763,679054f2072d526265aabff2,67907273fa1713c1b01b1ff2,"[-45,45,90,45,-45]","[45,-45,90,0,0]",,Red_3,"[-45,45,90,45,-45]","[45,-45,90,0,0]",,,,,,,,,RED,3,Same,5,1,,,,,,5,1,1.0925,1,3,19,0,1,,,,,,,,,,,,,,,,,,,,,,,,,,,,,,,,,,,,,,,,,,,,,,
,,,,,,,,6786d027b56713ac675fbbb1,2025-01-21_22h23.56.619,VisualArraysMentalRotation_v4,2021.1.4,Win32,59.17159763,679054f2072d526265aabff2,67907273fa1713c1b01b1ff2,"[90,0,0,45,0]","[-45,0,90,45,0]",,Blue_1,"[90,0,0,45,0]","[45,0,90,45,0]",,,,,,,,,BLUE,3,Different,6,3,,,,,,6,1,2.8356,1,4,20,13,1,,,,,,,,,,,,,,,,,,,,,,,,,,,,,,,,,,,,,,,,,,,,,,
,,,,,,,,6786d027b56713ac675fbbb1,2025-01-21_22h23.56.619,VisualArraysMentalRotation_v4,2021.1.4,Win32,59.17159763,679054f2072d526265aabff2,67907273fa1713c1b01b1ff2,"[0,0,0,90,-45]","[90,45,0,45,45]",,Blue_4,"[0,0,0,90,-45]","[90,45,0,0,45]",,,,,,,,,BLUE,5,Different,6,1,,,,,,5,0,1.2757,1,5,21,14,1,,,,,,,,,,,,,,,,,,,,,,,,,,,,,,,,,,,,,,,,,,,,,,
,,,,,,,,6786d027b56713ac675fbbb1,2025-01-21_22h23.56.619,VisualArraysMentalRotation_v4,2021.1.4,Win32,59.17159763,679054f2072d526265aabff2,67907273fa1713c1b01b1ff2,"[-45,-45,90,0,45]","[-45,0,0,0,45]",,Red_3,"[-45,-45,90,0,45]","[-45,0,0,0,45]",,,,,,,,,RED,5,Same,5,1,,,,,,5,1,1.6182,1,6,22,2,1,,,,,,,,,,,,,,,,,,,,,,,,,,,,,,,,,,,,,,,,,,,,,,
,,,,,,,,6786d027b56713ac675fbbb1,2025-01-21_22h23.56.619,VisualArraysMentalRotation_v4,2021.1.4,Win32,59.17159763,679054f2072d526265aabff2,67907273fa1713c1b01b1ff2,"[90,90,-45,45,-45]","[90,45,45,-45,0]",,Red_1,"[-45,90,-45,45,-45]","[90,45,45,-45,0]",,,,,,,,,RED,3,Different,6,1,,,,,,6,1,1.8011,1,7,23,4,1,,,,,,,,,,,,,,,,,,,,,,,,,,,,,,,,,,,,,,,,,,,,,,
,,,,,,,,6786d027b56713ac675fbbb1,2025-01-21_22h23.56.619,VisualArraysMentalRotation_v4,2021.1.4,Win32,59.17159763,679054f2072d526265aabff2,67907273fa1713c1b01b1ff2,"[0,-45,90,45,-45]","[45,45,45,45,0]",,Blue_4,"[0,-45,90,45,-45]","[45,45,45,45,0]",,,,,,,,,BLUE,5,Same,5,1,,,,,,5,1,1.0784,1,8,24,10,1,,,,,,,,,,,,,,,,,,,,,,,,,,,,,,,,,,,,,,,,,,,,,,
,,,,,,,,6786d027b56713ac675fbbb1,2025-01-21_22h23.56.619,VisualArraysMentalRotation_v4,2021.1.4,Win32,59.17159763,679054f2072d526265aabff2,67907273fa1713c1b01b1ff2,"[-45,-45,0,90,90]","[45,0,45,90,0]",,Blue_3,"[-45,-45,0,90,90]","[45,0,45,90,0]",,,,,,,,,BLUE,3,Same,5,3,,,,,,6,0,1.2743,1,9,25,9,1,,,,,,,,,,,,,,,,,,,,,,,,,,,,,,,,,,,,,,,,,,,,,,
,,,,,,,,6786d027b56713ac675fbbb1,2025-01-21_22h23.56.619,VisualArraysMentalRotation_v4,2021.1.4,Win32,59.17159763,679054f2072d526265aabff2,67907273fa1713c1b01b1ff2,"[45,45,0,0,-45]","[45,45,-45,90,-45]",,Red_2,"[45,90,0,0,-45]","[45,45,-45,90,-45]",,,,,,,,,RED,5,Different,6,3,,,,,,5,0,3.3354,1,10,26,7,1,,,,,,,,,,,,,,,,,,,,,,,,,,,,,,,,,,,,,,,,,,,,,,
,,,,,,,,6786d027b56713ac675fbbb1,2025-01-21_22h23.56.619,VisualArraysMentalRotation_v4,2021.1.4,Win32,59.17159763,679054f2072d526265aabff2,67907273fa1713c1b01b1ff2,"[0,45,90,90,45]","[-45,90,45,-45,45]",,Blue_3,"[0,45,90,90,45]","[-45,90,90,-45,45]",,,,,,,,,BLUE,5,Different,6,3,,,,,,5,0,2.6105,1,11,27,15,1,,,,,,,,,,,,,,,,,,,,,,,,,,,,,,,,,,,,,,,,,,,,,,
,,,,,,,,6786d027b56713ac675fbbb1,2025-01-21_22h23.56.619,VisualArraysMentalRotation_v4,2021.1.4,Win32,59.17159763,679054f2072d526265aabff2,67907273fa1713c1b01b1ff2,"[0,-45,90,45,0]","[-45,-45,-45,90,90]",,Blue_2,"[0,-45,90,45,0]","[-45,45,-45,90,90]",,,,,,,,,BLUE,3,Different,6,1,,,,,,6,1,4.3034,1,12,28,12,1,,,,,,,,,,,,,,,,,,,,,,,,,,,,,,,,,,,,,,,,,,,,,,
,,,,,,,,6786d027b56713ac675fbbb1,2025-01-21_22h23.56.619,VisualArraysMentalRotation_v4,2021.1.4,Win32,59.17159763,679054f2072d526265aabff2,67907273fa1713c1b01b1ff2,"[0,90,0,90,45]","[45,-45,-45,-45,-45]",,Red_4,"[0,90,0,90,45]","[45,-45,-45,-45,-45]",,,,,,,,,RED,5,Same,5,3,,,,,,5,1,2.0702,1,13,29,3,1,,,,,,,,,,,,,,,,,,,,,,,,,,,,,,,,,,,,,,,,,,,,,,
,,,,,,,,6786d027b56713ac675fbbb1,2025-01-21_22h23.56.619,VisualArraysMentalRotation_v4,2021.1.4,Win32,59.17159763,679054f2072d526265aabff2,67907273fa1713c1b01b1ff2,"[-45,-45,-45,45,-45]","[90,90,0,0,0]",,Red_1,"[-45,-45,-45,45,-45]","[90,90,0,0,0]",,,,,,,,,RED,3,Same,5,3,,,,,,5,1,1.5423,1,14,30,1,1,,,,,,,,,,,,,,,,,,,,,,,,,,,,,,,,,,,,,,,,,,,,,,
,,,,,,,,6786d027b56713ac675fbbb1,2025-01-21_22h23.56.619,VisualArraysMentalRotation_v4,2021.1.4,Win32,59.17159763,679054f2072d526265aabff2,67907273fa1713c1b01b1ff2,"[0,90,-45,-45,45]","[45,45,0,90,0]",,Red_3,"[0,90,90,-45,45]","[45,45,0,90,0]",,,,,,,,,RED,3,Different,6,3,,,,,,6,1,1.5468,1,15,31,5,1,,,,,,,,,,,,,,,,,,,,,,,,,,,,,,,,,,,,,,,,,,,,,,
,,,,,,,,6786d027b56713ac675fbbb1,2025-01-21_22h23.56.619,VisualArraysMentalRotation_v4,2021.1.4,Win32,59.17159763,679054f2072d526265aabff2,67907273fa1713c1b01b1ff2,"[90,0,-45,-45,90]","[45,0,0,90,90]",,Red_3,"[90,0,45,-45,90]","[45,0,0,90,90]",,,,,,,,,RED,3,Different,6,3,,,,,,,0,,2,0,32,5,1,,,,,,,,,,,,,,,,,,,,,,,,,,,,,,,,,,,,,,,,,,,,,,
,,,,,,,,6786d027b56713ac675fbbb1,2025-01-21_22h23.56.619,VisualArraysMentalRotation_v4,2021.1.4,Win32,59.17159763,679054f2072d526265aabff2,67907273fa1713c1b01b1ff2,"[90,90,0,45,0]","[-45,90,-45,0,90]",,Red_3,"[90,90,90,45,0]","[-45,90,-45,0,90]",,,,,,,,,RED,3,Different,6,1,,,,,,6,1,1.2117,2,1,33,4,1,,,,,,,,,,,,,,,,,,,,,,,,,,,,,,,,,,,,,,,,,,,,,,
,,,,,,,,6786d027b56713ac675fbbb1,2025-01-21_22h23.56.619,VisualArraysMentalRotation_v4,2021.1.4,Win32,59.17159763,679054f2072d526265aabff2,67907273fa1713c1b01b1ff2,"[0,-45,-45,0,0]","[-45,-45,45,-45,45]",,Red_1,"[0,-45,-45,0,0]","[-45,-45,45,-45,45]",,,,,,,,,RED,3,Same,5,1,,,,,,5,1,0.9877,2,2,34,0,1,,,,,,,,,,,,,,,,,,,,,,,,,,,,,,,,,,,,,,,,,,,,,,
,,,,,,,,6786d027b56713ac675fbbb1,2025-01-21_22h23.56.619,VisualArraysMentalRotation_v4,2021.1.4,Win32,59.17159763,679054f2072d526265aabff2,67907273fa1713c1b01b1ff2,"[-45,-45,0,45,45]","[45,45,0,-45,45]",,Blue_3,"[-45,-45,0,45,45]","[45,45,90,-45,45]",,,,,,,,,BLUE,3,Different,6,1,,,,,,5,0,1.2295,2,3,35,12,1,,,,,,,,,,,,,,,,,,,,,,,,,,,,,,,,,,,,,,,,,,,,,,
,,,,,,,,6786d027b56713ac675fbbb1,2025-01-21_22h23.56.619,VisualArraysMentalRotation_v4,2021.1.4,Win32,59.17159763,679054f2072d526265aabff2,67907273fa1713c1b01b1ff2,"[45,45,90,90,-45]","[90,-45,-45,-45,-45]",,Red_5,"[45,45,90,90,-45]","[90,-45,-45,-45,-45]",,,,,,,,,RED,5,Same,5,1,,,,,,5,1,1.2341,2,4,36,2,1,,,,,,,,,,,,,,,,,,,,,,,,,,,,,,,,,,,,,,,,,,,,,,
,,,,,,,,6786d027b56713ac675fbbb1,2025-01-21_22h23.56.619,VisualArraysMentalRotation_v4,2021.1.4,Win32,59.17159763,679054f2072d526265aabff2,67907273fa1713c1b01b1ff2,"[90,45,90,90,0]","[90,0,90,0,90]",,Red_4,"[90,45,90,45,0]","[90,0,90,0,90]",,,,,,,,,RED,5,Different,6,1,,,,,,5,0,1.4554,2,5,37,6,1,,,,,,,,,,,,,,,,,,,,,,,,,,,,,,,,,,,,,,,,,,,,,,
,,,,,,,,6786d027b56713ac675fbbb1,2025-01-21_22h23.56.619,VisualArraysMentalRotation_v4,2021.1.4,Win32,59.17159763,679054f2072d526265aabff2,67907273fa1713c1b01b1ff2,"[-45,0,-45,90,90]","[90,-45,45,0,-45]",,Red_4,"[-45,0,-45,45,90]","[90,-45,45,0,-45]",,,,,,,,,RED,5,Different,6,3,,,,,,5,0,2.0881,2,6,38,7,1,,,,,,,,,,,,,,,,,,,,,,,,,,,,,,,,,,,,,,,,,,,,,,
,,,,,,,,6786d027b56713ac675fbbb1,2025-01-21_22h23.56.619,VisualArraysMentalRotation_v4,2021.1.4,Win32,59.17159763,679054f2072d526265aabff2,67907273fa1713c1b01b1ff2,"[0,45,45,45,45]","[90,45,45,-45,-45]",,Blue_2,"[0,45,45,45,45]","[90,45,45,-45,-45]",,,,,,,,,BLUE,3,Same,5,1,,,,,,5,1,0.9121,2,7,39,8,1,,,,,,,,,,,,,,,,,,,,,,,,,,,,,,,,,,,,,,,,,,,,,,
,,,,,,,,6786d027b56713ac675fbbb1,2025-01-21_22h23.56.619,VisualArraysMentalRotation_v4,2021.1.4,Win32,59.17159763,679054f2072d526265aabff2,67907273fa1713c1b01b1ff2,"[45,-45,45,0,-45]","[90,45,-45,90,45]",,Blue_3,"[45,-45,45,0,-45]","[90,45,-45,90,45]",,,,,,,,,BLUE,5,Same,5,1,,,,,,5,1,1.7254,2,8,40,10,1,,,,,,,,,,,,,,,,,,,,,,,,,,,,,,,,,,,,,,,,,,,,,,
,,,,,,,,6786d027b56713ac675fbbb1,2025-01-21_22h23.56.619,VisualArraysMentalRotation_v4,2021.1.4,Win32,59.17159763,679054f2072d526265aabff2,67907273fa1713c1b01b1ff2,"[0,-45,45,0,-45]","[0,0,0,90,90]",,Blue_2,"[0,-45,45,0,-45]","[0,45,0,90,90]",,,,,,,,,BLUE,5,Different,6,1,,,,,,5,0,0.9339,2,9,41,14,1,,,,,,,,,,,,,,,,,,,,,,,,,,,,,,,,,,,,,,,,,,,,,,
,,,,,,,,6786d027b56713ac675fbbb1,2025-01-21_22h23.56.619,VisualArraysMentalRotation_v4,2021.1.4,Win32,59.17159763,679054f2072d526265aabff2,67907273fa1713c1b01b1ff2,"[-45,-45,0,0,-45]","[-45,90,45,45,-45]",,Blue_2,"[-45,-45,0,0,-45]","[-45,-45,45,45,-45]",,,,,,,,,BLUE,5,Different,6,3,,,,,,5,0,1.7507,2,10,42,15,1,,,,,,,,,,,,,,,,,,,,,,,,,,,,,,,,,,,,,,,,,,,,,,
,,,,,,,,6786d027b56713ac675fbbb1,2025-01-21_22h23.56.619,VisualArraysMentalRotation_v4,2021.1.4,Win32,59.17159763,679054f2072d526265aabff2,67907273fa1713c1b01b1ff2,"[0,0,45,90,90]","[0,45,-45,45,0]",,Red_4,"[0,0,45,90,90]","[0,45,-45,45,0]",,,,,,,,,RED,5,Same,5,3,,,,,,5,1,3.1541,2,11,43,3,1,,,,,,,,,,,,,,,,,,,,,,,,,,,,,,,,,,,,,,,,,,,,,,
,,,,,,,,6786d027b56713ac675fbbb1,2025-01-21_22h23.56.619,VisualArraysMentalRotation_v4,2021.1.4,Win32,59.17159763,679054f2072d526265aabff2,67907273fa1713c1b01b1ff2,"[0,0,90,-45,0]","[0,45,0,0,-45]",,Blue_3,"[0,0,90,-45,0]","[0,45,0,0,-45]",,,,,,,,,BLUE,3,Same,5,3,,,,,,5,1,1.2671,2,12,44,9,1,,,,,,,,,,,,,,,,,,,,,,,,,,,,,,,,,,,,,,,,,,,,,,
,,,,,,,,6786d027b56713ac675fbbb1,2025-01-21_22h23.56.619,VisualArraysMentalRotation_v4,2021.1.4,Win32,59.17159763,679054f2072d526265aabff2,67907273fa1713c1b01b1ff2,"[45,0,45,90,-45]","[90,0,0,0,90]",,Blue_1,"[45,0,45,90,-45]","[90,0,0,0,90]",,,,,,,,,BLUE,5,Same,5,3,,,,,,5,1,3.518,2,13,45,11,1,,,,,,,,,,,,,,,,,,,,,,,,,,,,,,,,,,,,,,,,,,,,,,
,,,,,,,,6786d027b56713ac675fbbb1,2025-01-21_22h23.56.619,VisualArraysMentalRotation_v4,2021.1.4,Win32,59.17159763,679054f2072d526265aabff2,67907273fa1713c1b01b1ff2,"[-45,90,-45,-45,0]","[45,0,45,0,-45]",,Blue_3,"[-45,90,-45,-45,0]","[45,0,90,0,-45]",,,,,,,,,BLUE,3,Different,6,3,,,,,,6,1,3.8931,2,14,46,13,1,,,,,,,,,,,,,,,,,,,,,,,,,,,,,,,,,,,,,,,,,,,,,,
,,,,,,,,6786d027b56713ac675fbbb1,2025-01-21_22h23.56.619,VisualArraysMentalRotation_v4,2021.1.4,Win32,59.17159763,679054f2072d526265aabff2,67907273fa1713c1b01b1ff2,"[-45,-45,90,90,45]","[45,-45,90,45,90]",,Red_3,"[-45,-45,90,90,45]","[45,-45,90,45,90]",,,,,,,,,RED,3,Same,5,3,,,,,,5,1,1.2894,2,15,47,1,1,,,,,,,,,,,,,,,,,,,,,,,,,,,,,,,,,,,,,,,,,,,,,,
,,,,,,,,6786d027b56713ac675fbbb1,2025-01-21_22h23.56.619,VisualArraysMentalRotation_v4,2021.1.4,Win32,59.17159763,679054f2072d526265aabff2,67907273fa1713c1b01b1ff2,"[0,90,45,45,45]","[45,-45,0,-45,45]",,Red_2,"[0,45,45,45,45]","[45,-45,0,-45,45]",,,,,,,,,RED,3,Different,6,1,,,,,,5,0,0.9617,3,0,48,4,1,,,,,,,,,,,,,,,,,,,,,,,,,,,,,,,,,,,,,,,,,,,,,,
,,,,,,,,6786d027b56713ac675fbbb1,2025-01-21_22h23.56.619,VisualArraysMentalRotation_v4,2021.1.4,Win32,59.17159763,679054f2072d526265aabff2,67907273fa1713c1b01b1ff2,"[-45,45,0,0,45]","[0,90,45,0,90]",,Red_3,"[-45,45,90,0,45]","[0,90,45,0,90]",,,,,,,,,RED,5,Different,6,1,,,,,,5,0,0.9172,3,1,49,6,1,,,,,,,,,,,,,,,,,,,,,,,,,,,,,,,,,,,,,,,,,,,,,,
,,,,,,,,6786d027b56713ac675fbbb1,2025-01-21_22h23.56.619,VisualArraysMentalRotation_v4,2021.1.4,Win32,59.17159763,679054f2072d526265aabff2,67907273fa1713c1b01b1ff2,"[-45,90,45,45,90]","[-45,-45,0,-45,45]",,Blue_1,"[-45,90,45,45,90]","[90,-45,0,-45,45]",,,,,,,,,BLUE,5,Different,6,3,,,,,,5,0,1.7341,3,2,50,15,1,,,,,,,,,,,,,,,,,,,,,,,,,,,,,,,,,,,,,,,,,,,,,,
,,,,,,,,6786d027b56713ac675fbbb1,2025-01-21_22h23.56.619,VisualArraysMentalRotation_v4,2021.1.4,Win32,59.17159763,679054f2072d526265aabff2,67907273fa1713c1b01b1ff2,"[-45,90,-45,-45,-45]","[45,-45,45,-45,45]",,Blue_3,"[-45,90,-45,-45,-45]","[45,-45,90,-45,45]",,,,,,,,,BLUE,3,Different,6,1,,,,,,5,0,0.9848,3,3,51,12,1,,,,,,,,,,,,,,,,,,,,,,,,,,,,,,,,,,,,,,,,,,,,,,
,,,,,,,,6786d027b56713ac675fbbb1,2025-01-21_22h23.56.619,VisualArraysMentalRotation_v4,2021.1.4,Win32,59.17159763,679054f2072d526265aabff2,67907273fa1713c1b01b1ff2,"[0,90,0,-45,90]","[90,90,90,45,0]",,Blue_1,"[0,90,0,-45,90]","[90,90,90,45,0]",,,,,,,,,BLUE,3,Same,5,1,,,,,,5,1,0.7762,3,4,52,8,1,,,,,,,,,,,,,,,,,,,,,,,,,,,,,,,,,,,,,,,,,,,,,,
,,,,,,,,6786d027b56713ac675fbbb1,2025-01-21_22h23.56.619,VisualArraysMentalRotation_v4,2021.1.4,Win32,59.17159763,679054f2072d526265aabff2,67907273fa1713c1b01b1ff2,"[-45,45,90,90,45]","[-45,0,-45,-45,0]",,Red_1,"[45,45,90,90,45]","[-45,0,-45,-45,0]",,,,,,,,,RED,5,Different,6,3,,,,,,6,1,1.0505,3,5,53,7,1,,,,,,,,,,,,,,,,,,,,,,,,,,,,,,,,,,,,,,,,,,,,,,
,,,,,,,,6786d027b56713ac675fbbb1,2025-01-21_22h23.56.619,VisualArraysMentalRotation_v4,2021.1.4,Win32,59.17159763,679054f2072d526265aabff2,67907273fa1713c1b01b1ff2,"[45,90,-45,0,-45]","[45,-45,-45,-45,0]",,Blue_3,"[45,90,-45,0,-45]","[45,-45,-45,-45,0]",,,,,,,,,BLUE,5,Same,5,1,,,,,,5,1,0.852,3,6,54,10,1,,,,,,,,,,,,,,,,,,,,,,,,,,,,,,,,,,,,,,,,,,,,,,
,,,,,,,,6786d027b56713ac675fbbb1,2025-01-21_22h23.56.619,VisualArraysMentalRotation_v4,2021.1.4,Win32,59.17159763,679054f2072d526265aabff2,67907273fa1713c1b01b1ff2,"[45,-45,90,0,0]","[-45,90,90,-45,-45]",,Red_3,"[45,-45,90,0,0]","[-45,90,90,-45,-45]",,,,,,,,,RED,3,Same,5,1,,,,,,5,1,0.7169,3,7,55,0,1,,,,,,,,,,,,,,,,,,,,,,,,,,,,,,,,,,,,,,,,,,,,,,
,,,,,,,,6786d027b56713ac675fbbb1,2025-01-21_22h23.56.619,VisualArraysMentalRotation_v4,2021.1.4,Win32,59.17159763,679054f2072d526265aabff2,67907273fa1713c1b01b1ff2,"[90,90,90,45,90]","[-45,-45,45,-45,0]",,Blue_3,"[90,90,90,45,90]","[-45,-45,0,-45,0]",,,,,,,,,BLUE,5,Different,6,1,,,,,,6,1,1.0187,3,8,56,14,1,,,,,,,,,,,,,,,,,,,,,,,,,,,,,,,,,,,,,,,,,,,,,,
,,,,,,,,6786d027b56713ac675fbbb1,2025-01-21_22h23.56.619,VisualArraysMentalRotation_v4,2021.1.4,Win32,59.17159763,679054f2072d526265aabff2,67907273fa1713c1b01b1ff2,"[-45,45,90,90,0]","[-45,-45,90,90,0]",,Red_1,"[90,45,90,90,0]","[-45,-45,90,90,0]",,,,,,,,,RED,3,Different,6,3,,,,,,5,0,2.6415,3,9,57,5,1,,,,,,,,,,,,,,,,,,,,,,,,,,,,,,,,,,,,,,,,,,,,,,
,,,,,,,,6786d027b56713ac675fbbb1,2025-01-21_22h23.56.619,VisualArraysMentalRotation_v4,2021.1.4,Win32,59.17159763,679054f2072d526265aabff2,67907273fa1713c1b01b1ff2,"[90,0,0,45,45]","[-45,45,45,90,90]",,Red_1,"[90,0,0,45,45]","[-45,45,45,90,90]",,,,,,,,,RED,5,Same,5,3,,,,,,5,1,1.544,3,10,58,3,1,,,,,,,,,,,,,,,,,,,,,,,,,,,,,,,,,,,,,,,,,,,,,,
,,,,,,,,6786d027b56713ac675fbbb1,2025-01-21_22h23.56.619,VisualArraysMentalRotation_v4,2021.1.4,Win32,59.17159763,679054f2072d526265aabff2,67907273fa1713c1b01b1ff2,"[0,90,45,-45,-45]","[0,0,0,90,90]",,Red_1,"[0,90,45,-45,-45]","[0,0,0,90,90]",,,,,,,,,RED,5,Same,5,1,,,,,,5,1,0.9268,3,11,59,2,1,,,,,,,,,,,,,,,,,,,,,,,,,,,,,,,,,,,,,,,,,,,,,,
,,,,,,,,6786d027b56713ac675fbbb1,2025-01-21_22h23.56.619,VisualArraysMentalRotation_v4,2021.1.4,Win32,59.17159763,679054f2072d526265aabff2,67907273fa1713c1b01b1ff2,"[0,45,45,45,45]","[90,45,0,0,90]",,Blue_3,"[0,45,45,45,45]","[90,45,0,0,90]",,,,,,,,,BLUE,5,Same,5,3,,,,,,5,1,0.9166,3,12,60,11,1,,,,,,,,,,,,,,,,,,,,,,,,,,,,,,,,,,,,,,,,,,,,,,
,,,,,,,,6786d027b56713ac675fbbb1,2025-01-21_22h23.56.619,VisualArraysMentalRotation_v4,2021.1.4,Win32,59.17159763,679054f2072d526265aabff2,67907273fa1713c1b01b1ff2,"[0,45,90,90,45]","[90,0,-45,90,0]",,Red_2,"[0,45,90,90,45]","[90,0,-45,90,0]",,,,,,,,,RED,3,Same,5,3,,,,,,5,1,0.7765,3,13,61,1,1,,,,,,,,,,,,,,,,,,,,,,,,,,,,,,,,,,,,,,,,,,,,,,
,,,,,,,,6786d027b56713ac675fbbb1,2025-01-21_22h23.56.619,VisualArraysMentalRotation_v4,2021.1.4,Win32,59.17159763,679054f2072d526265aabff2,67907273fa1713c1b01b1ff2,"[-45,0,90,0,90]","[0,-45,45,0,90]",,Blue_3,"[-45,0,90,0,90]","[0,-45,-45,0,90]",,,,,,,,,BLUE,3,Different,6,3,,,,,,6,1,1.3095,3,14,62,13,1,,,,,,,,,,,,,,,,,,,,,,,,,,,,,,,,,,,,,,,,,,,,,,
,,,,,,,,6786d027b56713ac675fbbb1,2025-01-21_22h23.56.619,VisualArraysMentalRotation_v4,2021.1.4,Win32,59.17159763,679054f2072d526265aabff2,67907273fa1713c1b01b1ff2,"[90,45,0,-45,90]","[0,90,-45,0,90]",,Blue_1,"[90,45,0,-45,90]","[0,90,-45,0,90]",,,,,,,,,BLUE,3,Same,5,3,,,,,,5,1,0.8043,3,15,63,9,1,,,,,,,,,,,,,,,,,,,,,,,,,,,,,,,,,,,,,,,,,,,,,,
,,,,,,,,6786d027b56713ac675fbbb1,2025-01-21_22h23.56.619,VisualArraysMentalRotation_v4,2021.1.4,Win32,59.17159763,679054f2072d526265aabff2,67907273fa1713c1b01b1ff2,"[-45,-45,0,45,45]","[90,90,45,45,-45]",,Blue_2,"[-45,-45,0,45,45]","[90,90,45,45,-45]",,,,,,,,,BLUE,3,Same,5,1,,,,,,5,1,1.0453,4,0,64,8,1,,,,,,,,,,,,,,,,,,,,,,,,,,,,,,,,,,,,,,,,,,,,,,
,,,,,,,,6786d027b56713ac675fbbb1,2025-01-21_22h23.56.619,VisualArraysMentalRotation_v4,2021.1.4,Win32,59.17159763,679054f2072d526265aabff2,67907273fa1713c1b01b1ff2,"[-45,90,90,90,-45]","[0,0,90,90,45]",,Red_3,"[-45,90,-45,90,-45]","[0,0,90,90,45]",,,,,,,,,RED,5,Different,6,1,,,,,,6,1,1.2556,4,1,65,6,1,,,,,,,,,,,,,,,,,,,,,,,,,,,,,,,,,,,,,,,,,,,,,,
,,,,,,,,6786d027b56713ac675fbbb1,2025-01-21_22h23.56.619,VisualArraysMentalRotation_v4,2021.1.4,Win32,59.17159763,679054f2072d526265aabff2,67907273fa1713c1b01b1ff2,"[-45,90,0,90,-45]","[0,-45,-45,90,90]",,Blue_3,"[-45,90,0,90,-45]","[0,-45,-45,90,90]",,,,,,,,,BLUE,5,Same,5,3,,,,,,5,1,3.4946,4,2,66,11,1,,,,,,,,,,,,,,,,,,,,,,,,,,,,,,,,,,,,,,,,,,,,,,
,,,,,,,,6786d027b56713ac675fbbb1,2025-01-21_22h23.56.619,VisualArraysMentalRotation_v4,2021.1.4,Win32,59.17159763,679054f2072d526265aabff2,67907273fa1713c1b01b1ff2,"[90,90,0,-45,90]","[90,0,-45,90,0]",,Red_3,"[90,90,0,-45,90]","[90,0,-45,90,0]",,,,,,,,,RED,5,Same,5,3,,,,,,5,1,1.8384,4,3,67,3,1,,,,,,,,,,,,,,,,,,,,,,,,,,,,,,,,,,,,,,,,,,,,,,
,,,,,,,,6786d027b56713ac675fbbb1,2025-01-21_22h23.56.619,VisualArraysMentalRotation_v4,2021.1.4,Win32,59.17159763,679054f2072d526265aabff2,67907273fa1713c1b01b1ff2,"[0,90,45,90,-45]","[90,90,-45,45,90]",,Red_1,"[0,90,45,90,-45]","[90,90,-45,45,90]",,,,,,,,,RED,3,Same,5,3,,,,,,5,1,1.307,4,4,68,1,1,,,,,,,,,,,,,,,,,,,,,,,,,,,,,,,,,,,,,,,,,,,,,,
,,,,,,,,6786d027b56713ac675fbbb1,2025-01-21_22h23.56.619,VisualArraysMentalRotation_v4,2021.1.4,Win32,59.17159763,679054f2072d526265aabff2,67907273fa1713c1b01b1ff2,"[90,90,0,-45,-45]","[90,45,45,90,-45]",,Blue_3,"[90,90,0,-45,-45]","[90,45,-45,90,-45]",,,,,,,,,BLUE,5,Different,6,3,,,,,,5,0,1.3189,4,5,69,15,1,,,,,,,,,,,,,,,,,,,,,,,,,,,,,,,,,,,,,,,,,,,,,,
,,,,,,,,6786d027b56713ac675fbbb1,2025-01-21_22h23.56.619,VisualArraysMentalRotation_v4,2021.1.4,Win32,59.17159763,679054f2072d526265aabff2,67907273fa1713c1b01b1ff2,"[45,45,0,0,45]","[0,-45,-45,0,45]",,Blue_5,"[45,45,0,0,45]","[0,-45,-45,0,45]",,,,,,,,,BLUE,5,Same,5,1,,,,,,5,1,1.0267,4,6,70,10,1,,,,,,,,,,,,,,,,,,,,,,,,,,,,,,,,,,,,,,,,,,,,,,
,,,,,,,,6786d027b56713ac675fbbb1,2025-01-21_22h23.56.619,VisualArraysMentalRotation_v4,2021.1.4,Win32,59.17159763,679054f2072d526265aabff2,67907273fa1713c1b01b1ff2,"[90,-45,45,0,90]","[45,-45,-45,90,-45]",,Blue_4,"[90,-45,45,0,90]","[45,-45,-45,-45,-45]",,,,,,,,,BLUE,5,Different,6,1,,,,,,6,1,3.4395,4,7,71,14,1,,,,,,,,,,,,,,,,,,,,,,,,,,,,,,,,,,,,,,,,,,,,,,
,,,,,,,,6786d027b56713ac675fbbb1,2025-01-21_22h23.56.619,VisualArraysMentalRotation_v4,2021.1.4,Win32,59.17159763,679054f2072d526265aabff2,67907273fa1713c1b01b1ff2,"[90,90,-45,0,90]","[90,45,90,45,-45]",,Red_4,"[90,90,-45,90,90]","[90,45,90,45,-45]",,,,,,,,,RED,5,Different,6,3,,,,,,6,1,1.4248,4,8,72,7,1,,,,,,,,,,,,,,,,,,,,,,,,,,,,,,,,,,,,,,,,,,,,,,
,,,,,,,,6786d027b56713ac675fbbb1,2025-01-21_22h23.56.619,VisualArraysMentalRotation_v4,2021.1.4,Win32,59.17159763,679054f2072d526265aabff2,67907273fa1713c1b01b1ff2,"[-45,90,45,0,45]","[-45,90,90,0,-45]",,Red_1,"[0,90,45,0,45]","[-45,90,90,0,-45]",,,,,,,,,RED,3,Different,6,3,,,,,,5,0,3.4471,4,9,73,5,1,,,,,,,,,,,,,,,,,,,,,,,,,,,,,,,,,,,,,,,,,,,,,,
,,,,,,,,6786d027b56713ac675fbbb1,2025-01-21_22h23.56.619,VisualArraysMentalRotation_v4,2021.1.4,Win32,59.17159763,679054f2072d526265aabff2,67907273fa1713c1b01b1ff2,"[-45,45,45,0,90]","[45,90,-45,90,-45]",,Red_1,"[-45,45,45,0,90]","[45,90,-45,90,-45]",,,,,,,,,RED,3,Same,5,1,,,,,,5,1,3.1245,4,10,74,0,1,,,,,,,,,,,,,,,,,,,,,,,,,,,,,,,,,,,,,,,,,,,,,,
,,,,,,,,6786d027b56713ac675fbbb1,2025-01-21_22h23.56.619,VisualArraysMentalRotation_v4,2021.1.4,Win32,59.17159763,679054f2072d526265aabff2,67907273fa1713c1b01b1ff2,"[90,45,-45,0,-45]","[0,90,45,-45,-45]",,Blue_1,"[90,45,-45,0,-45]","[0,90,45,-45,-45]",,,,,,,,,BLUE,3,Same,5,3,,,,,,5,1,1.3342,4,11,75,9,1,,,,,,,,,,,,,,,,,,,,,,,,,,,,,,,,,,,,,,,,,,,,,,
,,,,,,,,6786d027b56713ac675fbbb1,2025-01-21_22h23.56.619,VisualArraysMentalRotation_v4,2021.1.4,Win32,59.17159763,679054f2072d526265aabff2,67907273fa1713c1b01b1ff2,"[90,0,45,90,0]","[45,0,0,-45,-45]",,Red_4,"[90,0,45,90,0]","[45,0,0,-45,-45]",,,,,,,,,RED,5,Same,5,1,,,,,,5,1,0.9468,4,12,76,2,1,,,,,,,,,,,,,,,,,,,,,,,,,,,,,,,,,,,,,,,,,,,,,,
,,,,,,,,6786d027b56713ac675fbbb1,2025-01-21_22h23.56.619,VisualArraysMentalRotation_v4,2021.1.4,Win32,59.17159763,679054f2072d526265aabff2,67907273fa1713c1b01b1ff2,"[90,-45,90,90,45]","[-45,45,0,0,-45]",,Blue_1,"[90,-45,90,90,45]","[0,45,0,0,-45]",,,,,,,,,BLUE,3,Different,6,3,,,,,,6,1,1.1343,4,13,77,13,1,,,,,,,,,,,,,,,,,,,,,,,,,,,,,,,,,,,,,,,,,,,,,,
,,,,,,,,6786d027b56713ac675fbbb1,2025-01-21_22h23.56.619,VisualArraysMentalRotation_v4,2021.1.4,Win32,59.17159763,679054f2072d526265aabff2,67907273fa1713c1b01b1ff2,"[90,45,90,-45,-45]","[0,0,0,-45,90]",,Blue_2,"[90,45,90,-45,-45]","[0,45,0,-45,90]",,,,,,,,,BLUE,3,Different,6,1,,,,,,6,1,1.2543,4,14,78,12,1,,,,,,,,,,,,,,,,,,,,,,,,,,,,,,,,,,,,,,,,,,,,,,
,,,,,,,,6786d027b56713ac675fbbb1,2025-01-21_22h23.56.619,VisualArraysMentalRotation_v4,2021.1.4,Win32,59.17159763,679054f2072d526265aabff2,67907273fa1713c1b01b1ff2,"[-45,0,-45,90,90]","[-45,-45,0,90,90]",,Red_2,"[-45,90,-45,90,90]","[-45,-45,0,90,90]",,,,,,,,,RED,3,Different,6,1,,,,,,6,1,1.91,4,15,79,4,1,,,,,,,,,,,,,,,,,,,,,,,,,,,,,,,,,,,,,,,,,,,,,,
,,,,,,,,6786d027b56713ac675fbbb1,2025-01-21_22h23.56.619,VisualArraysMentalRotation_v4,2021.1.4,Win32,59.17159763,679054f2072d526265aabff2,67907273fa1713c1b01b1ff2,"[90,45,45,45,90]","[90,0,0,45,90]",,Red_1,"[90,45,45,45,90]","[90,0,0,45,90]",,,,,,,,,RED,5,Same,5,1,,,,,,6,0,1.1569,5,0,80,2,1,,,,,,,,,,,,,,,,,,,,,,,,,,,,,,,,,,,,,,,,,,,,,,
,,,,,,,,6786d027b56713ac675fbbb1,2025-01-21_22h23.56.619,VisualArraysMentalRotation_v4,2021.1.4,Win32,59.17159763,679054f2072d526265aabff2,67907273fa1713c1b01b1ff2,"[45,0,90,90,45]","[90,-45,90,-45,0]",,Red_4,"[45,0,90,0,45]","[90,-45,90,-45,0]",,,,,,,,,RED,5,Different,6,1,,,,,,6,1,2.1453,5,1,81,6,1,,,,,,,,,,,,,,,,,,,,,,,,,,,,,,,,,,,,,,,,,,,,,,
,,,,,,,,6786d027b56713ac675fbbb1,2025-01-21_22h23.56.619,VisualArraysMentalRotation_v4,2021.1.4,Win32,59.17159763,679054f2072d526265aabff2,67907273fa1713c1b01b1ff2,"[90,90,90,0,-45]","[-45,90,90,90,-45]",,Blue_1,"[90,90,90,0,-45]","[-45,90,90,90,-45]",,,,,,,,,BLUE,5,Same,5,3,,,,,,5,1,1.1094,5,2,82,11,1,,,,,,,,,,,,,,,,,,,,,,,,,,,,,,,,,,,,,,,,,,,,,,
,,,,,,,,6786d027b56713ac675fbbb1,2025-01-21_22h23.56.619,VisualArraysMentalRotation_v4,2021.1.4,Win32,59.17159763,679054f2072d526265aabff2,67907273fa1713c1b01b1ff2,"[0,-45,90,90,90]","[0,0,45,45,-45]",,Blue_1,"[0,-45,90,90,90]","[-45,0,45,45,-45]",,,,,,,,,BLUE,3,Different,6,1,,,,,,6,1,1.6673,5,3,83,12,1,,,,,,,,,,,,,,,,,,,,,,,,,,,,,,,,,,,,,,,,,,,,,,
,,,,,,,,6786d027b56713ac675fbbb1,2025-01-21_22h23.56.619,VisualArraysMentalRotation_v4,2021.1.4,Win32,59.17159763,679054f2072d526265aabff2,67907273fa1713c1b01b1ff2,"[90,45,-45,90,0]","[45,90,-45,0,45]",,Red_3,"[90,45,0,90,0]","[45,90,-45,0,45]",,,,,,,,,RED,3,Different,6,1,,,,,,5,0,1.0219,5,4,84,4,1,,,,,,,,,,,,,,,,,,,,,,,,,,,,,,,,,,,,,,,,,,,,,,
,,,,,,,,6786d027b56713ac675fbbb1,2025-01-21_22h23.56.619,VisualArraysMentalRotation_v4,2021.1.4,Win32,59.17159763,679054f2072d526265aabff2,67907273fa1713c1b01b1ff2,"[45,45,-45,90,45]","[0,0,0,-45,0]",,Blue_3,"[45,45,-45,90,45]","[0,0,0,-45,0]",,,,,,,,,BLUE,3,Same,5,1,,,,,,5,1,1.0628,5,5,85,8,1,,,,,,,,,,,,,,,,,,,,,,,,,,,,,,,,,,,,,,,,,,,,,,
,,,,,,,,6786d027b56713ac675fbbb1,2025-01-21_22h23.56.619,VisualArraysMentalRotation_v4,2021.1.4,Win32,59.17159763,679054f2072d526265aabff2,67907273fa1713c1b01b1ff2,"[90,90,45,-45,0]","[45,0,0,90,0]",,Blue_1,"[90,90,45,-45,0]","[45,0,0,90,0]",,,,,,,,,BLUE,3,Same,5,3,,,,,,5,1,0.997,5,6,86,9,1,,,,,,,,,,,,,,,,,,,,,,,,,,,,,,,,,,,,,,,,,,,,,,
,,,,,,,,6786d027b56713ac675fbbb1,2025-01-21_22h23.56.619,VisualArraysMentalRotation_v4,2021.1.4,Win32,59.17159763,679054f2072d526265aabff2,67907273fa1713c1b01b1ff2,"[-45,0,0,45,45]","[0,0,90,0,-45]",,Blue_1,"[-45,0,0,45,45]","[0,0,90,0,-45]",,,,,,,,,BLUE,5,Same,5,1,,,,,,5,1,1.1604,5,7,87,10,1,,,,,,,,,,,,,,,,,,,,,,,,,,,,,,,,,,,,,,,,,,,,,,
,,,,,,,,6786d027b56713ac675fbbb1,2025-01-21_22h23.56.619,VisualArraysMentalRotation_v4,2021.1.4,Win32,59.17159763,679054f2072d526265aabff2,67907273fa1713c1b01b1ff2,"[45,0,-45,0,90]","[0,90,0,-45,0]",,Red_3,"[45,0,45,0,90]","[0,90,0,-45,0]",,,,,,,,,RED,3,Different,6,3,,,,,,6,1,0.9206,5,8,88,5,1,,,,,,,,,,,,,,,,,,,,,,,,,,,,,,,,,,,,,,,,,,,,,,
,,,,,,,,6786d027b56713ac675fbbb1,2025-01-21_22h23.56.619,VisualArraysMentalRotation_v4,2021.1.4,Win32,59.17159763,679054f2072d526265aabff2,67907273fa1713c1b01b1ff2,"[90,-45,45,0,-45]","[0,45,45,45,45]",,Red_4,"[90,-45,45,0,-45]","[0,45,45,45,45]",,,,,,,,,RED,5,Same,5,3,,,,,,5,1,1.5253,5,9,89,3,1,,,,,,,,,,,,,,,,,,,,,,,,,,,,,,,,,,,,,,,,,,,,,,
,,,,,,,,6786d027b56713ac675fbbb1,2025-01-21_22h23.56.619,VisualArraysMentalRotation_v4,2021.1.4,Win32,59.17159763,679054f2072d526265aabff2,67907273fa1713c1b01b1ff2,"[90,90,45,45,-45]","[-45,45,0,-45,90]",,Blue_4,"[90,90,45,45,-45]","[-45,45,0,90,90]",,,,,,,,,BLUE,5,Different,6,1,,,,,,5,0,1.1666,5,10,90,14,1,,,,,,,,,,,,,,,,,,,,,,,,,,,,,,,,,,,,,,,,,,,,,,
,,,,,,,,6786d027b56713ac675fbbb1,2025-01-21_22h23.56.619,VisualArraysMentalRotation_v4,2021.1.4,Win32,59.17159763,679054f2072d526265aabff2,67907273fa1713c1b01b1ff2,"[0,90,45,90,45]","[45,45,-45,-45,-45]",,Red_2,"[0,90,45,90,45]","[45,45,-45,-45,-45]",,,,,,,,,RED,3,Same,5,1,,,,,,5,1,0.8785,5,11,91,0,1,,,,,,,,,,,,,,,,,,,,,,,,,,,,,,,,,,,,,,,,,,,,,,
,,,,,,,,6786d027b56713ac675fbbb1,2025-01-21_22h23.56.619,VisualArraysMentalRotation_v4,2021.1.4,Win32,59.17159763,679054f2072d526265aabff2,67907273fa1713c1b01b1ff2,"[90,0,90,45,45]","[-45,45,45,45,0]",,Blue_2,"[90,0,90,45,45]","[-45,90,45,45,0]",,,,,,,,,BLUE,3,Different,6,3,,,,,,6,1,1.9767,5,12,92,13,1,,,,,,,,,,,,,,,,,,,,,,,,,,,,,,,,,,,,,,,,,,,,,,
,,,,,,,,6786d027b56713ac675fbbb1,2025-01-21_22h23.56.619,VisualArraysMentalRotation_v4,2021.1.4,Win32,59.17159763,679054f2072d526265aabff2,67907273fa1713c1b01b1ff2,"[0,45,45,0,0]","[0,-45,90,0,0]",,Blue_5,"[0,45,45,0,0]","[0,-45,90,0,90]",,,,,,,,,BLUE,5,Different,6,3,,,,,,6,1,6.0183,5,13,93,15,1,,,,,,,,,,,,,,,,,,,,,,,,,,,,,,,,,,,,,,,,,,,,,,
,,,,,,,,6786d027b56713ac675fbbb1,2025-01-21_22h23.56.619,VisualArraysMentalRotation_v4,2021.1.4,Win32,59.17159763,679054f2072d526265aabff2,67907273fa1713c1b01b1ff2,"[90,0,-45,0,0]","[90,-45,-45,-45,90]",,Red_2,"[90,0,-45,0,0]","[90,-45,-45,-45,90]",,,,,,,,,RED,3,Same,5,3,,,,,,5,1,1.3273,5,14,94,1,1,,,,,,,,,,,,,,,,,,,,,,,,,,,,,,,,,,,,,,,,,,,,,,
,,,,,,,,6786d027b56713ac675fbbb1,2025-01-21_22h23.56.619,VisualArraysMentalRotation_v4,2021.1.4,Win32,59.17159763,679054f2072d526265aabff2,67907273fa1713c1b01b1ff2,"[90,45,0,90,-45]","[90,45,90,0,45]",,Red_4,"[90,45,0,-45,-45]","[90,45,90,0,45]",,,,,,,,,RED,5,Different,6,3,,,,,,5,0,3.1676,5,15,95,7,1,,,,,,,,,,,,,,,,,,,,,,,,,,,,,,,,,,,,,,,,,,,,,,
,,,,,,,,6786d027b56713ac675fbbb1,2025-01-21_22h23.56.619,VisualArraysMentalRotation_v4,2021.1.4,Win32,59.17159763,679054f2072d526265aabff2,67907273fa1713c1b01b1ff2,"[45,0,0,0,-45]","[90,45,45,45,45]",,Blue_3,"[45,0,0,0,-45]","[90,45,0,45,45]",,,,,,,,,BLUE,3,Different,6,1,,,,,,5,0,1.7198,6,0,96,12,1,,,,,,,,,,,,,,,,,,,,,,,,,,,,,,,,,,,,,,,,,,,,,,
,,,,,,,,6786d027b56713ac675fbbb1,2025-01-21_22h23.56.619,VisualArraysMentalRotation_v4,2021.1.4,Win32,59.17159763,679054f2072d526265aabff2,67907273fa1713c1b01b1ff2,"[45,45,-45,-45,90]","[45,45,0,0,0]",,Red_4,"[45,45,-45,-45,90]","[45,45,0,0,0]",,,,,,,,,RED,5,Same,5,3,,,,,,5,1,1.2442,6,1,97,3,1,,,,,,,,,,,,,,,,,,,,,,,,,,,,,,,,,,,,,,,,,,,,,,
,,,,,,,,6786d027b56713ac675fbbb1,2025-01-21_22h23.56.619,VisualArraysMentalRotation_v4,2021.1.4,Win32,59.17159763,679054f2072d526265aabff2,67907273fa1713c1b01b1ff2,"[90,45,45,0,0]","[0,45,0,90,-45]",,Red_3,"[90,45,45,0,0]","[0,45,0,90,-45]",,,,,,,,,RED,3,Same,5,1,,,,,,5,1,0.8513,6,2,98,0,1,,,,,,,,,,,,,,,,,,,,,,,,,,,,,,,,,,,,,,,,,,,,,,
,,,,,,,,6786d027b56713ac675fbbb1,2025-01-21_22h23.56.619,VisualArraysMentalRotation_v4,2021.1.4,Win32,59.17159763,679054f2072d526265aabff2,67907273fa1713c1b01b1ff2,"[90,45,0,90,0]","[-45,-45,45,90,90]",,Red_4,"[90,45,0,0,0]","[-45,-45,45,90,90]",,,,,,,,,RED,5,Different,6,3,,,,,,6,1,0.7518,6,3,99,7,1,,,,,,,,,,,,,,,,,,,,,,,,,,,,,,,,,,,,,,,,,,,,,,
,,,,,,,,6786d027b56713ac675fbbb1,2025-01-21_22h23.56.619,VisualArraysMentalRotation_v4,2021.1.4,Win32,59.17159763,679054f2072d526265aabff2,67907273fa1713c1b01b1ff2,"[90,-45,90,0,0]","[45,0,90,90,45]",,Blue_2,"[90,-45,90,0,0]","[45,45,90,90,45]",,,,,,,,,BLUE,3,Different,6,3,,,,,,6,1,2.7249,6,4,100,13,1,,,,,,,,,,,,,,,,,,,,,,,,,,,,,,,,,,,,,,,,,,,,,,
,,,,,,,,6786d027b56713ac675fbbb1,2025-01-21_22h23.56.619,VisualArraysMentalRotation_v4,2021.1.4,Win32,59.17159763,679054f2072d526265aabff2,67907273fa1713c1b01b1ff2,"[-45,45,-45,90,45]","[45,-45,45,45,90]",,Blue_1,"[-45,45,-45,90,45]","[45,-45,45,45,90]",,,,,,,,,BLUE,5,Same,5,3,,,,,,5,1,3.7663,6,5,101,11,1,,,,,,,,,,,,,,,,,,,,,,,,,,,,,,,,,,,,,,,,,,,,,,
,,,,,,,,6786d027b56713ac675fbbb1,2025-01-21_22h23.56.619,VisualArraysMentalRotation_v4,2021.1.4,Win32,59.17159763,679054f2072d526265aabff2,67907273fa1713c1b01b1ff2,"[90,45,0,-45,0]","[-45,-45,-45,-45,-45]",,Red_4,"[90,45,0,45,0]","[-45,-45,-45,-45,-45]",,,,,,,,,RED,5,Different,6,1,,,,,,5,0,1.1269,6,6,102,6,1,,,,,,,,,,,,,,,,,,,,,,,,,,,,,,,,,,,,,,,,,,,,,,
,,,,,,,,6786d027b56713ac675fbbb1,2025-01-21_22h23.56.619,VisualArraysMentalRotation_v4,2021.1.4,Win32,59.17159763,679054f2072d526265aabff2,67907273fa1713c1b01b1ff2,"[90,90,90,-45,0]","[45,90,-45,45,90]",,Red_1,"[-45,90,90,-45,0]","[45,90,-45,45,90]",,,,,,,,,RED,3,Different,6,1,,,,,,6,1,1.1086,6,7,103,4,1,,,,,,,,,,,,,,,,,,,,,,,,,,,,,,,,,,,,,,,,,,,,,,
,,,,,,,,6786d027b56713ac675fbbb1,2025-01-21_22h23.56.619,VisualArraysMentalRotation_v4,2021.1.4,Win32,59.17159763,679054f2072d526265aabff2,67907273fa1713c1b01b1ff2,"[0,90,-45,45,-45]","[90,0,-45,0,-45]",,Blue_5,"[0,90,-45,45,-45]","[90,0,-45,0,0]",,,,,,,,,BLUE,5,Different,6,1,,,,,,6,1,4.1845,6,8,104,14,1,,,,,,,,,,,,,,,,,,,,,,,,,,,,,,,,,,,,,,,,,,,,,,
,,,,,,,,6786d027b56713ac675fbbb1,2025-01-21_22h23.56.619,VisualArraysMentalRotation_v4,2021.1.4,Win32,59.17159763,679054f2072d526265aabff2,67907273fa1713c1b01b1ff2,"[45,45,90,90,90]","[45,-45,0,90,-45]",,Blue_1,"[45,45,90,90,90]","[45,-45,0,90,-45]",,,,,,,,,BLUE,3,Same,5,3,,,,,,5,1,1.5172,6,9,105,9,1,,,,,,,,,,,,,,,,,,,,,,,,,,,,,,,,,,,,,,,,,,,,,,
,,,,,,,,6786d027b56713ac675fbbb1,2025-01-21_22h23.56.619,VisualArraysMentalRotation_v4,2021.1.4,Win32,59.17159763,679054f2072d526265aabff2,67907273fa1713c1b01b1ff2,"[0,45,90,45,45]","[90,45,45,0,45]",,Blue_1,"[0,45,90,45,45]","[90,45,45,0,45]",,,,,,,,,BLUE,3,Same,5,1,,,,,,5,1,1.3719,6,10,106,8,1,,,,,,,,,,,,,,,,,,,,,,,,,,,,,,,,,,,,,,,,,,,,,,
,,,,,,,,6786d027b56713ac675fbbb1,2025-01-21_22h23.56.619,VisualArraysMentalRotation_v4,2021.1.4,Win32,59.17159763,679054f2072d526265aabff2,67907273fa1713c1b01b1ff2,"[45,90,90,-45,0]","[90,0,45,0,-45]",,Red_2,"[45,90,90,-45,0]","[90,0,45,0,-45]",,,,,,,,,RED,3,Same,5,3,,,,,,5,1,1.0257,6,11,107,1,1,,,,,,,,,,,,,,,,,,,,,,,,,,,,,,,,,,,,,,,,,,,,,,
,,,,,,,,6786d027b56713ac675fbbb1,2025-01-21_22h23.56.619,VisualArraysMentalRotation_v4,2021.1.4,Win32,59.17159763,679054f2072d526265aabff2,67907273fa1713c1b01b1ff2,"[45,45,-45,45,90]","[45,0,90,90,90]",,Red_1,"[45,45,-45,45,90]","[45,0,90,90,90]",,,,,,,,,RED,5,Same,5,1,,,,,,5,1,1.3263,6,12,108,2,1,,,,,,,,,,,,,,,,,,,,,,,,,,,,,,,,,,,,,,,,,,,,,,
,,,,,,,,6786d027b56713ac675fbbb1,2025-01-21_22h23.56.619,VisualArraysMentalRotation_v4,2021.1.4,Win32,59.17159763,679054f2072d526265aabff2,67907273fa1713c1b01b1ff2,"[0,90,-45,-45,-45]","[0,-45,90,45,0]",,Blue_1,"[0,90,-45,-45,-45]","[0,-45,90,45,0]",,,,,,,,,BLUE,5,Same,5,1,,,,,,5,1,1.1087,6,13,109,10,1,,,,,,,,,,,,,,,,,,,,,,,,,,,,,,,,,,,,,,,,,,,,,,
,,,,,,,,6786d027b56713ac675fbbb1,2025-01-21_22h23.56.619,VisualArraysMentalRotation_v4,2021.1.4,Win32,59.17159763,679054f2072d526265aabff2,67907273fa1713c1b01b1ff2,"[0,90,45,0,90]","[-45,0,45,45,45]",,Blue_2,"[0,90,45,0,90]","[-45,-45,45,45,45]",,,,,,,,,BLUE,5,Different,6,3,,,,,,5,0,5.0835,6,14,110,15,1,,,,,,,,,,,,,,,,,,,,,,,,,,,,,,,,,,,,,,,,,,,,,,
,,,,,,,,6786d027b56713ac675fbbb1,2025-01-21_22h23.56.619,VisualArraysMentalRotation_v4,2021.1.4,Win32,59.17159763,679054f2072d526265aabff2,67907273fa1713c1b01b1ff2,"[90,0,0,90,90]","[-45,90,-45,90,0]",,Red_3,"[90,0,-45,90,90]","[-45,90,-45,90,0]",,,,,,,,,RED,3,Different,6,3,,,,,,6,1,0.9718,6,15,111,5,1,,,,,,,,,,,,,,,,,,,,,,,,,,,,,,,,,,,,,,,,,,,,,,
,,,,,,,,6786d027b56713ac675fbbb1,2025-01-21_22h23.56.619,VisualArraysMentalRotation_v4,2021.1.4,Win32,59.17159763,679054f2072d526265aabff2,67907273fa1713c1b01b1ff2,,,,,,,,,,,,,,,,,,,,,,,,,,,,,,,,,0,0,0,0,1,,,,,,,,,,,,,,,,,,,,,,,,,,,,,,,,,,,,,,,,,
,,,,,,,,6786d027b56713ac675fbbb1,2025-01-21_22h23.56.619,VisualArraysMentalRotation_v4,2021.1.4,Win32,59.17159763,679054f2072d526265aabff2,67907273fa1713c1b01b1ff2,,,,,,,,,,,,,,,,,,,,,,,,,,,,,,,,,,,,,,0,0,0,0,1,1,0,,,,,,,,,,,,,,,,,,,,,,,,,,,,,,,,,,
,,,,,,,,6786d027b56713ac675fbbb1,2025-01-21_22h23.56.619,VisualArraysMentalRotation_v4,2021.1.4,Win32,59.17159763,679054f2072d526265aabff2,67907273fa1713c1b01b1ff2,,,,,,,,,,,,,,,,,,,,,,,,,,,,,,,,,,,,,,,,,,,,,n,0,4.7304,0,0,0,3,1,PracticeStim/18_150.jpg,150,Same,b,,,,,,,,,,,,,,,,,,,,,,
,,,,,,,,6786d027b56713ac675fbbb1,2025-01-21_22h23.56.619,VisualArraysMentalRotation_v4,2021.1.4,Win32,59.17159763,679054f2072d526265aabff2,67907273fa1713c1b01b1ff2,,,,,,,,,,,,,,,,,,,,,,,,,,,,,,,,,,,,,,,,,,,,,b,0,4.9133,0,1,1,6,1,PracticeStim/30_100_R.jpg,100,Different,n,,,,,,,,,,,,,,,,,,,,,,
,,,,,,,,6786d027b56713ac675fbbb1,2025-01-21_22h23.56.619,VisualArraysMentalRotation_v4,2021.1.4,Win32,59.17159763,679054f2072d526265aabff2,67907273fa1713c1b01b1ff2,,,,,,,,,,,,,,,,,,,,,,,,,,,,,,,,,,,,,,,,,,,,,,0,,0,2,2,11,1,PracticeStim/42_50.jpg,50,Same,b,,,,,,,,,,,,,,,,,,,,,,
,,,,,,,,6786d027b56713ac675fbbb1,2025-01-21_22h23.56.619,VisualArraysMentalRotation_v4,2021.1.4,Win32,59.17159763,679054f2072d526265aabff2,67907273fa1713c1b01b1ff2,,,,,,,,,,,,,,,,,,,,,,,,,,,,,,,,,,,,,,,,,,,,,b,1,2.941,0,3,3,2,1,PracticeStim/17_50.jpg,50,Same,b,,,,,,,,,,,,,,,,,,,,,,
,,,,,,,,6786d027b56713ac675fbbb1,2025-01-21_22h23.56.619,VisualArraysMentalRotation_v4,2021.1.4,Win32,59.17159763,679054f2072d526265aabff2,67907273fa1713c1b01b1ff2,,,,,,,,,,,,,,,,,,,,,,,,,,,,,,,,,,,,,,,,,,,,,n,1,1.9378,0,4,4,0,1,PracticeStim/7_100_R.jpg,100,Different,n,,,,,,,,,,,,,,,,,,,,,,
,,,,,,,,6786d027b56713ac675fbbb1,2025-01-21_22h23.56.619,VisualArraysMentalRotation_v4,2021.1.4,Win32,59.17159763,679054f2072d526265aabff2,67907273fa1713c1b01b1ff2,,,,,,,,,,,,,,,,,,,,,,,,,,,,,,,,,,,,,,,,,,,,,b,0,1.4159,0,5,5,8,1,PracticeStim/33_50_R.jpg,50,Different,n,,,,,,,,,,,,,,,,,,,,,,
,,,,,,,,6786d027b56713ac675fbbb1,2025-01-21_22h23.56.619,VisualArraysMentalRotation_v4,2021.1.4,Win32,59.17159763,679054f2072d526265aabff2,67907273fa1713c1b01b1ff2,,,,,,,,,,,,,,,,,,,,,,,,,,,,,,,,,,,,,,,,,,,,,b,1,2.1963,0,6,6,4,1,PracticeStim/25_150.jpg,150,Same,b,,,,,,,,,,,,,,,,,,,,,,
,,,,,,,,6786d027b56713ac675fbbb1,2025-01-21_22h23.56.619,VisualArraysMentalRotation_v4,2021.1.4,Win32,59.17159763,679054f2072d526265aabff2,67907273fa1713c1b01b1ff2,,,,,,,,,,,,,,,,,,,,,,,,,,,,,,,,,,,,,,,,,,,,,n,1,2.7777,0,7,7,7,1,PracticeStim/31_50_R.jpg,50,Different,n,,,,,,,,,,,,,,,,,,,,,,
,,,,,,,,6786d027b56713ac675fbbb1,2025-01-21_22h23.56.619,VisualArraysMentalRotation_v4,2021.1.4,Win32,59.17159763,679054f2072d526265aabff2,67907273fa1713c1b01b1ff2,,,,,,,,,,,,,,,,,,,,,,,,,,,,,,,,,,,,,,,,,,,,,n,0,4.6985,0,8,8,5,1,PracticeStim/26_150.jpg,150,Same,b,,,,,,,,,,,,,,,,,,,,,,
,,,,,,,,6786d027b56713ac675fbbb1,2025-01-21_22h23.56.619,VisualArraysMentalRotation_v4,2021.1.4,Win32,59.17159763,679054f2072d526265aabff2,67907273fa1713c1b01b1ff2,,,,,,,,,,,,,,,,,,,,,,,,,,,,,,,,,,,,,,,,,,,,,b,1,1.3151,0,9,9,10,1,PracticeStim/41_150.jpg,150,Same,b,,,,,,,,,,,,,,,,,,,,,,
,,,,,,,,6786d027b56713ac675fbbb1,2025-01-21_22h23.56.619,VisualArraysMentalRotation_v4,2021.1.4,Win32,59.17159763,679054f2072d526265aabff2,67907273fa1713c1b01b1ff2,,,,,,,,,,,,,,,,,,,,,,,,,,,,,,,,,,,,,,,,,,,,,n,1,4.2692,0,10,10,9,1,PracticeStim/36_100_R.jpg,100,Different,n,,,,,,,,,,,,,,,,,,,,,,
,,,,,,,,6786d027b56713ac675fbbb1,2025-01-21_22h23.56.619,VisualArraysMentalRotation_v4,2021.1.4,Win32,59.17159763,679054f2072d526265aabff2,67907273fa1713c1b01b1ff2,,,,,,,,,,,,,,,,,,,,,,,,,,,,,,,,,,,,,,,,,,,,,n,1,2.0525,0,11,11,1,1,PracticeStim/9_100_R.jpg,100,Different,n,,,,,,,,,,,,,,,,,,,,,,
,,,,,,,,6786d027b56713ac675fbbb1,2025-01-21_22h23.56.619,VisualArraysMentalRotation_v4,2021.1.4,Win32,59.17159763,679054f2072d526265aabff2,67907273fa1713c1b01b1ff2,,,,,,,,,,,,,,,,,,,,,,,,,,,,,,,,,,,,,,,,,,,,,,,,,,,,,,,,,0,0,0,0,1,,,,,,,,,,,,,,,,,
,,,,,,,,6786d027b56713ac675fbbb1,2025-01-21_22h23.56.619,VisualArraysMentalRotation_v4,2021.1.4,Win32,59.17159763,679054f2072d526265aabff2,67907273fa1713c1b01b1ff2,,,,,,,,,,,,,,,,,,,,,,,,,,,,,,,,,,,,,,,,,,,,,b,1,2.4714,0,0,0,10,1,PracticeStim/41_150.jpg,150,Same,b,,,,,,,,,,,,,,,,,,,,,,
,,,,,,,,6786d027b56713ac675fbbb1,2025-01-21_22h23.56.619,VisualArraysMentalRotation_v4,2021.1.4,Win32,59.17159763,679054f2072d526265aabff2,67907273fa1713c1b01b1ff2,,,,,,,,,,,,,,,,,,,,,,,,,,,,,,,,,,,,,,,,,,,,,n,1,1.3912,0,1,1,7,1,PracticeStim/31_50_R.jpg,50,Different,n,,,,,,,,,,,,,,,,,,,,,,
,,,,,,,,6786d027b56713ac675fbbb1,2025-01-21_22h23.56.619,VisualArraysMentalRotation_v4,2021.1.4,Win32,59.17159763,679054f2072d526265aabff2,67907273fa1713c1b01b1ff2,,,,,,,,,,,,,,,,,,,,,,,,,,,,,,,,,,,,,,,,,,,,,n,0,2.1702,0,2,2,2,1,PracticeStim/17_50.jpg,50,Same,b,,,,,,,,,,,,,,,,,,,,,,
,,,,,,,,6786d027b56713ac675fbbb1,2025-01-21_22h23.56.619,VisualArraysMentalRotation_v4,2021.1.4,Win32,59.17159763,679054f2072d526265aabff2,67907273fa1713c1b01b1ff2,,,,,,,,,,,,,,,,,,,,,,,,,,,,,,,,,,,,,,,,,,,,,n,1,1.7475,0,3,3,8,1,PracticeStim/33_50_R.jpg,50,Different,n,,,,,,,,,,,,,,,,,,,,,,
,,,,,,,,6786d027b56713ac675fbbb1,2025-01-21_22h23.56.619,VisualArraysMentalRotation_v4,2021.1.4,Win32,59.17159763,679054f2072d526265aabff2,67907273fa1713c1b01b1ff2,,,,,,,,,,,,,,,,,,,,,,,,,,,,,,,,,,,,,,,,,,,,,b,1,1.682,0,4,4,3,1,PracticeStim/18_150.jpg,150,Same,b,,,,,,,,,,,,,,,,,,,,,,
,,,,,,,,6786d027b56713ac675fbbb1,2025-01-21_22h23.56.619,VisualArraysMentalRotation_v4,2021.1.4,Win32,59.17159763,679054f2072d526265aabff2,67907273fa1713c1b01b1ff2,,,,,,,,,,,,,,,,,,,,,,,,,,,,,,,,,,,,,,,,,,,,,b,0,1.8302,0,5,5,9,1,PracticeStim/36_100_R.jpg,100,Different,n,,,,,,,,,,,,,,,,,,,,,,
,,,,,,,,6786d027b56713ac675fbbb1,2025-01-21_22h23.56.619,VisualArraysMentalRotation_v4,2021.1.4,Win32,59.17159763,679054f2072d526265aabff2,67907273fa1713c1b01b1ff2,,,,,,,,,,,,,,,,,,,,,,,,,,,,,,,,,,,,,,,,,,,,,b,1,2.2838,0,6,6,5,1,PracticeStim/26_150.jpg,150,Same,b,,,,,,,,,,,,,,,,,,,,,,
,,,,,,,,6786d027b56713ac675fbbb1,2025-01-21_22h23.56.619,VisualArraysMentalRotation_v4,2021.1.4,Win32,59.17159763,679054f2072d526265aabff2,67907273fa1713c1b01b1ff2,,,,,,,,,,,,,,,,,,,,,,,,,,,,,,,,,,,,,,,,,,,,,b,1,2.1322,0,7,7,4,1,PracticeStim/25_150.jpg,150,Same,b,,,,,,,,,,,,,,,,,,,,,,
,,,,,,,,6786d027b56713ac675fbbb1,2025-01-21_22h23.56.619,VisualArraysMentalRotation_v4,2021.1.4,Win32,59.17159763,679054f2072d526265aabff2,67907273fa1713c1b01b1ff2,,,,,,,,,,,,,,,,,,,,,,,,,,,,,,,,,,,,,,,,,,,,,n,1,1.8071,0,8,8,6,1,PracticeStim/30_100_R.jpg,100,Different,n,,,,,,,,,,,,,,,,,,,,,,
,,,,,,,,6786d027b56713ac675fbbb1,2025-01-21_22h23.56.619,VisualArraysMentalRotation_v4,2021.1.4,Win32,59.17159763,679054f2072d526265aabff2,67907273fa1713c1b01b1ff2,,,,,,,,,,,,,,,,,,,,,,,,,,,,,,,,,,,,,,,,,,,,,n,0,2.1798,0,9,9,11,1,PracticeStim/42_50.jpg,50,Same,b,,,,,,,,,,,,,,,,,,,,,,
,,,,,,,,6786d027b56713ac675fbbb1,2025-01-21_22h23.56.619,VisualArraysMentalRotation_v4,2021.1.4,Win32,59.17159763,679054f2072d526265aabff2,67907273fa1713c1b01b1ff2,,,,,,,,,,,,,,,,,,,,,,,,,,,,,,,,,,,,,,,,,,,,,n,1,4.134,0,10,10,1,1,PracticeStim/9_100_R.jpg,100,Different,n,,,,,,,,,,,,,,,,,,,,,,
,,,,,,,,6786d027b56713ac675fbbb1,2025-01-21_22h23.56.619,VisualArraysMentalRotation_v4,2021.1.4,Win32,59.17159763,679054f2072d526265aabff2,67907273fa1713c1b01b1ff2,,,,,,,,,,,,,,,,,,,,,,,,,,,,,,,,,,,,,,,,,,,,,n,1,5.7659,0,11,11,0,1,PracticeStim/7_100_R.jpg,100,Different,n,,,,,,,,,,,,,,,,,,,,,,
,,,,,,,,6786d027b56713ac675fbbb1,2025-01-21_22h23.56.619,VisualArraysMentalRotation_v4,2021.1.4,Win32,59.17159763,679054f2072d526265aabff2,67907273fa1713c1b01b1ff2,,,,,,,,,,,,,,,,,,,,,,,,,,,,,,,,,,,,,,,,,,,,,,,,,,,,,,,,,,,,,,Stimuli/43_100_R.jpg,Different,100,n,n,1,2.4005,0,0,0,0,1,,,,,
,,,,,,,,6786d027b56713ac675fbbb1,2025-01-21_22h23.56.619,VisualArraysMentalRotation_v4,2021.1.4,Win32,59.17159763,679054f2072d526265aabff2,67907273fa1713c1b01b1ff2,,,,,,,,,,,,,,,,,,,,,,,,,,,,,,,,,,,,,,,,,,,,,,,,,,,,,,,,,,,,,,Stimuli/27_0_R.jpg,Different,0,n,n,1,4.9457,1,0,1,0,1,,,,,
,,,,,,,,6786d027b56713ac675fbbb1,2025-01-21_22h23.56.619,VisualArraysMentalRotation_v4,2021.1.4,Win32,59.17159763,679054f2072d526265aabff2,67907273fa1713c1b01b1ff2,,,,,,,,,,,,,,,,,,,,,,,,,,,,,,,,,,,,,,,,,,,,,,,,,,,,,,,,,,,,,,Stimuli/43_100.jpg,Same,100,b,b,1,1.7464,2,0,2,0,1,,,,,
,,,,,,,,6786d027b56713ac675fbbb1,2025-01-21_22h23.56.619,VisualArraysMentalRotation_v4,2021.1.4,Win32,59.17159763,679054f2072d526265aabff2,67907273fa1713c1b01b1ff2,,,,,,,,,,,,,,,,,,,,,,,,,,,,,,,,,,,,,,,,,,,,,,,,,,,,,,,,,,,,,,Stimuli/21_0_R.jpg,Different,0,n,n,1,2.0618,3,0,3,0,1,,,,,
,,,,,,,,6786d027b56713ac675fbbb1,2025-01-21_22h23.56.619,VisualArraysMentalRotation_v4,2021.1.4,Win32,59.17159763,679054f2072d526265aabff2,67907273fa1713c1b01b1ff2,,,,,,,,,,,,,,,,,,,,,,,,,,,,,,,,,,,,,,,,,,,,,,,,,,,,,,,,,,,,,,Stimuli/43_150.jpg,Same,150,b,b,1,2.8348,4,0,4,0,1,,,,,
,,,,,,,,6786d027b56713ac675fbbb1,2025-01-21_22h23.56.619,VisualArraysMentalRotation_v4,2021.1.4,Win32,59.17159763,679054f2072d526265aabff2,67907273fa1713c1b01b1ff2,,,,,,,,,,,,,,,,,,,,,,,,,,,,,,,,,,,,,,,,,,,,,,,,,,,,,,,,,,,,,,Stimuli/28_0_R.jpg,Different,0,n,b,0,3.7796,5,0,5,0,1,,,,,
,,,,,,,,6786d027b56713ac675fbbb1,2025-01-21_22h23.56.619,VisualArraysMentalRotation_v4,2021.1.4,Win32,59.17159763,679054f2072d526265aabff2,67907273fa1713c1b01b1ff2,,,,,,,,,,,,,,,,,,,,,,,,,,,,,,,,,,,,,,,,,,,,,,,,,,,,,,,,,,,,,,Stimuli/3_50.jpg,Same,50,b,n,0,1.7402,6,0,6,0,1,,,,,
,,,,,,,,6786d027b56713ac675fbbb1,2025-01-21_22h23.56.619,VisualArraysMentalRotation_v4,2021.1.4,Win32,59.17159763,679054f2072d526265aabff2,67907273fa1713c1b01b1ff2,,,,,,,,,,,,,,,,,,,,,,,,,,,,,,,,,,,,,,,,,,,,,,,,,,,,,,,,,,,,,,Stimuli/21_150_R.jpg,Different,150,n,b,0,1.4881,7,0,7,0,1,,,,,
,,,,,,,,6786d027b56713ac675fbbb1,2025-01-21_22h23.56.619,VisualArraysMentalRotation_v4,2021.1.4,Win32,59.17159763,679054f2072d526265aabff2,67907273fa1713c1b01b1ff2,,,,,,,,,,,,,,,,,,,,,,,,,,,,,,,,,,,,,,,,,,,,,,,,,,,,,,,,,,,,,,Stimuli/16_0_R.jpg,Different,0,n,b,0,1.6213,8,0,8,0,1,,,,,
,,,,,,,,6786d027b56713ac675fbbb1,2025-01-21_22h23.56.619,VisualArraysMentalRotation_v4,2021.1.4,Win32,59.17159763,679054f2072d526265aabff2,67907273fa1713c1b01b1ff2,,,,,,,,,,,,,,,,,,,,,,,,,,,,,,,,,,,,,,,,,,,,,,,,,,,,,,,,,,,,,,Stimuli/16_100_R.jpg,Different,100,n,n,1,1.096,9,0,9,0,1,,,,,
,,,,,,,,6786d027b56713ac675fbbb1,2025-01-21_22h23.56.619,VisualArraysMentalRotation_v4,2021.1.4,Win32,59.17159763,679054f2072d526265aabff2,67907273fa1713c1b01b1ff2,,,,,,,,,,,,,,,,,,,,,,,,,,,,,,,,,,,,,,,,,,,,,,,,,,,,,,,,,,,,,,Stimuli/40_0.jpg,Same,0,b,n,0,2.9337,10,0,10,0,1,,,,,
,,,,,,,,6786d027b56713ac675fbbb1,2025-01-21_22h23.56.619,VisualArraysMentalRotation_v4,2021.1.4,Win32,59.17159763,679054f2072d526265aabff2,67907273fa1713c1b01b1ff2,,,,,,,,,,,,,,,,,,,,,,,,,,,,,,,,,,,,,,,,,,,,,,,,,,,,,,,,,,,,,,Stimuli/44_100_R.jpg,Different,100,n,b,0,2.6469,11,0,11,0,1,,,,,
,,,,,,,,6786d027b56713ac675fbbb1,2025-01-21_22h23.56.619,VisualArraysMentalRotation_v4,2021.1.4,Win32,59.17159763,679054f2072d526265aabff2,67907273fa1713c1b01b1ff2,,,,,,,,,,,,,,,,,,,,,,,,,,,,,,,,,,,,,,,,,,,,,,,,,,,,,,,,,,,,,,Stimuli/16_50_R.jpg,Different,50,n,b,0,2.533,12,0,12,0,1,,,,,
,,,,,,,,6786d027b56713ac675fbbb1,2025-01-21_22h23.56.619,VisualArraysMentalRotation_v4,2021.1.4,Win32,59.17159763,679054f2072d526265aabff2,67907273fa1713c1b01b1ff2,,,,,,,,,,,,,,,,,,,,,,,,,,,,,,,,,,,,,,,,,,,,,,,,,,,,,,,,,,,,,,Stimuli/38_150_R.jpg,Different,150,n,b,0,5.6521,13,0,13,0,1,,,,,
,,,,,,,,6786d027b56713ac675fbbb1,2025-01-21_22h23.56.619,VisualArraysMentalRotation_v4,2021.1.4,Win32,59.17159763,679054f2072d526265aabff2,67907273fa1713c1b01b1ff2,,,,,,,,,,,,,,,,,,,,,,,,,,,,,,,,,,,,,,,,,,,,,,,,,,,,,,,,,,,,,,Stimuli/21_50.jpg,Same,50,b,n,0,1.1907,14,0,14,0,1,,,,,
,,,,,,,,6786d027b56713ac675fbbb1,2025-01-21_22h23.56.619,VisualArraysMentalRotation_v4,2021.1.4,Win32,59.17159763,679054f2072d526265aabff2,67907273fa1713c1b01b1ff2,,,,,,,,,,,,,,,,,,,,,,,,,,,,,,,,,,,,,,,,,,,,,,,,,,,,,,,,,,,,,,Stimuli/44_0.jpg,Same,0,b,n,0,4.9449,15,0,15,0,1,,,,,
,,,,,,,,6786d027b56713ac675fbbb1,2025-01-21_22h23.56.619,VisualArraysMentalRotation_v4,2021.1.4,Win32,59.17159763,679054f2072d526265aabff2,67907273fa1713c1b01b1ff2,,,,,,,,,,,,,,,,,,,,,,,,,,,,,,,,,,,,,,,,,,,,,,,,,,,,,,,,,,,,,,Stimuli/40_100.jpg,Same,100,b,n,0,5.6971,16,0,16,0,1,,,,,
,,,,,,,,6786d027b56713ac675fbbb1,2025-01-21_22h23.56.619,VisualArraysMentalRotation_v4,2021.1.4,Win32,59.17159763,679054f2072d526265aabff2,67907273fa1713c1b01b1ff2,,,,,,,,,,,,,,,,,,,,,,,,,,,,,,,,,,,,,,,,,,,,,,,,,,,,,,,,,,,,,,Stimuli/22_0_R.jpg,Different,0,n,b,0,1.3803,17,0,17,0,1,,,,,
,,,,,,,,6786d027b56713ac675fbbb1,2025-01-21_22h23.56.619,VisualArraysMentalRotation_v4,2021.1.4,Win32,59.17159763,679054f2072d526265aabff2,67907273fa1713c1b01b1ff2,,,,,,,,,,,,,,,,,,,,,,,,,,,,,,,,,,,,,,,,,,,,,,,,,,,,,,,,,,,,,,Stimuli/3_150_R.jpg,Different,150,n,n,1,3.3962,18,0,18,0,1,,,,,
,,,,,,,,6786d027b56713ac675fbbb1,2025-01-21_22h23.56.619,VisualArraysMentalRotation_v4,2021.1.4,Win32,59.17159763,679054f2072d526265aabff2,67907273fa1713c1b01b1ff2,,,,,,,,,,,,,,,,,,,,,,,,,,,,,,,,,,,,,,,,,,,,,,,,,,,,,,,,,,,,,,Stimuli/32_50.jpg,Same,50,b,n,0,5.3967,19,0,19,0,1,,,,,
,,,,,,,,6786d027b56713ac675fbbb1,2025-01-21_22h23.56.619,VisualArraysMentalRotation_v4,2021.1.4,Win32,59.17159763,679054f2072d526265aabff2,67907273fa1713c1b01b1ff2,,,,,,,,,,,,,,,,,,,,,,,,,,,,,,,,,,,,,,,,,,,,,,,,,,,,,,,,,,,,,,Stimuli/40_150.jpg,Same,150,b,b,1,4.8123,20,0,20,0,1,,,,,
,,,,,,,,6786d027b56713ac675fbbb1,2025-01-21_22h23.56.619,VisualArraysMentalRotation_v4,2021.1.4,Win32,59.17159763,679054f2072d526265aabff2,67907273fa1713c1b01b1ff2,,,,,,,,,,,,,,,,,,,,,,,,,,,,,,,,,,,,,,,,,,,,,,,,,,,,,,,,,,,,,,Stimuli/40_100_R.jpg,Different,100,n,n,1,7.1331,21,0,21,0,1,,,,,
,,,,,,,,6786d027b56713ac675fbbb1,2025-01-21_22h23.56.619,VisualArraysMentalRotation_v4,2021.1.4,Win32,59.17159763,679054f2072d526265aabff2,67907273fa1713c1b01b1ff2,,,,,,,,,,,,,,,,,,,,,,,,,,,,,,,,,,,,,,,,,,,,,,,,,,,,,,,,,,,,,,Stimuli/19_50.jpg,Same,50,b,n,0,4.1225,22,0,22,0,1,,,,,
,,,,,,,,6786d027b56713ac675fbbb1,2025-01-21_22h23.56.619,VisualArraysMentalRotation_v4,2021.1.4,Win32,59.17159763,679054f2072d526265aabff2,67907273fa1713c1b01b1ff2,,,,,,,,,,,,,,,,,,,,,,,,,,,,,,,,,,,,,,,,,,,,,,,,,,,,,,,,,,,,,,Stimuli/21_50_R.jpg,Different,50,n,b,0,3.7464,23,0,23,0,1,,,,,
,,,,,,,,6786d027b56713ac675fbbb1,2025-01-21_22h23.56.619,VisualArraysMentalRotation_v4,2021.1.4,Win32,59.17159763,679054f2072d526265aabff2,67907273fa1713c1b01b1ff2,,,,,,,,,,,,,,,,,,,,,,,,,,,,,,,,,,,,,,,,,,,,,,,,,,,,,,,,,,,,,,Stimuli/16_150_R.jpg,Different,150,n,b,0,3.4383,24,0,24,0,1,,,,,
,,,,,,,,6786d027b56713ac675fbbb1,2025-01-21_22h23.56.619,VisualArraysMentalRotation_v4,2021.1.4,Win32,59.17159763,679054f2072d526265aabff2,67907273fa1713c1b01b1ff2,,,,,,,,,,,,,,,,,,,,,,,,,,,,,,,,,,,,,,,,,,,,,,,,,,,,,,,,,,,,,,Stimuli/32_150.jpg,Same,150,b,b,1,4.6522,25,0,25,0,1,,,,,
,,,,,,,,6786d027b56713ac675fbbb1,2025-01-21_22h23.56.619,VisualArraysMentalRotation_v4,2021.1.4,Win32,59.17159763,679054f2072d526265aabff2,67907273fa1713c1b01b1ff2,,,,,,,,,,,,,,,,,,,,,,,,,,,,,,,,,,,,,,,,,,,,,,,,,,,,,,,,,,,,,,Stimuli/3_150.jpg,Same,150,b,n,0,5.7724,26,0,26,0,1,,,,,
,,,,,,,,6786d027b56713ac675fbbb1,2025-01-21_22h23.56.619,VisualArraysMentalRotation_v4,2021.1.4,Win32,59.17159763,679054f2072d526265aabff2,67907273fa1713c1b01b1ff2,,,,,,,,,,,,,,,,,,,,,,,,,,,,,,,,,,,,,,,,,,,,,,,,,,,,,,,,,,,,,,Stimuli/43_0_R.jpg,Different,0,n,b,0,2.7757,27,0,27,0,1,,,,,
,,,,,,,,6786d027b56713ac675fbbb1,2025-01-21_22h23.56.619,VisualArraysMentalRotation_v4,2021.1.4,Win32,59.17159763,679054f2072d526265aabff2,67907273fa1713c1b01b1ff2,,,,,,,,,,,,,,,,,,,,,,,,,,,,,,,,,,,,,,,,,,,,,,,,,,,,,,,,,,,,,,Stimuli/28_50_R.jpg,Different,50,n,b,0,2.1755,28,0,28,0,1,,,,,
,,,,,,,,6786d027b56713ac675fbbb1,2025-01-21_22h23.56.619,VisualArraysMentalRotation_v4,2021.1.4,Win32,59.17159763,679054f2072d526265aabff2,67907273fa1713c1b01b1ff2,,,,,,,,,,,,,,,,,,,,,,,,,,,,,,,,,,,,,,,,,,,,,,,,,,,,,,,,,,,,,,Stimuli/16_0.jpg,Same,0,b,n,0,1.8204,29,0,29,0,1,,,,,
,,,,,,,,6786d027b56713ac675fbbb1,2025-01-21_22h23.56.619,VisualArraysMentalRotation_v4,2021.1.4,Win32,59.17159763,679054f2072d526265aabff2,67907273fa1713c1b01b1ff2,,,,,,,,,,,,,,,,,,,,,,,,,,,,,,,,,,,,,,,,,,,,,,,,,,,,,,,,,,,,,,Stimuli/3_50_R.jpg,Different,50,n,n,1,3.0566,30,0,30,0,1,,,,,
,,,,,,,,6786d027b56713ac675fbbb1,2025-01-21_22h23.56.619,VisualArraysMentalRotation_v4,2021.1.4,Win32,59.17159763,679054f2072d526265aabff2,67907273fa1713c1b01b1ff2,,,,,,,,,,,,,,,,,,,,,,,,,,,,,,,,,,,,,,,,,,,,,,,,,,,,,,,,,,,,,,Stimuli/43_0.jpg,Same,0,b,n,0,2.6126,31,0,31,0,1,,,,,
,,,,,,,,6786d027b56713ac675fbbb1,2025-01-21_22h23.56.619,VisualArraysMentalRotation_v4,2021.1.4,Win32,59.17159763,679054f2072d526265aabff2,67907273fa1713c1b01b1ff2,,,,,,,,,,,,,,,,,,,,,,,,,,,,,,,,,,,,,,,,,,,,,,,,,,,,,,,,,,,,,,Stimuli/21_100.jpg,Same,100,b,n,0,7.1794,32,0,32,0,1,,,,,
,,,,,,,,6786d027b56713ac675fbbb1,2025-01-21_22h23.56.619,VisualArraysMentalRotation_v4,2021.1.4,Win32,59.17159763,679054f2072d526265aabff2,67907273fa1713c1b01b1ff2,,,,,,,,,,,,,,,,,,,,,,,,,,,,,,,,,,,,,,,,,,,,,,,,,,,,,,,,,,,,,,Stimuli/16_100.jpg,Same,100,b,,0,,33,0,33,0,1,,,,,
,,,,,,,,6786d027b56713ac675fbbb1,2025-01-21_22h23.56.619,VisualArraysMentalRotation_v4,2021.1.4,Win32,59.17159763,679054f2072d526265aabff2,67907273fa1713c1b01b1ff2,,,,,,,,,,,,,,,,,,,,,,,,,,,,,,,,,,,,,,,,,,,,,,,,,,,,,,,,,,,,,,Stimuli/27_150_R.jpg,Different,150,n,b,0,3.9302,34,0,34,0,1,,,,,
,,,,,,,,6786d027b56713ac675fbbb1,2025-01-21_22h23.56.619,VisualArraysMentalRotation_v4,2021.1.4,Win32,59.17159763,679054f2072d526265aabff2,67907273fa1713c1b01b1ff2,,,,,,,,,,,,,,,,,,,,,,,,,,,,,,,,,,,,,,,,,,,,,,,,,,,,,,,,,,,,,,Stimuli/21_0.jpg,Same,0,b,n,0,1.1312,35,0,35,0,1,,,,,
,,,,,,,,6786d027b56713ac675fbbb1,2025-01-21_22h23.56.619,VisualArraysMentalRotation_v4,2021.1.4,Win32,59.17159763,679054f2072d526265aabff2,67907273fa1713c1b01b1ff2,,,,,,,,,,,,,,,,,,,,,,,,,,,,,,,,,,,,,,,,,,,,,,,,,,,,,,,,,,,,,,Stimuli/16_150.jpg,Same,150,b,b,1,1.2395,36,0,36,0,1,,,,,
,,,,,,,,6786d027b56713ac675fbbb1,2025-01-21_22h23.56.619,VisualArraysMentalRotation_v4,2021.1.4,Win32,59.17159763,679054f2072d526265aabff2,67907273fa1713c1b01b1ff2,,,,,,,,,,,,,,,,,,,,,,,,,,,,,,,,,,,,,,,,,,,,,,,,,,,,,,,,,,,,,,Stimuli/19_100_R.jpg,Different,100,n,b,0,4.6832,37,0,37,0,1,,,,,
,,,,,,,,6786d027b56713ac675fbbb1,2025-01-21_22h23.56.619,VisualArraysMentalRotation_v4,2021.1.4,Win32,59.17159763,679054f2072d526265aabff2,67907273fa1713c1b01b1ff2,,,,,,,,,,,,,,,,,,,,,,,,,,,,,,,,,,,,,,,,,,,,,,,,,,,,,,,,,,,,,,Stimuli/22_100_R.jpg,Different,100,n,n,1,1.9358,38,0,38,0,1,,,,,
,,,,,,,,6786d027b56713ac675fbbb1,2025-01-21_22h23.56.619,VisualArraysMentalRotation_v4,2021.1.4,Win32,59.17159763,679054f2072d526265aabff2,67907273fa1713c1b01b1ff2,,,,,,,,,,,,,,,,,,,,,,,,,,,,,,,,,,,,,,,,,,,,,,,,,,,,,,,,,,,,,,Stimuli/32_100.jpg,Same,100,b,n,0,3.5665,39,0,39,0,1,,,,,
,,,,,,,,6786d027b56713ac675fbbb1,2025-01-21_22h23.56.619,VisualArraysMentalRotation_v4,2021.1.4,Win32,59.17159763,679054f2072d526265aabff2,67907273fa1713c1b01b1ff2,,,,,,,,,,,,,,,,,,,,,,,,,,,,,,,,,,,,,,,,,,,,,,,,,,,,,,,,,,,,,,Stimuli/22_100.jpg,Same,100,b,n,0,4.22,40,0,40,0,1,,,,,
,,,,,,,,6786d027b56713ac675fbbb1,2025-01-21_22h23.56.619,VisualArraysMentalRotation_v4,2021.1.4,Win32,59.17159763,679054f2072d526265aabff2,67907273fa1713c1b01b1ff2,,,,,,,,,,,,,,,,,,,,,,,,,,,,,,,,,,,,,,,,,,,,,,,,,,,,,,,,,,,,,,Stimuli/40_150_R.jpg,Different,150,n,n,1,6.8634,41,0,41,0,1,,,,,
,,,,,,,,6786d027b56713ac675fbbb1,2025-01-21_22h23.56.619,VisualArraysMentalRotation_v4,2021.1.4,Win32,59.17159763,679054f2072d526265aabff2,67907273fa1713c1b01b1ff2,,,,,,,,,,,,,,,,,,,,,,,,,,,,,,,,,,,,,,,,,,,,,,,,,,,,,,,,,,,,,,Stimuli/44_50.jpg,Same,50,b,,0,,42,0,42,0,1,,,,,
,,,,,,,,6786d027b56713ac675fbbb1,2025-01-21_22h23.56.619,VisualArraysMentalRotation_v4,2021.1.4,Win32,59.17159763,679054f2072d526265aabff2,67907273fa1713c1b01b1ff2,,,,,,,,,,,,,,,,,,,,,,,,,,,,,,,,,,,,,,,,,,,,,,,,,,,,,,,,,,,,,,Stimuli/27_0.jpg,Same,0,b,,0,,43,0,43,0,1,,,,,
,,,,,,,,6786d027b56713ac675fbbb1,2025-01-21_22h23.56.619,VisualArraysMentalRotation_v4,2021.1.4,Win32,59.17159763,679054f2072d526265aabff2,67907273fa1713c1b01b1ff2,,,,,,,,,,,,,,,,,,,,,,,,,,,,,,,,,,,,,,,,,,,,,,,,,,,,,,,,,,,,,,Stimuli/19_50_R.jpg,Different,50,n,n,1,3.506,44,0,44,0,1,,,,,
,,,,,,,,6786d027b56713ac675fbbb1,2025-01-21_22h23.56.619,VisualArraysMentalRotation_v4,2021.1.4,Win32,59.17159763,679054f2072d526265aabff2,67907273fa1713c1b01b1ff2,,,,,,,,,,,,,,,,,,,,,,,,,,,,,,,,,,,,,,,,,,,,,,,,,,,,,,,,,,,,,,Stimuli/32_50_R.jpg,Different,50,n,b,0,1.1418,45,0,45,0,1,,,,,
,,,,,,,,6786d027b56713ac675fbbb1,2025-01-21_22h23.56.619,VisualArraysMentalRotation_v4,2021.1.4,Win32,59.17159763,679054f2072d526265aabff2,67907273fa1713c1b01b1ff2,,,,,,,,,,,,,,,,,,,,,,,,,,,,,,,,,,,,,,,,,,,,,,,,,,,,,,,,,,,,,,Stimuli/19_150.jpg,Same,150,b,n,0,3.0581,46,0,46,0,1,,,,,
,,,,,,,,6786d027b56713ac675fbbb1,2025-01-21_22h23.56.619,VisualArraysMentalRotation_v4,2021.1.4,Win32,59.17159763,679054f2072d526265aabff2,67907273fa1713c1b01b1ff2,,,,,,,,,,,,,,,,,,,,,,,,,,,,,,,,,,,,,,,,,,,,,,,,,,,,,,,,,,,,,,Stimuli/40_50.jpg,Same,50,b,n,0,3.9531,47,0,47,0,1,,,,,
,,,,,,,,6786d027b56713ac675fbbb1,2025-01-21_22h23.56.619,VisualArraysMentalRotation_v4,2021.1.4,Win32,59.17159763,679054f2072d526265aabff2,67907273fa1713c1b01b1ff2,,,,,,,,,,,,,,,,,,,,,,,,,,,,,,,,,,,,,,,,,,,,,,,,,,,,,,,,,,,,,,Stimuli/21_100_R.jpg,Different,100,n,n,1,4.3133,48,0,48,0,1,,,,,
,,,,,,,,6786d027b56713ac675fbbb1,2025-01-21_22h23.56.619,VisualArraysMentalRotation_v4,2021.1.4,Win32,59.17159763,679054f2072d526265aabff2,67907273fa1713c1b01b1ff2,,,,,,,,,,,,,,,,,,,,,,,,,,,,,,,,,,,,,,,,,,,,,,,,,,,,,,,,,,,,,,Stimuli/3_100_R.jpg,Different,100,n,n,1,2.6686,49,0,49,0,1,,,,,
,,,,,,,,6786d027b56713ac675fbbb1,2025-01-21_22h23.56.619,VisualArraysMentalRotation_v4,2021.1.4,Win32,59.17159763,679054f2072d526265aabff2,67907273fa1713c1b01b1ff2,,,,,,,,,,,,,,,,,,,,,,,,,,,,,,,,,,,,,,,,,,,,,,,,,,,,,,,,,,,,,,Stimuli/22_150_R.jpg,Different,150,n,b,0,5.4699,50,0,50,0,1,,,,,
,,,,,,,,6786d027b56713ac675fbbb1,2025-01-21_22h23.56.619,VisualArraysMentalRotation_v4,2021.1.4,Win32,59.17159763,679054f2072d526265aabff2,67907273fa1713c1b01b1ff2,,,,,,,,,,,,,,,,,,,,,,,,,,,,,,,,,,,,,,,,,,,,,,,,,,,,,,,,,,,,,,Stimuli/44_100.jpg,Same,100,b,,0,,51,0,51,0,1,,,,,
,,,,,,,,6786d027b56713ac675fbbb1,2025-01-21_22h23.56.619,VisualArraysMentalRotation_v4,2021.1.4,Win32,59.17159763,679054f2072d526265aabff2,67907273fa1713c1b01b1ff2,,,,,,,,,,,,,,,,,,,,,,,,,,,,,,,,,,,,,,,,,,,,,,,,,,,,,,,,,,,,,,Stimuli/28_150_R.jpg,Different,150,n,,0,,52,0,52,0,1,,,,,
,,,,,,,,6786d027b56713ac675fbbb1,2025-01-21_22h23.56.619,VisualArraysMentalRotation_v4,2021.1.4,Win32,59.17159763,679054f2072d526265aabff2,67907273fa1713c1b01b1ff2,,,,,,,,,,,,,,,,,,,,,,,,,,,,,,,,,,,,,,,,,,,,,,,,,,,,,,,,,,,,,,Stimuli/32_0.jpg,Same,0,b,n,0,1.5581,53,0,53,0,1,,,,,
,,,,,,,,6786d027b56713ac675fbbb1,2025-01-21_22h23.56.619,VisualArraysMentalRotation_v4,2021.1.4,Win32,59.17159763,679054f2072d526265aabff2,67907273fa1713c1b01b1ff2,,,,,,,,,,,,,,,,,,,,,,,,,,,,,,,,,,,,,,,,,,,,,,,,,,,,,,,,,,,,,,Stimuli/28_0.jpg,Same,0,b,n,0,2.5281,54,0,54,0,1,,,,,
,,,,,,,,6786d027b56713ac675fbbb1,2025-01-21_22h23.56.619,VisualArraysMentalRotation_v4,2021.1.4,Win32,59.17159763,679054f2072d526265aabff2,67907273fa1713c1b01b1ff2,,,,,,,,,,,,,,,,,,,,,,,,,,,,,,,,,,,,,,,,,,,,,,,,,,,,,,,,,,,,,,Stimuli/38_0_R.jpg,Different,0,n,,0,,55,0,55,0,1,,,,,
,,,,,,,,6786d027b56713ac675fbbb1,2025-01-21_22h23.56.619,VisualArraysMentalRotation_v4,2021.1.4,Win32,59.17159763,679054f2072d526265aabff2,67907273fa1713c1b01b1ff2,,,,,,,,,,,,,,,,,,,,,,,,,,,,,,,,,,,,,,,,,,,,,,,,,,,,,,,,,,,,,,Stimuli/43_150_R.jpg,Different,150,n,n,1,3.1507,56,0,56,0,1,,,,,
,,,,,,,,6786d027b56713ac675fbbb1,2025-01-21_22h23.56.619,VisualArraysMentalRotation_v4,2021.1.4,Win32,59.17159763,679054f2072d526265aabff2,67907273fa1713c1b01b1ff2,,,,,,,,,,,,,,,,,,,,,,,,,,,,,,,,,,,,,,,,,,,,,,,,,,,,,,,,,,,,,,Stimuli/28_150.jpg,Same,150,b,b,1,3.7545,57,0,57,0,1,,,,,
,,,,,,,,6786d027b56713ac675fbbb1,2025-01-21_22h23.56.619,VisualArraysMentalRotation_v4,2021.1.4,Win32,59.17159763,679054f2072d526265aabff2,67907273fa1713c1b01b1ff2,,,,,,,,,,,,,,,,,,,,,,,,,,,,,,,,,,,,,,,,,,,,,,,,,,,,,,,,,,,,,,Stimuli/22_0.jpg,Same,0,b,n,0,4.382,58,0,58,0,1,,,,,
,,,,,,,,6786d027b56713ac675fbbb1,2025-01-21_22h23.56.619,VisualArraysMentalRotation_v4,2021.1.4,Win32,59.17159763,679054f2072d526265aabff2,67907273fa1713c1b01b1ff2,,,,,,,,,,,,,,,,,,,,,,,,,,,,,,,,,,,,,,,,,,,,,,,,,,,,,,,,,,,,,,Stimuli/27_100_R.jpg,Different,100,n,b,0,5.7792,59,0,59,0,1,,,,,
,,,,,,,,6786d027b56713ac675fbbb1,2025-01-21_22h23.56.619,VisualArraysMentalRotation_v4,2021.1.4,Win32,59.17159763,679054f2072d526265aabff2,67907273fa1713c1b01b1ff2,,,,,,,,,,,,,,,,,,,,,,,,,,,,,,,,,,,,,,,,,,,,,,,,,,,,,,,,,,,,,,Stimuli/38_100_R.jpg,Different,100,n,b,0,3.1138,60,0,60,0,1,,,,,
,,,,,,,,6786d027b56713ac675fbbb1,2025-01-21_22h23.56.619,VisualArraysMentalRotation_v4,2021.1.4,Win32,59.17159763,679054f2072d526265aabff2,67907273fa1713c1b01b1ff2,,,,,,,,,,,,,,,,,,,,,,,,,,,,,,,,,,,,,,,,,,,,,,,,,,,,,,,,,,,,,,Stimuli/22_150.jpg,Same,150,b,n,0,1.9969,61,0,61,0,1,,,,,
,,,,,,,,6786d027b56713ac675fbbb1,2025-01-21_22h23.56.619,VisualArraysMentalRotation_v4,2021.1.4,Win32,59.17159763,679054f2072d526265aabff2,67907273fa1713c1b01b1ff2,,,,,,,,,,,,,,,,,,,,,,,,,,,,,,,,,,,,,,,,,,,,,,,,,,,,,,,,,,,,,,Stimuli/44_0_R.jpg,Different,0,n,b,0,2.5285,62,0,62,0,1,,,,,
,,,,,,,,6786d027b56713ac675fbbb1,2025-01-21_22h23.56.619,VisualArraysMentalRotation_v4,2021.1.4,Win32,59.17159763,679054f2072d526265aabff2,67907273fa1713c1b01b1ff2,,,,,,,,,,,,,,,,,,,,,,,,,,,,,,,,,,,,,,,,,,,,,,,,,,,,,,,,,,,,,,Stimuli/32_150_R.jpg,Different,150,n,n,1,6.3572,63,0,63,0,1,,,,,
,,,,,,,,6786d027b56713ac675fbbb1,2025-01-21_22h23.56.619,VisualArraysMentalRotation_v4,2021.1.4,Win32,59.17159763,679054f2072d526265aabff2,67907273fa1713c1b01b1ff2,,,,,,,,,,,,,,,,,,,,,,,,,,,,,,,,,,,,,,,,,,,,,,,,,,,,,,,,,,,,,,Stimuli/27_150.jpg,Same,150,b,n,0,4.4292,64,0,64,0,1,,,,,
,,,,,,,,6786d027b56713ac675fbbb1,2025-01-21_22h23.56.619,VisualArraysMentalRotation_v4,2021.1.4,Win32,59.17159763,679054f2072d526265aabff2,67907273fa1713c1b01b1ff2,,,,,,,,,,,,,,,,,,,,,,,,,,,,,,,,,,,,,,,,,,,,,,,,,,,,,,,,,,,,,,Stimuli/19_0.jpg,Same,0,b,n,0,2.033,65,0,65,0,1,,,,,
,,,,,,,,6786d027b56713ac675fbbb1,2025-01-21_22h23.56.619,VisualArraysMentalRotation_v4,2021.1.4,Win32,59.17159763,679054f2072d526265aabff2,67907273fa1713c1b01b1ff2,,,,,,,,,,,,,,,,,,,,,,,,,,,,,,,,,,,,,,,,,,,,,,,,,,,,,,,,,,,,,,Stimuli/43_50_R.jpg,Different,50,n,b,0,2.246,66,0,66,0,1,,,,,
,,,,,,,,6786d027b56713ac675fbbb1,2025-01-21_22h23.56.619,VisualArraysMentalRotation_v4,2021.1.4,Win32,59.17159763,679054f2072d526265aabff2,67907273fa1713c1b01b1ff2,,,,,,,,,,,,,,,,,,,,,,,,,,,,,,,,,,,,,,,,,,,,,,,,,,,,,,,,,,,,,,Stimuli/38_50_R.jpg,Different,50,n,b,0,1.5944,67,0,67,0,1,,,,,
,,,,,,,,6786d027b56713ac675fbbb1,2025-01-21_22h23.56.619,VisualArraysMentalRotation_v4,2021.1.4,Win32,59.17159763,679054f2072d526265aabff2,67907273fa1713c1b01b1ff2,,,,,,,,,,,,,,,,,,,,,,,,,,,,,,,,,,,,,,,,,,,,,,,,,,,,,,,,,,,,,,Stimuli/3_100.jpg,Same,100,b,n,0,4.4176,68,0,68,0,1,,,,,
,,,,,,,,6786d027b56713ac675fbbb1,2025-01-21_22h23.56.619,VisualArraysMentalRotation_v4,2021.1.4,Win32,59.17159763,679054f2072d526265aabff2,67907273fa1713c1b01b1ff2,,,,,,,,,,,,,,,,,,,,,,,,,,,,,,,,,,,,,,,,,,,,,,,,,,,,,,,,,,,,,,Stimuli/3_0_R.jpg,Different,0,n,n,1,2.004,69,0,69,0,1,,,,,
,,,,,,,,6786d027b56713ac675fbbb1,2025-01-21_22h23.56.619,VisualArraysMentalRotation_v4,2021.1.4,Win32,59.17159763,679054f2072d526265aabff2,67907273fa1713c1b01b1ff2,,,,,,,,,,,,,,,,,,,,,,,,,,,,,,,,,,,,,,,,,,,,,,,,,,,,,,,,,,,,,,Stimuli/38_150.jpg,Same,150,b,n,0,2.6082,70,0,70,0,1,,,,,
,,,,,,,,6786d027b56713ac675fbbb1,2025-01-21_22h23.56.619,VisualArraysMentalRotation_v4,2021.1.4,Win32,59.17159763,679054f2072d526265aabff2,67907273fa1713c1b01b1ff2,,,,,,,,,,,,,,,,,,,,,,,,,,,,,,,,,,,,,,,,,,,,,,,,,,,,,,,,,,,,,,Stimuli/28_50.jpg,Same,50,b,n,0,3.3328,71,0,71,0,1,,,,,
,,,,,,,,6786d027b56713ac675fbbb1,2025-01-21_22h23.56.619,VisualArraysMentalRotation_v4,2021.1.4,Win32,59.17159763,679054f2072d526265aabff2,67907273fa1713c1b01b1ff2,,,,,,,,,,,,,,,,,,,,,,,,,,,,,,,,,,,,,,,,,,,,,,,,,,,,,,,,,,,,,,Stimuli/3_0.jpg,Same,0,b,n,0,7.2345,72,0,72,0,1,,,,,
,,,,,,,,6786d027b56713ac675fbbb1,2025-01-21_22h23.56.619,VisualArraysMentalRotation_v4,2021.1.4,Win32,59.17159763,679054f2072d526265aabff2,67907273fa1713c1b01b1ff2,,,,,,,,,,,,,,,,,,,,,,,,,,,,,,,,,,,,,,,,,,,,,,,,,,,,,,,,,,,,,,Stimuli/40_0_R.jpg,Different,0,n,b,0,1.6128,73,0,73,0,1,,,,,
,,,,,,,,6786d027b56713ac675fbbb1,2025-01-21_22h23.56.619,VisualArraysMentalRotation_v4,2021.1.4,Win32,59.17159763,679054f2072d526265aabff2,67907273fa1713c1b01b1ff2,,,,,,,,,,,,,,,,,,,,,,,,,,,,,,,,,,,,,,,,,,,,,,,,,,,,,,,,,,,,,,Stimuli/19_100.jpg,Same,100,b,n,0,5.2034,74,0,74,0,1,,,,,
,,,,,,,,6786d027b56713ac675fbbb1,2025-01-21_22h23.56.619,VisualArraysMentalRotation_v4,2021.1.4,Win32,59.17159763,679054f2072d526265aabff2,67907273fa1713c1b01b1ff2,,,,,,,,,,,,,,,,,,,,,,,,,,,,,,,,,,,,,,,,,,,,,,,,,,,,,,,,,,,,,,Stimuli/38_100.jpg,Same,100,b,n,0,2.4474,75,0,75,0,1,,,,,
,,,,,,,,6786d027b56713ac675fbbb1,2025-01-21_22h23.56.619,VisualArraysMentalRotation_v4,2021.1.4,Win32,59.17159763,679054f2072d526265aabff2,67907273fa1713c1b01b1ff2,,,,,,,,,,,,,,,,,,,,,,,,,,,,,,,,,,,,,,,,,,,,,,,,,,,,,,,,,,,,,,Stimuli/32_0_R.jpg,Different,0,n,b,0,1.513,76,0,76,0,1,,,,,
,,,,,,,,6786d027b56713ac675fbbb1,2025-01-21_22h23.56.619,VisualArraysMentalRotation_v4,2021.1.4,Win32,59.17159763,679054f2072d526265aabff2,67907273fa1713c1b01b1ff2,,,,,,,,,,,,,,,,,,,,,,,,,,,,,,,,,,,,,,,,,,,,,,,,,,,,,,,,,,,,,,Stimuli/40_50_R.jpg,Different,50,n,b,0,1.1964,77,0,77,0,1,,,,,
,,,,,,,,6786d027b56713ac675fbbb1,2025-01-21_22h23.56.619,VisualArraysMentalRotation_v4,2021.1.4,Win32,59.17159763,679054f2072d526265aabff2,67907273fa1713c1b01b1ff2,,,,,,,,,,,,,,,,,,,,,,,,,,,,,,,,,,,,,,,,,,,,,,,,,,,,,,,,,,,,,,Stimuli/38_0.jpg,Same,0,b,n,0,1.7421,78,0,78,0,1,,,,,
,,,,,,,,6786d027b56713ac675fbbb1,2025-01-21_22h23.56.619,VisualArraysMentalRotation_v4,2021.1.4,Win32,59.17159763,679054f2072d526265aabff2,67907273fa1713c1b01b1ff2,,,,,,,,,,,,,,,,,,,,,,,,,,,,,,,,,,,,,,,,,,,,,,,,,,,,,,,,,,,,,,Stimuli/16_50.jpg,Same,50,b,n,0,3.4658,79,0,79,0,1,,,,,
,,,,,,,,6786d027b56713ac675fbbb1,2025-01-21_22h23.56.619,VisualArraysMentalRotation_v4,2021.1.4,Win32,59.17159763,679054f2072d526265aabff2,67907273fa1713c1b01b1ff2,,,,,,,,,,,,,,,,,,,,,,,,,,,,,,,,,,,,,,,,,,,,,,,,,,,,,,,,,,,,,,Stimuli/19_150_R.jpg,Different,150,n,b,0,0.9227,80,0,80,0,1,,,,,
,,,,,,,,6786d027b56713ac675fbbb1,2025-01-21_22h23.56.619,VisualArraysMentalRotation_v4,2021.1.4,Win32,59.17159763,679054f2072d526265aabff2,67907273fa1713c1b01b1ff2,,,,,,,,,,,,,,,,,,,,,,,,,,,,,,,,,,,,,,,,,,,,,,,,,,,,,,,,,,,,,,Stimuli/44_150.jpg,Same,150,b,n,0,2.6122,81,0,81,0,1,,,,,
,,,,,,,,6786d027b56713ac675fbbb1,2025-01-21_22h23.56.619,VisualArraysMentalRotation_v4,2021.1.4,Win32,59.17159763,679054f2072d526265aabff2,67907273fa1713c1b01b1ff2,,,,,,,,,,,,,,,,,,,,,,,,,,,,,,,,,,,,,,,,,,,,,,,,,,,,,,,,,,,,,,Stimuli/19_0_R.jpg,Different,0,n,n,1,4.8738,82,0,82,0,1,,,,,
,,,,,,,,6786d027b56713ac675fbbb1,2025-01-21_22h23.56.619,VisualArraysMentalRotation_v4,2021.1.4,Win32,59.17159763,679054f2072d526265aabff2,67907273fa1713c1b01b1ff2,,,,,,,,,,,,,,,,,,,,,,,,,,,,,,,,,,,,,,,,,,,,,,,,,,,,,,,,,,,,,,Stimuli/27_50.jpg,Same,50,b,n,0,4.4223,83,0,83,0,1,,,,,
,,,,,,,,6786d027b56713ac675fbbb1,2025-01-21_22h23.56.619,VisualArraysMentalRotation_v4,2021.1.4,Win32,59.17159763,679054f2072d526265aabff2,67907273fa1713c1b01b1ff2,,,,,,,,,,,,,,,,,,,,,,,,,,,,,,,,,,,,,,,,,,,,,,,,,,,,,,,,,,,,,,Stimuli/21_150.jpg,Same,150,b,,0,,84,0,84,0,1,,,,,
,,,,,,,,6786d027b56713ac675fbbb1,2025-01-21_22h23.56.619,VisualArraysMentalRotation_v4,2021.1.4,Win32,59.17159763,679054f2072d526265aabff2,67907273fa1713c1b01b1ff2,,,,,,,,,,,,,,,,,,,,,,,,,,,,,,,,,,,,,,,,,,,,,,,,,,,,,,,,,,,,,,Stimuli/27_50_R.jpg,Different,50,n,b,0,1.9903,85,0,85,0,1,,,,,
,,,,,,,,6786d027b56713ac675fbbb1,2025-01-21_22h23.56.619,VisualArraysMentalRotation_v4,2021.1.4,Win32,59.17159763,679054f2072d526265aabff2,67907273fa1713c1b01b1ff2,,,,,,,,,,,,,,,,,,,,,,,,,,,,,,,,,,,,,,,,,,,,,,,,,,,,,,,,,,,,,,Stimuli/28_100_R.jpg,Different,100,n,n,1,3.9877,86,0,86,0,1,,,,,
,,,,,,,,6786d027b56713ac675fbbb1,2025-01-21_22h23.56.619,VisualArraysMentalRotation_v4,2021.1.4,Win32,59.17159763,679054f2072d526265aabff2,67907273fa1713c1b01b1ff2,,,,,,,,,,,,,,,,,,,,,,,,,,,,,,,,,,,,,,,,,,,,,,,,,,,,,,,,,,,,,,Stimuli/22_50.jpg,Same,50,b,n,0,2.5974,87,0,87,0,1,,,,,
,,,,,,,,6786d027b56713ac675fbbb1,2025-01-21_22h23.56.619,VisualArraysMentalRotation_v4,2021.1.4,Win32,59.17159763,679054f2072d526265aabff2,67907273fa1713c1b01b1ff2,,,,,,,,,,,,,,,,,,,,,,,,,,,,,,,,,,,,,,,,,,,,,,,,,,,,,,,,,,,,,,Stimuli/44_150_R.jpg,Different,150,n,b,0,4.7291,88,0,88,0,1,,,,,
,,,,,,,,6786d027b56713ac675fbbb1,2025-01-21_22h23.56.619,VisualArraysMentalRotation_v4,2021.1.4,Win32,59.17159763,679054f2072d526265aabff2,67907273fa1713c1b01b1ff2,,,,,,,,,,,,,,,,,,,,,,,,,,,,,,,,,,,,,,,,,,,,,,,,,,,,,,,,,,,,,,Stimuli/27_100.jpg,Same,100,b,n,0,2.6616,89,0,89,0,1,,,,,
,,,,,,,,6786d027b56713ac675fbbb1,2025-01-21_22h23.56.619,VisualArraysMentalRotation_v4,2021.1.4,Win32,59.17159763,679054f2072d526265aabff2,67907273fa1713c1b01b1ff2,,,,,,,,,,,,,,,,,,,,,,,,,,,,,,,,,,,,,,,,,,,,,,,,,,,,,,,,,,,,,,Stimuli/22_50_R.jpg,Different,50,n,n,1,4.6518,90,0,90,0,1,,,,,
,,,,,,,,6786d027b56713ac675fbbb1,2025-01-21_22h23.56.619,VisualArraysMentalRotation_v4,2021.1.4,Win32,59.17159763,679054f2072d526265aabff2,67907273fa1713c1b01b1ff2,,,,,,,,,,,,,,,,,,,,,,,,,,,,,,,,,,,,,,,,,,,,,,,,,,,,,,,,,,,,,,Stimuli/38_50.jpg,Same,50,b,n,0,4.5043,91,0,91,0,1,,,,,
,,,,,,,,6786d027b56713ac675fbbb1,2025-01-21_22h23.56.619,VisualArraysMentalRotation_v4,2021.1.4,Win32,59.17159763,679054f2072d526265aabff2,67907273fa1713c1b01b1ff2,,,,,,,,,,,,,,,,,,,,,,,,,,,,,,,,,,,,,,,,,,,,,,,,,,,,,,,,,,,,,,Stimuli/32_100_R.jpg,Different,100,n,b,0,6.9673,92,0,92,0,1,,,,,
,,,,,,,,6786d027b56713ac675fbbb1,2025-01-21_22h23.56.619,VisualArraysMentalRotation_v4,2021.1.4,Win32,59.17159763,679054f2072d526265aabff2,67907273fa1713c1b01b1ff2,,,,,,,,,,,,,,,,,,,,,,,,,,,,,,,,,,,,,,,,,,,,,,,,,,,,,,,,,,,,,,Stimuli/44_50_R.jpg,Different,50,n,b,0,1.7795,93,0,93,0,1,,,,,
,,,,,,,,6786d027b56713ac675fbbb1,2025-01-21_22h23.56.619,VisualArraysMentalRotation_v4,2021.1.4,Win32,59.17159763,679054f2072d526265aabff2,67907273fa1713c1b01b1ff2,,,,,,,,,,,,,,,,,,,,,,,,,,,,,,,,,,,,,,,,,,,,,,,,,,,,,,,,,,,,,,Stimuli/43_50.jpg,Same,50,b,n,0,5.8146,94,0,94,0,1,,,,,
,,,,,,,,6786d027b56713ac675fbbb1,2025-01-21_22h23.56.619,VisualArraysMentalRotation_v4,2021.1.4,Win32,59.17159763,679054f2072d526265aabff2,67907273fa1713c1b01b1ff2,,,,,,,,,,,,,,,,,,,,,,,,,,,,,,,,,,,,,,,,,,,,,,,,,,,,,,,,,,,,,,Stimuli/28_100.jpg,Same,100,b,n,0,3.5089,95,0,95,0,1,,,,,
,,,,,,,,6786d027b56713ac675fbbb1,2025-01-21_22h23.56.619,VisualArraysMentalRotation_v4,2021.1.4,Win32,59.17159763,679054f2072d526265aabff2,67907273fa1713c1b01b1ff2,,,,,,,,,,,,,,,,,,,,,,,,,,,,,,,,,,,,,,,,,,,,,,,,,,,,,,,,,,,,,,,,,,,,,,,,,,0,0,0,0,1
,,,,,,,,6786d027b56713ac675fbbb1,2025-01-21_22h23.56.619,VisualArraysMentalRotation_v4,2021.1.4,Win32,59.17159763,679054f2072d526265aabff2,67907273fa1713c1b01b1ff2,,,,,,,,,,,,,,,,,,,,,,,,,,,,,,,,,,,,,,0,1,1,1,1,0,1,,,,,,,,,,,,,,,,,,,,,,,,,,,,,,,,,,
