TaskOrder,consent_final_key_resp.keys,consent_final_key_resp.rt,MRTPracResponse.keys,MRTPracResponse.corr,MRTPracResponse.rt,MRTPracticeTrials.thisRepN,MRTPracticeTrials.thisTrialN,MRTPracticeTrials.thisN,MRTPracticeTrials.thisIndex,MRTPracticeTrials.ran,PracStimulus,PracDegRotation,PracType,MRTPracCorrectAns,PROLIFIC_PID,date,expName,psychopyVersion,OS,frameRate,STUDY_ID,SESSION_ID,MRTStimulus,MRTType,MRTDegRotation,MRTCorrectAns,MRTTestResponse.keys,MRTTestResponse.corr,MRTTestResponse.rt,MRTTestTrials.thisRepN,MRTTestTrials.thisTrialN,MRTTestTrials.thisN,MRTTestTrials.thisIndex,MRTTestTrials.ran,MRT_Task.thisRepN,MRT_Task.thisTrialN,MRT_Task.thisN,MRT_Task.thisIndex,MRT_Task.ran,TasksLoop.thisRepN,TasksLoop.thisTrialN,TasksLoop.thisN,TasksLoop.thisIndex,TasksLoop.ran,nRepsVA,nRepsMRT,Red Orientations,Blue Orientations,VA_array_dur,Target Rectangle,New Red Orientations,New Blue Orientations,VA_PracResponse.keys,VA_PracResponse.corr,VA_PracResponse.rt,PracTrials.thisRepN,PracTrials.thisTrialN,PracTrials.thisN,PracTrials.thisIndex,PracTrials.ran,VA_Target,VA_TargetNumber,VA_Orientation,VA_Answer,VA_DelayDur,VA_PracTrialsSpeed.thisRepN,VA_PracTrialsSpeed.thisTrialN,VA_PracTrialsSpeed.thisN,VA_PracTrialsSpeed.thisIndex,VA_PracTrialsSpeed.ran,VA_TestResponse.keys,VA_TestResponse.corr,VA_TestResponse.rt,VA_TestTrials.thisRepN,VA_TestTrials.thisTrialN,VA_TestTrials.thisN,VA_TestTrials.thisIndex,VA_TestTrials.ran,VA_Task.thisRepN,VA_Task.thisTrialN,VA_Task.thisN,VA_Task.thisIndex,VA_Task.ran
2,y,4.6695,n,0,4.1253,0,0,0,2,1,PracticeStim/17_50.jpg,50,Same,b,630386f64c5bbd56ab1c3b0f,2025-01-21_20h21.24.312,VisualArraysMentalRotation_v4,2021.1.4,MacIntel,62.5,679054f2072d526265aabff2,67907209243a5be2fd4489f5,,,,,,,,,,,,,,,,,,,,,,,,,,,,,,,,,,,,,,,,,,,,,,,,,,,,,,,,,,,,,
,,,b,1,4.6456,0,1,1,4,1,PracticeStim/25_150.jpg,150,Same,b,630386f64c5bbd56ab1c3b0f,2025-01-21_20h21.24.312,VisualArraysMentalRotation_v4,2021.1.4,MacIntel,62.5,679054f2072d526265aabff2,67907209243a5be2fd4489f5,,,,,,,,,,,,,,,,,,,,,,,,,,,,,,,,,,,,,,,,,,,,,,,,,,,,,,,,,,,,,
,,,n,1,5.0231,0,2,2,0,1,PracticeStim/7_100_R.jpg,100,Different,n,630386f64c5bbd56ab1c3b0f,2025-01-21_20h21.24.312,VisualArraysMentalRotation_v4,2021.1.4,MacIntel,62.5,679054f2072d526265aabff2,67907209243a5be2fd4489f5,,,,,,,,,,,,,,,,,,,,,,,,,,,,,,,,,,,,,,,,,,,,,,,,,,,,,,,,,,,,,
,,,b,1,4.3426,0,3,3,10,1,PracticeStim/41_150.jpg,150,Same,b,630386f64c5bbd56ab1c3b0f,2025-01-21_20h21.24.312,VisualArraysMentalRotation_v4,2021.1.4,MacIntel,62.5,679054f2072d526265aabff2,67907209243a5be2fd4489f5,,,,,,,,,,,,,,,,,,,,,,,,,,,,,,,,,,,,,,,,,,,,,,,,,,,,,,,,,,,,,
,,,n,1,4.0326,0,4,4,8,1,PracticeStim/33_50_R.jpg,50,Different,n,630386f64c5bbd56ab1c3b0f,2025-01-21_20h21.24.312,VisualArraysMentalRotation_v4,2021.1.4,MacIntel,62.5,679054f2072d526265aabff2,67907209243a5be2fd4489f5,,,,,,,,,,,,,,,,,,,,,,,,,,,,,,,,,,,,,,,,,,,,,,,,,,,,,,,,,,,,,
,,,n,1,2.6398,0,5,5,7,1,PracticeStim/31_50_R.jpg,50,Different,n,630386f64c5bbd56ab1c3b0f,2025-01-21_20h21.24.312,VisualArraysMentalRotation_v4,2021.1.4,MacIntel,62.5,679054f2072d526265aabff2,67907209243a5be2fd4489f5,,,,,,,,,,,,,,,,,,,,,,,,,,,,,,,,,,,,,,,,,,,,,,,,,,,,,,,,,,,,,
,,,n,1,3.8899,0,6,6,6,1,PracticeStim/30_100_R.jpg,100,Different,n,630386f64c5bbd56ab1c3b0f,2025-01-21_20h21.24.312,VisualArraysMentalRotation_v4,2021.1.4,MacIntel,62.5,679054f2072d526265aabff2,67907209243a5be2fd4489f5,,,,,,,,,,,,,,,,,,,,,,,,,,,,,,,,,,,,,,,,,,,,,,,,,,,,,,,,,,,,,
,,,n,1,3.6514,0,7,7,9,1,PracticeStim/36_100_R.jpg,100,Different,n,630386f64c5bbd56ab1c3b0f,2025-01-21_20h21.24.312,VisualArraysMentalRotation_v4,2021.1.4,MacIntel,62.5,679054f2072d526265aabff2,67907209243a5be2fd4489f5,,,,,,,,,,,,,,,,,,,,,,,,,,,,,,,,,,,,,,,,,,,,,,,,,,,,,,,,,,,,,
,,,n,1,3.2605,0,8,8,1,1,PracticeStim/9_100_R.jpg,100,Different,n,630386f64c5bbd56ab1c3b0f,2025-01-21_20h21.24.312,VisualArraysMentalRotation_v4,2021.1.4,MacIntel,62.5,679054f2072d526265aabff2,67907209243a5be2fd4489f5,,,,,,,,,,,,,,,,,,,,,,,,,,,,,,,,,,,,,,,,,,,,,,,,,,,,,,,,,,,,,
,,,n,0,4.2892,0,9,9,5,1,PracticeStim/26_150.jpg,150,Same,b,630386f64c5bbd56ab1c3b0f,2025-01-21_20h21.24.312,VisualArraysMentalRotation_v4,2021.1.4,MacIntel,62.5,679054f2072d526265aabff2,67907209243a5be2fd4489f5,,,,,,,,,,,,,,,,,,,,,,,,,,,,,,,,,,,,,,,,,,,,,,,,,,,,,,,,,,,,,
,,,b,1,4.0274,0,10,10,11,1,PracticeStim/42_50.jpg,50,Same,b,630386f64c5bbd56ab1c3b0f,2025-01-21_20h21.24.312,VisualArraysMentalRotation_v4,2021.1.4,MacIntel,62.5,679054f2072d526265aabff2,67907209243a5be2fd4489f5,,,,,,,,,,,,,,,,,,,,,,,,,,,,,,,,,,,,,,,,,,,,,,,,,,,,,,,,,,,,,
,,,n,0,4.7383,0,11,11,3,1,PracticeStim/18_150.jpg,150,Same,b,630386f64c5bbd56ab1c3b0f,2025-01-21_20h21.24.312,VisualArraysMentalRotation_v4,2021.1.4,MacIntel,62.5,679054f2072d526265aabff2,67907209243a5be2fd4489f5,,,,,,,,,,,,,,,,,,,,,,,,,,,,,,,,,,,,,,,,,,,,,,,,,,,,,,,,,,,,,
,,,,,,,,,,,,,,,630386f64c5bbd56ab1c3b0f,2025-01-21_20h21.24.312,VisualArraysMentalRotation_v4,2021.1.4,MacIntel,62.5,679054f2072d526265aabff2,67907209243a5be2fd4489f5,Stimuli/19_50_R.jpg,Different,50,n,n,1,2.6526,0,0,0,0,1,,,,,,,,,,,,,,,,,,,,,,,,,,,,,,,,,,,,,,,,,,,,,,,,,
,,,,,,,,,,,,,,,630386f64c5bbd56ab1c3b0f,2025-01-21_20h21.24.312,VisualArraysMentalRotation_v4,2021.1.4,MacIntel,62.5,679054f2072d526265aabff2,67907209243a5be2fd4489f5,Stimuli/40_50_R.jpg,Different,50,n,n,1,4.8295,1,0,1,0,1,,,,,,,,,,,,,,,,,,,,,,,,,,,,,,,,,,,,,,,,,,,,,,,,,
,,,,,,,,,,,,,,,630386f64c5bbd56ab1c3b0f,2025-01-21_20h21.24.312,VisualArraysMentalRotation_v4,2021.1.4,MacIntel,62.5,679054f2072d526265aabff2,67907209243a5be2fd4489f5,Stimuli/21_50_R.jpg,Different,50,n,n,1,4.6451,2,0,2,0,1,,,,,,,,,,,,,,,,,,,,,,,,,,,,,,,,,,,,,,,,,,,,,,,,,
,,,,,,,,,,,,,,,630386f64c5bbd56ab1c3b0f,2025-01-21_20h21.24.312,VisualArraysMentalRotation_v4,2021.1.4,MacIntel,62.5,679054f2072d526265aabff2,67907209243a5be2fd4489f5,Stimuli/40_0.jpg,Same,0,b,b,1,3.1511,3,0,3,0,1,,,,,,,,,,,,,,,,,,,,,,,,,,,,,,,,,,,,,,,,,,,,,,,,,
,,,,,,,,,,,,,,,630386f64c5bbd56ab1c3b0f,2025-01-21_20h21.24.312,VisualArraysMentalRotation_v4,2021.1.4,MacIntel,62.5,679054f2072d526265aabff2,67907209243a5be2fd4489f5,Stimuli/32_150_R.jpg,Different,150,n,n,1,3.1356,4,0,4,0,1,,,,,,,,,,,,,,,,,,,,,,,,,,,,,,,,,,,,,,,,,,,,,,,,,
,,,,,,,,,,,,,,,630386f64c5bbd56ab1c3b0f,2025-01-21_20h21.24.312,VisualArraysMentalRotation_v4,2021.1.4,MacIntel,62.5,679054f2072d526265aabff2,67907209243a5be2fd4489f5,Stimuli/22_0.jpg,Same,0,b,b,1,4.4736,5,0,5,0,1,,,,,,,,,,,,,,,,,,,,,,,,,,,,,,,,,,,,,,,,,,,,,,,,,
,,,,,,,,,,,,,,,630386f64c5bbd56ab1c3b0f,2025-01-21_20h21.24.312,VisualArraysMentalRotation_v4,2021.1.4,MacIntel,62.5,679054f2072d526265aabff2,67907209243a5be2fd4489f5,Stimuli/27_0.jpg,Same,0,b,b,1,3.1853,6,0,6,0,1,,,,,,,,,,,,,,,,,,,,,,,,,,,,,,,,,,,,,,,,,,,,,,,,,
,,,,,,,,,,,,,,,630386f64c5bbd56ab1c3b0f,2025-01-21_20h21.24.312,VisualArraysMentalRotation_v4,2021.1.4,MacIntel,62.5,679054f2072d526265aabff2,67907209243a5be2fd4489f5,Stimuli/21_150_R.jpg,Different,150,n,n,1,5.35,7,0,7,0,1,,,,,,,,,,,,,,,,,,,,,,,,,,,,,,,,,,,,,,,,,,,,,,,,,
,,,,,,,,,,,,,,,630386f64c5bbd56ab1c3b0f,2025-01-21_20h21.24.312,VisualArraysMentalRotation_v4,2021.1.4,MacIntel,62.5,679054f2072d526265aabff2,67907209243a5be2fd4489f5,Stimuli/38_50_R.jpg,Different,50,n,n,1,3.6109,8,0,8,0,1,,,,,,,,,,,,,,,,,,,,,,,,,,,,,,,,,,,,,,,,,,,,,,,,,
,,,,,,,,,,,,,,,630386f64c5bbd56ab1c3b0f,2025-01-21_20h21.24.312,VisualArraysMentalRotation_v4,2021.1.4,MacIntel,62.5,679054f2072d526265aabff2,67907209243a5be2fd4489f5,Stimuli/22_150_R.jpg,Different,150,n,n,1,4.3126,9,0,9,0,1,,,,,,,,,,,,,,,,,,,,,,,,,,,,,,,,,,,,,,,,,,,,,,,,,
,,,,,,,,,,,,,,,630386f64c5bbd56ab1c3b0f,2025-01-21_20h21.24.312,VisualArraysMentalRotation_v4,2021.1.4,MacIntel,62.5,679054f2072d526265aabff2,67907209243a5be2fd4489f5,Stimuli/3_150.jpg,Same,150,b,n,0,4.8854,10,0,10,0,1,,,,,,,,,,,,,,,,,,,,,,,,,,,,,,,,,,,,,,,,,,,,,,,,,
,,,,,,,,,,,,,,,630386f64c5bbd56ab1c3b0f,2025-01-21_20h21.24.312,VisualArraysMentalRotation_v4,2021.1.4,MacIntel,62.5,679054f2072d526265aabff2,67907209243a5be2fd4489f5,Stimuli/28_100.jpg,Same,100,b,b,1,5.3754,11,0,11,0,1,,,,,,,,,,,,,,,,,,,,,,,,,,,,,,,,,,,,,,,,,,,,,,,,,
,,,,,,,,,,,,,,,630386f64c5bbd56ab1c3b0f,2025-01-21_20h21.24.312,VisualArraysMentalRotation_v4,2021.1.4,MacIntel,62.5,679054f2072d526265aabff2,67907209243a5be2fd4489f5,Stimuli/3_100_R.jpg,Different,100,n,,0,,12,0,12,0,1,,,,,,,,,,,,,,,,,,,,,,,,,,,,,,,,,,,,,,,,,,,,,,,,,
,,,,,,,,,,,,,,,630386f64c5bbd56ab1c3b0f,2025-01-21_20h21.24.312,VisualArraysMentalRotation_v4,2021.1.4,MacIntel,62.5,679054f2072d526265aabff2,67907209243a5be2fd4489f5,Stimuli/44_50_R.jpg,Different,50,n,n,1,4.2885,13,0,13,0,1,,,,,,,,,,,,,,,,,,,,,,,,,,,,,,,,,,,,,,,,,,,,,,,,,
,,,,,,,,,,,,,,,630386f64c5bbd56ab1c3b0f,2025-01-21_20h21.24.312,VisualArraysMentalRotation_v4,2021.1.4,MacIntel,62.5,679054f2072d526265aabff2,67907209243a5be2fd4489f5,Stimuli/19_0.jpg,Same,0,b,b,1,1.3675,14,0,14,0,1,,,,,,,,,,,,,,,,,,,,,,,,,,,,,,,,,,,,,,,,,,,,,,,,,
,,,,,,,,,,,,,,,630386f64c5bbd56ab1c3b0f,2025-01-21_20h21.24.312,VisualArraysMentalRotation_v4,2021.1.4,MacIntel,62.5,679054f2072d526265aabff2,67907209243a5be2fd4489f5,Stimuli/3_0.jpg,Same,0,b,b,1,1.6318,15,0,15,0,1,,,,,,,,,,,,,,,,,,,,,,,,,,,,,,,,,,,,,,,,,,,,,,,,,
,,,,,,,,,,,,,,,630386f64c5bbd56ab1c3b0f,2025-01-21_20h21.24.312,VisualArraysMentalRotation_v4,2021.1.4,MacIntel,62.5,679054f2072d526265aabff2,67907209243a5be2fd4489f5,Stimuli/22_0_R.jpg,Different,0,n,n,1,1.8862,16,0,16,0,1,,,,,,,,,,,,,,,,,,,,,,,,,,,,,,,,,,,,,,,,,,,,,,,,,
,,,,,,,,,,,,,,,630386f64c5bbd56ab1c3b0f,2025-01-21_20h21.24.312,VisualArraysMentalRotation_v4,2021.1.4,MacIntel,62.5,679054f2072d526265aabff2,67907209243a5be2fd4489f5,Stimuli/27_0_R.jpg,Different,0,n,n,1,2.1073,17,0,17,0,1,,,,,,,,,,,,,,,,,,,,,,,,,,,,,,,,,,,,,,,,,,,,,,,,,
,,,,,,,,,,,,,,,630386f64c5bbd56ab1c3b0f,2025-01-21_20h21.24.312,VisualArraysMentalRotation_v4,2021.1.4,MacIntel,62.5,679054f2072d526265aabff2,67907209243a5be2fd4489f5,Stimuli/3_50.jpg,Same,50,b,n,0,3.1629,18,0,18,0,1,,,,,,,,,,,,,,,,,,,,,,,,,,,,,,,,,,,,,,,,,,,,,,,,,
,,,,,,,,,,,,,,,630386f64c5bbd56ab1c3b0f,2025-01-21_20h21.24.312,VisualArraysMentalRotation_v4,2021.1.4,MacIntel,62.5,679054f2072d526265aabff2,67907209243a5be2fd4489f5,Stimuli/38_150_R.jpg,Different,150,n,n,1,3.9063,19,0,19,0,1,,,,,,,,,,,,,,,,,,,,,,,,,,,,,,,,,,,,,,,,,,,,,,,,,
,,,,,,,,,,,,,,,630386f64c5bbd56ab1c3b0f,2025-01-21_20h21.24.312,VisualArraysMentalRotation_v4,2021.1.4,MacIntel,62.5,679054f2072d526265aabff2,67907209243a5be2fd4489f5,Stimuli/28_50.jpg,Same,50,b,b,1,3.2451,20,0,20,0,1,,,,,,,,,,,,,,,,,,,,,,,,,,,,,,,,,,,,,,,,,,,,,,,,,
,,,,,,,,,,,,,,,630386f64c5bbd56ab1c3b0f,2025-01-21_20h21.24.312,VisualArraysMentalRotation_v4,2021.1.4,MacIntel,62.5,679054f2072d526265aabff2,67907209243a5be2fd4489f5,Stimuli/19_100_R.jpg,Different,100,n,n,1,5.7563,21,0,21,0,1,,,,,,,,,,,,,,,,,,,,,,,,,,,,,,,,,,,,,,,,,,,,,,,,,
,,,,,,,,,,,,,,,630386f64c5bbd56ab1c3b0f,2025-01-21_20h21.24.312,VisualArraysMentalRotation_v4,2021.1.4,MacIntel,62.5,679054f2072d526265aabff2,67907209243a5be2fd4489f5,Stimuli/3_50_R.jpg,Different,50,n,n,1,5.2341,22,0,22,0,1,,,,,,,,,,,,,,,,,,,,,,,,,,,,,,,,,,,,,,,,,,,,,,,,,
,,,,,,,,,,,,,,,630386f64c5bbd56ab1c3b0f,2025-01-21_20h21.24.312,VisualArraysMentalRotation_v4,2021.1.4,MacIntel,62.5,679054f2072d526265aabff2,67907209243a5be2fd4489f5,Stimuli/16_100.jpg,Same,100,b,b,1,4.9456,23,0,23,0,1,,,,,,,,,,,,,,,,,,,,,,,,,,,,,,,,,,,,,,,,,,,,,,,,,
,,,,,,,,,,,,,,,630386f64c5bbd56ab1c3b0f,2025-01-21_20h21.24.312,VisualArraysMentalRotation_v4,2021.1.4,MacIntel,62.5,679054f2072d526265aabff2,67907209243a5be2fd4489f5,Stimuli/43_150.jpg,Same,150,b,b,1,5.3735,24,0,24,0,1,,,,,,,,,,,,,,,,,,,,,,,,,,,,,,,,,,,,,,,,,,,,,,,,,
,,,,,,,,,,,,,,,630386f64c5bbd56ab1c3b0f,2025-01-21_20h21.24.312,VisualArraysMentalRotation_v4,2021.1.4,MacIntel,62.5,679054f2072d526265aabff2,67907209243a5be2fd4489f5,Stimuli/44_100_R.jpg,Different,100,n,n,1,3.9916,25,0,25,0,1,,,,,,,,,,,,,,,,,,,,,,,,,,,,,,,,,,,,,,,,,,,,,,,,,
,,,,,,,,,,,,,,,630386f64c5bbd56ab1c3b0f,2025-01-21_20h21.24.312,VisualArraysMentalRotation_v4,2021.1.4,MacIntel,62.5,679054f2072d526265aabff2,67907209243a5be2fd4489f5,Stimuli/32_50.jpg,Same,50,b,b,1,3.917,26,0,26,0,1,,,,,,,,,,,,,,,,,,,,,,,,,,,,,,,,,,,,,,,,,,,,,,,,,
,,,,,,,,,,,,,,,630386f64c5bbd56ab1c3b0f,2025-01-21_20h21.24.312,VisualArraysMentalRotation_v4,2021.1.4,MacIntel,62.5,679054f2072d526265aabff2,67907209243a5be2fd4489f5,Stimuli/3_100.jpg,Same,100,b,n,0,5.9001,27,0,27,0,1,,,,,,,,,,,,,,,,,,,,,,,,,,,,,,,,,,,,,,,,,,,,,,,,,
,,,,,,,,,,,,,,,630386f64c5bbd56ab1c3b0f,2025-01-21_20h21.24.312,VisualArraysMentalRotation_v4,2021.1.4,MacIntel,62.5,679054f2072d526265aabff2,67907209243a5be2fd4489f5,Stimuli/16_150.jpg,Same,150,b,b,1,3.3849,28,0,28,0,1,,,,,,,,,,,,,,,,,,,,,,,,,,,,,,,,,,,,,,,,,,,,,,,,,
,,,,,,,,,,,,,,,630386f64c5bbd56ab1c3b0f,2025-01-21_20h21.24.312,VisualArraysMentalRotation_v4,2021.1.4,MacIntel,62.5,679054f2072d526265aabff2,67907209243a5be2fd4489f5,Stimuli/38_100_R.jpg,Different,100,n,n,1,6.7373,29,0,29,0,1,,,,,,,,,,,,,,,,,,,,,,,,,,,,,,,,,,,,,,,,,,,,,,,,,
,,,,,,,,,,,,,,,630386f64c5bbd56ab1c3b0f,2025-01-21_20h21.24.312,VisualArraysMentalRotation_v4,2021.1.4,MacIntel,62.5,679054f2072d526265aabff2,67907209243a5be2fd4489f5,Stimuli/44_150_R.jpg,Different,150,n,n,1,6.4166,30,0,30,0,1,,,,,,,,,,,,,,,,,,,,,,,,,,,,,,,,,,,,,,,,,,,,,,,,,
,,,,,,,,,,,,,,,630386f64c5bbd56ab1c3b0f,2025-01-21_20h21.24.312,VisualArraysMentalRotation_v4,2021.1.4,MacIntel,62.5,679054f2072d526265aabff2,67907209243a5be2fd4489f5,Stimuli/19_0_R.jpg,Different,0,n,n,1,2.9676,31,0,31,0,1,,,,,,,,,,,,,,,,,,,,,,,,,,,,,,,,,,,,,,,,,,,,,,,,,
,,,,,,,,,,,,,,,630386f64c5bbd56ab1c3b0f,2025-01-21_20h21.24.312,VisualArraysMentalRotation_v4,2021.1.4,MacIntel,62.5,679054f2072d526265aabff2,67907209243a5be2fd4489f5,Stimuli/44_100.jpg,Same,100,b,b,1,4.2474,32,0,32,0,1,,,,,,,,,,,,,,,,,,,,,,,,,,,,,,,,,,,,,,,,,,,,,,,,,
,,,,,,,,,,,,,,,630386f64c5bbd56ab1c3b0f,2025-01-21_20h21.24.312,VisualArraysMentalRotation_v4,2021.1.4,MacIntel,62.5,679054f2072d526265aabff2,67907209243a5be2fd4489f5,Stimuli/40_100.jpg,Same,100,b,b,1,6.7068,33,0,33,0,1,,,,,,,,,,,,,,,,,,,,,,,,,,,,,,,,,,,,,,,,,,,,,,,,,
,,,,,,,,,,,,,,,630386f64c5bbd56ab1c3b0f,2025-01-21_20h21.24.312,VisualArraysMentalRotation_v4,2021.1.4,MacIntel,62.5,679054f2072d526265aabff2,67907209243a5be2fd4489f5,Stimuli/22_50.jpg,Same,50,b,b,1,3.9961,34,0,34,0,1,,,,,,,,,,,,,,,,,,,,,,,,,,,,,,,,,,,,,,,,,,,,,,,,,
,,,,,,,,,,,,,,,630386f64c5bbd56ab1c3b0f,2025-01-21_20h21.24.312,VisualArraysMentalRotation_v4,2021.1.4,MacIntel,62.5,679054f2072d526265aabff2,67907209243a5be2fd4489f5,Stimuli/16_100_R.jpg,Different,100,n,n,1,2.7739,35,0,35,0,1,,,,,,,,,,,,,,,,,,,,,,,,,,,,,,,,,,,,,,,,,,,,,,,,,
,,,,,,,,,,,,,,,630386f64c5bbd56ab1c3b0f,2025-01-21_20h21.24.312,VisualArraysMentalRotation_v4,2021.1.4,MacIntel,62.5,679054f2072d526265aabff2,67907209243a5be2fd4489f5,Stimuli/28_0.jpg,Same,0,b,b,1,3.2719,36,0,36,0,1,,,,,,,,,,,,,,,,,,,,,,,,,,,,,,,,,,,,,,,,,,,,,,,,,
,,,,,,,,,,,,,,,630386f64c5bbd56ab1c3b0f,2025-01-21_20h21.24.312,VisualArraysMentalRotation_v4,2021.1.4,MacIntel,62.5,679054f2072d526265aabff2,67907209243a5be2fd4489f5,Stimuli/38_150.jpg,Same,150,b,b,1,3.7235,37,0,37,0,1,,,,,,,,,,,,,,,,,,,,,,,,,,,,,,,,,,,,,,,,,,,,,,,,,
,,,,,,,,,,,,,,,630386f64c5bbd56ab1c3b0f,2025-01-21_20h21.24.312,VisualArraysMentalRotation_v4,2021.1.4,MacIntel,62.5,679054f2072d526265aabff2,67907209243a5be2fd4489f5,Stimuli/3_150_R.jpg,Different,150,n,n,1,4.0674,38,0,38,0,1,,,,,,,,,,,,,,,,,,,,,,,,,,,,,,,,,,,,,,,,,,,,,,,,,
,,,,,,,,,,,,,,,630386f64c5bbd56ab1c3b0f,2025-01-21_20h21.24.312,VisualArraysMentalRotation_v4,2021.1.4,MacIntel,62.5,679054f2072d526265aabff2,67907209243a5be2fd4489f5,Stimuli/44_150.jpg,Same,150,b,b,1,3.7093,39,0,39,0,1,,,,,,,,,,,,,,,,,,,,,,,,,,,,,,,,,,,,,,,,,,,,,,,,,
,,,,,,,,,,,,,,,630386f64c5bbd56ab1c3b0f,2025-01-21_20h21.24.312,VisualArraysMentalRotation_v4,2021.1.4,MacIntel,62.5,679054f2072d526265aabff2,67907209243a5be2fd4489f5,Stimuli/44_50.jpg,Same,50,b,b,1,3.4566,40,0,40,0,1,,,,,,,,,,,,,,,,,,,,,,,,,,,,,,,,,,,,,,,,,,,,,,,,,
,,,,,,,,,,,,,,,630386f64c5bbd56ab1c3b0f,2025-01-21_20h21.24.312,VisualArraysMentalRotation_v4,2021.1.4,MacIntel,62.5,679054f2072d526265aabff2,67907209243a5be2fd4489f5,Stimuli/28_150.jpg,Same,150,b,b,1,3.2568,41,0,41,0,1,,,,,,,,,,,,,,,,,,,,,,,,,,,,,,,,,,,,,,,,,,,,,,,,,
,,,,,,,,,,,,,,,630386f64c5bbd56ab1c3b0f,2025-01-21_20h21.24.312,VisualArraysMentalRotation_v4,2021.1.4,MacIntel,62.5,679054f2072d526265aabff2,67907209243a5be2fd4489f5,Stimuli/3_0_R.jpg,Different,0,n,n,1,4.2762,42,0,42,0,1,,,,,,,,,,,,,,,,,,,,,,,,,,,,,,,,,,,,,,,,,,,,,,,,,
,,,,,,,,,,,,,,,630386f64c5bbd56ab1c3b0f,2025-01-21_20h21.24.312,VisualArraysMentalRotation_v4,2021.1.4,MacIntel,62.5,679054f2072d526265aabff2,67907209243a5be2fd4489f5,Stimuli/19_50.jpg,Same,50,b,b,1,2.5524,43,0,43,0,1,,,,,,,,,,,,,,,,,,,,,,,,,,,,,,,,,,,,,,,,,,,,,,,,,
,,,,,,,,,,,,,,,630386f64c5bbd56ab1c3b0f,2025-01-21_20h21.24.312,VisualArraysMentalRotation_v4,2021.1.4,MacIntel,62.5,679054f2072d526265aabff2,67907209243a5be2fd4489f5,Stimuli/19_100.jpg,Same,100,b,b,1,3.4259,44,0,44,0,1,,,,,,,,,,,,,,,,,,,,,,,,,,,,,,,,,,,,,,,,,,,,,,,,,
,,,,,,,,,,,,,,,630386f64c5bbd56ab1c3b0f,2025-01-21_20h21.24.312,VisualArraysMentalRotation_v4,2021.1.4,MacIntel,62.5,679054f2072d526265aabff2,67907209243a5be2fd4489f5,Stimuli/32_0_R.jpg,Different,0,n,n,1,2.6004,45,0,45,0,1,,,,,,,,,,,,,,,,,,,,,,,,,,,,,,,,,,,,,,,,,,,,,,,,,
,,,,,,,,,,,,,,,630386f64c5bbd56ab1c3b0f,2025-01-21_20h21.24.312,VisualArraysMentalRotation_v4,2021.1.4,MacIntel,62.5,679054f2072d526265aabff2,67907209243a5be2fd4489f5,Stimuli/32_100_R.jpg,Different,100,n,n,1,3.8904,46,0,46,0,1,,,,,,,,,,,,,,,,,,,,,,,,,,,,,,,,,,,,,,,,,,,,,,,,,
,,,,,,,,,,,,,,,630386f64c5bbd56ab1c3b0f,2025-01-21_20h21.24.312,VisualArraysMentalRotation_v4,2021.1.4,MacIntel,62.5,679054f2072d526265aabff2,67907209243a5be2fd4489f5,Stimuli/43_0_R.jpg,Different,0,n,n,1,2.6412,47,0,47,0,1,,,,,,,,,,,,,,,,,,,,,,,,,,,,,,,,,,,,,,,,,,,,,,,,,
,,,,,,,,,,,,,,,630386f64c5bbd56ab1c3b0f,2025-01-21_20h21.24.312,VisualArraysMentalRotation_v4,2021.1.4,MacIntel,62.5,679054f2072d526265aabff2,67907209243a5be2fd4489f5,Stimuli/43_100_R.jpg,Different,100,n,n,1,4.4942,48,0,48,0,1,,,,,,,,,,,,,,,,,,,,,,,,,,,,,,,,,,,,,,,,,,,,,,,,,
,,,,,,,,,,,,,,,630386f64c5bbd56ab1c3b0f,2025-01-21_20h21.24.312,VisualArraysMentalRotation_v4,2021.1.4,MacIntel,62.5,679054f2072d526265aabff2,67907209243a5be2fd4489f5,Stimuli/32_0.jpg,Same,0,b,b,1,3.9486,49,0,49,0,1,,,,,,,,,,,,,,,,,,,,,,,,,,,,,,,,,,,,,,,,,,,,,,,,,
,,,,,,,,,,,,,,,630386f64c5bbd56ab1c3b0f,2025-01-21_20h21.24.312,VisualArraysMentalRotation_v4,2021.1.4,MacIntel,62.5,679054f2072d526265aabff2,67907209243a5be2fd4489f5,Stimuli/38_0_R.jpg,Different,0,n,n,1,3.4474,50,0,50,0,1,,,,,,,,,,,,,,,,,,,,,,,,,,,,,,,,,,,,,,,,,,,,,,,,,
,,,,,,,,,,,,,,,630386f64c5bbd56ab1c3b0f,2025-01-21_20h21.24.312,VisualArraysMentalRotation_v4,2021.1.4,MacIntel,62.5,679054f2072d526265aabff2,67907209243a5be2fd4489f5,Stimuli/44_0_R.jpg,Different,0,n,n,1,2.7224,51,0,51,0,1,,,,,,,,,,,,,,,,,,,,,,,,,,,,,,,,,,,,,,,,,,,,,,,,,
,,,,,,,,,,,,,,,630386f64c5bbd56ab1c3b0f,2025-01-21_20h21.24.312,VisualArraysMentalRotation_v4,2021.1.4,MacIntel,62.5,679054f2072d526265aabff2,67907209243a5be2fd4489f5,Stimuli/16_50_R.jpg,Different,50,n,n,1,2.3178,52,0,52,0,1,,,,,,,,,,,,,,,,,,,,,,,,,,,,,,,,,,,,,,,,,,,,,,,,,
,,,,,,,,,,,,,,,630386f64c5bbd56ab1c3b0f,2025-01-21_20h21.24.312,VisualArraysMentalRotation_v4,2021.1.4,MacIntel,62.5,679054f2072d526265aabff2,67907209243a5be2fd4489f5,Stimuli/16_0.jpg,Same,0,b,b,1,4.4432,53,0,53,0,1,,,,,,,,,,,,,,,,,,,,,,,,,,,,,,,,,,,,,,,,,,,,,,,,,
,,,,,,,,,,,,,,,630386f64c5bbd56ab1c3b0f,2025-01-21_20h21.24.312,VisualArraysMentalRotation_v4,2021.1.4,MacIntel,62.5,679054f2072d526265aabff2,67907209243a5be2fd4489f5,Stimuli/28_100_R.jpg,Different,100,n,n,1,2.8367,54,0,54,0,1,,,,,,,,,,,,,,,,,,,,,,,,,,,,,,,,,,,,,,,,,,,,,,,,,
,,,,,,,,,,,,,,,630386f64c5bbd56ab1c3b0f,2025-01-21_20h21.24.312,VisualArraysMentalRotation_v4,2021.1.4,MacIntel,62.5,679054f2072d526265aabff2,67907209243a5be2fd4489f5,Stimuli/27_50.jpg,Same,50,b,b,1,3.3239,55,0,55,0,1,,,,,,,,,,,,,,,,,,,,,,,,,,,,,,,,,,,,,,,,,,,,,,,,,
,,,,,,,,,,,,,,,630386f64c5bbd56ab1c3b0f,2025-01-21_20h21.24.312,VisualArraysMentalRotation_v4,2021.1.4,MacIntel,62.5,679054f2072d526265aabff2,67907209243a5be2fd4489f5,Stimuli/43_100.jpg,Same,100,b,n,0,5.6027,56,0,56,0,1,,,,,,,,,,,,,,,,,,,,,,,,,,,,,,,,,,,,,,,,,,,,,,,,,
,,,,,,,,,,,,,,,630386f64c5bbd56ab1c3b0f,2025-01-21_20h21.24.312,VisualArraysMentalRotation_v4,2021.1.4,MacIntel,62.5,679054f2072d526265aabff2,67907209243a5be2fd4489f5,Stimuli/28_0_R.jpg,Different,0,n,n,1,2.8362,57,0,57,0,1,,,,,,,,,,,,,,,,,,,,,,,,,,,,,,,,,,,,,,,,,,,,,,,,,
,,,,,,,,,,,,,,,630386f64c5bbd56ab1c3b0f,2025-01-21_20h21.24.312,VisualArraysMentalRotation_v4,2021.1.4,MacIntel,62.5,679054f2072d526265aabff2,67907209243a5be2fd4489f5,Stimuli/27_150_R.jpg,Different,150,n,n,1,4.6179,58,0,58,0,1,,,,,,,,,,,,,,,,,,,,,,,,,,,,,,,,,,,,,,,,,,,,,,,,,
,,,,,,,,,,,,,,,630386f64c5bbd56ab1c3b0f,2025-01-21_20h21.24.312,VisualArraysMentalRotation_v4,2021.1.4,MacIntel,62.5,679054f2072d526265aabff2,67907209243a5be2fd4489f5,Stimuli/40_150.jpg,Same,150,b,b,1,5.3803,59,0,59,0,1,,,,,,,,,,,,,,,,,,,,,,,,,,,,,,,,,,,,,,,,,,,,,,,,,
,,,,,,,,,,,,,,,630386f64c5bbd56ab1c3b0f,2025-01-21_20h21.24.312,VisualArraysMentalRotation_v4,2021.1.4,MacIntel,62.5,679054f2072d526265aabff2,67907209243a5be2fd4489f5,Stimuli/21_0_R.jpg,Different,0,n,n,1,4.0123,60,0,60,0,1,,,,,,,,,,,,,,,,,,,,,,,,,,,,,,,,,,,,,,,,,,,,,,,,,
,,,,,,,,,,,,,,,630386f64c5bbd56ab1c3b0f,2025-01-21_20h21.24.312,VisualArraysMentalRotation_v4,2021.1.4,MacIntel,62.5,679054f2072d526265aabff2,67907209243a5be2fd4489f5,Stimuli/43_150_R.jpg,Different,150,n,n,1,4.6342,61,0,61,0,1,,,,,,,,,,,,,,,,,,,,,,,,,,,,,,,,,,,,,,,,,,,,,,,,,
,,,,,,,,,,,,,,,630386f64c5bbd56ab1c3b0f,2025-01-21_20h21.24.312,VisualArraysMentalRotation_v4,2021.1.4,MacIntel,62.5,679054f2072d526265aabff2,67907209243a5be2fd4489f5,Stimuli/22_100.jpg,Same,100,b,n,0,4.5718,62,0,62,0,1,,,,,,,,,,,,,,,,,,,,,,,,,,,,,,,,,,,,,,,,,,,,,,,,,
,,,,,,,,,,,,,,,630386f64c5bbd56ab1c3b0f,2025-01-21_20h21.24.312,VisualArraysMentalRotation_v4,2021.1.4,MacIntel,62.5,679054f2072d526265aabff2,67907209243a5be2fd4489f5,Stimuli/40_150_R.jpg,Different,150,n,n,1,5.1532,63,0,63,0,1,,,,,,,,,,,,,,,,,,,,,,,,,,,,,,,,,,,,,,,,,,,,,,,,,
,,,,,,,,,,,,,,,630386f64c5bbd56ab1c3b0f,2025-01-21_20h21.24.312,VisualArraysMentalRotation_v4,2021.1.4,MacIntel,62.5,679054f2072d526265aabff2,67907209243a5be2fd4489f5,Stimuli/43_0.jpg,Same,0,b,b,1,3.1402,64,0,64,0,1,,,,,,,,,,,,,,,,,,,,,,,,,,,,,,,,,,,,,,,,,,,,,,,,,
,,,,,,,,,,,,,,,630386f64c5bbd56ab1c3b0f,2025-01-21_20h21.24.312,VisualArraysMentalRotation_v4,2021.1.4,MacIntel,62.5,679054f2072d526265aabff2,67907209243a5be2fd4489f5,Stimuli/22_150.jpg,Same,150,b,b,1,4.4794,65,0,65,0,1,,,,,,,,,,,,,,,,,,,,,,,,,,,,,,,,,,,,,,,,,,,,,,,,,
,,,,,,,,,,,,,,,630386f64c5bbd56ab1c3b0f,2025-01-21_20h21.24.312,VisualArraysMentalRotation_v4,2021.1.4,MacIntel,62.5,679054f2072d526265aabff2,67907209243a5be2fd4489f5,Stimuli/27_100_R.jpg,Different,100,n,n,1,4.8908,66,0,66,0,1,,,,,,,,,,,,,,,,,,,,,,,,,,,,,,,,,,,,,,,,,,,,,,,,,
,,,,,,,,,,,,,,,630386f64c5bbd56ab1c3b0f,2025-01-21_20h21.24.312,VisualArraysMentalRotation_v4,2021.1.4,MacIntel,62.5,679054f2072d526265aabff2,67907209243a5be2fd4489f5,Stimuli/21_50.jpg,Same,50,b,b,1,3.6839,67,0,67,0,1,,,,,,,,,,,,,,,,,,,,,,,,,,,,,,,,,,,,,,,,,,,,,,,,,
,,,,,,,,,,,,,,,630386f64c5bbd56ab1c3b0f,2025-01-21_20h21.24.312,VisualArraysMentalRotation_v4,2021.1.4,MacIntel,62.5,679054f2072d526265aabff2,67907209243a5be2fd4489f5,Stimuli/16_150_R.jpg,Different,150,n,n,1,3.7412,68,0,68,0,1,,,,,,,,,,,,,,,,,,,,,,,,,,,,,,,,,,,,,,,,,,,,,,,,,
,,,,,,,,,,,,,,,630386f64c5bbd56ab1c3b0f,2025-01-21_20h21.24.312,VisualArraysMentalRotation_v4,2021.1.4,MacIntel,62.5,679054f2072d526265aabff2,67907209243a5be2fd4489f5,Stimuli/27_50_R.jpg,Different,50,n,n,1,2.2112,69,0,69,0,1,,,,,,,,,,,,,,,,,,,,,,,,,,,,,,,,,,,,,,,,,,,,,,,,,
,,,,,,,,,,,,,,,630386f64c5bbd56ab1c3b0f,2025-01-21_20h21.24.312,VisualArraysMentalRotation_v4,2021.1.4,MacIntel,62.5,679054f2072d526265aabff2,67907209243a5be2fd4489f5,Stimuli/16_50.jpg,Same,50,b,b,1,3.3558,70,0,70,0,1,,,,,,,,,,,,,,,,,,,,,,,,,,,,,,,,,,,,,,,,,,,,,,,,,
,,,,,,,,,,,,,,,630386f64c5bbd56ab1c3b0f,2025-01-21_20h21.24.312,VisualArraysMentalRotation_v4,2021.1.4,MacIntel,62.5,679054f2072d526265aabff2,67907209243a5be2fd4489f5,Stimuli/38_100.jpg,Same,100,b,b,1,3.7368,71,0,71,0,1,,,,,,,,,,,,,,,,,,,,,,,,,,,,,,,,,,,,,,,,,,,,,,,,,
,,,,,,,,,,,,,,,630386f64c5bbd56ab1c3b0f,2025-01-21_20h21.24.312,VisualArraysMentalRotation_v4,2021.1.4,MacIntel,62.5,679054f2072d526265aabff2,67907209243a5be2fd4489f5,Stimuli/32_150.jpg,Same,150,b,n,0,3.5017,72,0,72,0,1,,,,,,,,,,,,,,,,,,,,,,,,,,,,,,,,,,,,,,,,,,,,,,,,,
,,,,,,,,,,,,,,,630386f64c5bbd56ab1c3b0f,2025-01-21_20h21.24.312,VisualArraysMentalRotation_v4,2021.1.4,MacIntel,62.5,679054f2072d526265aabff2,67907209243a5be2fd4489f5,Stimuli/28_50_R.jpg,Different,50,n,n,1,1.9578,73,0,73,0,1,,,,,,,,,,,,,,,,,,,,,,,,,,,,,,,,,,,,,,,,,,,,,,,,,
,,,,,,,,,,,,,,,630386f64c5bbd56ab1c3b0f,2025-01-21_20h21.24.312,VisualArraysMentalRotation_v4,2021.1.4,MacIntel,62.5,679054f2072d526265aabff2,67907209243a5be2fd4489f5,Stimuli/40_0_R.jpg,Different,0,n,n,1,2.6721,74,0,74,0,1,,,,,,,,,,,,,,,,,,,,,,,,,,,,,,,,,,,,,,,,,,,,,,,,,
,,,,,,,,,,,,,,,630386f64c5bbd56ab1c3b0f,2025-01-21_20h21.24.312,VisualArraysMentalRotation_v4,2021.1.4,MacIntel,62.5,679054f2072d526265aabff2,67907209243a5be2fd4489f5,Stimuli/28_150_R.jpg,Different,150,n,n,1,3.94,75,0,75,0,1,,,,,,,,,,,,,,,,,,,,,,,,,,,,,,,,,,,,,,,,,,,,,,,,,
,,,,,,,,,,,,,,,630386f64c5bbd56ab1c3b0f,2025-01-21_20h21.24.312,VisualArraysMentalRotation_v4,2021.1.4,MacIntel,62.5,679054f2072d526265aabff2,67907209243a5be2fd4489f5,Stimuli/44_0.jpg,Same,0,b,b,1,1.8331,76,0,76,0,1,,,,,,,,,,,,,,,,,,,,,,,,,,,,,,,,,,,,,,,,,,,,,,,,,
,,,,,,,,,,,,,,,630386f64c5bbd56ab1c3b0f,2025-01-21_20h21.24.312,VisualArraysMentalRotation_v4,2021.1.4,MacIntel,62.5,679054f2072d526265aabff2,67907209243a5be2fd4489f5,Stimuli/38_0.jpg,Same,0,b,b,1,2.1727,77,0,77,0,1,,,,,,,,,,,,,,,,,,,,,,,,,,,,,,,,,,,,,,,,,,,,,,,,,
,,,,,,,,,,,,,,,630386f64c5bbd56ab1c3b0f,2025-01-21_20h21.24.312,VisualArraysMentalRotation_v4,2021.1.4,MacIntel,62.5,679054f2072d526265aabff2,67907209243a5be2fd4489f5,Stimuli/43_50.jpg,Same,50,b,b,1,2.9362,78,0,78,0,1,,,,,,,,,,,,,,,,,,,,,,,,,,,,,,,,,,,,,,,,,,,,,,,,,
,,,,,,,,,,,,,,,630386f64c5bbd56ab1c3b0f,2025-01-21_20h21.24.312,VisualArraysMentalRotation_v4,2021.1.4,MacIntel,62.5,679054f2072d526265aabff2,67907209243a5be2fd4489f5,Stimuli/21_100_R.jpg,Different,100,n,n,1,2.1753,79,0,79,0,1,,,,,,,,,,,,,,,,,,,,,,,,,,,,,,,,,,,,,,,,,,,,,,,,,
,,,,,,,,,,,,,,,630386f64c5bbd56ab1c3b0f,2025-01-21_20h21.24.312,VisualArraysMentalRotation_v4,2021.1.4,MacIntel,62.5,679054f2072d526265aabff2,67907209243a5be2fd4489f5,Stimuli/22_100_R.jpg,Different,100,n,n,1,2.2932,80,0,80,0,1,,,,,,,,,,,,,,,,,,,,,,,,,,,,,,,,,,,,,,,,,,,,,,,,,
,,,,,,,,,,,,,,,630386f64c5bbd56ab1c3b0f,2025-01-21_20h21.24.312,VisualArraysMentalRotation_v4,2021.1.4,MacIntel,62.5,679054f2072d526265aabff2,67907209243a5be2fd4489f5,Stimuli/38_50.jpg,Same,50,b,b,1,2.5679,81,0,81,0,1,,,,,,,,,,,,,,,,,,,,,,,,,,,,,,,,,,,,,,,,,,,,,,,,,
,,,,,,,,,,,,,,,630386f64c5bbd56ab1c3b0f,2025-01-21_20h21.24.312,VisualArraysMentalRotation_v4,2021.1.4,MacIntel,62.5,679054f2072d526265aabff2,67907209243a5be2fd4489f5,Stimuli/32_50_R.jpg,Different,50,n,n,1,2.2635,82,0,82,0,1,,,,,,,,,,,,,,,,,,,,,,,,,,,,,,,,,,,,,,,,,,,,,,,,,
,,,,,,,,,,,,,,,630386f64c5bbd56ab1c3b0f,2025-01-21_20h21.24.312,VisualArraysMentalRotation_v4,2021.1.4,MacIntel,62.5,679054f2072d526265aabff2,67907209243a5be2fd4489f5,Stimuli/27_100.jpg,Same,100,b,b,1,2.8609,83,0,83,0,1,,,,,,,,,,,,,,,,,,,,,,,,,,,,,,,,,,,,,,,,,,,,,,,,,
,,,,,,,,,,,,,,,630386f64c5bbd56ab1c3b0f,2025-01-21_20h21.24.312,VisualArraysMentalRotation_v4,2021.1.4,MacIntel,62.5,679054f2072d526265aabff2,67907209243a5be2fd4489f5,Stimuli/40_100_R.jpg,Different,100,n,n,1,2.3758,84,0,84,0,1,,,,,,,,,,,,,,,,,,,,,,,,,,,,,,,,,,,,,,,,,,,,,,,,,
,,,,,,,,,,,,,,,630386f64c5bbd56ab1c3b0f,2025-01-21_20h21.24.312,VisualArraysMentalRotation_v4,2021.1.4,MacIntel,62.5,679054f2072d526265aabff2,67907209243a5be2fd4489f5,Stimuli/32_100.jpg,Same,100,b,b,1,2.4272,85,0,85,0,1,,,,,,,,,,,,,,,,,,,,,,,,,,,,,,,,,,,,,,,,,,,,,,,,,
,,,,,,,,,,,,,,,630386f64c5bbd56ab1c3b0f,2025-01-21_20h21.24.312,VisualArraysMentalRotation_v4,2021.1.4,MacIntel,62.5,679054f2072d526265aabff2,67907209243a5be2fd4489f5,Stimuli/19_150.jpg,Same,150,b,b,1,2.3778,86,0,86,0,1,,,,,,,,,,,,,,,,,,,,,,,,,,,,,,,,,,,,,,,,,,,,,,,,,
,,,,,,,,,,,,,,,630386f64c5bbd56ab1c3b0f,2025-01-21_20h21.24.312,VisualArraysMentalRotation_v4,2021.1.4,MacIntel,62.5,679054f2072d526265aabff2,67907209243a5be2fd4489f5,Stimuli/19_150_R.jpg,Different,150,n,n,1,3.9371,87,0,87,0,1,,,,,,,,,,,,,,,,,,,,,,,,,,,,,,,,,,,,,,,,,,,,,,,,,
,,,,,,,,,,,,,,,630386f64c5bbd56ab1c3b0f,2025-01-21_20h21.24.312,VisualArraysMentalRotation_v4,2021.1.4,MacIntel,62.5,679054f2072d526265aabff2,67907209243a5be2fd4489f5,Stimuli/22_50_R.jpg,Different,50,n,n,1,2.4737,88,0,88,0,1,,,,,,,,,,,,,,,,,,,,,,,,,,,,,,,,,,,,,,,,,,,,,,,,,
,,,,,,,,,,,,,,,630386f64c5bbd56ab1c3b0f,2025-01-21_20h21.24.312,VisualArraysMentalRotation_v4,2021.1.4,MacIntel,62.5,679054f2072d526265aabff2,67907209243a5be2fd4489f5,Stimuli/16_0_R.jpg,Different,0,n,n,1,2.4182,89,0,89,0,1,,,,,,,,,,,,,,,,,,,,,,,,,,,,,,,,,,,,,,,,,,,,,,,,,
,,,,,,,,,,,,,,,630386f64c5bbd56ab1c3b0f,2025-01-21_20h21.24.312,VisualArraysMentalRotation_v4,2021.1.4,MacIntel,62.5,679054f2072d526265aabff2,67907209243a5be2fd4489f5,Stimuli/21_0.jpg,Same,0,b,b,1,2.4364,90,0,90,0,1,,,,,,,,,,,,,,,,,,,,,,,,,,,,,,,,,,,,,,,,,,,,,,,,,
,,,,,,,,,,,,,,,630386f64c5bbd56ab1c3b0f,2025-01-21_20h21.24.312,VisualArraysMentalRotation_v4,2021.1.4,MacIntel,62.5,679054f2072d526265aabff2,67907209243a5be2fd4489f5,Stimuli/40_50.jpg,Same,50,b,b,1,3.0623,91,0,91,0,1,,,,,,,,,,,,,,,,,,,,,,,,,,,,,,,,,,,,,,,,,,,,,,,,,
,,,,,,,,,,,,,,,630386f64c5bbd56ab1c3b0f,2025-01-21_20h21.24.312,VisualArraysMentalRotation_v4,2021.1.4,MacIntel,62.5,679054f2072d526265aabff2,67907209243a5be2fd4489f5,Stimuli/21_150.jpg,Same,150,b,b,1,3.907,92,0,92,0,1,,,,,,,,,,,,,,,,,,,,,,,,,,,,,,,,,,,,,,,,,,,,,,,,,
,,,,,,,,,,,,,,,630386f64c5bbd56ab1c3b0f,2025-01-21_20h21.24.312,VisualArraysMentalRotation_v4,2021.1.4,MacIntel,62.5,679054f2072d526265aabff2,67907209243a5be2fd4489f5,Stimuli/43_50_R.jpg,Different,50,n,n,1,3.0588,93,0,93,0,1,,,,,,,,,,,,,,,,,,,,,,,,,,,,,,,,,,,,,,,,,,,,,,,,,
,,,,,,,,,,,,,,,630386f64c5bbd56ab1c3b0f,2025-01-21_20h21.24.312,VisualArraysMentalRotation_v4,2021.1.4,MacIntel,62.5,679054f2072d526265aabff2,67907209243a5be2fd4489f5,Stimuli/27_150.jpg,Same,150,b,b,1,3.7515,94,0,94,0,1,,,,,,,,,,,,,,,,,,,,,,,,,,,,,,,,,,,,,,,,,,,,,,,,,
,,,,,,,,,,,,,,,630386f64c5bbd56ab1c3b0f,2025-01-21_20h21.24.312,VisualArraysMentalRotation_v4,2021.1.4,MacIntel,62.5,679054f2072d526265aabff2,67907209243a5be2fd4489f5,Stimuli/21_100.jpg,Same,100,b,n,0,3.8173,95,0,95,0,1,,,,,,,,,,,,,,,,,,,,,,,,,,,,,,,,,,,,,,,,,,,,,,,,,
,,,,,,,,,,,,,,,630386f64c5bbd56ab1c3b0f,2025-01-21_20h21.24.312,VisualArraysMentalRotation_v4,2021.1.4,MacIntel,62.5,679054f2072d526265aabff2,67907209243a5be2fd4489f5,,,,,,,,,,,,,0,0,0,0,1,,,,,,,,,,,,,,,,,,,,,,,,,,,,,,,,,,,,,,,,,,,,
,,,,,,,,,,,,,,,630386f64c5bbd56ab1c3b0f,2025-01-21_20h21.24.312,VisualArraysMentalRotation_v4,2021.1.4,MacIntel,62.5,679054f2072d526265aabff2,67907209243a5be2fd4489f5,,,,,,,,,,,,,,,,,,0,0,0,0,1,0,1,,,,,,,,,,,,,,,,,,,,,,,,,,,,,,,,,,,,,
,,,,,,,,,,,,,,,630386f64c5bbd56ab1c3b0f,2025-01-21_20h21.24.312,VisualArraysMentalRotation_v4,2021.1.4,MacIntel,62.5,679054f2072d526265aabff2,67907209243a5be2fd4489f5,,,,,,,,,,,,,,,,,,,,,,,,,"[45,90,0,90,45]","[0,45,-45,-45,0]",0.25,PracRed_3,"[45,90,90,90,45]","[0,45,-45,-45,0]",5,0,2.0965,0,0,0,7,1,RED,5,Different,6,3,,,,,,,,,,,,,,,,,,
,,,,,,,,,,,,,,,630386f64c5bbd56ab1c3b0f,2025-01-21_20h21.24.312,VisualArraysMentalRotation_v4,2021.1.4,MacIntel,62.5,679054f2072d526265aabff2,67907209243a5be2fd4489f5,,,,,,,,,,,,,,,,,,,,,,,,,"[-45,-45,45,-45,45]","[0,0,45,90,0]",0.25,PracBlue_3,"[-45,-45,45,-45,45]","[0,0,90,90,0]",5,0,1.6633,0,1,1,14,1,BLUE,5,Different,6,1,,,,,,,,,,,,,,,,,,
,,,,,,,,,,,,,,,630386f64c5bbd56ab1c3b0f,2025-01-21_20h21.24.312,VisualArraysMentalRotation_v4,2021.1.4,MacIntel,62.5,679054f2072d526265aabff2,67907209243a5be2fd4489f5,,,,,,,,,,,,,,,,,,,,,,,,,"[-45,45,90,0,0]","[45,45,-45,45,45]",0.25,PracBlue_2,"[-45,45,90,0,0]","[45,0,-45,45,45]",5,0,1.3003,0,2,2,15,1,BLUE,5,Different,6,3,,,,,,,,,,,,,,,,,,
,,,,,,,,,,,,,,,630386f64c5bbd56ab1c3b0f,2025-01-21_20h21.24.312,VisualArraysMentalRotation_v4,2021.1.4,MacIntel,62.5,679054f2072d526265aabff2,67907209243a5be2fd4489f5,,,,,,,,,,,,,,,,,,,,,,,,,"[45,0,0,45,45]","[-45,45,45,45,45]",0.25,PracRed_5,"[45,0,0,45,45]","[-45,45,45,45,45]",6,0,1.8498,0,3,3,2,1,RED,5,Same,5,1,,,,,,,,,,,,,,,,,,
,,,,,,,,,,,,,,,630386f64c5bbd56ab1c3b0f,2025-01-21_20h21.24.312,VisualArraysMentalRotation_v4,2021.1.4,MacIntel,62.5,679054f2072d526265aabff2,67907209243a5be2fd4489f5,,,,,,,,,,,,,,,,,,,,,,,,,"[90,-45,90,45,-45]","[90,-45,0,45,90]",0.25,PracBlue_2,"[90,-45,90,45,-45]","[90,-45,0,45,90]",5,1,1.1341,0,4,4,8,1,BLUE,3,Same,5,1,,,,,,,,,,,,,,,,,,
,,,,,,,,,,,,,,,630386f64c5bbd56ab1c3b0f,2025-01-21_20h21.24.312,VisualArraysMentalRotation_v4,2021.1.4,MacIntel,62.5,679054f2072d526265aabff2,67907209243a5be2fd4489f5,,,,,,,,,,,,,,,,,,,,,,,,,"[0,45,-45,0,-45]","[-45,90,45,0,45]",0.25,PracBlue_1,"[0,45,-45,0,-45]","[-45,90,45,0,45]",5,1,0.9553,0,5,5,10,1,BLUE,5,Same,5,1,,,,,,,,,,,,,,,,,,
,,,,,,,,,,,,,,,630386f64c5bbd56ab1c3b0f,2025-01-21_20h21.24.312,VisualArraysMentalRotation_v4,2021.1.4,MacIntel,62.5,679054f2072d526265aabff2,67907209243a5be2fd4489f5,,,,,,,,,,,,,,,,,,,,,,,,,"[45,0,90,-45,0]","[45,-45,90,90,90]",0.25,PracRed_3,"[45,0,-45,-45,0]","[45,-45,90,90,90]",5,0,1.0751,0,6,6,6,1,RED,5,Different,6,1,,,,,,,,,,,,,,,,,,
,,,,,,,,,,,,,,,630386f64c5bbd56ab1c3b0f,2025-01-21_20h21.24.312,VisualArraysMentalRotation_v4,2021.1.4,MacIntel,62.5,679054f2072d526265aabff2,67907209243a5be2fd4489f5,,,,,,,,,,,,,,,,,,,,,,,,,"[0,0,90,0,45]","[90,-45,0,-45,45]",0.25,PracRed_1,"[0,0,90,0,45]","[90,-45,0,-45,45]",5,1,0.9614,0,7,7,1,1,RED,3,Same,5,3,,,,,,,,,,,,,,,,,,
,,,,,,,,,,,,,,,630386f64c5bbd56ab1c3b0f,2025-01-21_20h21.24.312,VisualArraysMentalRotation_v4,2021.1.4,MacIntel,62.5,679054f2072d526265aabff2,67907209243a5be2fd4489f5,,,,,,,,,,,,,,,,,,,,,,,,,"[0,45,0,90,45]","[0,0,-45,0,45]",0.25,PracRed_3,"[0,45,0,90,45]","[0,0,-45,0,45]",5,1,0.9772,0,8,8,3,1,RED,5,Same,5,3,,,,,,,,,,,,,,,,,,
,,,,,,,,,,,,,,,630386f64c5bbd56ab1c3b0f,2025-01-21_20h21.24.312,VisualArraysMentalRotation_v4,2021.1.4,MacIntel,62.5,679054f2072d526265aabff2,67907209243a5be2fd4489f5,,,,,,,,,,,,,,,,,,,,,,,,,"[0,-45,0,0,0]","[-45,45,0,-45,-45]",0.25,PracRed_3,"[0,-45,45,0,0]","[-45,45,0,-45,-45]",5,0,0.8954,0,9,9,4,1,RED,3,Different,6,1,,,,,,,,,,,,,,,,,,
,,,,,,,,,,,,,,,630386f64c5bbd56ab1c3b0f,2025-01-21_20h21.24.312,VisualArraysMentalRotation_v4,2021.1.4,MacIntel,62.5,679054f2072d526265aabff2,67907209243a5be2fd4489f5,,,,,,,,,,,,,,,,,,,,,,,,,"[-45,45,45,-45,45]","[-45,0,90,45,-45]",0.25,PracRed_2,"[-45,45,45,-45,45]","[-45,0,90,45,-45]",5,1,1.0002,0,10,10,0,1,RED,3,Same,5,1,,,,,,,,,,,,,,,,,,
,,,,,,,,,,,,,,,630386f64c5bbd56ab1c3b0f,2025-01-21_20h21.24.312,VisualArraysMentalRotation_v4,2021.1.4,MacIntel,62.5,679054f2072d526265aabff2,67907209243a5be2fd4489f5,,,,,,,,,,,,,,,,,,,,,,,,,"[90,-45,45,-45,45]","[45,90,-45,45,-45]",0.25,PracBlue_1,"[90,-45,45,-45,45]","[45,90,-45,45,-45]",5,1,0.8171,0,11,11,9,1,BLUE,3,Same,5,3,,,,,,,,,,,,,,,,,,
,,,,,,,,,,,,,,,630386f64c5bbd56ab1c3b0f,2025-01-21_20h21.24.312,VisualArraysMentalRotation_v4,2021.1.4,MacIntel,62.5,679054f2072d526265aabff2,67907209243a5be2fd4489f5,,,,,,,,,,,,,,,,,,,,,,,,,"[90,0,-45,45,0]","[45,90,90,45,-45]",0.25,PracBlue_2,"[90,0,-45,45,0]","[45,-45,90,45,-45]",5,0,0.7549,0,12,12,12,1,BLUE,3,Different,6,1,,,,,,,,,,,,,,,,,,
,,,,,,,,,,,,,,,630386f64c5bbd56ab1c3b0f,2025-01-21_20h21.24.312,VisualArraysMentalRotation_v4,2021.1.4,MacIntel,62.5,679054f2072d526265aabff2,67907209243a5be2fd4489f5,,,,,,,,,,,,,,,,,,,,,,,,,"[0,90,90,-45,90]","[0,0,45,45,-45]",0.25,PracBlue_3,"[0,90,90,-45,90]","[0,0,45,45,-45]",5,1,0.8269,0,13,13,11,1,BLUE,5,Same,5,3,,,,,,,,,,,,,,,,,,
,,,,,,,,,,,,,,,630386f64c5bbd56ab1c3b0f,2025-01-21_20h21.24.312,VisualArraysMentalRotation_v4,2021.1.4,MacIntel,62.5,679054f2072d526265aabff2,67907209243a5be2fd4489f5,,,,,,,,,,,,,,,,,,,,,,,,,"[45,90,0,45,-45]","[45,45,45,90,45]",0.25,PracRed_1,"[0,90,0,45,-45]","[45,45,45,90,45]",6,1,0.8782,0,14,14,5,1,RED,3,Different,6,3,,,,,,,,,,,,,,,,,,
,,,,,,,,,,,,,,,630386f64c5bbd56ab1c3b0f,2025-01-21_20h21.24.312,VisualArraysMentalRotation_v4,2021.1.4,MacIntel,62.5,679054f2072d526265aabff2,67907209243a5be2fd4489f5,,,,,,,,,,,,,,,,,,,,,,,,,"[45,90,-45,45,-45]","[-45,0,-45,-45,90]",0.25,PracBlue_3,"[45,90,-45,45,-45]","[-45,0,0,-45,90]",6,1,0.8995,0,15,15,13,1,BLUE,3,Different,6,3,,,,,,,,,,,,,,,,,,
,,,,,,,,,,,,,,,630386f64c5bbd56ab1c3b0f,2025-01-21_20h21.24.312,VisualArraysMentalRotation_v4,2021.1.4,MacIntel,62.5,679054f2072d526265aabff2,67907209243a5be2fd4489f5,,,,,,,,,,,,,,,,,,,,,,,,,,,,,,,,,,,,,,,,,,,,0,0,0,0,1,,,,,,,,,,,,,
,,,,,,,,,,,,,,,630386f64c5bbd56ab1c3b0f,2025-01-21_20h21.24.312,VisualArraysMentalRotation_v4,2021.1.4,MacIntel,62.5,679054f2072d526265aabff2,67907209243a5be2fd4489f5,,,,,,,,,,,,,,,,,,,,,,,,,"[-45,45,-45,45,45]","[90,-45,45,45,0]",0.25,PracBlue_3,"[-45,45,-45,45,45]","[90,-45,45,45,0]",5,1,0.7839,0,0,0,9,1,BLUE,3,Same,5,3,,,,,,,,,,,,,,,,,,
,,,,,,,,,,,,,,,630386f64c5bbd56ab1c3b0f,2025-01-21_20h21.24.312,VisualArraysMentalRotation_v4,2021.1.4,MacIntel,62.5,679054f2072d526265aabff2,67907209243a5be2fd4489f5,,,,,,,,,,,,,,,,,,,,,,,,,"[90,0,90,45,0]","[90,0,45,90,-45]",0.25,PracRed_3,"[90,0,0,45,0]","[90,0,45,90,-45]",6,1,1.7023,0,1,1,4,1,RED,3,Different,6,1,,,,,,,,,,,,,,,,,,
,,,,,,,,,,,,,,,630386f64c5bbd56ab1c3b0f,2025-01-21_20h21.24.312,VisualArraysMentalRotation_v4,2021.1.4,MacIntel,62.5,679054f2072d526265aabff2,67907209243a5be2fd4489f5,,,,,,,,,,,,,,,,,,,,,,,,,"[-45,90,-45,90,45]","[0,90,90,-45,0]",0.25,PracRed_2,"[-45,90,-45,90,45]","[0,90,90,-45,0]",5,1,0.956,0,2,2,3,1,RED,5,Same,5,3,,,,,,,,,,,,,,,,,,
,,,,,,,,,,,,,,,630386f64c5bbd56ab1c3b0f,2025-01-21_20h21.24.312,VisualArraysMentalRotation_v4,2021.1.4,MacIntel,62.5,679054f2072d526265aabff2,67907209243a5be2fd4489f5,,,,,,,,,,,,,,,,,,,,,,,,,"[45,0,0,90,-45]","[-45,45,45,90,0]",0.25,PracBlue_1,"[45,0,0,90,-45]","[-45,45,45,90,0]",5,1,0.7448,0,3,3,8,1,BLUE,3,Same,5,1,,,,,,,,,,,,,,,,,,
,,,,,,,,,,,,,,,630386f64c5bbd56ab1c3b0f,2025-01-21_20h21.24.312,VisualArraysMentalRotation_v4,2021.1.4,MacIntel,62.5,679054f2072d526265aabff2,67907209243a5be2fd4489f5,,,,,,,,,,,,,,,,,,,,,,,,,"[-45,0,45,45,-45]","[-45,90,45,0,-45]",0.25,PracRed_3,"[-45,0,0,45,-45]","[-45,90,45,0,-45]",6,1,0.8345,0,4,4,5,1,RED,3,Different,6,3,,,,,,,,,,,,,,,,,,
,,,,,,,,,,,,,,,630386f64c5bbd56ab1c3b0f,2025-01-21_20h21.24.312,VisualArraysMentalRotation_v4,2021.1.4,MacIntel,62.5,679054f2072d526265aabff2,67907209243a5be2fd4489f5,,,,,,,,,,,,,,,,,,,,,,,,,"[90,-45,0,0,90]","[45,90,90,90,90]",0.25,PracRed_2,"[90,-45,0,0,90]","[45,90,90,90,90]",5,1,0.9276,0,5,5,0,1,RED,3,Same,5,1,,,,,,,,,,,,,,,,,,
,,,,,,,,,,,,,,,630386f64c5bbd56ab1c3b0f,2025-01-21_20h21.24.312,VisualArraysMentalRotation_v4,2021.1.4,MacIntel,62.5,679054f2072d526265aabff2,67907209243a5be2fd4489f5,,,,,,,,,,,,,,,,,,,,,,,,,"[0,0,0,45,0]","[90,45,0,45,45]",0.25,PracBlue_1,"[0,0,0,45,0]","[0,45,0,45,45]",6,1,0.8338,0,6,6,14,1,BLUE,5,Different,6,1,,,,,,,,,,,,,,,,,,
,,,,,,,,,,,,,,,630386f64c5bbd56ab1c3b0f,2025-01-21_20h21.24.312,VisualArraysMentalRotation_v4,2021.1.4,MacIntel,62.5,679054f2072d526265aabff2,67907209243a5be2fd4489f5,,,,,,,,,,,,,,,,,,,,,,,,,"[45,45,0,0,0]","[45,45,-45,90,0]",0.25,PracBlue_4,"[45,45,0,0,0]","[45,45,-45,90,0]",5,1,0.8503,0,7,7,11,1,BLUE,5,Same,5,3,,,,,,,,,,,,,,,,,,
,,,,,,,,,,,,,,,630386f64c5bbd56ab1c3b0f,2025-01-21_20h21.24.312,VisualArraysMentalRotation_v4,2021.1.4,MacIntel,62.5,679054f2072d526265aabff2,67907209243a5be2fd4489f5,,,,,,,,,,,,,,,,,,,,,,,,,"[0,-45,0,0,90]","[-45,0,45,-45,-45]",0.25,PracRed_2,"[0,45,0,0,90]","[-45,0,45,-45,-45]",5,0,0.7217,0,8,8,7,1,RED,5,Different,6,3,,,,,,,,,,,,,,,,,,
,,,,,,,,,,,,,,,630386f64c5bbd56ab1c3b0f,2025-01-21_20h21.24.312,VisualArraysMentalRotation_v4,2021.1.4,MacIntel,62.5,679054f2072d526265aabff2,67907209243a5be2fd4489f5,,,,,,,,,,,,,,,,,,,,,,,,,"[-45,0,90,90,0]","[0,0,90,0,-45]",0.25,PracBlue_1,"[-45,0,90,90,0]","[-45,0,90,0,-45]",6,1,0.7106,0,9,9,15,1,BLUE,5,Different,6,3,,,,,,,,,,,,,,,,,,
,,,,,,,,,,,,,,,630386f64c5bbd56ab1c3b0f,2025-01-21_20h21.24.312,VisualArraysMentalRotation_v4,2021.1.4,MacIntel,62.5,679054f2072d526265aabff2,67907209243a5be2fd4489f5,,,,,,,,,,,,,,,,,,,,,,,,,"[90,90,90,-45,45]","[0,90,90,45,-45]",0.25,PracBlue_3,"[90,90,90,-45,45]","[0,90,0,45,-45]",6,1,0.6195,0,10,10,13,1,BLUE,3,Different,6,3,,,,,,,,,,,,,,,,,,
,,,,,,,,,,,,,,,630386f64c5bbd56ab1c3b0f,2025-01-21_20h21.24.312,VisualArraysMentalRotation_v4,2021.1.4,MacIntel,62.5,679054f2072d526265aabff2,67907209243a5be2fd4489f5,,,,,,,,,,,,,,,,,,,,,,,,,"[45,0,90,45,-45]","[-45,-45,0,45,-45]",0.25,PracBlue_3,"[45,0,90,45,-45]","[-45,-45,45,45,-45]",6,1,1.5792,0,11,11,12,1,BLUE,3,Different,6,1,,,,,,,,,,,,,,,,,,
,,,,,,,,,,,,,,,630386f64c5bbd56ab1c3b0f,2025-01-21_20h21.24.312,VisualArraysMentalRotation_v4,2021.1.4,MacIntel,62.5,679054f2072d526265aabff2,67907209243a5be2fd4489f5,,,,,,,,,,,,,,,,,,,,,,,,,"[0,-45,45,0,0]","[0,-45,45,-45,45]",0.25,PracRed_2,"[0,-45,45,0,0]","[0,-45,45,-45,45]",5,1,1.0615,0,12,12,2,1,RED,5,Same,5,1,,,,,,,,,,,,,,,,,,
,,,,,,,,,,,,,,,630386f64c5bbd56ab1c3b0f,2025-01-21_20h21.24.312,VisualArraysMentalRotation_v4,2021.1.4,MacIntel,62.5,679054f2072d526265aabff2,67907209243a5be2fd4489f5,,,,,,,,,,,,,,,,,,,,,,,,,"[-45,45,90,45,90]","[0,0,90,-45,0]",0.25,PracRed_4,"[-45,45,90,90,90]","[0,0,90,-45,0]",6,1,0.7648,0,13,13,6,1,RED,5,Different,6,1,,,,,,,,,,,,,,,,,,
,,,,,,,,,,,,,,,630386f64c5bbd56ab1c3b0f,2025-01-21_20h21.24.312,VisualArraysMentalRotation_v4,2021.1.4,MacIntel,62.5,679054f2072d526265aabff2,67907209243a5be2fd4489f5,,,,,,,,,,,,,,,,,,,,,,,,,"[-45,-45,0,-45,0]","[0,90,-45,45,0]",0.25,PracBlue_4,"[-45,-45,0,-45,0]","[0,90,-45,45,0]",5,1,1.0111,0,14,14,10,1,BLUE,5,Same,5,1,,,,,,,,,,,,,,,,,,
,,,,,,,,,,,,,,,630386f64c5bbd56ab1c3b0f,2025-01-21_20h21.24.312,VisualArraysMentalRotation_v4,2021.1.4,MacIntel,62.5,679054f2072d526265aabff2,67907209243a5be2fd4489f5,,,,,,,,,,,,,,,,,,,,,,,,,"[45,90,90,-45,0]","[45,45,90,0,45]",0.25,PracRed_1,"[45,90,90,-45,0]","[45,45,90,0,45]",5,1,0.7962,0,15,15,1,1,RED,3,Same,5,3,,,,,,,,,,,,,,,,,,
,,,,,,,,,,,,,,,630386f64c5bbd56ab1c3b0f,2025-01-21_20h21.24.312,VisualArraysMentalRotation_v4,2021.1.4,MacIntel,62.5,679054f2072d526265aabff2,67907209243a5be2fd4489f5,,,,,,,,,,,,,,,,,,,,,,,,,,,,,,,,,,,,,,,,,,,,1,0,1,0,1,,,,,,,,,,,,,
,,,,,,,,,,,,,,,630386f64c5bbd56ab1c3b0f,2025-01-21_20h21.24.312,VisualArraysMentalRotation_v4,2021.1.4,MacIntel,62.5,679054f2072d526265aabff2,67907209243a5be2fd4489f5,,,,,,,,,,,,,,,,,,,,,,,,,"[0,45,45,0,90]","[-45,-45,90,-45,0]",,Blue_3,"[0,45,45,0,90]","[-45,-45,90,-45,0]",,,,,,,,,BLUE,3,Same,5,3,,,,,,6,0,0.878,0,0,0,9,1,,,,,
,,,,,,,,,,,,,,,630386f64c5bbd56ab1c3b0f,2025-01-21_20h21.24.312,VisualArraysMentalRotation_v4,2021.1.4,MacIntel,62.5,679054f2072d526265aabff2,67907209243a5be2fd4489f5,,,,,,,,,,,,,,,,,,,,,,,,,"[0,-45,0,45,45]","[0,-45,0,-45,90]",,Red_2,"[0,45,0,45,45]","[0,-45,0,-45,90]",,,,,,,,,RED,3,Different,6,3,,,,,,6,1,1.452,0,1,1,5,1,,,,,
,,,,,,,,,,,,,,,630386f64c5bbd56ab1c3b0f,2025-01-21_20h21.24.312,VisualArraysMentalRotation_v4,2021.1.4,MacIntel,62.5,679054f2072d526265aabff2,67907209243a5be2fd4489f5,,,,,,,,,,,,,,,,,,,,,,,,,"[-45,-45,-45,0,90]","[45,-45,90,45,90]",,Red_3,"[-45,-45,90,0,90]","[45,-45,90,45,90]",,,,,,,,,RED,5,Different,6,3,,,,,,6,1,1.2516,0,2,2,7,1,,,,,
,,,,,,,,,,,,,,,630386f64c5bbd56ab1c3b0f,2025-01-21_20h21.24.312,VisualArraysMentalRotation_v4,2021.1.4,MacIntel,62.5,679054f2072d526265aabff2,67907209243a5be2fd4489f5,,,,,,,,,,,,,,,,,,,,,,,,,"[90,0,90,45,0]","[45,45,-45,0,-45]",,Blue_3,"[90,0,90,45,0]","[45,45,0,0,-45]",,,,,,,,,BLUE,3,Different,6,3,,,,,,6,1,0.8605,0,3,3,13,1,,,,,
,,,,,,,,,,,,,,,630386f64c5bbd56ab1c3b0f,2025-01-21_20h21.24.312,VisualArraysMentalRotation_v4,2021.1.4,MacIntel,62.5,679054f2072d526265aabff2,67907209243a5be2fd4489f5,,,,,,,,,,,,,,,,,,,,,,,,,"[-45,45,-45,-45,-45]","[90,90,-45,45,0]",,Red_1,"[-45,45,-45,-45,-45]","[90,90,-45,45,0]",,,,,,,,,RED,5,Same,5,3,,,,,,5,1,1.1619,0,4,4,3,1,,,,,
,,,,,,,,,,,,,,,630386f64c5bbd56ab1c3b0f,2025-01-21_20h21.24.312,VisualArraysMentalRotation_v4,2021.1.4,MacIntel,62.5,679054f2072d526265aabff2,67907209243a5be2fd4489f5,,,,,,,,,,,,,,,,,,,,,,,,,"[90,45,45,-45,45]","[90,90,-45,-45,45]",,Blue_3,"[90,45,45,-45,45]","[90,90,-45,-45,45]",,,,,,,,,BLUE,3,Same,5,1,,,,,,5,1,0.9678,0,5,5,8,1,,,,,
,,,,,,,,,,,,,,,630386f64c5bbd56ab1c3b0f,2025-01-21_20h21.24.312,VisualArraysMentalRotation_v4,2021.1.4,MacIntel,62.5,679054f2072d526265aabff2,67907209243a5be2fd4489f5,,,,,,,,,,,,,,,,,,,,,,,,,"[-45,90,45,90,90]","[0,45,0,0,90]",,Blue_1,"[-45,90,45,90,90]","[90,45,0,0,90]",,,,,,,,,BLUE,5,Different,6,3,,,,,,6,1,1.0619,0,6,6,15,1,,,,,
,,,,,,,,,,,,,,,630386f64c5bbd56ab1c3b0f,2025-01-21_20h21.24.312,VisualArraysMentalRotation_v4,2021.1.4,MacIntel,62.5,679054f2072d526265aabff2,67907209243a5be2fd4489f5,,,,,,,,,,,,,,,,,,,,,,,,,"[90,45,0,0,-45]","[90,45,0,-45,90]",,Red_1,"[-45,45,0,0,-45]","[90,45,0,-45,90]",,,,,,,,,RED,3,Different,6,1,,,,,,6,1,2.4011,0,7,7,4,1,,,,,
,,,,,,,,,,,,,,,630386f64c5bbd56ab1c3b0f,2025-01-21_20h21.24.312,VisualArraysMentalRotation_v4,2021.1.4,MacIntel,62.5,679054f2072d526265aabff2,67907209243a5be2fd4489f5,,,,,,,,,,,,,,,,,,,,,,,,,"[90,-45,-45,45,90]","[-45,45,90,45,-45]",,Red_1,"[90,-45,-45,45,90]","[-45,45,90,45,-45]",,,,,,,,,RED,3,Same,5,3,,,,,,5,1,2.3616,0,8,8,1,1,,,,,
,,,,,,,,,,,,,,,630386f64c5bbd56ab1c3b0f,2025-01-21_20h21.24.312,VisualArraysMentalRotation_v4,2021.1.4,MacIntel,62.5,679054f2072d526265aabff2,67907209243a5be2fd4489f5,,,,,,,,,,,,,,,,,,,,,,,,,"[90,-45,90,0,0]","[45,0,-45,0,-45]",,Blue_5,"[90,-45,90,0,0]","[45,0,-45,0,-45]",,,,,,,,,BLUE,5,Same,5,3,,,,,,5,1,1.1217,0,9,9,11,1,,,,,
,,,,,,,,,,,,,,,630386f64c5bbd56ab1c3b0f,2025-01-21_20h21.24.312,VisualArraysMentalRotation_v4,2021.1.4,MacIntel,62.5,679054f2072d526265aabff2,67907209243a5be2fd4489f5,,,,,,,,,,,,,,,,,,,,,,,,,"[-45,90,-45,45,0]","[0,-45,90,0,45]",,Red_3,"[-45,90,-45,45,0]","[0,-45,90,0,45]",,,,,,,,,RED,3,Same,5,1,,,,,,5,1,0.8954,0,10,10,0,1,,,,,
,,,,,,,,,,,,,,,630386f64c5bbd56ab1c3b0f,2025-01-21_20h21.24.312,VisualArraysMentalRotation_v4,2021.1.4,MacIntel,62.5,679054f2072d526265aabff2,67907209243a5be2fd4489f5,,,,,,,,,,,,,,,,,,,,,,,,,"[90,90,0,90,0]","[0,0,90,45,-45]",,Blue_2,"[90,90,0,90,0]","[0,0,90,45,-45]",,,,,,,,,BLUE,5,Same,5,1,,,,,,6,0,0.8004,0,11,11,10,1,,,,,
,,,,,,,,,,,,,,,630386f64c5bbd56ab1c3b0f,2025-01-21_20h21.24.312,VisualArraysMentalRotation_v4,2021.1.4,MacIntel,62.5,679054f2072d526265aabff2,67907209243a5be2fd4489f5,,,,,,,,,,,,,,,,,,,,,,,,,"[0,-45,0,45,-45]","[0,-45,-45,90,90]",,Blue_3,"[0,-45,0,45,-45]","[0,-45,0,90,90]",,,,,,,,,BLUE,3,Different,6,1,,,,,,6,1,0.9506,0,12,12,12,1,,,,,
,,,,,,,,,,,,,,,630386f64c5bbd56ab1c3b0f,2025-01-21_20h21.24.312,VisualArraysMentalRotation_v4,2021.1.4,MacIntel,62.5,679054f2072d526265aabff2,67907209243a5be2fd4489f5,,,,,,,,,,,,,,,,,,,,,,,,,"[0,-45,90,45,90]","[45,90,0,45,0]",,Blue_2,"[0,-45,90,45,90]","[45,-45,0,45,0]",,,,,,,,,BLUE,5,Different,6,1,,,,,,6,1,1.9517,0,13,13,14,1,,,,,
,,,,,,,,,,,,,,,630386f64c5bbd56ab1c3b0f,2025-01-21_20h21.24.312,VisualArraysMentalRotation_v4,2021.1.4,MacIntel,62.5,679054f2072d526265aabff2,67907209243a5be2fd4489f5,,,,,,,,,,,,,,,,,,,,,,,,,"[0,90,0,0,0]","[45,-45,-45,90,0]",,Red_5,"[0,90,0,0,0]","[45,-45,-45,90,0]",,,,,,,,,RED,5,Same,5,1,,,,,,5,1,0.7954,0,14,14,2,1,,,,,
,,,,,,,,,,,,,,,630386f64c5bbd56ab1c3b0f,2025-01-21_20h21.24.312,VisualArraysMentalRotation_v4,2021.1.4,MacIntel,62.5,679054f2072d526265aabff2,67907209243a5be2fd4489f5,,,,,,,,,,,,,,,,,,,,,,,,,"[-45,90,45,45,-45]","[0,45,90,0,0]",,Red_1,"[90,90,45,45,-45]","[0,45,90,0,0]",,,,,,,,,RED,5,Different,6,1,,,,,,6,1,0.7579,0,15,15,6,1,,,,,
,,,,,,,,,,,,,,,630386f64c5bbd56ab1c3b0f,2025-01-21_20h21.24.312,VisualArraysMentalRotation_v4,2021.1.4,MacIntel,62.5,679054f2072d526265aabff2,67907209243a5be2fd4489f5,,,,,,,,,,,,,,,,,,,,,,,,,"[-45,-45,45,45,-45]","[0,45,0,0,-45]",,Red_1,"[-45,-45,45,45,-45]","[0,45,0,0,-45]",,,,,,,,,RED,5,Same,5,3,,,,,,6,0,1.3179,1,0,16,3,1,,,,,
,,,,,,,,,,,,,,,630386f64c5bbd56ab1c3b0f,2025-01-21_20h21.24.312,VisualArraysMentalRotation_v4,2021.1.4,MacIntel,62.5,679054f2072d526265aabff2,67907209243a5be2fd4489f5,,,,,,,,,,,,,,,,,,,,,,,,,"[-45,0,0,0,-45]","[0,90,90,45,90]",,Red_1,"[45,0,0,0,-45]","[0,90,90,45,90]",,,,,,,,,RED,3,Different,6,3,,,,,,6,1,1.334,1,1,17,5,1,,,,,
,,,,,,,,,,,,,,,630386f64c5bbd56ab1c3b0f,2025-01-21_20h21.24.312,VisualArraysMentalRotation_v4,2021.1.4,MacIntel,62.5,679054f2072d526265aabff2,67907209243a5be2fd4489f5,,,,,,,,,,,,,,,,,,,,,,,,,"[-45,0,0,90,90]","[90,45,0,0,0]",,Blue_5,"[-45,0,0,90,90]","[90,45,0,0,-45]",,,,,,,,,BLUE,5,Different,6,3,,,,,,6,1,2.5795,1,2,18,15,1,,,,,
,,,,,,,,,,,,,,,630386f64c5bbd56ab1c3b0f,2025-01-21_20h21.24.312,VisualArraysMentalRotation_v4,2021.1.4,MacIntel,62.5,679054f2072d526265aabff2,67907209243a5be2fd4489f5,,,,,,,,,,,,,,,,,,,,,,,,,"[-45,90,90,90,-45]","[-45,90,90,0,90]",,Blue_2,"[-45,90,90,90,-45]","[-45,90,90,0,90]",,,,,,,,,BLUE,3,Same,5,3,,,,,,5,1,1.366,1,3,19,9,1,,,,,
,,,,,,,,,,,,,,,630386f64c5bbd56ab1c3b0f,2025-01-21_20h21.24.312,VisualArraysMentalRotation_v4,2021.1.4,MacIntel,62.5,679054f2072d526265aabff2,67907209243a5be2fd4489f5,,,,,,,,,,,,,,,,,,,,,,,,,"[0,-45,-45,-45,-45]","[-45,45,0,0,0]",,Blue_2,"[0,-45,-45,-45,-45]","[-45,90,0,0,0]",,,,,,,,,BLUE,3,Different,6,1,,,,,,6,1,2.217,1,4,20,12,1,,,,,
,,,,,,,,,,,,,,,630386f64c5bbd56ab1c3b0f,2025-01-21_20h21.24.312,VisualArraysMentalRotation_v4,2021.1.4,MacIntel,62.5,679054f2072d526265aabff2,67907209243a5be2fd4489f5,,,,,,,,,,,,,,,,,,,,,,,,,"[-45,-45,90,90,90]","[90,0,-45,-45,-45]",,Blue_1,"[-45,-45,90,90,90]","[90,0,-45,-45,-45]",,,,,,,,,BLUE,3,Same,5,1,,,,,,5,1,0.8772,1,5,21,8,1,,,,,
,,,,,,,,,,,,,,,630386f64c5bbd56ab1c3b0f,2025-01-21_20h21.24.312,VisualArraysMentalRotation_v4,2021.1.4,MacIntel,62.5,679054f2072d526265aabff2,67907209243a5be2fd4489f5,,,,,,,,,,,,,,,,,,,,,,,,,"[45,0,-45,0,90]","[90,0,90,-45,-45]",,Red_1,"[45,0,-45,0,90]","[90,0,90,-45,-45]",,,,,,,,,RED,3,Same,5,1,,,,,,5,1,0.8439,1,6,22,0,1,,,,,
,,,,,,,,,,,,,,,630386f64c5bbd56ab1c3b0f,2025-01-21_20h21.24.312,VisualArraysMentalRotation_v4,2021.1.4,MacIntel,62.5,679054f2072d526265aabff2,67907209243a5be2fd4489f5,,,,,,,,,,,,,,,,,,,,,,,,,"[90,90,45,0,90]","[90,-45,-45,-45,45]",,Red_3,"[90,90,0,0,90]","[90,-45,-45,-45,45]",,,,,,,,,RED,3,Different,6,1,,,,,,6,1,0.6919,1,7,23,4,1,,,,,
,,,,,,,,,,,,,,,630386f64c5bbd56ab1c3b0f,2025-01-21_20h21.24.312,VisualArraysMentalRotation_v4,2021.1.4,MacIntel,62.5,679054f2072d526265aabff2,67907209243a5be2fd4489f5,,,,,,,,,,,,,,,,,,,,,,,,,"[0,45,0,45,0]","[45,90,90,-45,0]",,Red_5,"[0,45,0,45,45]","[45,90,90,-45,0]",,,,,,,,,RED,5,Different,6,3,,,,,,6,1,0.9786,1,8,24,7,1,,,,,
,,,,,,,,,,,,,,,630386f64c5bbd56ab1c3b0f,2025-01-21_20h21.24.312,VisualArraysMentalRotation_v4,2021.1.4,MacIntel,62.5,679054f2072d526265aabff2,67907209243a5be2fd4489f5,,,,,,,,,,,,,,,,,,,,,,,,,"[-45,90,45,90,-45]","[45,-45,90,0,90]",,Blue_2,"[-45,90,45,90,-45]","[45,90,90,0,90]",,,,,,,,,BLUE,3,Different,6,3,,,,,,6,1,0.8682,1,9,25,13,1,,,,,
,,,,,,,,,,,,,,,630386f64c5bbd56ab1c3b0f,2025-01-21_20h21.24.312,VisualArraysMentalRotation_v4,2021.1.4,MacIntel,62.5,679054f2072d526265aabff2,67907209243a5be2fd4489f5,,,,,,,,,,,,,,,,,,,,,,,,,"[90,0,45,-45,90]","[0,45,45,45,90]",,Blue_4,"[90,0,45,-45,90]","[0,45,45,45,90]",,,,,,,,,BLUE,5,Same,5,1,,,,,,6,0,0.8341,1,10,26,10,1,,,,,
,,,,,,,,,,,,,,,630386f64c5bbd56ab1c3b0f,2025-01-21_20h21.24.312,VisualArraysMentalRotation_v4,2021.1.4,MacIntel,62.5,679054f2072d526265aabff2,67907209243a5be2fd4489f5,,,,,,,,,,,,,,,,,,,,,,,,,"[90,90,-45,-45,-45]","[90,0,90,0,45]",,Red_1,"[45,90,-45,-45,-45]","[90,0,90,0,45]",,,,,,,,,RED,5,Different,6,1,,,,,,6,1,1.2171,1,11,27,6,1,,,,,
,,,,,,,,,,,,,,,630386f64c5bbd56ab1c3b0f,2025-01-21_20h21.24.312,VisualArraysMentalRotation_v4,2021.1.4,MacIntel,62.5,679054f2072d526265aabff2,67907209243a5be2fd4489f5,,,,,,,,,,,,,,,,,,,,,,,,,"[90,45,0,-45,45]","[90,-45,0,0,45]",,Blue_5,"[90,45,0,-45,45]","[90,-45,0,0,45]",,,,,,,,,BLUE,5,Same,5,3,,,,,,5,1,0.9292,1,12,28,11,1,,,,,
,,,,,,,,,,,,,,,630386f64c5bbd56ab1c3b0f,2025-01-21_20h21.24.312,VisualArraysMentalRotation_v4,2021.1.4,MacIntel,62.5,679054f2072d526265aabff2,67907209243a5be2fd4489f5,,,,,,,,,,,,,,,,,,,,,,,,,"[90,45,0,45,90]","[90,45,0,90,90]",,Red_5,"[90,45,0,45,90]","[90,45,0,90,90]",,,,,,,,,RED,5,Same,5,1,,,,,,6,0,0.8341,1,13,29,2,1,,,,,
,,,,,,,,,,,,,,,630386f64c5bbd56ab1c3b0f,2025-01-21_20h21.24.312,VisualArraysMentalRotation_v4,2021.1.4,MacIntel,62.5,679054f2072d526265aabff2,67907209243a5be2fd4489f5,,,,,,,,,,,,,,,,,,,,,,,,,"[90,-45,90,0,0]","[-45,0,0,90,-45]",,Blue_5,"[90,-45,90,0,0]","[-45,0,0,90,0]",,,,,,,,,BLUE,5,Different,6,1,,,,,,6,1,0.669,1,14,30,14,1,,,,,
,,,,,,,,,,,,,,,630386f64c5bbd56ab1c3b0f,2025-01-21_20h21.24.312,VisualArraysMentalRotation_v4,2021.1.4,MacIntel,62.5,679054f2072d526265aabff2,67907209243a5be2fd4489f5,,,,,,,,,,,,,,,,,,,,,,,,,"[-45,-45,-45,0,90]","[45,90,45,0,45]",,Red_3,"[-45,-45,-45,0,90]","[45,90,45,0,45]",,,,,,,,,RED,3,Same,5,3,,,,,,5,1,0.7141,1,15,31,1,1,,,,,
,,,,,,,,,,,,,,,630386f64c5bbd56ab1c3b0f,2025-01-21_20h21.24.312,VisualArraysMentalRotation_v4,2021.1.4,MacIntel,62.5,679054f2072d526265aabff2,67907209243a5be2fd4489f5,,,,,,,,,,,,,,,,,,,,,,,,,"[0,45,90,0,0]","[0,-45,-45,90,-45]",,Red_2,"[0,45,90,0,0]","[0,-45,-45,90,-45]",,,,,,,,,RED,3,Same,5,3,,,,,,5,1,1.0128,2,0,32,1,1,,,,,
,,,,,,,,,,,,,,,630386f64c5bbd56ab1c3b0f,2025-01-21_20h21.24.312,VisualArraysMentalRotation_v4,2021.1.4,MacIntel,62.5,679054f2072d526265aabff2,67907209243a5be2fd4489f5,,,,,,,,,,,,,,,,,,,,,,,,,"[0,90,45,90,90]","[45,90,0,90,45]",,Blue_2,"[0,90,45,90,90]","[45,0,0,90,45]",,,,,,,,,BLUE,5,Different,6,1,,,,,,6,1,0.9183,2,1,33,14,1,,,,,
,,,,,,,,,,,,,,,630386f64c5bbd56ab1c3b0f,2025-01-21_20h21.24.312,VisualArraysMentalRotation_v4,2021.1.4,MacIntel,62.5,679054f2072d526265aabff2,67907209243a5be2fd4489f5,,,,,,,,,,,,,,,,,,,,,,,,,"[-45,45,0,90,0]","[0,45,45,45,0]",,Blue_2,"[-45,45,0,90,0]","[0,0,45,45,0]",,,,,,,,,BLUE,5,Different,6,3,,,,,,6,1,1.4286,2,2,34,15,1,,,,,
,,,,,,,,,,,,,,,630386f64c5bbd56ab1c3b0f,2025-01-21_20h21.24.312,VisualArraysMentalRotation_v4,2021.1.4,MacIntel,62.5,679054f2072d526265aabff2,67907209243a5be2fd4489f5,,,,,,,,,,,,,,,,,,,,,,,,,"[90,90,0,0,90]","[90,45,-45,90,0]",,Red_1,"[90,90,0,0,90]","[90,45,-45,90,0]",,,,,,,,,RED,3,Same,5,1,,,,,,5,1,0.9502,2,3,35,0,1,,,,,
,,,,,,,,,,,,,,,630386f64c5bbd56ab1c3b0f,2025-01-21_20h21.24.312,VisualArraysMentalRotation_v4,2021.1.4,MacIntel,62.5,679054f2072d526265aabff2,67907209243a5be2fd4489f5,,,,,,,,,,,,,,,,,,,,,,,,,"[-45,0,-45,-45,-45]","[0,0,90,45,45]",,Blue_2,"[-45,0,-45,-45,-45]","[0,0,90,45,45]",,,,,,,,,BLUE,3,Same,5,1,,,,,,5,1,0.8222,2,4,36,8,1,,,,,
,,,,,,,,,,,,,,,630386f64c5bbd56ab1c3b0f,2025-01-21_20h21.24.312,VisualArraysMentalRotation_v4,2021.1.4,MacIntel,62.5,679054f2072d526265aabff2,67907209243a5be2fd4489f5,,,,,,,,,,,,,,,,,,,,,,,,,"[45,0,45,0,0]","[90,0,-45,90,90]",,Red_2,"[45,-45,45,0,0]","[90,0,-45,90,90]",,,,,,,,,RED,3,Different,6,3,,,,,,6,1,1.0625,2,5,37,5,1,,,,,
,,,,,,,,,,,,,,,630386f64c5bbd56ab1c3b0f,2025-01-21_20h21.24.312,VisualArraysMentalRotation_v4,2021.1.4,MacIntel,62.5,679054f2072d526265aabff2,67907209243a5be2fd4489f5,,,,,,,,,,,,,,,,,,,,,,,,,"[0,-45,45,90,0]","[-45,45,45,45,0]",,Red_5,"[0,-45,45,90,0]","[-45,45,45,45,0]",,,,,,,,,RED,5,Same,5,1,,,,,,5,1,0.953,2,6,38,2,1,,,,,
,,,,,,,,,,,,,,,630386f64c5bbd56ab1c3b0f,2025-01-21_20h21.24.312,VisualArraysMentalRotation_v4,2021.1.4,MacIntel,62.5,679054f2072d526265aabff2,67907209243a5be2fd4489f5,,,,,,,,,,,,,,,,,,,,,,,,,"[45,0,0,45,90]","[0,0,-45,90,-45]",,Blue_1,"[45,0,0,45,90]","[-45,0,-45,90,-45]",,,,,,,,,BLUE,3,Different,6,1,,,,,,6,1,2.2093,2,7,39,12,1,,,,,
,,,,,,,,,,,,,,,630386f64c5bbd56ab1c3b0f,2025-01-21_20h21.24.312,VisualArraysMentalRotation_v4,2021.1.4,MacIntel,62.5,679054f2072d526265aabff2,67907209243a5be2fd4489f5,,,,,,,,,,,,,,,,,,,,,,,,,"[-45,90,90,0,-45]","[0,0,90,0,-45]",,Red_4,"[-45,90,90,0,-45]","[0,0,90,0,-45]",,,,,,,,,RED,5,Same,5,3,,,,,,5,1,1.2289,2,8,40,3,1,,,,,
,,,,,,,,,,,,,,,630386f64c5bbd56ab1c3b0f,2025-01-21_20h21.24.312,VisualArraysMentalRotation_v4,2021.1.4,MacIntel,62.5,679054f2072d526265aabff2,67907209243a5be2fd4489f5,,,,,,,,,,,,,,,,,,,,,,,,,"[-45,90,-45,45,45]","[-45,90,45,90,0]",,Red_1,"[90,90,-45,45,45]","[-45,90,45,90,0]",,,,,,,,,RED,3,Different,6,1,,,,,,6,1,1.6369,2,9,41,4,1,,,,,
,,,,,,,,,,,,,,,630386f64c5bbd56ab1c3b0f,2025-01-21_20h21.24.312,VisualArraysMentalRotation_v4,2021.1.4,MacIntel,62.5,679054f2072d526265aabff2,67907209243a5be2fd4489f5,,,,,,,,,,,,,,,,,,,,,,,,,"[-45,45,0,0,90]","[-45,45,45,45,90]",,Blue_4,"[-45,45,0,0,90]","[-45,45,45,45,90]",,,,,,,,,BLUE,5,Same,5,1,,,,,,5,1,1.6126,2,10,42,10,1,,,,,
,,,,,,,,,,,,,,,630386f64c5bbd56ab1c3b0f,2025-01-21_20h21.24.312,VisualArraysMentalRotation_v4,2021.1.4,MacIntel,62.5,679054f2072d526265aabff2,67907209243a5be2fd4489f5,,,,,,,,,,,,,,,,,,,,,,,,,"[0,-45,90,90,-45]","[0,90,90,-45,90]",,Red_3,"[0,-45,45,90,-45]","[0,90,90,-45,90]",,,,,,,,,RED,5,Different,6,1,,,,,,6,1,0.9773,2,11,43,6,1,,,,,
,,,,,,,,,,,,,,,630386f64c5bbd56ab1c3b0f,2025-01-21_20h21.24.312,VisualArraysMentalRotation_v4,2021.1.4,MacIntel,62.5,679054f2072d526265aabff2,67907209243a5be2fd4489f5,,,,,,,,,,,,,,,,,,,,,,,,,"[45,90,-45,45,-45]","[90,90,-45,-45,0]",,Blue_2,"[45,90,-45,45,-45]","[90,0,-45,-45,0]",,,,,,,,,BLUE,3,Different,6,3,,,,,,6,1,1.0118,2,12,44,13,1,,,,,
,,,,,,,,,,,,,,,630386f64c5bbd56ab1c3b0f,2025-01-21_20h21.24.312,VisualArraysMentalRotation_v4,2021.1.4,MacIntel,62.5,679054f2072d526265aabff2,67907209243a5be2fd4489f5,,,,,,,,,,,,,,,,,,,,,,,,,"[90,0,45,-45,-45]","[45,90,45,0,0]",,Red_2,"[90,-45,45,-45,-45]","[45,90,45,0,0]",,,,,,,,,RED,5,Different,6,3,,,,,,6,1,0.9287,2,13,45,7,1,,,,,
,,,,,,,,,,,,,,,630386f64c5bbd56ab1c3b0f,2025-01-21_20h21.24.312,VisualArraysMentalRotation_v4,2021.1.4,MacIntel,62.5,679054f2072d526265aabff2,67907209243a5be2fd4489f5,,,,,,,,,,,,,,,,,,,,,,,,,"[-45,90,0,90,90]","[-45,0,0,90,-45]",,Blue_2,"[-45,90,0,90,90]","[-45,0,0,90,-45]",,,,,,,,,BLUE,3,Same,5,3,,,,,,5,1,2.0354,2,14,46,9,1,,,,,
,,,,,,,,,,,,,,,630386f64c5bbd56ab1c3b0f,2025-01-21_20h21.24.312,VisualArraysMentalRotation_v4,2021.1.4,MacIntel,62.5,679054f2072d526265aabff2,67907209243a5be2fd4489f5,,,,,,,,,,,,,,,,,,,,,,,,,"[-45,0,45,-45,90]","[90,90,45,0,-45]",,Blue_5,"[-45,0,45,-45,90]","[90,90,45,0,-45]",,,,,,,,,BLUE,5,Same,5,3,,,,,,6,0,1.5451,2,15,47,11,1,,,,,
,,,,,,,,,,,,,,,630386f64c5bbd56ab1c3b0f,2025-01-21_20h21.24.312,VisualArraysMentalRotation_v4,2021.1.4,MacIntel,62.5,679054f2072d526265aabff2,67907209243a5be2fd4489f5,,,,,,,,,,,,,,,,,,,,,,,,,"[90,0,0,90,90]","[-45,90,90,90,0]",,Red_3,"[90,0,0,90,90]","[-45,90,90,90,0]",,,,,,,,,RED,5,Same,5,3,,,,,,5,1,0.9619,3,0,48,3,1,,,,,
,,,,,,,,,,,,,,,630386f64c5bbd56ab1c3b0f,2025-01-21_20h21.24.312,VisualArraysMentalRotation_v4,2021.1.4,MacIntel,62.5,679054f2072d526265aabff2,67907209243a5be2fd4489f5,,,,,,,,,,,,,,,,,,,,,,,,,"[90,0,45,-45,0]","[0,-45,0,-45,45]",,Red_1,"[-45,0,45,-45,0]","[0,-45,0,-45,45]",,,,,,,,,RED,5,Different,6,3,,,,,,6,1,0.9304,3,1,49,7,1,,,,,
,,,,,,,,,,,,,,,630386f64c5bbd56ab1c3b0f,2025-01-21_20h21.24.312,VisualArraysMentalRotation_v4,2021.1.4,MacIntel,62.5,679054f2072d526265aabff2,67907209243a5be2fd4489f5,,,,,,,,,,,,,,,,,,,,,,,,,"[-45,90,0,0,45]","[45,0,45,90,45]",,Red_1,"[-45,90,0,0,45]","[45,0,45,90,45]",,,,,,,,,RED,3,Same,5,1,,,,,,6,0,1.8165,3,2,50,0,1,,,,,
,,,,,,,,,,,,,,,630386f64c5bbd56ab1c3b0f,2025-01-21_20h21.24.312,VisualArraysMentalRotation_v4,2021.1.4,MacIntel,62.5,679054f2072d526265aabff2,67907209243a5be2fd4489f5,,,,,,,,,,,,,,,,,,,,,,,,,"[-45,0,90,0,-45]","[-45,-45,-45,90,45]",,Red_1,"[45,0,90,0,-45]","[-45,-45,-45,90,45]",,,,,,,,,RED,3,Different,6,1,,,,,,6,1,1.2504,3,3,51,4,1,,,,,
,,,,,,,,,,,,,,,630386f64c5bbd56ab1c3b0f,2025-01-21_20h21.24.312,VisualArraysMentalRotation_v4,2021.1.4,MacIntel,62.5,679054f2072d526265aabff2,67907209243a5be2fd4489f5,,,,,,,,,,,,,,,,,,,,,,,,,"[45,-45,0,45,-45]","[0,0,45,0,0]",,Blue_3,"[45,-45,0,45,-45]","[0,0,-45,0,0]",,,,,,,,,BLUE,3,Different,6,3,,,,,,6,1,1.1953,3,4,52,13,1,,,,,
,,,,,,,,,,,,,,,630386f64c5bbd56ab1c3b0f,2025-01-21_20h21.24.312,VisualArraysMentalRotation_v4,2021.1.4,MacIntel,62.5,679054f2072d526265aabff2,67907209243a5be2fd4489f5,,,,,,,,,,,,,,,,,,,,,,,,,"[-45,90,45,45,0]","[45,-45,45,45,-45]",,Blue_4,"[-45,90,45,45,0]","[45,-45,45,-45,-45]",,,,,,,,,BLUE,5,Different,6,1,,,,,,6,1,1.1554,3,5,53,14,1,,,,,
,,,,,,,,,,,,,,,630386f64c5bbd56ab1c3b0f,2025-01-21_20h21.24.312,VisualArraysMentalRotation_v4,2021.1.4,MacIntel,62.5,679054f2072d526265aabff2,67907209243a5be2fd4489f5,,,,,,,,,,,,,,,,,,,,,,,,,"[-45,-45,90,90,90]","[90,90,90,0,-45]",,Blue_2,"[-45,-45,90,90,90]","[90,90,90,0,-45]",,,,,,,,,BLUE,3,Same,5,3,,,,,,5,1,0.9278,3,6,54,9,1,,,,,
,,,,,,,,,,,,,,,630386f64c5bbd56ab1c3b0f,2025-01-21_20h21.24.312,VisualArraysMentalRotation_v4,2021.1.4,MacIntel,62.5,679054f2072d526265aabff2,67907209243a5be2fd4489f5,,,,,,,,,,,,,,,,,,,,,,,,,"[45,45,-45,90,90]","[0,-45,0,90,0]",,Red_1,"[0,45,-45,90,90]","[0,-45,0,90,0]",,,,,,,,,RED,5,Different,6,1,,,,,,6,1,0.9439,3,7,55,6,1,,,,,
,,,,,,,,,,,,,,,630386f64c5bbd56ab1c3b0f,2025-01-21_20h21.24.312,VisualArraysMentalRotation_v4,2021.1.4,MacIntel,62.5,679054f2072d526265aabff2,67907209243a5be2fd4489f5,,,,,,,,,,,,,,,,,,,,,,,,,"[45,45,0,45,0]","[-45,-45,90,-45,45]",,Red_2,"[45,0,0,45,0]","[-45,-45,90,-45,45]",,,,,,,,,RED,3,Different,6,3,,,,,,6,1,0.9619,3,8,56,5,1,,,,,
,,,,,,,,,,,,,,,630386f64c5bbd56ab1c3b0f,2025-01-21_20h21.24.312,VisualArraysMentalRotation_v4,2021.1.4,MacIntel,62.5,679054f2072d526265aabff2,67907209243a5be2fd4489f5,,,,,,,,,,,,,,,,,,,,,,,,,"[90,45,-45,90,-45]","[45,90,90,90,-45]",,Red_2,"[90,45,-45,90,-45]","[45,90,90,90,-45]",,,,,,,,,RED,5,Same,5,1,,,,,,6,0,1.3465,3,9,57,2,1,,,,,
,,,,,,,,,,,,,,,630386f64c5bbd56ab1c3b0f,2025-01-21_20h21.24.312,VisualArraysMentalRotation_v4,2021.1.4,MacIntel,62.5,679054f2072d526265aabff2,67907209243a5be2fd4489f5,,,,,,,,,,,,,,,,,,,,,,,,,"[-45,-45,90,90,0]","[-45,0,45,45,90]",,Blue_2,"[-45,-45,90,90,0]","[-45,0,45,45,90]",,,,,,,,,BLUE,3,Same,5,1,,,,,,5,1,2.0884,3,10,58,8,1,,,,,
,,,,,,,,,,,,,,,630386f64c5bbd56ab1c3b0f,2025-01-21_20h21.24.312,VisualArraysMentalRotation_v4,2021.1.4,MacIntel,62.5,679054f2072d526265aabff2,67907209243a5be2fd4489f5,,,,,,,,,,,,,,,,,,,,,,,,,"[45,45,-45,0,90]","[45,45,90,0,0]",,Red_2,"[45,45,-45,0,90]","[45,45,90,0,0]",,,,,,,,,RED,3,Same,5,3,,,,,,5,1,1.9622,3,11,59,1,1,,,,,
,,,,,,,,,,,,,,,630386f64c5bbd56ab1c3b0f,2025-01-21_20h21.24.312,VisualArraysMentalRotation_v4,2021.1.4,MacIntel,62.5,679054f2072d526265aabff2,67907209243a5be2fd4489f5,,,,,,,,,,,,,,,,,,,,,,,,,"[-45,45,90,90,-45]","[90,0,90,-45,-45]",,Blue_1,"[-45,45,90,90,-45]","[45,0,90,-45,-45]",,,,,,,,,BLUE,3,Different,6,1,,,,,,6,1,0.9116,3,12,60,12,1,,,,,
,,,,,,,,,,,,,,,630386f64c5bbd56ab1c3b0f,2025-01-21_20h21.24.312,VisualArraysMentalRotation_v4,2021.1.4,MacIntel,62.5,679054f2072d526265aabff2,67907209243a5be2fd4489f5,,,,,,,,,,,,,,,,,,,,,,,,,"[-45,0,-45,45,90]","[90,-45,45,0,-45]",,Blue_2,"[-45,0,-45,45,90]","[90,-45,45,0,-45]",,,,,,,,,BLUE,5,Same,5,3,,,,,,5,1,1.1021,3,13,61,11,1,,,,,
,,,,,,,,,,,,,,,630386f64c5bbd56ab1c3b0f,2025-01-21_20h21.24.312,VisualArraysMentalRotation_v4,2021.1.4,MacIntel,62.5,679054f2072d526265aabff2,67907209243a5be2fd4489f5,,,,,,,,,,,,,,,,,,,,,,,,,"[0,0,0,90,0]","[-45,-45,-45,0,45]",,Blue_4,"[0,0,0,90,0]","[-45,-45,-45,-45,45]",,,,,,,,,BLUE,5,Different,6,3,,,,,,6,1,1.6002,3,14,62,15,1,,,,,
,,,,,,,,,,,,,,,630386f64c5bbd56ab1c3b0f,2025-01-21_20h21.24.312,VisualArraysMentalRotation_v4,2021.1.4,MacIntel,62.5,679054f2072d526265aabff2,67907209243a5be2fd4489f5,,,,,,,,,,,,,,,,,,,,,,,,,"[-45,-45,45,-45,90]","[-45,-45,-45,90,0]",,Blue_5,"[-45,-45,45,-45,90]","[-45,-45,-45,90,0]",,,,,,,,,BLUE,5,Same,5,1,,,,,,5,1,1.1668,3,15,63,10,1,,,,,
,,,,,,,,,,,,,,,630386f64c5bbd56ab1c3b0f,2025-01-21_20h21.24.312,VisualArraysMentalRotation_v4,2021.1.4,MacIntel,62.5,679054f2072d526265aabff2,67907209243a5be2fd4489f5,,,,,,,,,,,,,,,,,,,,,,,,,"[-45,90,90,-45,45]","[-45,45,0,45,90]",,Red_2,"[-45,0,90,-45,45]","[-45,45,0,45,90]",,,,,,,,,RED,5,Different,6,3,,,,,,5,0,2.0207,4,0,64,7,1,,,,,
,,,,,,,,,,,,,,,630386f64c5bbd56ab1c3b0f,2025-01-21_20h21.24.312,VisualArraysMentalRotation_v4,2021.1.4,MacIntel,62.5,679054f2072d526265aabff2,67907209243a5be2fd4489f5,,,,,,,,,,,,,,,,,,,,,,,,,"[0,45,45,0,45]","[0,0,45,0,45]",,Red_5,"[0,45,45,0,45]","[0,0,45,0,45]",,,,,,,,,RED,5,Same,5,3,,,,,,5,1,1.2668,4,1,65,3,1,,,,,
,,,,,,,,,,,,,,,630386f64c5bbd56ab1c3b0f,2025-01-21_20h21.24.312,VisualArraysMentalRotation_v4,2021.1.4,MacIntel,62.5,679054f2072d526265aabff2,67907209243a5be2fd4489f5,,,,,,,,,,,,,,,,,,,,,,,,,"[45,0,-45,0,45]","[45,90,0,0,90]",,Red_2,"[45,90,-45,0,45]","[45,90,0,0,90]",,,,,,,,,RED,5,Different,6,1,,,,,,5,0,1.5667,4,2,66,6,1,,,,,
,,,,,,,,,,,,,,,630386f64c5bbd56ab1c3b0f,2025-01-21_20h21.24.312,VisualArraysMentalRotation_v4,2021.1.4,MacIntel,62.5,679054f2072d526265aabff2,67907209243a5be2fd4489f5,,,,,,,,,,,,,,,,,,,,,,,,,"[45,45,-45,45,45]","[90,45,90,90,-45]",,Blue_2,"[45,45,-45,45,45]","[90,90,90,90,-45]",,,,,,,,,BLUE,5,Different,6,1,,,,,,6,1,0.6519,4,3,67,14,1,,,,,
,,,,,,,,,,,,,,,630386f64c5bbd56ab1c3b0f,2025-01-21_20h21.24.312,VisualArraysMentalRotation_v4,2021.1.4,MacIntel,62.5,679054f2072d526265aabff2,67907209243a5be2fd4489f5,,,,,,,,,,,,,,,,,,,,,,,,,"[-45,0,45,90,-45]","[-45,90,0,45,0]",,Red_5,"[-45,0,45,90,-45]","[-45,90,0,45,0]",,,,,,,,,RED,5,Same,5,1,,,,,,5,1,0.8514,4,4,68,2,1,,,,,
,,,,,,,,,,,,,,,630386f64c5bbd56ab1c3b0f,2025-01-21_20h21.24.312,VisualArraysMentalRotation_v4,2021.1.4,MacIntel,62.5,679054f2072d526265aabff2,67907209243a5be2fd4489f5,,,,,,,,,,,,,,,,,,,,,,,,,"[90,90,45,45,-45]","[-45,90,0,90,45]",,Red_1,"[0,90,45,45,-45]","[-45,90,0,90,45]",,,,,,,,,RED,3,Different,6,3,,,,,,6,1,1.9711,4,5,69,5,1,,,,,
,,,,,,,,,,,,,,,630386f64c5bbd56ab1c3b0f,2025-01-21_20h21.24.312,VisualArraysMentalRotation_v4,2021.1.4,MacIntel,62.5,679054f2072d526265aabff2,67907209243a5be2fd4489f5,,,,,,,,,,,,,,,,,,,,,,,,,"[90,0,90,45,-45]","[0,0,-45,45,90]",,Blue_4,"[90,0,90,45,-45]","[0,0,-45,45,90]",,,,,,,,,BLUE,5,Same,5,1,,,,,,5,1,1.1494,4,6,70,10,1,,,,,
,,,,,,,,,,,,,,,630386f64c5bbd56ab1c3b0f,2025-01-21_20h21.24.312,VisualArraysMentalRotation_v4,2021.1.4,MacIntel,62.5,679054f2072d526265aabff2,67907209243a5be2fd4489f5,,,,,,,,,,,,,,,,,,,,,,,,,"[90,-45,-45,0,90]","[45,-45,-45,-45,90]",,Red_2,"[90,90,-45,0,90]","[45,-45,-45,-45,90]",,,,,,,,,RED,3,Different,6,1,,,,,,6,1,0.816,4,7,71,4,1,,,,,
,,,,,,,,,,,,,,,630386f64c5bbd56ab1c3b0f,2025-01-21_20h21.24.312,VisualArraysMentalRotation_v4,2021.1.4,MacIntel,62.5,679054f2072d526265aabff2,67907209243a5be2fd4489f5,,,,,,,,,,,,,,,,,,,,,,,,,"[-45,90,-45,0,0]","[0,0,90,0,0]",,Blue_1,"[-45,90,-45,0,0]","[0,0,90,0,0]",,,,,,,,,BLUE,3,Same,5,1,,,,,,5,1,0.7111,4,8,72,8,1,,,,,
,,,,,,,,,,,,,,,630386f64c5bbd56ab1c3b0f,2025-01-21_20h21.24.312,VisualArraysMentalRotation_v4,2021.1.4,MacIntel,62.5,679054f2072d526265aabff2,67907209243a5be2fd4489f5,,,,,,,,,,,,,,,,,,,,,,,,,"[45,0,90,-45,90]","[45,90,90,0,0]",,Blue_3,"[45,0,90,-45,90]","[45,90,90,0,0]",,,,,,,,,BLUE,3,Same,5,3,,,,,,5,1,0.9106,4,9,73,9,1,,,,,
,,,,,,,,,,,,,,,630386f64c5bbd56ab1c3b0f,2025-01-21_20h21.24.312,VisualArraysMentalRotation_v4,2021.1.4,MacIntel,62.5,679054f2072d526265aabff2,67907209243a5be2fd4489f5,,,,,,,,,,,,,,,,,,,,,,,,,"[45,90,0,45,0]","[0,45,45,-45,90]",,Blue_5,"[45,90,0,45,0]","[0,45,45,-45,90]",,,,,,,,,BLUE,5,Same,5,3,,,,,,5,1,0.6778,4,10,74,11,1,,,,,
,,,,,,,,,,,,,,,630386f64c5bbd56ab1c3b0f,2025-01-21_20h21.24.312,VisualArraysMentalRotation_v4,2021.1.4,MacIntel,62.5,679054f2072d526265aabff2,67907209243a5be2fd4489f5,,,,,,,,,,,,,,,,,,,,,,,,,"[45,45,45,90,90]","[-45,-45,0,-45,0]",,Blue_2,"[45,45,45,90,90]","[-45,90,0,-45,0]",,,,,,,,,BLUE,3,Different,6,3,,,,,,5,0,1.269,4,11,75,13,1,,,,,
,,,,,,,,,,,,,,,630386f64c5bbd56ab1c3b0f,2025-01-21_20h21.24.312,VisualArraysMentalRotation_v4,2021.1.4,MacIntel,62.5,679054f2072d526265aabff2,67907209243a5be2fd4489f5,,,,,,,,,,,,,,,,,,,,,,,,,"[90,90,0,45,45]","[90,90,90,-45,-45]",,Blue_3,"[90,90,0,45,45]","[90,90,45,-45,-45]",,,,,,,,,BLUE,5,Different,6,3,,,,,,6,1,1.337,4,12,76,15,1,,,,,
,,,,,,,,,,,,,,,630386f64c5bbd56ab1c3b0f,2025-01-21_20h21.24.312,VisualArraysMentalRotation_v4,2021.1.4,MacIntel,62.5,679054f2072d526265aabff2,67907209243a5be2fd4489f5,,,,,,,,,,,,,,,,,,,,,,,,,"[-45,-45,-45,0,-45]","[90,45,45,90,45]",,Red_3,"[-45,-45,-45,0,-45]","[90,45,45,90,45]",,,,,,,,,RED,3,Same,5,3,,,,,,5,1,0.7014,4,13,77,1,1,,,,,
,,,,,,,,,,,,,,,630386f64c5bbd56ab1c3b0f,2025-01-21_20h21.24.312,VisualArraysMentalRotation_v4,2021.1.4,MacIntel,62.5,679054f2072d526265aabff2,67907209243a5be2fd4489f5,,,,,,,,,,,,,,,,,,,,,,,,,"[45,0,45,90,0]","[45,90,90,-45,0]",,Blue_2,"[45,0,45,90,0]","[45,-45,90,-45,0]",,,,,,,,,BLUE,3,Different,6,1,,,,,,6,1,1.1106,4,14,78,12,1,,,,,
,,,,,,,,,,,,,,,630386f64c5bbd56ab1c3b0f,2025-01-21_20h21.24.312,VisualArraysMentalRotation_v4,2021.1.4,MacIntel,62.5,679054f2072d526265aabff2,67907209243a5be2fd4489f5,,,,,,,,,,,,,,,,,,,,,,,,,"[45,0,-45,-45,45]","[45,90,0,90,90]",,Red_2,"[45,0,-45,-45,45]","[45,90,0,90,90]",,,,,,,,,RED,3,Same,5,1,,,,,,5,1,0.8506,4,15,79,0,1,,,,,
,,,,,,,,,,,,,,,630386f64c5bbd56ab1c3b0f,2025-01-21_20h21.24.312,VisualArraysMentalRotation_v4,2021.1.4,MacIntel,62.5,679054f2072d526265aabff2,67907209243a5be2fd4489f5,,,,,,,,,,,,,,,,,,,,,,,,,"[0,45,90,45,0]","[45,45,45,0,-45]",,Red_3,"[0,45,90,45,0]","[45,45,45,0,-45]",,,,,,,,,RED,3,Same,5,3,,,,,,5,1,0.8787,5,0,80,1,1,,,,,
,,,,,,,,,,,,,,,630386f64c5bbd56ab1c3b0f,2025-01-21_20h21.24.312,VisualArraysMentalRotation_v4,2021.1.4,MacIntel,62.5,679054f2072d526265aabff2,67907209243a5be2fd4489f5,,,,,,,,,,,,,,,,,,,,,,,,,"[45,0,-45,-45,90]","[90,-45,-45,45,90]",,Red_1,"[90,0,-45,-45,90]","[90,-45,-45,45,90]",,,,,,,,,RED,3,Different,6,3,,,,,,5,0,0.7522,5,1,81,5,1,,,,,
,,,,,,,,,,,,,,,630386f64c5bbd56ab1c3b0f,2025-01-21_20h21.24.312,VisualArraysMentalRotation_v4,2021.1.4,MacIntel,62.5,679054f2072d526265aabff2,67907209243a5be2fd4489f5,,,,,,,,,,,,,,,,,,,,,,,,,"[0,90,0,90,0]","[90,-45,90,90,90]",,Blue_1,"[0,90,0,90,0]","[45,-45,90,90,90]",,,,,,,,,BLUE,5,Different,6,1,,,,,,5,0,0.7277,5,2,82,14,1,,,,,
,,,,,,,,,,,,,,,630386f64c5bbd56ab1c3b0f,2025-01-21_20h21.24.312,VisualArraysMentalRotation_v4,2021.1.4,MacIntel,62.5,679054f2072d526265aabff2,67907209243a5be2fd4489f5,,,,,,,,,,,,,,,,,,,,,,,,,"[45,90,45,0,0]","[0,0,0,0,0]",,Red_2,"[45,90,45,0,0]","[0,0,0,0,0]",,,,,,,,,RED,3,Same,5,1,,,,,,5,1,0.7632,5,3,83,0,1,,,,,
,,,,,,,,,,,,,,,630386f64c5bbd56ab1c3b0f,2025-01-21_20h21.24.312,VisualArraysMentalRotation_v4,2021.1.4,MacIntel,62.5,679054f2072d526265aabff2,67907209243a5be2fd4489f5,,,,,,,,,,,,,,,,,,,,,,,,,"[0,45,45,45,0]","[-45,90,90,45,90]",,Red_3,"[0,45,90,45,0]","[-45,90,90,45,90]",,,,,,,,,RED,3,Different,6,1,,,,,,5,0,0.6798,5,4,84,4,1,,,,,
,,,,,,,,,,,,,,,630386f64c5bbd56ab1c3b0f,2025-01-21_20h21.24.312,VisualArraysMentalRotation_v4,2021.1.4,MacIntel,62.5,679054f2072d526265aabff2,67907209243a5be2fd4489f5,,,,,,,,,,,,,,,,,,,,,,,,,"[-45,90,90,45,-45]","[-45,90,45,45,0]",,Blue_1,"[-45,90,90,45,-45]","[0,90,45,45,0]",,,,,,,,,BLUE,3,Different,6,3,,,,,,6,1,0.9186,5,5,85,13,1,,,,,
,,,,,,,,,,,,,,,630386f64c5bbd56ab1c3b0f,2025-01-21_20h21.24.312,VisualArraysMentalRotation_v4,2021.1.4,MacIntel,62.5,679054f2072d526265aabff2,67907209243a5be2fd4489f5,,,,,,,,,,,,,,,,,,,,,,,,,"[0,0,-45,0,90]","[90,90,-45,45,90]",,Blue_4,"[0,0,-45,0,90]","[90,90,-45,45,90]",,,,,,,,,BLUE,5,Same,5,1,,,,,,5,1,1.2124,5,6,86,10,1,,,,,
,,,,,,,,,,,,,,,630386f64c5bbd56ab1c3b0f,2025-01-21_20h21.24.312,VisualArraysMentalRotation_v4,2021.1.4,MacIntel,62.5,679054f2072d526265aabff2,67907209243a5be2fd4489f5,,,,,,,,,,,,,,,,,,,,,,,,,"[-45,0,-45,45,0]","[-45,90,0,45,90]",,Blue_1,"[-45,0,-45,45,0]","[-45,90,0,45,90]",,,,,,,,,BLUE,3,Same,5,1,,,,,,5,1,1.0171,5,7,87,8,1,,,,,
,,,,,,,,,,,,,,,630386f64c5bbd56ab1c3b0f,2025-01-21_20h21.24.312,VisualArraysMentalRotation_v4,2021.1.4,MacIntel,62.5,679054f2072d526265aabff2,67907209243a5be2fd4489f5,,,,,,,,,,,,,,,,,,,,,,,,,"[-45,45,-45,45,90]","[0,0,45,45,45]",,Red_1,"[-45,45,-45,45,90]","[0,0,45,45,45]",,,,,,,,,RED,5,Same,5,1,,,,,,5,1,1.117,5,8,88,2,1,,,,,
,,,,,,,,,,,,,,,630386f64c5bbd56ab1c3b0f,2025-01-21_20h21.24.312,VisualArraysMentalRotation_v4,2021.1.4,MacIntel,62.5,679054f2072d526265aabff2,67907209243a5be2fd4489f5,,,,,,,,,,,,,,,,,,,,,,,,,"[45,0,90,0,-45]","[-45,90,45,0,0]",,Blue_5,"[45,0,90,0,-45]","[-45,90,45,0,-45]",,,,,,,,,BLUE,5,Different,6,3,,,,,,6,1,2.5165,5,9,89,15,1,,,,,
,,,,,,,,,,,,,,,630386f64c5bbd56ab1c3b0f,2025-01-21_20h21.24.312,VisualArraysMentalRotation_v4,2021.1.4,MacIntel,62.5,679054f2072d526265aabff2,67907209243a5be2fd4489f5,,,,,,,,,,,,,,,,,,,,,,,,,"[-45,0,0,0,90]","[-45,45,-45,0,-45]",,Red_5,"[-45,0,0,0,90]","[-45,45,-45,0,-45]",,,,,,,,,RED,5,Same,5,3,,,,,,6,0,1.8451,5,10,90,3,1,,,,,
,,,,,,,,,,,,,,,630386f64c5bbd56ab1c3b0f,2025-01-21_20h21.24.312,VisualArraysMentalRotation_v4,2021.1.4,MacIntel,62.5,679054f2072d526265aabff2,67907209243a5be2fd4489f5,,,,,,,,,,,,,,,,,,,,,,,,,"[90,-45,-45,90,45]","[90,-45,-45,90,0]",,Blue_3,"[90,-45,-45,90,45]","[90,-45,-45,90,0]",,,,,,,,,BLUE,5,Same,5,3,,,,,,5,1,1.4232,5,11,91,11,1,,,,,
,,,,,,,,,,,,,,,630386f64c5bbd56ab1c3b0f,2025-01-21_20h21.24.312,VisualArraysMentalRotation_v4,2021.1.4,MacIntel,62.5,679054f2072d526265aabff2,67907209243a5be2fd4489f5,,,,,,,,,,,,,,,,,,,,,,,,,"[45,-45,-45,90,90]","[0,90,-45,45,0]",,Blue_2,"[45,-45,-45,90,90]","[0,-45,-45,45,0]",,,,,,,,,BLUE,3,Different,6,1,,,,,,6,1,1.0778,5,12,92,12,1,,,,,
,,,,,,,,,,,,,,,630386f64c5bbd56ab1c3b0f,2025-01-21_20h21.24.312,VisualArraysMentalRotation_v4,2021.1.4,MacIntel,62.5,679054f2072d526265aabff2,67907209243a5be2fd4489f5,,,,,,,,,,,,,,,,,,,,,,,,,"[-45,-45,90,0,90]","[90,0,-45,0,-45]",,Blue_2,"[-45,-45,90,0,90]","[90,0,-45,0,-45]",,,,,,,,,BLUE,3,Same,5,3,,,,,,6,0,0.9374,5,13,93,9,1,,,,,
,,,,,,,,,,,,,,,630386f64c5bbd56ab1c3b0f,2025-01-21_20h21.24.312,VisualArraysMentalRotation_v4,2021.1.4,MacIntel,62.5,679054f2072d526265aabff2,67907209243a5be2fd4489f5,,,,,,,,,,,,,,,,,,,,,,,,,"[90,45,-45,45,-45]","[-45,90,-45,-45,-45]",,Red_2,"[90,90,-45,45,-45]","[-45,90,-45,-45,-45]",,,,,,,,,RED,5,Different,6,1,,,,,,6,1,0.9443,5,14,94,6,1,,,,,
,,,,,,,,,,,,,,,630386f64c5bbd56ab1c3b0f,2025-01-21_20h21.24.312,VisualArraysMentalRotation_v4,2021.1.4,MacIntel,62.5,679054f2072d526265aabff2,67907209243a5be2fd4489f5,,,,,,,,,,,,,,,,,,,,,,,,,"[45,90,45,45,-45]","[90,45,0,0,-45]",,Red_4,"[45,90,45,90,-45]","[90,45,0,0,-45]",,,,,,,,,RED,5,Different,6,3,,,,,,6,1,1.5228,5,15,95,7,1,,,,,
,,,,,,,,,,,,,,,630386f64c5bbd56ab1c3b0f,2025-01-21_20h21.24.312,VisualArraysMentalRotation_v4,2021.1.4,MacIntel,62.5,679054f2072d526265aabff2,67907209243a5be2fd4489f5,,,,,,,,,,,,,,,,,,,,,,,,,"[90,90,0,0,-45]","[45,45,0,45,45]",,Blue_3,"[90,90,0,0,-45]","[45,45,-45,45,45]",,,,,,,,,BLUE,3,Different,6,1,,,,,,6,1,0.8671,6,0,96,12,1,,,,,
,,,,,,,,,,,,,,,630386f64c5bbd56ab1c3b0f,2025-01-21_20h21.24.312,VisualArraysMentalRotation_v4,2021.1.4,MacIntel,62.5,679054f2072d526265aabff2,67907209243a5be2fd4489f5,,,,,,,,,,,,,,,,,,,,,,,,,"[45,0,90,90,-45]","[-45,45,0,90,90]",,Blue_4,"[45,0,90,90,-45]","[-45,45,0,-45,90]",,,,,,,,,BLUE,5,Different,6,1,,,,,,6,1,0.8177,6,1,97,14,1,,,,,
,,,,,,,,,,,,,,,630386f64c5bbd56ab1c3b0f,2025-01-21_20h21.24.312,VisualArraysMentalRotation_v4,2021.1.4,MacIntel,62.5,679054f2072d526265aabff2,67907209243a5be2fd4489f5,,,,,,,,,,,,,,,,,,,,,,,,,"[0,-45,0,-45,-45]","[0,90,-45,0,45]",,Blue_5,"[0,-45,0,-45,-45]","[0,90,-45,0,45]",,,,,,,,,BLUE,5,Same,5,1,,,,,,5,1,1.6504,6,2,98,10,1,,,,,
,,,,,,,,,,,,,,,630386f64c5bbd56ab1c3b0f,2025-01-21_20h21.24.312,VisualArraysMentalRotation_v4,2021.1.4,MacIntel,62.5,679054f2072d526265aabff2,67907209243a5be2fd4489f5,,,,,,,,,,,,,,,,,,,,,,,,,"[90,45,45,0,-45]","[0,45,45,90,-45]",,Red_2,"[90,45,45,0,-45]","[0,45,45,90,-45]",,,,,,,,,RED,3,Same,5,1,,,,,,5,1,0.6774,6,3,99,0,1,,,,,
,,,,,,,,,,,,,,,630386f64c5bbd56ab1c3b0f,2025-01-21_20h21.24.312,VisualArraysMentalRotation_v4,2021.1.4,MacIntel,62.5,679054f2072d526265aabff2,67907209243a5be2fd4489f5,,,,,,,,,,,,,,,,,,,,,,,,,"[0,90,90,90,0]","[-45,-45,0,45,-45]",,Blue_3,"[0,90,90,90,0]","[-45,-45,-45,45,-45]",,,,,,,,,BLUE,3,Different,6,3,,,,,,6,1,2.2325,6,4,100,13,1,,,,,
,,,,,,,,,,,,,,,630386f64c5bbd56ab1c3b0f,2025-01-21_20h21.24.312,VisualArraysMentalRotation_v4,2021.1.4,MacIntel,62.5,679054f2072d526265aabff2,67907209243a5be2fd4489f5,,,,,,,,,,,,,,,,,,,,,,,,,"[-45,0,0,0,45]","[-45,-45,0,-45,90]",,Red_3,"[-45,0,-45,0,45]","[-45,-45,0,-45,90]",,,,,,,,,RED,5,Different,6,1,,,,,,6,1,1.8051,6,5,101,6,1,,,,,
,,,,,,,,,,,,,,,630386f64c5bbd56ab1c3b0f,2025-01-21_20h21.24.312,VisualArraysMentalRotation_v4,2021.1.4,MacIntel,62.5,679054f2072d526265aabff2,67907209243a5be2fd4489f5,,,,,,,,,,,,,,,,,,,,,,,,,"[45,90,0,-45,45]","[45,45,45,90,45]",,Blue_2,"[45,90,0,-45,45]","[45,45,45,90,45]",,,,,,,,,BLUE,3,Same,5,3,,,,,,5,1,0.9708,6,6,102,9,1,,,,,
,,,,,,,,,,,,,,,630386f64c5bbd56ab1c3b0f,2025-01-21_20h21.24.312,VisualArraysMentalRotation_v4,2021.1.4,MacIntel,62.5,679054f2072d526265aabff2,67907209243a5be2fd4489f5,,,,,,,,,,,,,,,,,,,,,,,,,"[45,0,45,90,0]","[0,45,0,90,0]",,Red_1,"[45,0,45,90,0]","[0,45,0,90,0]",,,,,,,,,RED,5,Same,5,3,,,,,,5,1,1.7173,6,7,103,3,1,,,,,
,,,,,,,,,,,,,,,630386f64c5bbd56ab1c3b0f,2025-01-21_20h21.24.312,VisualArraysMentalRotation_v4,2021.1.4,MacIntel,62.5,679054f2072d526265aabff2,67907209243a5be2fd4489f5,,,,,,,,,,,,,,,,,,,,,,,,,"[0,90,90,-45,0]","[-45,-45,90,45,0]",,Red_3,"[0,90,90,-45,0]","[-45,-45,90,45,0]",,,,,,,,,RED,3,Same,5,3,,,,,,5,1,0.9669,6,8,104,1,1,,,,,
,,,,,,,,,,,,,,,630386f64c5bbd56ab1c3b0f,2025-01-21_20h21.24.312,VisualArraysMentalRotation_v4,2021.1.4,MacIntel,62.5,679054f2072d526265aabff2,67907209243a5be2fd4489f5,,,,,,,,,,,,,,,,,,,,,,,,,"[45,90,0,45,90]","[90,90,-45,90,-45]",,Blue_1,"[45,90,0,45,90]","[90,90,-45,90,-45]",,,,,,,,,BLUE,3,Same,5,1,,,,,,5,1,1.0775,6,9,105,8,1,,,,,
,,,,,,,,,,,,,,,630386f64c5bbd56ab1c3b0f,2025-01-21_20h21.24.312,VisualArraysMentalRotation_v4,2021.1.4,MacIntel,62.5,679054f2072d526265aabff2,67907209243a5be2fd4489f5,,,,,,,,,,,,,,,,,,,,,,,,,"[-45,0,90,0,45]","[45,45,90,-45,90]",,Red_2,"[-45,0,90,0,45]","[45,45,90,-45,90]",,,,,,,,,RED,5,Same,5,1,,,,,,5,1,0.7015,6,10,106,2,1,,,,,
,,,,,,,,,,,,,,,630386f64c5bbd56ab1c3b0f,2025-01-21_20h21.24.312,VisualArraysMentalRotation_v4,2021.1.4,MacIntel,62.5,679054f2072d526265aabff2,67907209243a5be2fd4489f5,,,,,,,,,,,,,,,,,,,,,,,,,"[90,0,45,90,0]","[0,45,45,90,45]",,Blue_3,"[90,0,45,90,0]","[0,45,0,90,45]",,,,,,,,,BLUE,5,Different,6,3,,,,,,6,1,0.838,6,11,107,15,1,,,,,
,,,,,,,,,,,,,,,630386f64c5bbd56ab1c3b0f,2025-01-21_20h21.24.312,VisualArraysMentalRotation_v4,2021.1.4,MacIntel,62.5,679054f2072d526265aabff2,67907209243a5be2fd4489f5,,,,,,,,,,,,,,,,,,,,,,,,,"[45,-45,90,-45,90]","[45,45,-45,90,90]",,Red_1,"[0,-45,90,-45,90]","[45,45,-45,90,90]",,,,,,,,,RED,3,Different,6,1,,,,,,6,1,1.137,6,12,108,4,1,,,,,
,,,,,,,,,,,,,,,630386f64c5bbd56ab1c3b0f,2025-01-21_20h21.24.312,VisualArraysMentalRotation_v4,2021.1.4,MacIntel,62.5,679054f2072d526265aabff2,67907209243a5be2fd4489f5,,,,,,,,,,,,,,,,,,,,,,,,,"[90,-45,0,0,-45]","[90,45,90,0,90]",,Red_2,"[90,0,0,0,-45]","[90,45,90,0,90]",,,,,,,,,RED,3,Different,6,3,,,,,,6,1,2.0334,6,13,109,5,1,,,,,
,,,,,,,,,,,,,,,630386f64c5bbd56ab1c3b0f,2025-01-21_20h21.24.312,VisualArraysMentalRotation_v4,2021.1.4,MacIntel,62.5,679054f2072d526265aabff2,67907209243a5be2fd4489f5,,,,,,,,,,,,,,,,,,,,,,,,,"[0,-45,-45,90,0]","[0,0,0,-45,90]",,Red_5,"[0,-45,-45,90,45]","[0,0,0,-45,90]",,,,,,,,,RED,5,Different,6,3,,,,,,6,1,1.0275,6,14,110,7,1,,,,,
,,,,,,,,,,,,,,,630386f64c5bbd56ab1c3b0f,2025-01-21_20h21.24.312,VisualArraysMentalRotation_v4,2021.1.4,MacIntel,62.5,679054f2072d526265aabff2,67907209243a5be2fd4489f5,,,,,,,,,,,,,,,,,,,,,,,,,"[90,90,0,90,-45]","[45,-45,-45,45,-45]",,Blue_2,"[90,90,0,90,-45]","[45,-45,-45,45,-45]",,,,,,,,,BLUE,5,Same,5,3,,,,,,6,0,0.7837,6,15,111,11,1,,,,,
,,,,,,,,,,,,,,,630386f64c5bbd56ab1c3b0f,2025-01-21_20h21.24.312,VisualArraysMentalRotation_v4,2021.1.4,MacIntel,62.5,679054f2072d526265aabff2,67907209243a5be2fd4489f5,,,,,,,,,,,,,,,,,,,,,,,,,,,,,,,,,,,,,,,,,,,,,,,,,,,,,,,,,0,0,0,0,1
,,,,,,,,,,,,,,,630386f64c5bbd56ab1c3b0f,2025-01-21_20h21.24.312,VisualArraysMentalRotation_v4,2021.1.4,MacIntel,62.5,679054f2072d526265aabff2,67907209243a5be2fd4489f5,,,,,,,,,,,,,,,,,,0,1,1,1,1,1,0,,,,,,,,,,,,,,,,,,,,,,,,,,,,,,,,,,,,,
