TaskOrder,consent_final_key_resp.keys,consent_final_key_resp.rt,VA_InstructionsLoop.thisRepN,VA_InstructionsLoop.thisTrialN,VA_InstructionsLoop.thisN,VA_InstructionsLoop.thisIndex,VA_InstructionsLoop.ran,PROLIFIC_PID,date,expName,psychopyVersion,OS,frameRate,STUDY_ID,SESSION_ID,Red Orientations,Blue Orientations,VA_array_dur,Target Rectangle,New Red Orientations,New Blue Orientations,VA_PracResponse.keys,VA_PracResponse.corr,VA_PracResponse.rt,PracTrials.thisRepN,PracTrials.thisTrialN,PracTrials.thisN,PracTrials.thisIndex,PracTrials.ran,VA_Target,VA_TargetNumber,VA_Orientation,VA_Answer,VA_DelayDur,VA_PracTrialsSpeed.thisRepN,VA_PracTrialsSpeed.thisTrialN,VA_PracTrialsSpeed.thisN,VA_PracTrialsSpeed.thisIndex,VA_PracTrialsSpeed.ran,VA_TestResponse.keys,VA_TestResponse.corr,VA_TestResponse.rt,VA_TestTrials.thisRepN,VA_TestTrials.thisTrialN,VA_TestTrials.thisN,VA_TestTrials.thisIndex,VA_TestTrials.ran,VA_Task.thisRepN,VA_Task.thisTrialN,VA_Task.thisN,VA_Task.thisIndex,VA_Task.ran,TasksLoop.thisRepN,TasksLoop.thisTrialN,TasksLoop.thisN,TasksLoop.thisIndex,TasksLoop.ran,nRepsVA,nRepsMRT,MRTPracResponse.keys,MRTPracResponse.corr,MRTPracResponse.rt,MRTPracticeTrials.thisRepN,MRTPracticeTrials.thisTrialN,MRTPracticeTrials.thisN,MRTPracticeTrials.thisIndex,MRTPracticeTrials.ran,PracStimulus,PracDegRotation,PracType,MRTPracCorrectAns,MRTStimulus,MRTType,MRTDegRotation,MRTCorrectAns,MRTTestResponse.keys,MRTTestResponse.corr,MRTTestResponse.rt,MRTTestTrials.thisRepN,MRTTestTrials.thisTrialN,MRTTestTrials.thisN,MRTTestTrials.thisIndex,MRTTestTrials.ran,MRT_Task.thisRepN,MRT_Task.thisTrialN,MRT_Task.thisN,MRT_Task.thisIndex,MRT_Task.ran
1,y,4.558,0,0,0,0,1,660e2337aad9e33736f08e84,2025-01-21_20h01.57.693,VisualArraysMentalRotation_v4,2021.1.4,Win32,59.95203837,679054f2072d526265aabff2,67906d8ff559c494f8c2f06c,,,,,,,,,,,,,,,,,,,,,,,,,,,,,,,,,,,,,,,,,,,,,,,,,,,,,,,,,,,,,,,,,,,,,,,,,
,,,,,,,,660e2337aad9e33736f08e84,2025-01-21_20h01.57.693,VisualArraysMentalRotation_v4,2021.1.4,Win32,59.95203837,679054f2072d526265aabff2,67906d8ff559c494f8c2f06c,"[90,-45,-45,45,0]","[-45,90,45,0,-45]",0.25,PracBlue_2,"[90,-45,-45,45,0]","[-45,90,45,0,-45]",6,0,5.874,0,0,0,9,1,BLUE,3,Same,5,3,,,,,,,,,,,,,,,,,,,,,,,,,,,,,,,,,,,,,,,,,,,,,,,,,,,,,,
,,,,,,,,660e2337aad9e33736f08e84,2025-01-21_20h01.57.693,VisualArraysMentalRotation_v4,2021.1.4,Win32,59.95203837,679054f2072d526265aabff2,67906d8ff559c494f8c2f06c,"[90,90,45,90,90]","[45,45,45,0,-45]",0.25,PracRed_1,"[45,90,45,90,90]","[45,45,45,0,-45]",6,1,2.453,0,1,1,5,1,RED,3,Different,6,3,,,,,,,,,,,,,,,,,,,,,,,,,,,,,,,,,,,,,,,,,,,,,,,,,,,,,,
,,,,,,,,660e2337aad9e33736f08e84,2025-01-21_20h01.57.693,VisualArraysMentalRotation_v4,2021.1.4,Win32,59.95203837,679054f2072d526265aabff2,67906d8ff559c494f8c2f06c,"[0,0,45,45,45]","[45,-45,-45,45,0]",0.25,PracBlue_2,"[0,0,45,45,45]","[45,45,-45,45,0]",6,1,2.593,0,2,2,12,1,BLUE,3,Different,6,1,,,,,,,,,,,,,,,,,,,,,,,,,,,,,,,,,,,,,,,,,,,,,,,,,,,,,,
,,,,,,,,660e2337aad9e33736f08e84,2025-01-21_20h01.57.693,VisualArraysMentalRotation_v4,2021.1.4,Win32,59.95203837,679054f2072d526265aabff2,67906d8ff559c494f8c2f06c,"[90,-45,0,90,-45]","[0,-45,0,-45,-45]",0.25,PracBlue_4,"[90,-45,0,90,-45]","[0,-45,0,-45,-45]",5,1,1.209,0,3,3,10,1,BLUE,5,Same,5,1,,,,,,,,,,,,,,,,,,,,,,,,,,,,,,,,,,,,,,,,,,,,,,,,,,,,,,
,,,,,,,,660e2337aad9e33736f08e84,2025-01-21_20h01.57.693,VisualArraysMentalRotation_v4,2021.1.4,Win32,59.95203837,679054f2072d526265aabff2,67906d8ff559c494f8c2f06c,"[90,0,0,45,0]","[90,90,45,45,-45]",0.25,PracRed_3,"[90,0,0,45,0]","[90,90,45,45,-45]",5,1,0.962,0,4,4,1,1,RED,3,Same,5,3,,,,,,,,,,,,,,,,,,,,,,,,,,,,,,,,,,,,,,,,,,,,,,,,,,,,,,
,,,,,,,,660e2337aad9e33736f08e84,2025-01-21_20h01.57.693,VisualArraysMentalRotation_v4,2021.1.4,Win32,59.95203837,679054f2072d526265aabff2,67906d8ff559c494f8c2f06c,"[45,0,0,0,90]","[-45,45,45,-45,-45]",0.25,PracRed_2,"[45,-45,0,0,90]","[-45,45,45,-45,-45]",6,1,2.122,0,5,5,6,1,RED,5,Different,6,1,,,,,,,,,,,,,,,,,,,,,,,,,,,,,,,,,,,,,,,,,,,,,,,,,,,,,,
,,,,,,,,660e2337aad9e33736f08e84,2025-01-21_20h01.57.693,VisualArraysMentalRotation_v4,2021.1.4,Win32,59.95203837,679054f2072d526265aabff2,67906d8ff559c494f8c2f06c,"[90,45,0,90,45]","[0,0,-45,90,0]",0.25,PracBlue_3,"[90,45,0,90,45]","[0,0,90,90,0]",6,1,0.983,0,6,6,14,1,BLUE,5,Different,6,1,,,,,,,,,,,,,,,,,,,,,,,,,,,,,,,,,,,,,,,,,,,,,,,,,,,,,,
,,,,,,,,660e2337aad9e33736f08e84,2025-01-21_20h01.57.693,VisualArraysMentalRotation_v4,2021.1.4,Win32,59.95203837,679054f2072d526265aabff2,67906d8ff559c494f8c2f06c,"[-45,90,45,0,-45]","[45,0,0,0,0]",0.25,PracRed_3,"[-45,90,45,0,-45]","[45,0,0,0,0]",6,0,2.041,0,7,7,2,1,RED,5,Same,5,1,,,,,,,,,,,,,,,,,,,,,,,,,,,,,,,,,,,,,,,,,,,,,,,,,,,,,,
,,,,,,,,660e2337aad9e33736f08e84,2025-01-21_20h01.57.693,VisualArraysMentalRotation_v4,2021.1.4,Win32,59.95203837,679054f2072d526265aabff2,67906d8ff559c494f8c2f06c,"[45,45,45,90,45]","[-45,0,45,45,45]",0.25,PracRed_1,"[45,45,45,90,45]","[-45,0,45,45,45]",5,1,0.895,0,8,8,3,1,RED,5,Same,5,3,,,,,,,,,,,,,,,,,,,,,,,,,,,,,,,,,,,,,,,,,,,,,,,,,,,,,,
,,,,,,,,660e2337aad9e33736f08e84,2025-01-21_20h01.57.693,VisualArraysMentalRotation_v4,2021.1.4,Win32,59.95203837,679054f2072d526265aabff2,67906d8ff559c494f8c2f06c,"[-45,0,90,-45,90]","[90,90,-45,45,45]",0.25,PracBlue_3,"[-45,0,90,-45,90]","[90,90,90,45,45]",6,1,1.926,0,9,9,15,1,BLUE,5,Different,6,3,,,,,,,,,,,,,,,,,,,,,,,,,,,,,,,,,,,,,,,,,,,,,,,,,,,,,,
,,,,,,,,660e2337aad9e33736f08e84,2025-01-21_20h01.57.693,VisualArraysMentalRotation_v4,2021.1.4,Win32,59.95203837,679054f2072d526265aabff2,67906d8ff559c494f8c2f06c,"[-45,-45,45,0,0]","[0,45,45,0,-45]",0.25,PracRed_1,"[0,-45,45,0,0]","[0,45,45,0,-45]",6,1,0.734,0,10,10,4,1,RED,3,Different,6,1,,,,,,,,,,,,,,,,,,,,,,,,,,,,,,,,,,,,,,,,,,,,,,,,,,,,,,
,,,,,,,,660e2337aad9e33736f08e84,2025-01-21_20h01.57.693,VisualArraysMentalRotation_v4,2021.1.4,Win32,59.95203837,679054f2072d526265aabff2,67906d8ff559c494f8c2f06c,"[45,45,0,90,45]","[90,45,45,90,0]",0.25,PracBlue_2,"[45,45,0,90,45]","[90,90,45,90,0]",5,0,1.177,0,11,11,13,1,BLUE,3,Different,6,3,,,,,,,,,,,,,,,,,,,,,,,,,,,,,,,,,,,,,,,,,,,,,,,,,,,,,,
,,,,,,,,660e2337aad9e33736f08e84,2025-01-21_20h01.57.693,VisualArraysMentalRotation_v4,2021.1.4,Win32,59.95203837,679054f2072d526265aabff2,67906d8ff559c494f8c2f06c,"[-45,90,-45,0,-45]","[-45,-45,-45,45,45]",0.25,PracBlue_1,"[-45,90,-45,0,-45]","[-45,-45,-45,45,45]",6,0,2.117,0,12,12,8,1,BLUE,3,Same,5,1,,,,,,,,,,,,,,,,,,,,,,,,,,,,,,,,,,,,,,,,,,,,,,,,,,,,,,
,,,,,,,,660e2337aad9e33736f08e84,2025-01-21_20h01.57.693,VisualArraysMentalRotation_v4,2021.1.4,Win32,59.95203837,679054f2072d526265aabff2,67906d8ff559c494f8c2f06c,"[-45,-45,45,0,90]","[90,90,45,45,90]",0.25,PracRed_3,"[-45,-45,45,0,90]","[90,90,45,45,90]",5,1,0.645,0,13,13,0,1,RED,3,Same,5,1,,,,,,,,,,,,,,,,,,,,,,,,,,,,,,,,,,,,,,,,,,,,,,,,,,,,,,
,,,,,,,,660e2337aad9e33736f08e84,2025-01-21_20h01.57.693,VisualArraysMentalRotation_v4,2021.1.4,Win32,59.95203837,679054f2072d526265aabff2,67906d8ff559c494f8c2f06c,"[90,-45,-45,45,0]","[0,45,0,-45,-45]",0.25,PracRed_2,"[90,45,-45,45,0]","[0,45,0,-45,-45]",6,1,1.087,0,14,14,7,1,RED,5,Different,6,3,,,,,,,,,,,,,,,,,,,,,,,,,,,,,,,,,,,,,,,,,,,,,,,,,,,,,,
,,,,,,,,660e2337aad9e33736f08e84,2025-01-21_20h01.57.693,VisualArraysMentalRotation_v4,2021.1.4,Win32,59.95203837,679054f2072d526265aabff2,67906d8ff559c494f8c2f06c,"[-45,45,-45,-45,0]","[90,90,90,-45,45]",0.25,PracBlue_1,"[-45,45,-45,-45,0]","[90,90,90,-45,45]",5,1,0.648,0,15,15,11,1,BLUE,5,Same,5,3,,,,,,,,,,,,,,,,,,,,,,,,,,,,,,,,,,,,,,,,,,,,,,,,,,,,,,
,,,,,,,,660e2337aad9e33736f08e84,2025-01-21_20h01.57.693,VisualArraysMentalRotation_v4,2021.1.4,Win32,59.95203837,679054f2072d526265aabff2,67906d8ff559c494f8c2f06c,,,,,,,,,,,,,,,,,,,,0,0,0,0,1,,,,,,,,,,,,,,,,,,,,,,,,,,,,,,,,,,,,,,,,,,,,,,,,,
,,,,,,,,660e2337aad9e33736f08e84,2025-01-21_20h01.57.693,VisualArraysMentalRotation_v4,2021.1.4,Win32,59.95203837,679054f2072d526265aabff2,67906d8ff559c494f8c2f06c,"[45,0,90,90,90]","[-45,45,90,-45,45]",0.25,PracBlue_1,"[45,0,90,90,90]","[-45,45,90,-45,45]",6,0,1.127,0,0,0,9,1,BLUE,3,Same,5,3,,,,,,,,,,,,,,,,,,,,,,,,,,,,,,,,,,,,,,,,,,,,,,,,,,,,,,
,,,,,,,,660e2337aad9e33736f08e84,2025-01-21_20h01.57.693,VisualArraysMentalRotation_v4,2021.1.4,Win32,59.95203837,679054f2072d526265aabff2,67906d8ff559c494f8c2f06c,"[0,-45,45,-45,45]","[-45,90,90,0,-45]",0.25,PracRed_2,"[0,-45,45,-45,45]","[-45,90,90,0,-45]",6,0,1.034,0,1,1,3,1,RED,5,Same,5,3,,,,,,,,,,,,,,,,,,,,,,,,,,,,,,,,,,,,,,,,,,,,,,,,,,,,,,
,,,,,,,,660e2337aad9e33736f08e84,2025-01-21_20h01.57.693,VisualArraysMentalRotation_v4,2021.1.4,Win32,59.95203837,679054f2072d526265aabff2,67906d8ff559c494f8c2f06c,"[0,0,-45,45,-45]","[45,90,45,0,0]",0.25,PracBlue_3,"[0,0,-45,45,-45]","[45,90,45,0,0]",5,1,0.679,0,2,2,8,1,BLUE,3,Same,5,1,,,,,,,,,,,,,,,,,,,,,,,,,,,,,,,,,,,,,,,,,,,,,,,,,,,,,,
,,,,,,,,660e2337aad9e33736f08e84,2025-01-21_20h01.57.693,VisualArraysMentalRotation_v4,2021.1.4,Win32,59.95203837,679054f2072d526265aabff2,67906d8ff559c494f8c2f06c,"[90,90,-45,45,90]","[90,-45,-45,45,90]",0.25,PracBlue_3,"[90,90,-45,45,90]","[90,-45,0,45,90]",6,1,0.793,0,3,3,14,1,BLUE,5,Different,6,1,,,,,,,,,,,,,,,,,,,,,,,,,,,,,,,,,,,,,,,,,,,,,,,,,,,,,,
,,,,,,,,660e2337aad9e33736f08e84,2025-01-21_20h01.57.693,VisualArraysMentalRotation_v4,2021.1.4,Win32,59.95203837,679054f2072d526265aabff2,67906d8ff559c494f8c2f06c,"[90,45,45,90,90]","[0,0,-45,90,45]",0.25,PracRed_3,"[90,45,-45,90,90]","[0,0,-45,90,45]",6,1,0.78,0,4,4,6,1,RED,5,Different,6,1,,,,,,,,,,,,,,,,,,,,,,,,,,,,,,,,,,,,,,,,,,,,,,,,,,,,,,
,,,,,,,,660e2337aad9e33736f08e84,2025-01-21_20h01.57.693,VisualArraysMentalRotation_v4,2021.1.4,Win32,59.95203837,679054f2072d526265aabff2,67906d8ff559c494f8c2f06c,"[90,90,-45,-45,45]","[45,-45,-45,-45,45]",0.25,PracBlue_5,"[90,90,-45,-45,45]","[45,-45,-45,-45,45]",5,1,0.767,0,5,5,11,1,BLUE,5,Same,5,3,,,,,,,,,,,,,,,,,,,,,,,,,,,,,,,,,,,,,,,,,,,,,,,,,,,,,,
,,,,,,,,660e2337aad9e33736f08e84,2025-01-21_20h01.57.693,VisualArraysMentalRotation_v4,2021.1.4,Win32,59.95203837,679054f2072d526265aabff2,67906d8ff559c494f8c2f06c,"[45,45,45,45,0]","[45,90,-45,0,90]",0.25,PracBlue_1,"[45,45,45,45,0]","[-45,90,-45,0,90]",6,1,0.85,0,6,6,12,1,BLUE,3,Different,6,1,,,,,,,,,,,,,,,,,,,,,,,,,,,,,,,,,,,,,,,,,,,,,,,,,,,,,,
,,,,,,,,660e2337aad9e33736f08e84,2025-01-21_20h01.57.693,VisualArraysMentalRotation_v4,2021.1.4,Win32,59.95203837,679054f2072d526265aabff2,67906d8ff559c494f8c2f06c,"[90,90,0,90,-45]","[45,45,-45,90,0]",0.25,PracRed_1,"[90,90,0,90,-45]","[45,45,-45,90,0]",5,1,1.019,0,7,7,0,1,RED,3,Same,5,1,,,,,,,,,,,,,,,,,,,,,,,,,,,,,,,,,,,,,,,,,,,,,,,,,,,,,,
,,,,,,,,660e2337aad9e33736f08e84,2025-01-21_20h01.57.693,VisualArraysMentalRotation_v4,2021.1.4,Win32,59.95203837,679054f2072d526265aabff2,67906d8ff559c494f8c2f06c,"[-45,0,-45,90,45]","[0,45,-45,0,45]",0.25,PracRed_2,"[-45,0,-45,90,45]","[0,45,-45,0,45]",6,0,1.356,0,8,8,1,1,RED,3,Same,5,3,,,,,,,,,,,,,,,,,,,,,,,,,,,,,,,,,,,,,,,,,,,,,,,,,,,,,,
,,,,,,,,660e2337aad9e33736f08e84,2025-01-21_20h01.57.693,VisualArraysMentalRotation_v4,2021.1.4,Win32,59.95203837,679054f2072d526265aabff2,67906d8ff559c494f8c2f06c,"[90,90,90,0,45]","[-45,90,45,90,90]",0.25,PracBlue_3,"[90,90,90,0,45]","[-45,90,90,90,90]",5,0,0.699,0,9,9,15,1,BLUE,5,Different,6,3,,,,,,,,,,,,,,,,,,,,,,,,,,,,,,,,,,,,,,,,,,,,,,,,,,,,,,
,,,,,,,,660e2337aad9e33736f08e84,2025-01-21_20h01.57.693,VisualArraysMentalRotation_v4,2021.1.4,Win32,59.95203837,679054f2072d526265aabff2,67906d8ff559c494f8c2f06c,"[45,45,0,-45,90]","[90,90,0,-45,0]",0.25,PracBlue_3,"[45,45,0,-45,90]","[90,90,90,-45,0]",6,1,0.927,0,10,10,13,1,BLUE,3,Different,6,3,,,,,,,,,,,,,,,,,,,,,,,,,,,,,,,,,,,,,,,,,,,,,,,,,,,,,,
,,,,,,,,660e2337aad9e33736f08e84,2025-01-21_20h01.57.693,VisualArraysMentalRotation_v4,2021.1.4,Win32,59.95203837,679054f2072d526265aabff2,67906d8ff559c494f8c2f06c,"[90,-45,0,-45,0]","[90,45,-45,-45,-45]",0.25,PracBlue_5,"[90,-45,0,-45,0]","[90,45,-45,-45,-45]",5,1,0.851,0,11,11,10,1,BLUE,5,Same,5,1,,,,,,,,,,,,,,,,,,,,,,,,,,,,,,,,,,,,,,,,,,,,,,,,,,,,,,
,,,,,,,,660e2337aad9e33736f08e84,2025-01-21_20h01.57.693,VisualArraysMentalRotation_v4,2021.1.4,Win32,59.95203837,679054f2072d526265aabff2,67906d8ff559c494f8c2f06c,"[45,45,45,90,0]","[90,45,45,45,0]",0.25,PracRed_1,"[-45,45,45,90,0]","[90,45,45,45,0]",6,1,0.639,0,12,12,4,1,RED,3,Different,6,1,,,,,,,,,,,,,,,,,,,,,,,,,,,,,,,,,,,,,,,,,,,,,,,,,,,,,,
,,,,,,,,660e2337aad9e33736f08e84,2025-01-21_20h01.57.693,VisualArraysMentalRotation_v4,2021.1.4,Win32,59.95203837,679054f2072d526265aabff2,67906d8ff559c494f8c2f06c,"[45,90,-45,45,45]","[0,45,-45,0,90]",0.25,PracRed_1,"[45,90,-45,45,45]","[0,45,-45,0,90]",5,1,0.847,0,13,13,2,1,RED,5,Same,5,1,,,,,,,,,,,,,,,,,,,,,,,,,,,,,,,,,,,,,,,,,,,,,,,,,,,,,,
,,,,,,,,660e2337aad9e33736f08e84,2025-01-21_20h01.57.693,VisualArraysMentalRotation_v4,2021.1.4,Win32,59.95203837,679054f2072d526265aabff2,67906d8ff559c494f8c2f06c,"[0,90,45,90,90]","[90,45,-45,90,90]",0.25,PracRed_3,"[0,90,90,90,90]","[90,45,-45,90,90]",6,1,0.718,0,14,14,5,1,RED,3,Different,6,3,,,,,,,,,,,,,,,,,,,,,,,,,,,,,,,,,,,,,,,,,,,,,,,,,,,,,,
,,,,,,,,660e2337aad9e33736f08e84,2025-01-21_20h01.57.693,VisualArraysMentalRotation_v4,2021.1.4,Win32,59.95203837,679054f2072d526265aabff2,67906d8ff559c494f8c2f06c,"[90,0,45,-45,0]","[0,-45,-45,0,90]",0.25,PracRed_3,"[90,0,-45,-45,0]","[0,-45,-45,0,90]",6,1,0.7,0,15,15,7,1,RED,5,Different,6,3,,,,,,,,,,,,,,,,,,,,,,,,,,,,,,,,,,,,,,,,,,,,,,,,,,,,,,
,,,,,,,,660e2337aad9e33736f08e84,2025-01-21_20h01.57.693,VisualArraysMentalRotation_v4,2021.1.4,Win32,59.95203837,679054f2072d526265aabff2,67906d8ff559c494f8c2f06c,,,,,,,,,,,,,,,,,,,,1,0,1,0,1,,,,,,,,,,,,,,,,,,,,,,,,,,,,,,,,,,,,,,,,,,,,,,,,,
,,,,,,,,660e2337aad9e33736f08e84,2025-01-21_20h01.57.693,VisualArraysMentalRotation_v4,2021.1.4,Win32,59.95203837,679054f2072d526265aabff2,67906d8ff559c494f8c2f06c,"[90,0,45,90,45]","[90,-45,90,90,-45]",,Blue_1,"[90,0,45,90,45]","[45,-45,90,90,-45]",,,,,,,,,BLUE,5,Different,6,1,,,,,,6,1,0.652,0,0,0,14,1,,,,,,,,,,,,,,,,,,,,,,,,,,,,,,,,,,,,,,,,,
,,,,,,,,660e2337aad9e33736f08e84,2025-01-21_20h01.57.693,VisualArraysMentalRotation_v4,2021.1.4,Win32,59.95203837,679054f2072d526265aabff2,67906d8ff559c494f8c2f06c,"[-45,45,-45,90,90]","[0,90,0,-45,-45]",,Red_2,"[-45,-45,-45,90,90]","[0,90,0,-45,-45]",,,,,,,,,RED,5,Different,6,1,,,,,,6,1,0.92,0,1,1,6,1,,,,,,,,,,,,,,,,,,,,,,,,,,,,,,,,,,,,,,,,,
,,,,,,,,660e2337aad9e33736f08e84,2025-01-21_20h01.57.693,VisualArraysMentalRotation_v4,2021.1.4,Win32,59.95203837,679054f2072d526265aabff2,67906d8ff559c494f8c2f06c,"[90,-45,90,-45,45]","[45,0,90,45,45]",,Red_3,"[90,-45,90,-45,45]","[45,0,90,45,45]",,,,,,,,,RED,3,Same,5,1,,,,,,5,1,0.604,0,2,2,0,1,,,,,,,,,,,,,,,,,,,,,,,,,,,,,,,,,,,,,,,,,
,,,,,,,,660e2337aad9e33736f08e84,2025-01-21_20h01.57.693,VisualArraysMentalRotation_v4,2021.1.4,Win32,59.95203837,679054f2072d526265aabff2,67906d8ff559c494f8c2f06c,"[45,0,90,-45,-45]","[45,-45,45,-45,45]",,Red_1,"[90,0,90,-45,-45]","[45,-45,45,-45,45]",,,,,,,,,RED,3,Different,6,1,,,,,,6,1,0.624,0,3,3,4,1,,,,,,,,,,,,,,,,,,,,,,,,,,,,,,,,,,,,,,,,,
,,,,,,,,660e2337aad9e33736f08e84,2025-01-21_20h01.57.693,VisualArraysMentalRotation_v4,2021.1.4,Win32,59.95203837,679054f2072d526265aabff2,67906d8ff559c494f8c2f06c,"[45,45,45,-45,-45]","[-45,90,-45,90,0]",,Red_1,"[45,45,45,-45,-45]","[-45,90,-45,90,0]",,,,,,,,,RED,3,Same,5,3,,,,,,5,1,3.043,0,4,4,1,1,,,,,,,,,,,,,,,,,,,,,,,,,,,,,,,,,,,,,,,,,
,,,,,,,,660e2337aad9e33736f08e84,2025-01-21_20h01.57.693,VisualArraysMentalRotation_v4,2021.1.4,Win32,59.95203837,679054f2072d526265aabff2,67906d8ff559c494f8c2f06c,"[90,90,-45,0,0]","[0,-45,-45,90,45]",,Blue_1,"[90,90,-45,0,0]","[90,-45,-45,90,45]",,,,,,,,,BLUE,3,Different,6,3,,,,,,6,1,3.028,0,5,5,13,1,,,,,,,,,,,,,,,,,,,,,,,,,,,,,,,,,,,,,,,,,
,,,,,,,,660e2337aad9e33736f08e84,2025-01-21_20h01.57.693,VisualArraysMentalRotation_v4,2021.1.4,Win32,59.95203837,679054f2072d526265aabff2,67906d8ff559c494f8c2f06c,"[-45,-45,-45,45,45]","[90,0,45,45,45]",,Red_2,"[-45,45,-45,45,45]","[90,0,45,45,45]",,,,,,,,,RED,5,Different,6,3,,,,,,6,1,4.612,0,6,6,7,1,,,,,,,,,,,,,,,,,,,,,,,,,,,,,,,,,,,,,,,,,
,,,,,,,,660e2337aad9e33736f08e84,2025-01-21_20h01.57.693,VisualArraysMentalRotation_v4,2021.1.4,Win32,59.95203837,679054f2072d526265aabff2,67906d8ff559c494f8c2f06c,"[-45,90,0,90,-45]","[90,45,-45,-45,0]",,Red_2,"[-45,-45,0,90,-45]","[90,45,-45,-45,0]",,,,,,,,,RED,3,Different,6,3,,,,,,6,1,0.79,0,7,7,5,1,,,,,,,,,,,,,,,,,,,,,,,,,,,,,,,,,,,,,,,,,
,,,,,,,,660e2337aad9e33736f08e84,2025-01-21_20h01.57.693,VisualArraysMentalRotation_v4,2021.1.4,Win32,59.95203837,679054f2072d526265aabff2,67906d8ff559c494f8c2f06c,"[-45,0,45,-45,90]","[-45,-45,90,45,0]",,Blue_2,"[-45,0,45,-45,90]","[-45,45,90,45,0]",,,,,,,,,BLUE,5,Different,6,3,,,,,,6,1,1.636,0,8,8,15,1,,,,,,,,,,,,,,,,,,,,,,,,,,,,,,,,,,,,,,,,,
,,,,,,,,660e2337aad9e33736f08e84,2025-01-21_20h01.57.693,VisualArraysMentalRotation_v4,2021.1.4,Win32,59.95203837,679054f2072d526265aabff2,67906d8ff559c494f8c2f06c,"[0,45,0,-45,0]","[45,45,0,0,0]",,Red_4,"[0,45,0,-45,0]","[45,45,0,0,0]",,,,,,,,,RED,5,Same,5,3,,,,,,5,1,0.926,0,9,9,3,1,,,,,,,,,,,,,,,,,,,,,,,,,,,,,,,,,,,,,,,,,
,,,,,,,,660e2337aad9e33736f08e84,2025-01-21_20h01.57.693,VisualArraysMentalRotation_v4,2021.1.4,Win32,59.95203837,679054f2072d526265aabff2,67906d8ff559c494f8c2f06c,"[-45,90,-45,90,90]","[0,0,-45,90,-45]",,Blue_1,"[-45,90,-45,90,90]","[0,0,-45,90,-45]",,,,,,,,,BLUE,3,Same,5,1,,,,,,5,1,0.768,0,10,10,8,1,,,,,,,,,,,,,,,,,,,,,,,,,,,,,,,,,,,,,,,,,
,,,,,,,,660e2337aad9e33736f08e84,2025-01-21_20h01.57.693,VisualArraysMentalRotation_v4,2021.1.4,Win32,59.95203837,679054f2072d526265aabff2,67906d8ff559c494f8c2f06c,"[0,-45,0,90,90]","[90,-45,90,-45,45]",,Blue_5,"[0,-45,0,90,90]","[90,-45,90,-45,45]",,,,,,,,,BLUE,5,Same,5,1,,,,,,5,1,1.412,0,11,11,10,1,,,,,,,,,,,,,,,,,,,,,,,,,,,,,,,,,,,,,,,,,
,,,,,,,,660e2337aad9e33736f08e84,2025-01-21_20h01.57.693,VisualArraysMentalRotation_v4,2021.1.4,Win32,59.95203837,679054f2072d526265aabff2,67906d8ff559c494f8c2f06c,"[45,45,0,45,45]","[90,90,-45,0,0]",,Red_2,"[45,45,0,45,45]","[90,90,-45,0,0]",,,,,,,,,RED,5,Same,5,1,,,,,,5,1,3.136,0,12,12,2,1,,,,,,,,,,,,,,,,,,,,,,,,,,,,,,,,,,,,,,,,,
,,,,,,,,660e2337aad9e33736f08e84,2025-01-21_20h01.57.693,VisualArraysMentalRotation_v4,2021.1.4,Win32,59.95203837,679054f2072d526265aabff2,67906d8ff559c494f8c2f06c,"[-45,45,-45,-45,-45]","[45,-45,45,-45,90]",,Blue_2,"[-45,45,-45,-45,-45]","[45,-45,45,-45,90]",,,,,,,,,BLUE,3,Same,5,3,,,,,,5,1,0.711,0,13,13,9,1,,,,,,,,,,,,,,,,,,,,,,,,,,,,,,,,,,,,,,,,,
,,,,,,,,660e2337aad9e33736f08e84,2025-01-21_20h01.57.693,VisualArraysMentalRotation_v4,2021.1.4,Win32,59.95203837,679054f2072d526265aabff2,67906d8ff559c494f8c2f06c,"[0,-45,-45,-45,-45]","[45,-45,90,0,90]",,Blue_2,"[0,-45,-45,-45,-45]","[45,0,90,0,90]",,,,,,,,,BLUE,3,Different,6,1,,,,,,6,1,1.117,0,14,14,12,1,,,,,,,,,,,,,,,,,,,,,,,,,,,,,,,,,,,,,,,,,
,,,,,,,,660e2337aad9e33736f08e84,2025-01-21_20h01.57.693,VisualArraysMentalRotation_v4,2021.1.4,Win32,59.95203837,679054f2072d526265aabff2,67906d8ff559c494f8c2f06c,"[-45,0,45,-45,90]","[45,0,-45,90,45]",,Blue_2,"[-45,0,45,-45,90]","[45,0,-45,90,45]",,,,,,,,,BLUE,5,Same,5,3,,,,,,5,1,4.473,0,15,15,11,1,,,,,,,,,,,,,,,,,,,,,,,,,,,,,,,,,,,,,,,,,
,,,,,,,,660e2337aad9e33736f08e84,2025-01-21_20h01.57.693,VisualArraysMentalRotation_v4,2021.1.4,Win32,59.95203837,679054f2072d526265aabff2,67906d8ff559c494f8c2f06c,"[45,90,90,45,90]","[90,0,0,45,0]",,Blue_2,"[45,90,90,45,90]","[90,90,0,45,0]",,,,,,,,,BLUE,3,Different,6,3,,,,,,6,1,0.827,1,0,16,13,1,,,,,,,,,,,,,,,,,,,,,,,,,,,,,,,,,,,,,,,,,
,,,,,,,,660e2337aad9e33736f08e84,2025-01-21_20h01.57.693,VisualArraysMentalRotation_v4,2021.1.4,Win32,59.95203837,679054f2072d526265aabff2,67906d8ff559c494f8c2f06c,"[45,-45,0,-45,-45]","[0,90,0,-45,90]",,Blue_1,"[45,-45,0,-45,-45]","[0,90,0,-45,90]",,,,,,,,,BLUE,3,Same,5,3,,,,,,5,1,1.591,1,1,17,9,1,,,,,,,,,,,,,,,,,,,,,,,,,,,,,,,,,,,,,,,,,
,,,,,,,,660e2337aad9e33736f08e84,2025-01-21_20h01.57.693,VisualArraysMentalRotation_v4,2021.1.4,Win32,59.95203837,679054f2072d526265aabff2,67906d8ff559c494f8c2f06c,"[90,90,0,90,90]","[0,0,45,45,-45]",,Red_3,"[90,90,45,90,90]","[0,0,45,45,-45]",,,,,,,,,RED,3,Different,6,3,,,,,,6,1,0.742,1,2,18,5,1,,,,,,,,,,,,,,,,,,,,,,,,,,,,,,,,,,,,,,,,,
,,,,,,,,660e2337aad9e33736f08e84,2025-01-21_20h01.57.693,VisualArraysMentalRotation_v4,2021.1.4,Win32,59.95203837,679054f2072d526265aabff2,67906d8ff559c494f8c2f06c,"[0,0,-45,45,-45]","[90,45,90,90,-45]",,Red_3,"[0,0,0,45,-45]","[90,45,90,90,-45]",,,,,,,,,RED,5,Different,6,1,,,,,,6,1,0.922,1,3,19,6,1,,,,,,,,,,,,,,,,,,,,,,,,,,,,,,,,,,,,,,,,,
,,,,,,,,660e2337aad9e33736f08e84,2025-01-21_20h01.57.693,VisualArraysMentalRotation_v4,2021.1.4,Win32,59.95203837,679054f2072d526265aabff2,67906d8ff559c494f8c2f06c,"[0,45,45,45,-45]","[-45,-45,90,45,45]",,Red_2,"[0,-45,45,45,-45]","[-45,-45,90,45,45]",,,,,,,,,RED,3,Different,6,1,,,,,,6,1,0.8,1,4,20,4,1,,,,,,,,,,,,,,,,,,,,,,,,,,,,,,,,,,,,,,,,,
,,,,,,,,660e2337aad9e33736f08e84,2025-01-21_20h01.57.693,VisualArraysMentalRotation_v4,2021.1.4,Win32,59.95203837,679054f2072d526265aabff2,67906d8ff559c494f8c2f06c,"[0,90,90,90,-45]","[90,90,45,45,-45]",,Blue_1,"[0,90,90,90,-45]","[90,90,45,45,-45]",,,,,,,,,BLUE,3,Same,5,1,,,,,,5,1,1.027,1,5,21,8,1,,,,,,,,,,,,,,,,,,,,,,,,,,,,,,,,,,,,,,,,,
,,,,,,,,660e2337aad9e33736f08e84,2025-01-21_20h01.57.693,VisualArraysMentalRotation_v4,2021.1.4,Win32,59.95203837,679054f2072d526265aabff2,67906d8ff559c494f8c2f06c,"[-45,-45,90,-45,-45]","[90,45,45,0,0]",,Blue_4,"[-45,-45,90,-45,-45]","[90,45,45,0,0]",,,,,,,,,BLUE,5,Same,5,1,,,,,,6,0,3.103,1,6,22,10,1,,,,,,,,,,,,,,,,,,,,,,,,,,,,,,,,,,,,,,,,,
,,,,,,,,660e2337aad9e33736f08e84,2025-01-21_20h01.57.693,VisualArraysMentalRotation_v4,2021.1.4,Win32,59.95203837,679054f2072d526265aabff2,67906d8ff559c494f8c2f06c,"[0,0,-45,-45,0]","[-45,45,-45,45,-45]",,Red_5,"[0,0,-45,-45,0]","[-45,45,-45,45,-45]",,,,,,,,,RED,5,Same,5,1,,,,,,5,1,3.036,1,7,23,2,1,,,,,,,,,,,,,,,,,,,,,,,,,,,,,,,,,,,,,,,,,
,,,,,,,,660e2337aad9e33736f08e84,2025-01-21_20h01.57.693,VisualArraysMentalRotation_v4,2021.1.4,Win32,59.95203837,679054f2072d526265aabff2,67906d8ff559c494f8c2f06c,"[-45,90,-45,0,0]","[-45,-45,90,45,0]",,Blue_5,"[-45,90,-45,0,0]","[-45,-45,90,45,45]",,,,,,,,,BLUE,5,Different,6,1,,,,,,6,1,0.679,1,8,24,14,1,,,,,,,,,,,,,,,,,,,,,,,,,,,,,,,,,,,,,,,,,
,,,,,,,,660e2337aad9e33736f08e84,2025-01-21_20h01.57.693,VisualArraysMentalRotation_v4,2021.1.4,Win32,59.95203837,679054f2072d526265aabff2,67906d8ff559c494f8c2f06c,"[-45,90,-45,90,-45]","[0,45,-45,45,-45]",,Red_2,"[-45,45,-45,90,-45]","[0,45,-45,45,-45]",,,,,,,,,RED,5,Different,6,3,,,,,,6,1,3.356,1,9,25,7,1,,,,,,,,,,,,,,,,,,,,,,,,,,,,,,,,,,,,,,,,,
,,,,,,,,660e2337aad9e33736f08e84,2025-01-21_20h01.57.693,VisualArraysMentalRotation_v4,2021.1.4,Win32,59.95203837,679054f2072d526265aabff2,67906d8ff559c494f8c2f06c,"[-45,0,45,0,45]","[45,90,0,-45,-45]",,Red_2,"[-45,0,45,0,45]","[45,90,0,-45,-45]",,,,,,,,,RED,3,Same,5,1,,,,,,5,1,2.364,1,10,26,0,1,,,,,,,,,,,,,,,,,,,,,,,,,,,,,,,,,,,,,,,,,
,,,,,,,,660e2337aad9e33736f08e84,2025-01-21_20h01.57.693,VisualArraysMentalRotation_v4,2021.1.4,Win32,59.95203837,679054f2072d526265aabff2,67906d8ff559c494f8c2f06c,"[0,90,90,45,0]","[45,0,90,0,45]",,Blue_3,"[0,90,90,45,0]","[45,0,-45,0,45]",,,,,,,,,BLUE,3,Different,6,1,,,,,,6,1,0.91,1,11,27,12,1,,,,,,,,,,,,,,,,,,,,,,,,,,,,,,,,,,,,,,,,,
,,,,,,,,660e2337aad9e33736f08e84,2025-01-21_20h01.57.693,VisualArraysMentalRotation_v4,2021.1.4,Win32,59.95203837,679054f2072d526265aabff2,67906d8ff559c494f8c2f06c,"[-45,90,-45,90,0]","[0,0,0,90,90]",,Blue_1,"[-45,90,-45,90,0]","[-45,0,0,90,90]",,,,,,,,,BLUE,5,Different,6,3,,,,,,6,1,4.511,1,12,28,15,1,,,,,,,,,,,,,,,,,,,,,,,,,,,,,,,,,,,,,,,,,
,,,,,,,,660e2337aad9e33736f08e84,2025-01-21_20h01.57.693,VisualArraysMentalRotation_v4,2021.1.4,Win32,59.95203837,679054f2072d526265aabff2,67906d8ff559c494f8c2f06c,"[0,90,-45,45,-45]","[90,45,45,90,45]",,Red_5,"[0,90,-45,45,-45]","[90,45,45,90,45]",,,,,,,,,RED,5,Same,5,3,,,,,,5,1,1.778,1,13,29,3,1,,,,,,,,,,,,,,,,,,,,,,,,,,,,,,,,,,,,,,,,,
,,,,,,,,660e2337aad9e33736f08e84,2025-01-21_20h01.57.693,VisualArraysMentalRotation_v4,2021.1.4,Win32,59.95203837,679054f2072d526265aabff2,67906d8ff559c494f8c2f06c,"[45,45,45,0,45]","[0,90,0,-45,-45]",,Red_3,"[45,45,45,0,45]","[0,90,0,-45,-45]",,,,,,,,,RED,3,Same,5,3,,,,,,5,1,0.668,1,14,30,1,1,,,,,,,,,,,,,,,,,,,,,,,,,,,,,,,,,,,,,,,,,
,,,,,,,,660e2337aad9e33736f08e84,2025-01-21_20h01.57.693,VisualArraysMentalRotation_v4,2021.1.4,Win32,59.95203837,679054f2072d526265aabff2,67906d8ff559c494f8c2f06c,"[90,0,90,90,90]","[0,45,0,45,0]",,Blue_2,"[90,0,90,90,90]","[0,45,0,45,0]",,,,,,,,,BLUE,5,Same,5,3,,,,,,5,1,0.84,1,15,31,11,1,,,,,,,,,,,,,,,,,,,,,,,,,,,,,,,,,,,,,,,,,
,,,,,,,,660e2337aad9e33736f08e84,2025-01-21_20h01.57.693,VisualArraysMentalRotation_v4,2021.1.4,Win32,59.95203837,679054f2072d526265aabff2,67906d8ff559c494f8c2f06c,"[0,45,-45,-45,90]","[45,45,45,45,90]",,Blue_3,"[0,45,-45,-45,90]","[45,45,45,45,90]",,,,,,,,,BLUE,5,Same,5,3,,,,,,5,1,0.985,2,0,32,11,1,,,,,,,,,,,,,,,,,,,,,,,,,,,,,,,,,,,,,,,,,
,,,,,,,,660e2337aad9e33736f08e84,2025-01-21_20h01.57.693,VisualArraysMentalRotation_v4,2021.1.4,Win32,59.95203837,679054f2072d526265aabff2,67906d8ff559c494f8c2f06c,"[0,45,45,90,0]","[90,45,90,0,0]",,Red_1,"[0,45,45,90,0]","[90,45,90,0,0]",,,,,,,,,RED,3,Same,5,1,,,,,,5,1,0.801,2,1,33,0,1,,,,,,,,,,,,,,,,,,,,,,,,,,,,,,,,,,,,,,,,,
,,,,,,,,660e2337aad9e33736f08e84,2025-01-21_20h01.57.693,VisualArraysMentalRotation_v4,2021.1.4,Win32,59.95203837,679054f2072d526265aabff2,67906d8ff559c494f8c2f06c,"[90,45,0,-45,-45]","[45,-45,45,0,90]",,Red_5,"[90,45,0,-45,90]","[45,-45,45,0,90]",,,,,,,,,RED,5,Different,6,1,,,,,,5,0,2.08,2,2,34,6,1,,,,,,,,,,,,,,,,,,,,,,,,,,,,,,,,,,,,,,,,,
,,,,,,,,660e2337aad9e33736f08e84,2025-01-21_20h01.57.693,VisualArraysMentalRotation_v4,2021.1.4,Win32,59.95203837,679054f2072d526265aabff2,67906d8ff559c494f8c2f06c,"[-45,0,90,0,45]","[90,-45,90,0,0]",,Blue_3,"[-45,0,90,0,45]","[90,-45,-45,0,0]",,,,,,,,,BLUE,5,Different,6,3,,,,,,6,1,4.577,2,3,35,15,1,,,,,,,,,,,,,,,,,,,,,,,,,,,,,,,,,,,,,,,,,
,,,,,,,,660e2337aad9e33736f08e84,2025-01-21_20h01.57.693,VisualArraysMentalRotation_v4,2021.1.4,Win32,59.95203837,679054f2072d526265aabff2,67906d8ff559c494f8c2f06c,"[45,90,-45,-45,-45]","[45,45,0,-45,0]",,Red_1,"[45,90,-45,-45,-45]","[45,45,0,-45,0]",,,,,,,,,RED,5,Same,5,3,,,,,,6,0,5.462,2,4,36,3,1,,,,,,,,,,,,,,,,,,,,,,,,,,,,,,,,,,,,,,,,,
,,,,,,,,660e2337aad9e33736f08e84,2025-01-21_20h01.57.693,VisualArraysMentalRotation_v4,2021.1.4,Win32,59.95203837,679054f2072d526265aabff2,67906d8ff559c494f8c2f06c,"[-45,-45,45,-45,-45]","[-45,0,-45,90,-45]",,Blue_2,"[-45,-45,45,-45,-45]","[-45,-45,-45,90,-45]",,,,,,,,,BLUE,3,Different,6,3,,,,,,6,1,0.768,2,5,37,13,1,,,,,,,,,,,,,,,,,,,,,,,,,,,,,,,,,,,,,,,,,
,,,,,,,,660e2337aad9e33736f08e84,2025-01-21_20h01.57.693,VisualArraysMentalRotation_v4,2021.1.4,Win32,59.95203837,679054f2072d526265aabff2,67906d8ff559c494f8c2f06c,"[90,45,90,90,90]","[0,0,0,90,45]",,Blue_1,"[90,45,90,90,90]","[90,0,0,90,45]",,,,,,,,,BLUE,3,Different,6,1,,,,,,6,1,0.706,2,6,38,12,1,,,,,,,,,,,,,,,,,,,,,,,,,,,,,,,,,,,,,,,,,
,,,,,,,,660e2337aad9e33736f08e84,2025-01-21_20h01.57.693,VisualArraysMentalRotation_v4,2021.1.4,Win32,59.95203837,679054f2072d526265aabff2,67906d8ff559c494f8c2f06c,"[0,-45,45,0,0]","[45,-45,45,45,45]",,Red_1,"[0,-45,45,0,0]","[45,-45,45,45,45]",,,,,,,,,RED,5,Same,5,1,,,,,,5,1,1.939,2,7,39,2,1,,,,,,,,,,,,,,,,,,,,,,,,,,,,,,,,,,,,,,,,,
,,,,,,,,660e2337aad9e33736f08e84,2025-01-21_20h01.57.693,VisualArraysMentalRotation_v4,2021.1.4,Win32,59.95203837,679054f2072d526265aabff2,67906d8ff559c494f8c2f06c,"[45,0,-45,-45,-45]","[-45,45,-45,-45,90]",,Red_5,"[45,0,-45,-45,90]","[-45,45,-45,-45,90]",,,,,,,,,RED,5,Different,6,3,,,,,,6,1,1.058,2,8,40,7,1,,,,,,,,,,,,,,,,,,,,,,,,,,,,,,,,,,,,,,,,,
,,,,,,,,660e2337aad9e33736f08e84,2025-01-21_20h01.57.693,VisualArraysMentalRotation_v4,2021.1.4,Win32,59.95203837,679054f2072d526265aabff2,67906d8ff559c494f8c2f06c,"[90,-45,0,0,45]","[45,-45,90,-45,0]",,Red_3,"[90,-45,45,0,45]","[45,-45,90,-45,0]",,,,,,,,,RED,3,Different,6,1,,,,,,6,1,0.902,2,9,41,4,1,,,,,,,,,,,,,,,,,,,,,,,,,,,,,,,,,,,,,,,,,
,,,,,,,,660e2337aad9e33736f08e84,2025-01-21_20h01.57.693,VisualArraysMentalRotation_v4,2021.1.4,Win32,59.95203837,679054f2072d526265aabff2,67906d8ff559c494f8c2f06c,"[45,-45,0,0,45]","[0,45,-45,-45,45]",,Blue_2,"[45,-45,0,0,45]","[0,45,-45,-45,45]",,,,,,,,,BLUE,3,Same,5,3,,,,,,5,1,0.831,2,10,42,9,1,,,,,,,,,,,,,,,,,,,,,,,,,,,,,,,,,,,,,,,,,
,,,,,,,,660e2337aad9e33736f08e84,2025-01-21_20h01.57.693,VisualArraysMentalRotation_v4,2021.1.4,Win32,59.95203837,679054f2072d526265aabff2,67906d8ff559c494f8c2f06c,"[90,45,45,0,-45]","[0,0,0,0,90]",,Red_3,"[90,45,45,0,-45]","[0,0,0,0,90]",,,,,,,,,RED,3,Same,5,3,,,,,,5,1,0.724,2,11,43,1,1,,,,,,,,,,,,,,,,,,,,,,,,,,,,,,,,,,,,,,,,,
,,,,,,,,660e2337aad9e33736f08e84,2025-01-21_20h01.57.693,VisualArraysMentalRotation_v4,2021.1.4,Win32,59.95203837,679054f2072d526265aabff2,67906d8ff559c494f8c2f06c,"[-45,45,0,45,0]","[-45,0,0,45,0]",,Red_3,"[-45,45,90,45,0]","[-45,0,0,45,0]",,,,,,,,,RED,3,Different,6,3,,,,,,6,1,0.755,2,12,44,5,1,,,,,,,,,,,,,,,,,,,,,,,,,,,,,,,,,,,,,,,,,
,,,,,,,,660e2337aad9e33736f08e84,2025-01-21_20h01.57.693,VisualArraysMentalRotation_v4,2021.1.4,Win32,59.95203837,679054f2072d526265aabff2,67906d8ff559c494f8c2f06c,"[-45,45,90,90,-45]","[-45,90,90,-45,45]",,Blue_5,"[-45,45,90,90,-45]","[-45,90,90,-45,45]",,,,,,,,,BLUE,5,Same,5,1,,,,,,5,1,1.363,2,13,45,10,1,,,,,,,,,,,,,,,,,,,,,,,,,,,,,,,,,,,,,,,,,
,,,,,,,,660e2337aad9e33736f08e84,2025-01-21_20h01.57.693,VisualArraysMentalRotation_v4,2021.1.4,Win32,59.95203837,679054f2072d526265aabff2,67906d8ff559c494f8c2f06c,"[0,0,90,-45,-45]","[45,0,90,90,45]",,Blue_3,"[0,0,90,-45,-45]","[45,0,-45,90,45]",,,,,,,,,BLUE,5,Different,6,1,,,,,,6,1,0.889,2,14,46,14,1,,,,,,,,,,,,,,,,,,,,,,,,,,,,,,,,,,,,,,,,,
,,,,,,,,660e2337aad9e33736f08e84,2025-01-21_20h01.57.693,VisualArraysMentalRotation_v4,2021.1.4,Win32,59.95203837,679054f2072d526265aabff2,67906d8ff559c494f8c2f06c,"[45,90,45,90,45]","[90,45,45,90,0]",,Blue_2,"[45,90,45,90,45]","[90,45,45,90,0]",,,,,,,,,BLUE,3,Same,5,1,,,,,,5,1,0.629,2,15,47,8,1,,,,,,,,,,,,,,,,,,,,,,,,,,,,,,,,,,,,,,,,,
,,,,,,,,660e2337aad9e33736f08e84,2025-01-21_20h01.57.693,VisualArraysMentalRotation_v4,2021.1.4,Win32,59.95203837,679054f2072d526265aabff2,67906d8ff559c494f8c2f06c,"[90,0,-45,0,0]","[-45,90,-45,45,-45]",,Blue_2,"[90,0,-45,0,0]","[-45,-45,-45,45,-45]",,,,,,,,,BLUE,3,Different,6,3,,,,,,6,1,0.826,3,0,48,13,1,,,,,,,,,,,,,,,,,,,,,,,,,,,,,,,,,,,,,,,,,
,,,,,,,,660e2337aad9e33736f08e84,2025-01-21_20h01.57.693,VisualArraysMentalRotation_v4,2021.1.4,Win32,59.95203837,679054f2072d526265aabff2,67906d8ff559c494f8c2f06c,"[90,-45,-45,90,45]","[45,-45,45,-45,0]",,Blue_3,"[90,-45,-45,90,45]","[45,-45,90,-45,0]",,,,,,,,,BLUE,3,Different,6,1,,,,,,6,1,0.743,3,1,49,12,1,,,,,,,,,,,,,,,,,,,,,,,,,,,,,,,,,,,,,,,,,
,,,,,,,,660e2337aad9e33736f08e84,2025-01-21_20h01.57.693,VisualArraysMentalRotation_v4,2021.1.4,Win32,59.95203837,679054f2072d526265aabff2,67906d8ff559c494f8c2f06c,"[-45,45,0,45,-45]","[-45,45,0,0,45]",,Red_3,"[-45,45,-45,45,-45]","[-45,45,0,0,45]",,,,,,,,,RED,3,Different,6,1,,,,,,5,0,2.575,3,2,50,4,1,,,,,,,,,,,,,,,,,,,,,,,,,,,,,,,,,,,,,,,,,
,,,,,,,,660e2337aad9e33736f08e84,2025-01-21_20h01.57.693,VisualArraysMentalRotation_v4,2021.1.4,Win32,59.95203837,679054f2072d526265aabff2,67906d8ff559c494f8c2f06c,"[45,45,45,0,45]","[-45,90,45,90,-45]",,Blue_2,"[45,45,45,0,45]","[-45,90,45,90,-45]",,,,,,,,,BLUE,5,Same,5,3,,,,,,5,1,2.703,3,3,51,11,1,,,,,,,,,,,,,,,,,,,,,,,,,,,,,,,,,,,,,,,,,
,,,,,,,,660e2337aad9e33736f08e84,2025-01-21_20h01.57.693,VisualArraysMentalRotation_v4,2021.1.4,Win32,59.95203837,679054f2072d526265aabff2,67906d8ff559c494f8c2f06c,"[45,45,-45,0,0]","[90,45,45,-45,45]",,Blue_5,"[45,45,-45,0,0]","[90,45,45,-45,45]",,,,,,,,,BLUE,5,Same,5,1,,,,,,6,0,1.364,3,4,52,10,1,,,,,,,,,,,,,,,,,,,,,,,,,,,,,,,,,,,,,,,,,
,,,,,,,,660e2337aad9e33736f08e84,2025-01-21_20h01.57.693,VisualArraysMentalRotation_v4,2021.1.4,Win32,59.95203837,679054f2072d526265aabff2,67906d8ff559c494f8c2f06c,"[90,0,-45,90,90]","[-45,-45,90,-45,-45]",,Red_3,"[90,0,-45,90,90]","[-45,-45,90,-45,-45]",,,,,,,,,RED,5,Same,5,3,,,,,,6,0,1.038,3,5,53,3,1,,,,,,,,,,,,,,,,,,,,,,,,,,,,,,,,,,,,,,,,,
,,,,,,,,660e2337aad9e33736f08e84,2025-01-21_20h01.57.693,VisualArraysMentalRotation_v4,2021.1.4,Win32,59.95203837,679054f2072d526265aabff2,67906d8ff559c494f8c2f06c,"[0,90,-45,90,0]","[90,45,90,90,0]",,Blue_4,"[0,90,-45,90,0]","[90,45,90,45,0]",,,,,,,,,BLUE,5,Different,6,1,,,,,,6,1,1.406,3,6,54,14,1,,,,,,,,,,,,,,,,,,,,,,,,,,,,,,,,,,,,,,,,,
,,,,,,,,660e2337aad9e33736f08e84,2025-01-21_20h01.57.693,VisualArraysMentalRotation_v4,2021.1.4,Win32,59.95203837,679054f2072d526265aabff2,67906d8ff559c494f8c2f06c,"[0,0,45,45,90]","[-45,-45,-45,45,-45]",,Blue_3,"[0,0,45,45,90]","[-45,-45,-45,45,-45]",,,,,,,,,BLUE,3,Same,5,1,,,,,,5,1,0.586,3,7,55,8,1,,,,,,,,,,,,,,,,,,,,,,,,,,,,,,,,,,,,,,,,,
,,,,,,,,660e2337aad9e33736f08e84,2025-01-21_20h01.57.693,VisualArraysMentalRotation_v4,2021.1.4,Win32,59.95203837,679054f2072d526265aabff2,67906d8ff559c494f8c2f06c,"[45,90,90,45,90]","[-45,-45,90,45,0]",,Red_3,"[45,90,90,45,90]","[-45,-45,90,45,0]",,,,,,,,,RED,5,Same,5,1,,,,,,6,0,1.796,3,8,56,2,1,,,,,,,,,,,,,,,,,,,,,,,,,,,,,,,,,,,,,,,,,
,,,,,,,,660e2337aad9e33736f08e84,2025-01-21_20h01.57.693,VisualArraysMentalRotation_v4,2021.1.4,Win32,59.95203837,679054f2072d526265aabff2,67906d8ff559c494f8c2f06c,"[90,0,0,45,0]","[90,45,-45,0,0]",,Red_3,"[90,0,0,45,0]","[90,45,-45,0,0]",,,,,,,,,RED,3,Same,5,1,,,,,,5,1,1.17,3,9,57,0,1,,,,,,,,,,,,,,,,,,,,,,,,,,,,,,,,,,,,,,,,,
,,,,,,,,660e2337aad9e33736f08e84,2025-01-21_20h01.57.693,VisualArraysMentalRotation_v4,2021.1.4,Win32,59.95203837,679054f2072d526265aabff2,67906d8ff559c494f8c2f06c,"[45,45,-45,0,0]","[-45,-45,90,45,0]",,Blue_3,"[45,45,-45,0,0]","[-45,-45,90,45,0]",,,,,,,,,BLUE,3,Same,5,3,,,,,,5,1,0.812,3,10,58,9,1,,,,,,,,,,,,,,,,,,,,,,,,,,,,,,,,,,,,,,,,,
,,,,,,,,660e2337aad9e33736f08e84,2025-01-21_20h01.57.693,VisualArraysMentalRotation_v4,2021.1.4,Win32,59.95203837,679054f2072d526265aabff2,67906d8ff559c494f8c2f06c,"[45,0,-45,90,-45]","[-45,90,90,-45,90]",,Red_3,"[45,0,0,90,-45]","[-45,90,90,-45,90]",,,,,,,,,RED,5,Different,6,1,,,,,,6,1,2.183,3,11,59,6,1,,,,,,,,,,,,,,,,,,,,,,,,,,,,,,,,,,,,,,,,,
,,,,,,,,660e2337aad9e33736f08e84,2025-01-21_20h01.57.693,VisualArraysMentalRotation_v4,2021.1.4,Win32,59.95203837,679054f2072d526265aabff2,67906d8ff559c494f8c2f06c,"[45,-45,45,0,90]","[0,-45,-45,-45,45]",,Red_1,"[45,-45,45,0,90]","[0,-45,-45,-45,45]",,,,,,,,,RED,3,Same,5,3,,,,,,5,1,0.842,3,12,60,1,1,,,,,,,,,,,,,,,,,,,,,,,,,,,,,,,,,,,,,,,,,
,,,,,,,,660e2337aad9e33736f08e84,2025-01-21_20h01.57.693,VisualArraysMentalRotation_v4,2021.1.4,Win32,59.95203837,679054f2072d526265aabff2,67906d8ff559c494f8c2f06c,"[45,0,0,90,90]","[45,-45,0,-45,45]",,Red_2,"[45,45,0,90,90]","[45,-45,0,-45,45]",,,,,,,,,RED,5,Different,6,3,,,,,,5,0,3.96,3,13,61,7,1,,,,,,,,,,,,,,,,,,,,,,,,,,,,,,,,,,,,,,,,,
,,,,,,,,660e2337aad9e33736f08e84,2025-01-21_20h01.57.693,VisualArraysMentalRotation_v4,2021.1.4,Win32,59.95203837,679054f2072d526265aabff2,67906d8ff559c494f8c2f06c,"[45,90,90,-45,45]","[45,0,45,90,90]",,Red_1,"[90,90,90,-45,45]","[45,0,45,90,90]",,,,,,,,,RED,3,Different,6,3,,,,,,5,0,2.9,3,14,62,5,1,,,,,,,,,,,,,,,,,,,,,,,,,,,,,,,,,,,,,,,,,
,,,,,,,,660e2337aad9e33736f08e84,2025-01-21_20h01.57.693,VisualArraysMentalRotation_v4,2021.1.4,Win32,59.95203837,679054f2072d526265aabff2,67906d8ff559c494f8c2f06c,"[0,-45,0,90,0]","[0,-45,45,-45,0]",,Blue_1,"[0,-45,0,90,0]","[90,-45,45,-45,0]",,,,,,,,,BLUE,5,Different,6,3,,,,,,6,1,5.566,3,15,63,15,1,,,,,,,,,,,,,,,,,,,,,,,,,,,,,,,,,,,,,,,,,
,,,,,,,,660e2337aad9e33736f08e84,2025-01-21_20h01.57.693,VisualArraysMentalRotation_v4,2021.1.4,Win32,59.95203837,679054f2072d526265aabff2,67906d8ff559c494f8c2f06c,"[45,-45,0,0,45]","[0,90,0,0,45]",,Blue_2,"[45,-45,0,0,45]","[0,90,0,0,45]",,,,,,,,,BLUE,5,Same,5,1,,,,,,5,1,1.221,4,0,64,10,1,,,,,,,,,,,,,,,,,,,,,,,,,,,,,,,,,,,,,,,,,
,,,,,,,,660e2337aad9e33736f08e84,2025-01-21_20h01.57.693,VisualArraysMentalRotation_v4,2021.1.4,Win32,59.95203837,679054f2072d526265aabff2,67906d8ff559c494f8c2f06c,"[45,45,90,0,0]","[0,0,-45,90,45]",,Red_1,"[45,45,90,0,0]","[0,0,-45,90,45]",,,,,,,,,RED,5,Same,5,3,,,,,,6,0,2.012,4,1,65,3,1,,,,,,,,,,,,,,,,,,,,,,,,,,,,,,,,,,,,,,,,,
,,,,,,,,660e2337aad9e33736f08e84,2025-01-21_20h01.57.693,VisualArraysMentalRotation_v4,2021.1.4,Win32,59.95203837,679054f2072d526265aabff2,67906d8ff559c494f8c2f06c,"[90,0,0,0,-45]","[0,0,45,90,0]",,Blue_2,"[90,0,0,0,-45]","[0,0,45,90,0]",,,,,,,,,BLUE,5,Same,5,3,,,,,,5,1,1.44,4,2,66,11,1,,,,,,,,,,,,,,,,,,,,,,,,,,,,,,,,,,,,,,,,,
,,,,,,,,660e2337aad9e33736f08e84,2025-01-21_20h01.57.693,VisualArraysMentalRotation_v4,2021.1.4,Win32,59.95203837,679054f2072d526265aabff2,67906d8ff559c494f8c2f06c,"[90,0,0,0,-45]","[45,90,45,0,0]",,Red_4,"[90,0,0,90,-45]","[45,90,45,0,0]",,,,,,,,,RED,5,Different,6,3,,,,,,6,1,0.932,4,3,67,7,1,,,,,,,,,,,,,,,,,,,,,,,,,,,,,,,,,,,,,,,,,
,,,,,,,,660e2337aad9e33736f08e84,2025-01-21_20h01.57.693,VisualArraysMentalRotation_v4,2021.1.4,Win32,59.95203837,679054f2072d526265aabff2,67906d8ff559c494f8c2f06c,"[0,45,-45,90,-45]","[-45,45,-45,0,90]",,Red_3,"[0,45,0,90,-45]","[-45,45,-45,0,90]",,,,,,,,,RED,3,Different,6,1,,,,,,5,0,3.003,4,4,68,4,1,,,,,,,,,,,,,,,,,,,,,,,,,,,,,,,,,,,,,,,,,
,,,,,,,,660e2337aad9e33736f08e84,2025-01-21_20h01.57.693,VisualArraysMentalRotation_v4,2021.1.4,Win32,59.95203837,679054f2072d526265aabff2,67906d8ff559c494f8c2f06c,"[0,90,90,90,0]","[45,45,90,90,-45]",,Red_3,"[0,90,-45,90,0]","[45,45,90,90,-45]",,,,,,,,,RED,3,Different,6,3,,,,,,6,1,1.101,4,5,69,5,1,,,,,,,,,,,,,,,,,,,,,,,,,,,,,,,,,,,,,,,,,
,,,,,,,,660e2337aad9e33736f08e84,2025-01-21_20h01.57.693,VisualArraysMentalRotation_v4,2021.1.4,Win32,59.95203837,679054f2072d526265aabff2,67906d8ff559c494f8c2f06c,"[45,0,90,-45,-45]","[-45,45,45,-45,-45]",,Blue_4,"[45,0,90,-45,-45]","[-45,45,45,90,-45]",,,,,,,,,BLUE,5,Different,6,3,,,,,,6,1,0.844,4,6,70,15,1,,,,,,,,,,,,,,,,,,,,,,,,,,,,,,,,,,,,,,,,,
,,,,,,,,660e2337aad9e33736f08e84,2025-01-21_20h01.57.693,VisualArraysMentalRotation_v4,2021.1.4,Win32,59.95203837,679054f2072d526265aabff2,67906d8ff559c494f8c2f06c,"[0,-45,0,-45,45]","[90,45,90,-45,-45]",,Red_2,"[0,-45,0,-45,45]","[90,45,90,-45,-45]",,,,,,,,,RED,3,Same,5,3,,,,,,6,0,2.702,4,7,71,1,1,,,,,,,,,,,,,,,,,,,,,,,,,,,,,,,,,,,,,,,,,
,,,,,,,,660e2337aad9e33736f08e84,2025-01-21_20h01.57.693,VisualArraysMentalRotation_v4,2021.1.4,Win32,59.95203837,679054f2072d526265aabff2,67906d8ff559c494f8c2f06c,"[-45,-45,45,90,0]","[0,-45,-45,90,90]",,Red_3,"[-45,-45,45,90,0]","[0,-45,-45,90,90]",,,,,,,,,RED,5,Same,5,1,,,,,,5,1,2.028,4,8,72,2,1,,,,,,,,,,,,,,,,,,,,,,,,,,,,,,,,,,,,,,,,,
,,,,,,,,660e2337aad9e33736f08e84,2025-01-21_20h01.57.693,VisualArraysMentalRotation_v4,2021.1.4,Win32,59.95203837,679054f2072d526265aabff2,67906d8ff559c494f8c2f06c,"[90,-45,90,90,0]","[0,45,0,-45,90]",,Red_1,"[-45,-45,90,90,0]","[0,45,0,-45,90]",,,,,,,,,RED,5,Different,6,1,,,,,,6,1,1.685,4,9,73,6,1,,,,,,,,,,,,,,,,,,,,,,,,,,,,,,,,,,,,,,,,,
,,,,,,,,660e2337aad9e33736f08e84,2025-01-21_20h01.57.693,VisualArraysMentalRotation_v4,2021.1.4,Win32,59.95203837,679054f2072d526265aabff2,67906d8ff559c494f8c2f06c,"[-45,0,90,45,45]","[-45,90,90,90,0]",,Blue_2,"[-45,0,90,45,45]","[-45,90,90,90,0]",,,,,,,,,BLUE,3,Same,5,1,,,,,,5,1,0.605,4,10,74,8,1,,,,,,,,,,,,,,,,,,,,,,,,,,,,,,,,,,,,,,,,,
,,,,,,,,660e2337aad9e33736f08e84,2025-01-21_20h01.57.693,VisualArraysMentalRotation_v4,2021.1.4,Win32,59.95203837,679054f2072d526265aabff2,67906d8ff559c494f8c2f06c,"[-45,0,0,45,90]","[45,0,0,45,-45]",,Blue_2,"[-45,0,0,45,90]","[45,45,0,45,-45]",,,,,,,,,BLUE,3,Different,6,3,,,,,,6,1,0.707,4,11,75,13,1,,,,,,,,,,,,,,,,,,,,,,,,,,,,,,,,,,,,,,,,,
,,,,,,,,660e2337aad9e33736f08e84,2025-01-21_20h01.57.693,VisualArraysMentalRotation_v4,2021.1.4,Win32,59.95203837,679054f2072d526265aabff2,67906d8ff559c494f8c2f06c,"[45,90,90,-45,-45]","[45,45,0,-45,45]",,Red_3,"[45,90,90,-45,-45]","[45,45,0,-45,45]",,,,,,,,,RED,3,Same,5,1,,,,,,5,1,0.707,4,12,76,0,1,,,,,,,,,,,,,,,,,,,,,,,,,,,,,,,,,,,,,,,,,
,,,,,,,,660e2337aad9e33736f08e84,2025-01-21_20h01.57.693,VisualArraysMentalRotation_v4,2021.1.4,Win32,59.95203837,679054f2072d526265aabff2,67906d8ff559c494f8c2f06c,"[45,0,90,0,-45]","[-45,-45,-45,-45,90]",,Blue_1,"[45,0,90,0,-45]","[-45,-45,-45,-45,90]",,,,,,,,,BLUE,3,Same,5,3,,,,,,5,1,0.808,4,13,77,9,1,,,,,,,,,,,,,,,,,,,,,,,,,,,,,,,,,,,,,,,,,
,,,,,,,,660e2337aad9e33736f08e84,2025-01-21_20h01.57.693,VisualArraysMentalRotation_v4,2021.1.4,Win32,59.95203837,679054f2072d526265aabff2,67906d8ff559c494f8c2f06c,"[-45,45,45,45,-45]","[45,90,90,90,45]",,Blue_2,"[-45,45,45,45,-45]","[45,45,90,90,45]",,,,,,,,,BLUE,3,Different,6,1,,,,,,6,1,1.513,4,14,78,12,1,,,,,,,,,,,,,,,,,,,,,,,,,,,,,,,,,,,,,,,,,
,,,,,,,,660e2337aad9e33736f08e84,2025-01-21_20h01.57.693,VisualArraysMentalRotation_v4,2021.1.4,Win32,59.95203837,679054f2072d526265aabff2,67906d8ff559c494f8c2f06c,"[90,45,45,-45,90]","[45,-45,90,45,90]",,Blue_2,"[90,45,45,-45,90]","[45,45,90,45,90]",,,,,,,,,BLUE,5,Different,6,1,,,,,,6,1,2.631,4,15,79,14,1,,,,,,,,,,,,,,,,,,,,,,,,,,,,,,,,,,,,,,,,,
,,,,,,,,660e2337aad9e33736f08e84,2025-01-21_20h01.57.693,VisualArraysMentalRotation_v4,2021.1.4,Win32,59.95203837,679054f2072d526265aabff2,67906d8ff559c494f8c2f06c,"[0,0,45,90,0]","[45,90,90,-45,-45]",,Blue_2,"[0,0,45,90,0]","[45,-45,90,-45,-45]",,,,,,,,,BLUE,5,Different,6,3,,,,,,6,1,0.787,5,0,80,15,1,,,,,,,,,,,,,,,,,,,,,,,,,,,,,,,,,,,,,,,,,
,,,,,,,,660e2337aad9e33736f08e84,2025-01-21_20h01.57.693,VisualArraysMentalRotation_v4,2021.1.4,Win32,59.95203837,679054f2072d526265aabff2,67906d8ff559c494f8c2f06c,"[0,-45,0,0,-45]","[45,-45,-45,90,45]",,Red_5,"[0,-45,0,0,45]","[45,-45,-45,90,45]",,,,,,,,,RED,5,Different,6,1,,,,,,6,1,0.764,5,1,81,6,1,,,,,,,,,,,,,,,,,,,,,,,,,,,,,,,,,,,,,,,,,
,,,,,,,,660e2337aad9e33736f08e84,2025-01-21_20h01.57.693,VisualArraysMentalRotation_v4,2021.1.4,Win32,59.95203837,679054f2072d526265aabff2,67906d8ff559c494f8c2f06c,"[0,0,0,45,0]","[0,0,90,0,45]",,Blue_1,"[0,0,0,45,0]","[90,0,90,0,45]",,,,,,,,,BLUE,3,Different,6,3,,,,,,6,1,2.243,5,2,82,13,1,,,,,,,,,,,,,,,,,,,,,,,,,,,,,,,,,,,,,,,,,
,,,,,,,,660e2337aad9e33736f08e84,2025-01-21_20h01.57.693,VisualArraysMentalRotation_v4,2021.1.4,Win32,59.95203837,679054f2072d526265aabff2,67906d8ff559c494f8c2f06c,"[90,45,0,0,0]","[-45,90,90,90,90]",,Blue_3,"[90,45,0,0,0]","[-45,90,45,90,90]",,,,,,,,,BLUE,5,Different,6,1,,,,,,6,1,0.912,5,3,83,14,1,,,,,,,,,,,,,,,,,,,,,,,,,,,,,,,,,,,,,,,,,
,,,,,,,,660e2337aad9e33736f08e84,2025-01-21_20h01.57.693,VisualArraysMentalRotation_v4,2021.1.4,Win32,59.95203837,679054f2072d526265aabff2,67906d8ff559c494f8c2f06c,"[-45,-45,-45,90,90]","[90,0,-45,-45,45]",,Red_2,"[-45,-45,-45,90,90]","[90,0,-45,-45,45]",,,,,,,,,RED,3,Same,5,3,,,,,,5,1,0.892,5,4,84,1,1,,,,,,,,,,,,,,,,,,,,,,,,,,,,,,,,,,,,,,,,,
,,,,,,,,660e2337aad9e33736f08e84,2025-01-21_20h01.57.693,VisualArraysMentalRotation_v4,2021.1.4,Win32,59.95203837,679054f2072d526265aabff2,67906d8ff559c494f8c2f06c,"[0,0,-45,90,0]","[0,0,-45,90,0]",,Blue_1,"[0,0,-45,90,0]","[0,0,-45,90,0]",,,,,,,,,BLUE,3,Same,5,1,,,,,,5,1,0.818,5,5,85,8,1,,,,,,,,,,,,,,,,,,,,,,,,,,,,,,,,,,,,,,,,,
,,,,,,,,660e2337aad9e33736f08e84,2025-01-21_20h01.57.693,VisualArraysMentalRotation_v4,2021.1.4,Win32,59.95203837,679054f2072d526265aabff2,67906d8ff559c494f8c2f06c,"[45,90,0,45,90]","[45,45,-45,-45,45]",,Blue_2,"[45,90,0,45,90]","[45,-45,-45,-45,45]",,,,,,,,,BLUE,3,Different,6,1,,,,,,6,1,1.935,5,6,86,12,1,,,,,,,,,,,,,,,,,,,,,,,,,,,,,,,,,,,,,,,,,
,,,,,,,,660e2337aad9e33736f08e84,2025-01-21_20h01.57.693,VisualArraysMentalRotation_v4,2021.1.4,Win32,59.95203837,679054f2072d526265aabff2,67906d8ff559c494f8c2f06c,"[-45,45,45,45,90]","[90,0,-45,-45,-45]",,Red_1,"[-45,45,45,45,90]","[90,0,-45,-45,-45]",,,,,,,,,RED,3,Same,5,1,,,,,,5,1,0.66,5,7,87,0,1,,,,,,,,,,,,,,,,,,,,,,,,,,,,,,,,,,,,,,,,,
,,,,,,,,660e2337aad9e33736f08e84,2025-01-21_20h01.57.693,VisualArraysMentalRotation_v4,2021.1.4,Win32,59.95203837,679054f2072d526265aabff2,67906d8ff559c494f8c2f06c,"[45,-45,90,45,0]","[90,0,45,-45,0]",,Blue_3,"[45,-45,90,45,0]","[90,0,45,-45,0]",,,,,,,,,BLUE,5,Same,5,3,,,,,,5,1,1.849,5,8,88,11,1,,,,,,,,,,,,,,,,,,,,,,,,,,,,,,,,,,,,,,,,,
,,,,,,,,660e2337aad9e33736f08e84,2025-01-21_20h01.57.693,VisualArraysMentalRotation_v4,2021.1.4,Win32,59.95203837,679054f2072d526265aabff2,67906d8ff559c494f8c2f06c,"[0,-45,90,90,45]","[45,90,90,90,-45]",,Red_3,"[0,-45,0,90,45]","[45,90,90,90,-45]",,,,,,,,,RED,3,Different,6,1,,,,,,6,1,1.451,5,9,89,4,1,,,,,,,,,,,,,,,,,,,,,,,,,,,,,,,,,,,,,,,,,
,,,,,,,,660e2337aad9e33736f08e84,2025-01-21_20h01.57.693,VisualArraysMentalRotation_v4,2021.1.4,Win32,59.95203837,679054f2072d526265aabff2,67906d8ff559c494f8c2f06c,"[90,-45,45,-45,45]","[45,-45,0,90,90]",,Red_3,"[90,-45,45,-45,45]","[45,-45,0,90,90]",,,,,,,,,RED,5,Same,5,1,,,,,,6,0,4.657,5,10,90,2,1,,,,,,,,,,,,,,,,,,,,,,,,,,,,,,,,,,,,,,,,,
,,,,,,,,660e2337aad9e33736f08e84,2025-01-21_20h01.57.693,VisualArraysMentalRotation_v4,2021.1.4,Win32,59.95203837,679054f2072d526265aabff2,67906d8ff559c494f8c2f06c,"[90,0,45,0,45]","[90,45,0,90,-45]",,Blue_3,"[90,0,45,0,45]","[90,45,0,90,-45]",,,,,,,,,BLUE,3,Same,5,3,,,,,,5,1,0.774,5,11,91,9,1,,,,,,,,,,,,,,,,,,,,,,,,,,,,,,,,,,,,,,,,,
,,,,,,,,660e2337aad9e33736f08e84,2025-01-21_20h01.57.693,VisualArraysMentalRotation_v4,2021.1.4,Win32,59.95203837,679054f2072d526265aabff2,67906d8ff559c494f8c2f06c,"[45,-45,0,-45,45]","[45,-45,45,45,-45]",,Red_2,"[45,-45,0,-45,45]","[45,-45,45,45,-45]",,,,,,,,,RED,5,Same,5,3,,,,,,5,1,1.768,5,12,92,3,1,,,,,,,,,,,,,,,,,,,,,,,,,,,,,,,,,,,,,,,,,
,,,,,,,,660e2337aad9e33736f08e84,2025-01-21_20h01.57.693,VisualArraysMentalRotation_v4,2021.1.4,Win32,59.95203837,679054f2072d526265aabff2,67906d8ff559c494f8c2f06c,"[90,90,0,0,90]","[90,45,-45,0,90]",,Red_5,"[90,90,0,0,45]","[90,45,-45,0,90]",,,,,,,,,RED,5,Different,6,3,,,,,,6,1,1.941,5,13,93,7,1,,,,,,,,,,,,,,,,,,,,,,,,,,,,,,,,,,,,,,,,,
,,,,,,,,660e2337aad9e33736f08e84,2025-01-21_20h01.57.693,VisualArraysMentalRotation_v4,2021.1.4,Win32,59.95203837,679054f2072d526265aabff2,67906d8ff559c494f8c2f06c,"[45,-45,45,90,45]","[90,-45,-45,90,-45]",,Blue_3,"[45,-45,45,90,45]","[90,-45,-45,90,-45]",,,,,,,,,BLUE,5,Same,5,1,,,,,,5,1,1.401,5,14,94,10,1,,,,,,,,,,,,,,,,,,,,,,,,,,,,,,,,,,,,,,,,,
,,,,,,,,660e2337aad9e33736f08e84,2025-01-21_20h01.57.693,VisualArraysMentalRotation_v4,2021.1.4,Win32,59.95203837,679054f2072d526265aabff2,67906d8ff559c494f8c2f06c,"[90,-45,0,-45,-45]","[45,45,90,45,90]",,Red_3,"[90,-45,-45,-45,-45]","[45,45,90,45,90]",,,,,,,,,RED,3,Different,6,3,,,,,,5,0,3.954,5,15,95,5,1,,,,,,,,,,,,,,,,,,,,,,,,,,,,,,,,,,,,,,,,,
,,,,,,,,660e2337aad9e33736f08e84,2025-01-21_20h01.57.693,VisualArraysMentalRotation_v4,2021.1.4,Win32,59.95203837,679054f2072d526265aabff2,67906d8ff559c494f8c2f06c,"[-45,-45,0,45,90]","[0,45,45,90,45]",,Red_3,"[-45,-45,-45,45,90]","[0,45,45,90,45]",,,,,,,,,RED,3,Different,6,3,,,,,,6,1,0.723,6,0,96,5,1,,,,,,,,,,,,,,,,,,,,,,,,,,,,,,,,,,,,,,,,,
,,,,,,,,660e2337aad9e33736f08e84,2025-01-21_20h01.57.693,VisualArraysMentalRotation_v4,2021.1.4,Win32,59.95203837,679054f2072d526265aabff2,67906d8ff559c494f8c2f06c,"[90,45,45,45,90]","[45,-45,0,45,90]",,Blue_2,"[90,45,45,45,90]","[45,0,0,45,90]",,,,,,,,,BLUE,5,Different,6,1,,,,,,5,0,3.199,6,1,97,14,1,,,,,,,,,,,,,,,,,,,,,,,,,,,,,,,,,,,,,,,,,
,,,,,,,,660e2337aad9e33736f08e84,2025-01-21_20h01.57.693,VisualArraysMentalRotation_v4,2021.1.4,Win32,59.95203837,679054f2072d526265aabff2,67906d8ff559c494f8c2f06c,"[0,90,90,45,90]","[90,45,-45,-45,45]",,Blue_2,"[0,90,90,45,90]","[90,90,-45,-45,45]",,,,,,,,,BLUE,3,Different,6,1,,,,,,6,1,1.789,6,2,98,12,1,,,,,,,,,,,,,,,,,,,,,,,,,,,,,,,,,,,,,,,,,
,,,,,,,,660e2337aad9e33736f08e84,2025-01-21_20h01.57.693,VisualArraysMentalRotation_v4,2021.1.4,Win32,59.95203837,679054f2072d526265aabff2,67906d8ff559c494f8c2f06c,"[0,-45,-45,0,45]","[-45,45,-45,45,-45]",,Blue_3,"[0,-45,-45,0,45]","[-45,45,-45,45,-45]",,,,,,,,,BLUE,3,Same,5,1,,,,,,5,1,0.807,6,3,99,8,1,,,,,,,,,,,,,,,,,,,,,,,,,,,,,,,,,,,,,,,,,
,,,,,,,,660e2337aad9e33736f08e84,2025-01-21_20h01.57.693,VisualArraysMentalRotation_v4,2021.1.4,Win32,59.95203837,679054f2072d526265aabff2,67906d8ff559c494f8c2f06c,"[0,0,0,0,90]","[90,45,0,45,0]",,Red_2,"[0,0,0,0,90]","[90,45,0,45,0]",,,,,,,,,RED,5,Same,5,1,,,,,,5,1,2.731,6,4,100,2,1,,,,,,,,,,,,,,,,,,,,,,,,,,,,,,,,,,,,,,,,,
,,,,,,,,660e2337aad9e33736f08e84,2025-01-21_20h01.57.693,VisualArraysMentalRotation_v4,2021.1.4,Win32,59.95203837,679054f2072d526265aabff2,67906d8ff559c494f8c2f06c,"[0,0,-45,45,-45]","[90,45,-45,-45,0]",,Blue_3,"[0,0,-45,45,-45]","[90,45,-45,-45,0]",,,,,,,,,BLUE,3,Same,5,3,,,,,,5,1,1.054,6,5,101,9,1,,,,,,,,,,,,,,,,,,,,,,,,,,,,,,,,,,,,,,,,,
,,,,,,,,660e2337aad9e33736f08e84,2025-01-21_20h01.57.693,VisualArraysMentalRotation_v4,2021.1.4,Win32,59.95203837,679054f2072d526265aabff2,67906d8ff559c494f8c2f06c,"[90,0,45,0,-45]","[45,90,0,90,-45]",,Blue_1,"[90,0,45,0,-45]","[45,90,0,90,-45]",,,,,,,,,BLUE,5,Same,5,3,,,,,,5,1,0.966,6,6,102,11,1,,,,,,,,,,,,,,,,,,,,,,,,,,,,,,,,,,,,,,,,,
,,,,,,,,660e2337aad9e33736f08e84,2025-01-21_20h01.57.693,VisualArraysMentalRotation_v4,2021.1.4,Win32,59.95203837,679054f2072d526265aabff2,67906d8ff559c494f8c2f06c,"[90,45,90,-45,45]","[-45,0,-45,0,-45]",,Blue_1,"[90,45,90,-45,45]","[90,0,-45,0,-45]",,,,,,,,,BLUE,5,Different,6,3,,,,,,6,1,3.305,6,7,103,15,1,,,,,,,,,,,,,,,,,,,,,,,,,,,,,,,,,,,,,,,,,
,,,,,,,,660e2337aad9e33736f08e84,2025-01-21_20h01.57.693,VisualArraysMentalRotation_v4,2021.1.4,Win32,59.95203837,679054f2072d526265aabff2,67906d8ff559c494f8c2f06c,"[-45,0,0,90,45]","[0,45,90,90,0]",,Blue_3,"[-45,0,0,90,45]","[0,45,-45,90,0]",,,,,,,,,BLUE,3,Different,6,3,,,,,,6,1,0.794,6,8,104,13,1,,,,,,,,,,,,,,,,,,,,,,,,,,,,,,,,,,,,,,,,,
,,,,,,,,660e2337aad9e33736f08e84,2025-01-21_20h01.57.693,VisualArraysMentalRotation_v4,2021.1.4,Win32,59.95203837,679054f2072d526265aabff2,67906d8ff559c494f8c2f06c,"[0,45,-45,0,-45]","[-45,-45,90,90,0]",,Red_2,"[0,45,-45,0,-45]","[-45,-45,90,90,0]",,,,,,,,,RED,3,Same,5,3,,,,,,5,1,4.155,6,9,105,1,1,,,,,,,,,,,,,,,,,,,,,,,,,,,,,,,,,,,,,,,,,
,,,,,,,,660e2337aad9e33736f08e84,2025-01-21_20h01.57.693,VisualArraysMentalRotation_v4,2021.1.4,Win32,59.95203837,679054f2072d526265aabff2,67906d8ff559c494f8c2f06c,"[90,45,45,90,45]","[0,90,90,45,-45]",,Red_1,"[90,45,45,90,45]","[0,90,90,45,-45]",,,,,,,,,RED,3,Same,5,1,,,,,,5,1,0.87,6,10,106,0,1,,,,,,,,,,,,,,,,,,,,,,,,,,,,,,,,,,,,,,,,,
,,,,,,,,660e2337aad9e33736f08e84,2025-01-21_20h01.57.693,VisualArraysMentalRotation_v4,2021.1.4,Win32,59.95203837,679054f2072d526265aabff2,67906d8ff559c494f8c2f06c,"[-45,45,45,0,90]","[45,45,-45,90,0]",,Blue_3,"[-45,45,45,0,90]","[45,45,-45,90,0]",,,,,,,,,BLUE,5,Same,5,1,,,,,,5,1,1.09,6,11,107,10,1,,,,,,,,,,,,,,,,,,,,,,,,,,,,,,,,,,,,,,,,,
,,,,,,,,660e2337aad9e33736f08e84,2025-01-21_20h01.57.693,VisualArraysMentalRotation_v4,2021.1.4,Win32,59.95203837,679054f2072d526265aabff2,67906d8ff559c494f8c2f06c,"[90,45,0,0,-45]","[45,45,45,90,-45]",,Red_1,"[-45,45,0,0,-45]","[45,45,45,90,-45]",,,,,,,,,RED,5,Different,6,3,,,,,,6,1,1.78,6,12,108,7,1,,,,,,,,,,,,,,,,,,,,,,,,,,,,,,,,,,,,,,,,,
,,,,,,,,660e2337aad9e33736f08e84,2025-01-21_20h01.57.693,VisualArraysMentalRotation_v4,2021.1.4,Win32,59.95203837,679054f2072d526265aabff2,67906d8ff559c494f8c2f06c,"[0,-45,0,90,-45]","[0,90,90,90,-45]",,Red_2,"[0,0,0,90,-45]","[0,90,90,90,-45]",,,,,,,,,RED,5,Different,6,1,,,,,,5,0,3.16,6,13,109,6,1,,,,,,,,,,,,,,,,,,,,,,,,,,,,,,,,,,,,,,,,,
,,,,,,,,660e2337aad9e33736f08e84,2025-01-21_20h01.57.693,VisualArraysMentalRotation_v4,2021.1.4,Win32,59.95203837,679054f2072d526265aabff2,67906d8ff559c494f8c2f06c,"[90,45,0,45,90]","[0,-45,0,90,90]",,Red_3,"[90,45,0,45,90]","[0,-45,0,90,90]",,,,,,,,,RED,5,Same,5,3,,,,,,5,1,1.477,6,14,110,3,1,,,,,,,,,,,,,,,,,,,,,,,,,,,,,,,,,,,,,,,,,
,,,,,,,,660e2337aad9e33736f08e84,2025-01-21_20h01.57.693,VisualArraysMentalRotation_v4,2021.1.4,Win32,59.95203837,679054f2072d526265aabff2,67906d8ff559c494f8c2f06c,"[-45,0,0,45,0]","[90,-45,45,-45,90]",,Red_3,"[-45,0,45,45,0]","[90,-45,45,-45,90]",,,,,,,,,RED,3,Different,6,1,,,,,,6,1,0.697,6,15,111,4,1,,,,,,,,,,,,,,,,,,,,,,,,,,,,,,,,,,,,,,,,,
,,,,,,,,660e2337aad9e33736f08e84,2025-01-21_20h01.57.693,VisualArraysMentalRotation_v4,2021.1.4,Win32,59.95203837,679054f2072d526265aabff2,67906d8ff559c494f8c2f06c,,,,,,,,,,,,,,,,,,,,,,,,,,,,,,,,,0,0,0,0,1,,,,,,,,,,,,,,,,,,,,,,,,,,,,,,,,,,,,
,,,,,,,,660e2337aad9e33736f08e84,2025-01-21_20h01.57.693,VisualArraysMentalRotation_v4,2021.1.4,Win32,59.95203837,679054f2072d526265aabff2,67906d8ff559c494f8c2f06c,,,,,,,,,,,,,,,,,,,,,,,,,,,,,,,,,,,,,,0,0,0,0,1,1,0,,,,,,,,,,,,,,,,,,,,,,,,,,,,,
,,,,,,,,660e2337aad9e33736f08e84,2025-01-21_20h01.57.693,VisualArraysMentalRotation_v4,2021.1.4,Win32,59.95203837,679054f2072d526265aabff2,67906d8ff559c494f8c2f06c,,,,,,,,,,,,,,,,,,,,,,,,,,,,,,,,,,,,,,,,,,,,,b,0,6.635,0,0,0,9,1,PracticeStim/36_100_R.jpg,100,Different,n,,,,,,,,,,,,,,,,,
,,,,,,,,660e2337aad9e33736f08e84,2025-01-21_20h01.57.693,VisualArraysMentalRotation_v4,2021.1.4,Win32,59.95203837,679054f2072d526265aabff2,67906d8ff559c494f8c2f06c,,,,,,,,,,,,,,,,,,,,,,,,,,,,,,,,,,,,,,,,,,,,,b,1,5.149,0,1,1,2,1,PracticeStim/17_50.jpg,50,Same,b,,,,,,,,,,,,,,,,,
,,,,,,,,660e2337aad9e33736f08e84,2025-01-21_20h01.57.693,VisualArraysMentalRotation_v4,2021.1.4,Win32,59.95203837,679054f2072d526265aabff2,67906d8ff559c494f8c2f06c,,,,,,,,,,,,,,,,,,,,,,,,,,,,,,,,,,,,,,,,,,,,,b,1,3.265,0,2,2,4,1,PracticeStim/25_150.jpg,150,Same,b,,,,,,,,,,,,,,,,,
,,,,,,,,660e2337aad9e33736f08e84,2025-01-21_20h01.57.693,VisualArraysMentalRotation_v4,2021.1.4,Win32,59.95203837,679054f2072d526265aabff2,67906d8ff559c494f8c2f06c,,,,,,,,,,,,,,,,,,,,,,,,,,,,,,,,,,,,,,,,,,,,,b,0,3.942,0,3,3,6,1,PracticeStim/30_100_R.jpg,100,Different,n,,,,,,,,,,,,,,,,,
,,,,,,,,660e2337aad9e33736f08e84,2025-01-21_20h01.57.693,VisualArraysMentalRotation_v4,2021.1.4,Win32,59.95203837,679054f2072d526265aabff2,67906d8ff559c494f8c2f06c,,,,,,,,,,,,,,,,,,,,,,,,,,,,,,,,,,,,,,,,,,,,,n,1,4.306,0,4,4,7,1,PracticeStim/31_50_R.jpg,50,Different,n,,,,,,,,,,,,,,,,,
,,,,,,,,660e2337aad9e33736f08e84,2025-01-21_20h01.57.693,VisualArraysMentalRotation_v4,2021.1.4,Win32,59.95203837,679054f2072d526265aabff2,67906d8ff559c494f8c2f06c,,,,,,,,,,,,,,,,,,,,,,,,,,,,,,,,,,,,,,,,,,,,,n,1,3.591,0,5,5,8,1,PracticeStim/33_50_R.jpg,50,Different,n,,,,,,,,,,,,,,,,,
,,,,,,,,660e2337aad9e33736f08e84,2025-01-21_20h01.57.693,VisualArraysMentalRotation_v4,2021.1.4,Win32,59.95203837,679054f2072d526265aabff2,67906d8ff559c494f8c2f06c,,,,,,,,,,,,,,,,,,,,,,,,,,,,,,,,,,,,,,,,,,,,,b,0,4.09,0,6,6,1,1,PracticeStim/9_100_R.jpg,100,Different,n,,,,,,,,,,,,,,,,,
,,,,,,,,660e2337aad9e33736f08e84,2025-01-21_20h01.57.693,VisualArraysMentalRotation_v4,2021.1.4,Win32,59.95203837,679054f2072d526265aabff2,67906d8ff559c494f8c2f06c,,,,,,,,,,,,,,,,,,,,,,,,,,,,,,,,,,,,,,,,,,,,,n,1,4.399,0,7,7,0,1,PracticeStim/7_100_R.jpg,100,Different,n,,,,,,,,,,,,,,,,,
,,,,,,,,660e2337aad9e33736f08e84,2025-01-21_20h01.57.693,VisualArraysMentalRotation_v4,2021.1.4,Win32,59.95203837,679054f2072d526265aabff2,67906d8ff559c494f8c2f06c,,,,,,,,,,,,,,,,,,,,,,,,,,,,,,,,,,,,,,,,,,,,,b,1,3.263,0,8,8,10,1,PracticeStim/41_150.jpg,150,Same,b,,,,,,,,,,,,,,,,,
,,,,,,,,660e2337aad9e33736f08e84,2025-01-21_20h01.57.693,VisualArraysMentalRotation_v4,2021.1.4,Win32,59.95203837,679054f2072d526265aabff2,67906d8ff559c494f8c2f06c,,,,,,,,,,,,,,,,,,,,,,,,,,,,,,,,,,,,,,,,,,,,,b,1,2.687,0,9,9,5,1,PracticeStim/26_150.jpg,150,Same,b,,,,,,,,,,,,,,,,,
,,,,,,,,660e2337aad9e33736f08e84,2025-01-21_20h01.57.693,VisualArraysMentalRotation_v4,2021.1.4,Win32,59.95203837,679054f2072d526265aabff2,67906d8ff559c494f8c2f06c,,,,,,,,,,,,,,,,,,,,,,,,,,,,,,,,,,,,,,,,,,,,,b,1,2.405,0,10,10,3,1,PracticeStim/18_150.jpg,150,Same,b,,,,,,,,,,,,,,,,,
,,,,,,,,660e2337aad9e33736f08e84,2025-01-21_20h01.57.693,VisualArraysMentalRotation_v4,2021.1.4,Win32,59.95203837,679054f2072d526265aabff2,67906d8ff559c494f8c2f06c,,,,,,,,,,,,,,,,,,,,,,,,,,,,,,,,,,,,,,,,,,,,,b,1,3.319,0,11,11,11,1,PracticeStim/42_50.jpg,50,Same,b,,,,,,,,,,,,,,,,,
,,,,,,,,660e2337aad9e33736f08e84,2025-01-21_20h01.57.693,VisualArraysMentalRotation_v4,2021.1.4,Win32,59.95203837,679054f2072d526265aabff2,67906d8ff559c494f8c2f06c,,,,,,,,,,,,,,,,,,,,,,,,,,,,,,,,,,,,,,,,,,,,,,,,,,,,,,,,,Stimuli/44_50_R.jpg,Different,50,n,b,0,2.912,0,0,0,0,1,,,,,
,,,,,,,,660e2337aad9e33736f08e84,2025-01-21_20h01.57.693,VisualArraysMentalRotation_v4,2021.1.4,Win32,59.95203837,679054f2072d526265aabff2,67906d8ff559c494f8c2f06c,,,,,,,,,,,,,,,,,,,,,,,,,,,,,,,,,,,,,,,,,,,,,,,,,,,,,,,,,Stimuli/22_150_R.jpg,Different,150,n,n,1,4.838,1,0,1,0,1,,,,,
,,,,,,,,660e2337aad9e33736f08e84,2025-01-21_20h01.57.693,VisualArraysMentalRotation_v4,2021.1.4,Win32,59.95203837,679054f2072d526265aabff2,67906d8ff559c494f8c2f06c,,,,,,,,,,,,,,,,,,,,,,,,,,,,,,,,,,,,,,,,,,,,,,,,,,,,,,,,,Stimuli/43_50.jpg,Same,50,b,b,1,4.108,2,0,2,0,1,,,,,
,,,,,,,,660e2337aad9e33736f08e84,2025-01-21_20h01.57.693,VisualArraysMentalRotation_v4,2021.1.4,Win32,59.95203837,679054f2072d526265aabff2,67906d8ff559c494f8c2f06c,,,,,,,,,,,,,,,,,,,,,,,,,,,,,,,,,,,,,,,,,,,,,,,,,,,,,,,,,Stimuli/22_0_R.jpg,Different,0,n,b,0,3.382,3,0,3,0,1,,,,,
,,,,,,,,660e2337aad9e33736f08e84,2025-01-21_20h01.57.693,VisualArraysMentalRotation_v4,2021.1.4,Win32,59.95203837,679054f2072d526265aabff2,67906d8ff559c494f8c2f06c,,,,,,,,,,,,,,,,,,,,,,,,,,,,,,,,,,,,,,,,,,,,,,,,,,,,,,,,,Stimuli/19_100.jpg,Same,100,b,b,1,2.511,4,0,4,0,1,,,,,
,,,,,,,,660e2337aad9e33736f08e84,2025-01-21_20h01.57.693,VisualArraysMentalRotation_v4,2021.1.4,Win32,59.95203837,679054f2072d526265aabff2,67906d8ff559c494f8c2f06c,,,,,,,,,,,,,,,,,,,,,,,,,,,,,,,,,,,,,,,,,,,,,,,,,,,,,,,,,Stimuli/44_100_R.jpg,Different,100,n,b,0,2.854,5,0,5,0,1,,,,,
,,,,,,,,660e2337aad9e33736f08e84,2025-01-21_20h01.57.693,VisualArraysMentalRotation_v4,2021.1.4,Win32,59.95203837,679054f2072d526265aabff2,67906d8ff559c494f8c2f06c,,,,,,,,,,,,,,,,,,,,,,,,,,,,,,,,,,,,,,,,,,,,,,,,,,,,,,,,,Stimuli/3_50.jpg,Same,50,b,b,1,3.176,6,0,6,0,1,,,,,
,,,,,,,,660e2337aad9e33736f08e84,2025-01-21_20h01.57.693,VisualArraysMentalRotation_v4,2021.1.4,Win32,59.95203837,679054f2072d526265aabff2,67906d8ff559c494f8c2f06c,,,,,,,,,,,,,,,,,,,,,,,,,,,,,,,,,,,,,,,,,,,,,,,,,,,,,,,,,Stimuli/27_0_R.jpg,Different,0,n,n,1,4.521,7,0,7,0,1,,,,,
,,,,,,,,660e2337aad9e33736f08e84,2025-01-21_20h01.57.693,VisualArraysMentalRotation_v4,2021.1.4,Win32,59.95203837,679054f2072d526265aabff2,67906d8ff559c494f8c2f06c,,,,,,,,,,,,,,,,,,,,,,,,,,,,,,,,,,,,,,,,,,,,,,,,,,,,,,,,,Stimuli/38_150.jpg,Same,150,b,b,1,2.641,8,0,8,0,1,,,,,
,,,,,,,,660e2337aad9e33736f08e84,2025-01-21_20h01.57.693,VisualArraysMentalRotation_v4,2021.1.4,Win32,59.95203837,679054f2072d526265aabff2,67906d8ff559c494f8c2f06c,,,,,,,,,,,,,,,,,,,,,,,,,,,,,,,,,,,,,,,,,,,,,,,,,,,,,,,,,Stimuli/21_50.jpg,Same,50,b,b,1,2.625,9,0,9,0,1,,,,,
,,,,,,,,660e2337aad9e33736f08e84,2025-01-21_20h01.57.693,VisualArraysMentalRotation_v4,2021.1.4,Win32,59.95203837,679054f2072d526265aabff2,67906d8ff559c494f8c2f06c,,,,,,,,,,,,,,,,,,,,,,,,,,,,,,,,,,,,,,,,,,,,,,,,,,,,,,,,,Stimuli/32_150_R.jpg,Different,150,n,b,0,6.108,10,0,10,0,1,,,,,
,,,,,,,,660e2337aad9e33736f08e84,2025-01-21_20h01.57.693,VisualArraysMentalRotation_v4,2021.1.4,Win32,59.95203837,679054f2072d526265aabff2,67906d8ff559c494f8c2f06c,,,,,,,,,,,,,,,,,,,,,,,,,,,,,,,,,,,,,,,,,,,,,,,,,,,,,,,,,Stimuli/21_50_R.jpg,Different,50,n,b,0,3.99,11,0,11,0,1,,,,,
,,,,,,,,660e2337aad9e33736f08e84,2025-01-21_20h01.57.693,VisualArraysMentalRotation_v4,2021.1.4,Win32,59.95203837,679054f2072d526265aabff2,67906d8ff559c494f8c2f06c,,,,,,,,,,,,,,,,,,,,,,,,,,,,,,,,,,,,,,,,,,,,,,,,,,,,,,,,,Stimuli/16_100_R.jpg,Different,100,n,b,0,2.849,12,0,12,0,1,,,,,
,,,,,,,,660e2337aad9e33736f08e84,2025-01-21_20h01.57.693,VisualArraysMentalRotation_v4,2021.1.4,Win32,59.95203837,679054f2072d526265aabff2,67906d8ff559c494f8c2f06c,,,,,,,,,,,,,,,,,,,,,,,,,,,,,,,,,,,,,,,,,,,,,,,,,,,,,,,,,Stimuli/16_100.jpg,Same,100,b,b,1,2.577,13,0,13,0,1,,,,,
,,,,,,,,660e2337aad9e33736f08e84,2025-01-21_20h01.57.693,VisualArraysMentalRotation_v4,2021.1.4,Win32,59.95203837,679054f2072d526265aabff2,67906d8ff559c494f8c2f06c,,,,,,,,,,,,,,,,,,,,,,,,,,,,,,,,,,,,,,,,,,,,,,,,,,,,,,,,,Stimuli/43_150_R.jpg,Different,150,n,b,0,7.231,14,0,14,0,1,,,,,
,,,,,,,,660e2337aad9e33736f08e84,2025-01-21_20h01.57.693,VisualArraysMentalRotation_v4,2021.1.4,Win32,59.95203837,679054f2072d526265aabff2,67906d8ff559c494f8c2f06c,,,,,,,,,,,,,,,,,,,,,,,,,,,,,,,,,,,,,,,,,,,,,,,,,,,,,,,,,Stimuli/28_50.jpg,Same,50,b,b,1,2.621,15,0,15,0,1,,,,,
,,,,,,,,660e2337aad9e33736f08e84,2025-01-21_20h01.57.693,VisualArraysMentalRotation_v4,2021.1.4,Win32,59.95203837,679054f2072d526265aabff2,67906d8ff559c494f8c2f06c,,,,,,,,,,,,,,,,,,,,,,,,,,,,,,,,,,,,,,,,,,,,,,,,,,,,,,,,,Stimuli/38_50.jpg,Same,50,b,b,1,2.311,16,0,16,0,1,,,,,
,,,,,,,,660e2337aad9e33736f08e84,2025-01-21_20h01.57.693,VisualArraysMentalRotation_v4,2021.1.4,Win32,59.95203837,679054f2072d526265aabff2,67906d8ff559c494f8c2f06c,,,,,,,,,,,,,,,,,,,,,,,,,,,,,,,,,,,,,,,,,,,,,,,,,,,,,,,,,Stimuli/22_50.jpg,Same,50,b,b,1,2.448,17,0,17,0,1,,,,,
,,,,,,,,660e2337aad9e33736f08e84,2025-01-21_20h01.57.693,VisualArraysMentalRotation_v4,2021.1.4,Win32,59.95203837,679054f2072d526265aabff2,67906d8ff559c494f8c2f06c,,,,,,,,,,,,,,,,,,,,,,,,,,,,,,,,,,,,,,,,,,,,,,,,,,,,,,,,,Stimuli/21_150_R.jpg,Different,150,n,b,0,6.967,18,0,18,0,1,,,,,
,,,,,,,,660e2337aad9e33736f08e84,2025-01-21_20h01.57.693,VisualArraysMentalRotation_v4,2021.1.4,Win32,59.95203837,679054f2072d526265aabff2,67906d8ff559c494f8c2f06c,,,,,,,,,,,,,,,,,,,,,,,,,,,,,,,,,,,,,,,,,,,,,,,,,,,,,,,,,Stimuli/38_0.jpg,Same,0,b,b,1,2.383,19,0,19,0,1,,,,,
,,,,,,,,660e2337aad9e33736f08e84,2025-01-21_20h01.57.693,VisualArraysMentalRotation_v4,2021.1.4,Win32,59.95203837,679054f2072d526265aabff2,67906d8ff559c494f8c2f06c,,,,,,,,,,,,,,,,,,,,,,,,,,,,,,,,,,,,,,,,,,,,,,,,,,,,,,,,,Stimuli/27_50_R.jpg,Different,50,n,n,1,4.15,20,0,20,0,1,,,,,
,,,,,,,,660e2337aad9e33736f08e84,2025-01-21_20h01.57.693,VisualArraysMentalRotation_v4,2021.1.4,Win32,59.95203837,679054f2072d526265aabff2,67906d8ff559c494f8c2f06c,,,,,,,,,,,,,,,,,,,,,,,,,,,,,,,,,,,,,,,,,,,,,,,,,,,,,,,,,Stimuli/16_150_R.jpg,Different,150,n,b,0,1.846,21,0,21,0,1,,,,,
,,,,,,,,660e2337aad9e33736f08e84,2025-01-21_20h01.57.693,VisualArraysMentalRotation_v4,2021.1.4,Win32,59.95203837,679054f2072d526265aabff2,67906d8ff559c494f8c2f06c,,,,,,,,,,,,,,,,,,,,,,,,,,,,,,,,,,,,,,,,,,,,,,,,,,,,,,,,,Stimuli/43_100.jpg,Same,100,b,b,1,3.408,22,0,22,0,1,,,,,
,,,,,,,,660e2337aad9e33736f08e84,2025-01-21_20h01.57.693,VisualArraysMentalRotation_v4,2021.1.4,Win32,59.95203837,679054f2072d526265aabff2,67906d8ff559c494f8c2f06c,,,,,,,,,,,,,,,,,,,,,,,,,,,,,,,,,,,,,,,,,,,,,,,,,,,,,,,,,Stimuli/40_0.jpg,Same,0,b,b,1,2.107,23,0,23,0,1,,,,,
,,,,,,,,660e2337aad9e33736f08e84,2025-01-21_20h01.57.693,VisualArraysMentalRotation_v4,2021.1.4,Win32,59.95203837,679054f2072d526265aabff2,67906d8ff559c494f8c2f06c,,,,,,,,,,,,,,,,,,,,,,,,,,,,,,,,,,,,,,,,,,,,,,,,,,,,,,,,,Stimuli/27_100_R.jpg,Different,100,n,n,1,7.146,24,0,24,0,1,,,,,
,,,,,,,,660e2337aad9e33736f08e84,2025-01-21_20h01.57.693,VisualArraysMentalRotation_v4,2021.1.4,Win32,59.95203837,679054f2072d526265aabff2,67906d8ff559c494f8c2f06c,,,,,,,,,,,,,,,,,,,,,,,,,,,,,,,,,,,,,,,,,,,,,,,,,,,,,,,,,Stimuli/28_0.jpg,Same,0,b,b,1,1.892,25,0,25,0,1,,,,,
,,,,,,,,660e2337aad9e33736f08e84,2025-01-21_20h01.57.693,VisualArraysMentalRotation_v4,2021.1.4,Win32,59.95203837,679054f2072d526265aabff2,67906d8ff559c494f8c2f06c,,,,,,,,,,,,,,,,,,,,,,,,,,,,,,,,,,,,,,,,,,,,,,,,,,,,,,,,,Stimuli/19_0_R.jpg,Different,0,n,n,1,1.26,26,0,26,0,1,,,,,
,,,,,,,,660e2337aad9e33736f08e84,2025-01-21_20h01.57.693,VisualArraysMentalRotation_v4,2021.1.4,Win32,59.95203837,679054f2072d526265aabff2,67906d8ff559c494f8c2f06c,,,,,,,,,,,,,,,,,,,,,,,,,,,,,,,,,,,,,,,,,,,,,,,,,,,,,,,,,Stimuli/27_100.jpg,Same,100,b,b,1,6.752,27,0,27,0,1,,,,,
,,,,,,,,660e2337aad9e33736f08e84,2025-01-21_20h01.57.693,VisualArraysMentalRotation_v4,2021.1.4,Win32,59.95203837,679054f2072d526265aabff2,67906d8ff559c494f8c2f06c,,,,,,,,,,,,,,,,,,,,,,,,,,,,,,,,,,,,,,,,,,,,,,,,,,,,,,,,,Stimuli/32_150.jpg,Same,150,b,b,1,4.45,28,0,28,0,1,,,,,
,,,,,,,,660e2337aad9e33736f08e84,2025-01-21_20h01.57.693,VisualArraysMentalRotation_v4,2021.1.4,Win32,59.95203837,679054f2072d526265aabff2,67906d8ff559c494f8c2f06c,,,,,,,,,,,,,,,,,,,,,,,,,,,,,,,,,,,,,,,,,,,,,,,,,,,,,,,,,Stimuli/3_50_R.jpg,Different,50,n,b,0,5.887,29,0,29,0,1,,,,,
,,,,,,,,660e2337aad9e33736f08e84,2025-01-21_20h01.57.693,VisualArraysMentalRotation_v4,2021.1.4,Win32,59.95203837,679054f2072d526265aabff2,67906d8ff559c494f8c2f06c,,,,,,,,,,,,,,,,,,,,,,,,,,,,,,,,,,,,,,,,,,,,,,,,,,,,,,,,,Stimuli/16_150.jpg,Same,150,b,b,1,1.867,30,0,30,0,1,,,,,
,,,,,,,,660e2337aad9e33736f08e84,2025-01-21_20h01.57.693,VisualArraysMentalRotation_v4,2021.1.4,Win32,59.95203837,679054f2072d526265aabff2,67906d8ff559c494f8c2f06c,,,,,,,,,,,,,,,,,,,,,,,,,,,,,,,,,,,,,,,,,,,,,,,,,,,,,,,,,Stimuli/21_100_R.jpg,Different,100,n,b,0,2.365,31,0,31,0,1,,,,,
,,,,,,,,660e2337aad9e33736f08e84,2025-01-21_20h01.57.693,VisualArraysMentalRotation_v4,2021.1.4,Win32,59.95203837,679054f2072d526265aabff2,67906d8ff559c494f8c2f06c,,,,,,,,,,,,,,,,,,,,,,,,,,,,,,,,,,,,,,,,,,,,,,,,,,,,,,,,,Stimuli/19_150.jpg,Same,150,b,b,1,2.081,32,0,32,0,1,,,,,
,,,,,,,,660e2337aad9e33736f08e84,2025-01-21_20h01.57.693,VisualArraysMentalRotation_v4,2021.1.4,Win32,59.95203837,679054f2072d526265aabff2,67906d8ff559c494f8c2f06c,,,,,,,,,,,,,,,,,,,,,,,,,,,,,,,,,,,,,,,,,,,,,,,,,,,,,,,,,Stimuli/3_0_R.jpg,Different,0,n,n,1,5.001,33,0,33,0,1,,,,,
,,,,,,,,660e2337aad9e33736f08e84,2025-01-21_20h01.57.693,VisualArraysMentalRotation_v4,2021.1.4,Win32,59.95203837,679054f2072d526265aabff2,67906d8ff559c494f8c2f06c,,,,,,,,,,,,,,,,,,,,,,,,,,,,,,,,,,,,,,,,,,,,,,,,,,,,,,,,,Stimuli/21_0_R.jpg,Different,0,n,n,1,3.81,34,0,34,0,1,,,,,
,,,,,,,,660e2337aad9e33736f08e84,2025-01-21_20h01.57.693,VisualArraysMentalRotation_v4,2021.1.4,Win32,59.95203837,679054f2072d526265aabff2,67906d8ff559c494f8c2f06c,,,,,,,,,,,,,,,,,,,,,,,,,,,,,,,,,,,,,,,,,,,,,,,,,,,,,,,,,Stimuli/19_0.jpg,Same,0,b,b,1,1.867,35,0,35,0,1,,,,,
,,,,,,,,660e2337aad9e33736f08e84,2025-01-21_20h01.57.693,VisualArraysMentalRotation_v4,2021.1.4,Win32,59.95203837,679054f2072d526265aabff2,67906d8ff559c494f8c2f06c,,,,,,,,,,,,,,,,,,,,,,,,,,,,,,,,,,,,,,,,,,,,,,,,,,,,,,,,,Stimuli/38_100.jpg,Same,100,b,b,1,2.101,36,0,36,0,1,,,,,
,,,,,,,,660e2337aad9e33736f08e84,2025-01-21_20h01.57.693,VisualArraysMentalRotation_v4,2021.1.4,Win32,59.95203837,679054f2072d526265aabff2,67906d8ff559c494f8c2f06c,,,,,,,,,,,,,,,,,,,,,,,,,,,,,,,,,,,,,,,,,,,,,,,,,,,,,,,,,Stimuli/28_150_R.jpg,Different,150,n,b,0,4.579,37,0,37,0,1,,,,,
,,,,,,,,660e2337aad9e33736f08e84,2025-01-21_20h01.57.693,VisualArraysMentalRotation_v4,2021.1.4,Win32,59.95203837,679054f2072d526265aabff2,67906d8ff559c494f8c2f06c,,,,,,,,,,,,,,,,,,,,,,,,,,,,,,,,,,,,,,,,,,,,,,,,,,,,,,,,,Stimuli/16_0.jpg,Same,0,b,b,1,2.55,38,0,38,0,1,,,,,
,,,,,,,,660e2337aad9e33736f08e84,2025-01-21_20h01.57.693,VisualArraysMentalRotation_v4,2021.1.4,Win32,59.95203837,679054f2072d526265aabff2,67906d8ff559c494f8c2f06c,,,,,,,,,,,,,,,,,,,,,,,,,,,,,,,,,,,,,,,,,,,,,,,,,,,,,,,,,Stimuli/3_150.jpg,Same,150,b,b,1,5.165,39,0,39,0,1,,,,,
,,,,,,,,660e2337aad9e33736f08e84,2025-01-21_20h01.57.693,VisualArraysMentalRotation_v4,2021.1.4,Win32,59.95203837,679054f2072d526265aabff2,67906d8ff559c494f8c2f06c,,,,,,,,,,,,,,,,,,,,,,,,,,,,,,,,,,,,,,,,,,,,,,,,,,,,,,,,,Stimuli/40_100.jpg,Same,100,b,b,1,4.719,40,0,40,0,1,,,,,
,,,,,,,,660e2337aad9e33736f08e84,2025-01-21_20h01.57.693,VisualArraysMentalRotation_v4,2021.1.4,Win32,59.95203837,679054f2072d526265aabff2,67906d8ff559c494f8c2f06c,,,,,,,,,,,,,,,,,,,,,,,,,,,,,,,,,,,,,,,,,,,,,,,,,,,,,,,,,Stimuli/38_0_R.jpg,Different,0,n,n,1,3.218,41,0,41,0,1,,,,,
,,,,,,,,660e2337aad9e33736f08e84,2025-01-21_20h01.57.693,VisualArraysMentalRotation_v4,2021.1.4,Win32,59.95203837,679054f2072d526265aabff2,67906d8ff559c494f8c2f06c,,,,,,,,,,,,,,,,,,,,,,,,,,,,,,,,,,,,,,,,,,,,,,,,,,,,,,,,,Stimuli/16_50_R.jpg,Different,50,n,n,1,6.157,42,0,42,0,1,,,,,
,,,,,,,,660e2337aad9e33736f08e84,2025-01-21_20h01.57.693,VisualArraysMentalRotation_v4,2021.1.4,Win32,59.95203837,679054f2072d526265aabff2,67906d8ff559c494f8c2f06c,,,,,,,,,,,,,,,,,,,,,,,,,,,,,,,,,,,,,,,,,,,,,,,,,,,,,,,,,Stimuli/38_100_R.jpg,Different,100,n,b,0,7.407,43,0,43,0,1,,,,,
,,,,,,,,660e2337aad9e33736f08e84,2025-01-21_20h01.57.693,VisualArraysMentalRotation_v4,2021.1.4,Win32,59.95203837,679054f2072d526265aabff2,67906d8ff559c494f8c2f06c,,,,,,,,,,,,,,,,,,,,,,,,,,,,,,,,,,,,,,,,,,,,,,,,,,,,,,,,,Stimuli/32_0.jpg,Same,0,b,b,1,4.828,44,0,44,0,1,,,,,
,,,,,,,,660e2337aad9e33736f08e84,2025-01-21_20h01.57.693,VisualArraysMentalRotation_v4,2021.1.4,Win32,59.95203837,679054f2072d526265aabff2,67906d8ff559c494f8c2f06c,,,,,,,,,,,,,,,,,,,,,,,,,,,,,,,,,,,,,,,,,,,,,,,,,,,,,,,,,Stimuli/19_100_R.jpg,Different,100,n,n,1,3.118,45,0,45,0,1,,,,,
,,,,,,,,660e2337aad9e33736f08e84,2025-01-21_20h01.57.693,VisualArraysMentalRotation_v4,2021.1.4,Win32,59.95203837,679054f2072d526265aabff2,67906d8ff559c494f8c2f06c,,,,,,,,,,,,,,,,,,,,,,,,,,,,,,,,,,,,,,,,,,,,,,,,,,,,,,,,,Stimuli/32_50_R.jpg,Different,50,n,b,0,1.757,46,0,46,0,1,,,,,
,,,,,,,,660e2337aad9e33736f08e84,2025-01-21_20h01.57.693,VisualArraysMentalRotation_v4,2021.1.4,Win32,59.95203837,679054f2072d526265aabff2,67906d8ff559c494f8c2f06c,,,,,,,,,,,,,,,,,,,,,,,,,,,,,,,,,,,,,,,,,,,,,,,,,,,,,,,,,Stimuli/28_150.jpg,Same,150,b,b,1,3.906,47,0,47,0,1,,,,,
,,,,,,,,660e2337aad9e33736f08e84,2025-01-21_20h01.57.693,VisualArraysMentalRotation_v4,2021.1.4,Win32,59.95203837,679054f2072d526265aabff2,67906d8ff559c494f8c2f06c,,,,,,,,,,,,,,,,,,,,,,,,,,,,,,,,,,,,,,,,,,,,,,,,,,,,,,,,,Stimuli/3_100_R.jpg,Different,100,n,,0,,48,0,48,0,1,,,,,
,,,,,,,,660e2337aad9e33736f08e84,2025-01-21_20h01.57.693,VisualArraysMentalRotation_v4,2021.1.4,Win32,59.95203837,679054f2072d526265aabff2,67906d8ff559c494f8c2f06c,,,,,,,,,,,,,,,,,,,,,,,,,,,,,,,,,,,,,,,,,,,,,,,,,,,,,,,,,Stimuli/3_150_R.jpg,Different,150,n,b,0,2.955,49,0,49,0,1,,,,,
,,,,,,,,660e2337aad9e33736f08e84,2025-01-21_20h01.57.693,VisualArraysMentalRotation_v4,2021.1.4,Win32,59.95203837,679054f2072d526265aabff2,67906d8ff559c494f8c2f06c,,,,,,,,,,,,,,,,,,,,,,,,,,,,,,,,,,,,,,,,,,,,,,,,,,,,,,,,,Stimuli/3_100.jpg,Same,100,b,b,1,3.504,50,0,50,0,1,,,,,
,,,,,,,,660e2337aad9e33736f08e84,2025-01-21_20h01.57.693,VisualArraysMentalRotation_v4,2021.1.4,Win32,59.95203837,679054f2072d526265aabff2,67906d8ff559c494f8c2f06c,,,,,,,,,,,,,,,,,,,,,,,,,,,,,,,,,,,,,,,,,,,,,,,,,,,,,,,,,Stimuli/40_0_R.jpg,Different,0,n,n,1,2.004,51,0,51,0,1,,,,,
,,,,,,,,660e2337aad9e33736f08e84,2025-01-21_20h01.57.693,VisualArraysMentalRotation_v4,2021.1.4,Win32,59.95203837,679054f2072d526265aabff2,67906d8ff559c494f8c2f06c,,,,,,,,,,,,,,,,,,,,,,,,,,,,,,,,,,,,,,,,,,,,,,,,,,,,,,,,,Stimuli/22_100_R.jpg,Different,100,n,b,0,2.225,52,0,52,0,1,,,,,
,,,,,,,,660e2337aad9e33736f08e84,2025-01-21_20h01.57.693,VisualArraysMentalRotation_v4,2021.1.4,Win32,59.95203837,679054f2072d526265aabff2,67906d8ff559c494f8c2f06c,,,,,,,,,,,,,,,,,,,,,,,,,,,,,,,,,,,,,,,,,,,,,,,,,,,,,,,,,Stimuli/27_150.jpg,Same,150,b,b,1,7.196,53,0,53,0,1,,,,,
,,,,,,,,660e2337aad9e33736f08e84,2025-01-21_20h01.57.693,VisualArraysMentalRotation_v4,2021.1.4,Win32,59.95203837,679054f2072d526265aabff2,67906d8ff559c494f8c2f06c,,,,,,,,,,,,,,,,,,,,,,,,,,,,,,,,,,,,,,,,,,,,,,,,,,,,,,,,,Stimuli/43_50_R.jpg,Different,50,n,n,1,5.268,54,0,54,0,1,,,,,
,,,,,,,,660e2337aad9e33736f08e84,2025-01-21_20h01.57.693,VisualArraysMentalRotation_v4,2021.1.4,Win32,59.95203837,679054f2072d526265aabff2,67906d8ff559c494f8c2f06c,,,,,,,,,,,,,,,,,,,,,,,,,,,,,,,,,,,,,,,,,,,,,,,,,,,,,,,,,Stimuli/38_50_R.jpg,Different,50,n,n,1,3.938,55,0,55,0,1,,,,,
,,,,,,,,660e2337aad9e33736f08e84,2025-01-21_20h01.57.693,VisualArraysMentalRotation_v4,2021.1.4,Win32,59.95203837,679054f2072d526265aabff2,67906d8ff559c494f8c2f06c,,,,,,,,,,,,,,,,,,,,,,,,,,,,,,,,,,,,,,,,,,,,,,,,,,,,,,,,,Stimuli/40_150_R.jpg,Different,150,n,,0,,56,0,56,0,1,,,,,
,,,,,,,,660e2337aad9e33736f08e84,2025-01-21_20h01.57.693,VisualArraysMentalRotation_v4,2021.1.4,Win32,59.95203837,679054f2072d526265aabff2,67906d8ff559c494f8c2f06c,,,,,,,,,,,,,,,,,,,,,,,,,,,,,,,,,,,,,,,,,,,,,,,,,,,,,,,,,Stimuli/43_150.jpg,Same,150,b,b,1,4.874,57,0,57,0,1,,,,,
,,,,,,,,660e2337aad9e33736f08e84,2025-01-21_20h01.57.693,VisualArraysMentalRotation_v4,2021.1.4,Win32,59.95203837,679054f2072d526265aabff2,67906d8ff559c494f8c2f06c,,,,,,,,,,,,,,,,,,,,,,,,,,,,,,,,,,,,,,,,,,,,,,,,,,,,,,,,,Stimuli/22_100.jpg,Same,100,b,b,1,2.176,58,0,58,0,1,,,,,
,,,,,,,,660e2337aad9e33736f08e84,2025-01-21_20h01.57.693,VisualArraysMentalRotation_v4,2021.1.4,Win32,59.95203837,679054f2072d526265aabff2,67906d8ff559c494f8c2f06c,,,,,,,,,,,,,,,,,,,,,,,,,,,,,,,,,,,,,,,,,,,,,,,,,,,,,,,,,Stimuli/44_0.jpg,Same,0,b,b,1,2.414,59,0,59,0,1,,,,,
,,,,,,,,660e2337aad9e33736f08e84,2025-01-21_20h01.57.693,VisualArraysMentalRotation_v4,2021.1.4,Win32,59.95203837,679054f2072d526265aabff2,67906d8ff559c494f8c2f06c,,,,,,,,,,,,,,,,,,,,,,,,,,,,,,,,,,,,,,,,,,,,,,,,,,,,,,,,,Stimuli/43_100_R.jpg,Different,100,n,b,0,4.224,60,0,60,0,1,,,,,
,,,,,,,,660e2337aad9e33736f08e84,2025-01-21_20h01.57.693,VisualArraysMentalRotation_v4,2021.1.4,Win32,59.95203837,679054f2072d526265aabff2,67906d8ff559c494f8c2f06c,,,,,,,,,,,,,,,,,,,,,,,,,,,,,,,,,,,,,,,,,,,,,,,,,,,,,,,,,Stimuli/21_0.jpg,Same,0,b,b,1,0.984,61,0,61,0,1,,,,,
,,,,,,,,660e2337aad9e33736f08e84,2025-01-21_20h01.57.693,VisualArraysMentalRotation_v4,2021.1.4,Win32,59.95203837,679054f2072d526265aabff2,67906d8ff559c494f8c2f06c,,,,,,,,,,,,,,,,,,,,,,,,,,,,,,,,,,,,,,,,,,,,,,,,,,,,,,,,,Stimuli/16_0_R.jpg,Different,0,n,n,1,1.222,62,0,62,0,1,,,,,
,,,,,,,,660e2337aad9e33736f08e84,2025-01-21_20h01.57.693,VisualArraysMentalRotation_v4,2021.1.4,Win32,59.95203837,679054f2072d526265aabff2,67906d8ff559c494f8c2f06c,,,,,,,,,,,,,,,,,,,,,,,,,,,,,,,,,,,,,,,,,,,,,,,,,,,,,,,,,Stimuli/43_0.jpg,Same,0,b,b,1,1.161,63,0,63,0,1,,,,,
,,,,,,,,660e2337aad9e33736f08e84,2025-01-21_20h01.57.693,VisualArraysMentalRotation_v4,2021.1.4,Win32,59.95203837,679054f2072d526265aabff2,67906d8ff559c494f8c2f06c,,,,,,,,,,,,,,,,,,,,,,,,,,,,,,,,,,,,,,,,,,,,,,,,,,,,,,,,,Stimuli/44_150_R.jpg,Different,150,n,n,1,4.552,64,0,64,0,1,,,,,
,,,,,,,,660e2337aad9e33736f08e84,2025-01-21_20h01.57.693,VisualArraysMentalRotation_v4,2021.1.4,Win32,59.95203837,679054f2072d526265aabff2,67906d8ff559c494f8c2f06c,,,,,,,,,,,,,,,,,,,,,,,,,,,,,,,,,,,,,,,,,,,,,,,,,,,,,,,,,Stimuli/28_100_R.jpg,Different,100,n,n,1,4.075,65,0,65,0,1,,,,,
,,,,,,,,660e2337aad9e33736f08e84,2025-01-21_20h01.57.693,VisualArraysMentalRotation_v4,2021.1.4,Win32,59.95203837,679054f2072d526265aabff2,67906d8ff559c494f8c2f06c,,,,,,,,,,,,,,,,,,,,,,,,,,,,,,,,,,,,,,,,,,,,,,,,,,,,,,,,,Stimuli/3_0.jpg,Same,0,b,b,1,1.602,66,0,66,0,1,,,,,
,,,,,,,,660e2337aad9e33736f08e84,2025-01-21_20h01.57.693,VisualArraysMentalRotation_v4,2021.1.4,Win32,59.95203837,679054f2072d526265aabff2,67906d8ff559c494f8c2f06c,,,,,,,,,,,,,,,,,,,,,,,,,,,,,,,,,,,,,,,,,,,,,,,,,,,,,,,,,Stimuli/27_150_R.jpg,Different,150,n,n,1,4.205,67,0,67,0,1,,,,,
,,,,,,,,660e2337aad9e33736f08e84,2025-01-21_20h01.57.693,VisualArraysMentalRotation_v4,2021.1.4,Win32,59.95203837,679054f2072d526265aabff2,67906d8ff559c494f8c2f06c,,,,,,,,,,,,,,,,,,,,,,,,,,,,,,,,,,,,,,,,,,,,,,,,,,,,,,,,,Stimuli/19_150_R.jpg,Different,150,n,b,0,1.48,68,0,68,0,1,,,,,
,,,,,,,,660e2337aad9e33736f08e84,2025-01-21_20h01.57.693,VisualArraysMentalRotation_v4,2021.1.4,Win32,59.95203837,679054f2072d526265aabff2,67906d8ff559c494f8c2f06c,,,,,,,,,,,,,,,,,,,,,,,,,,,,,,,,,,,,,,,,,,,,,,,,,,,,,,,,,Stimuli/32_0_R.jpg,Different,0,n,n,1,1.281,69,0,69,0,1,,,,,
,,,,,,,,660e2337aad9e33736f08e84,2025-01-21_20h01.57.693,VisualArraysMentalRotation_v4,2021.1.4,Win32,59.95203837,679054f2072d526265aabff2,67906d8ff559c494f8c2f06c,,,,,,,,,,,,,,,,,,,,,,,,,,,,,,,,,,,,,,,,,,,,,,,,,,,,,,,,,Stimuli/16_50.jpg,Same,50,b,b,1,4.184,70,0,70,0,1,,,,,
,,,,,,,,660e2337aad9e33736f08e84,2025-01-21_20h01.57.693,VisualArraysMentalRotation_v4,2021.1.4,Win32,59.95203837,679054f2072d526265aabff2,67906d8ff559c494f8c2f06c,,,,,,,,,,,,,,,,,,,,,,,,,,,,,,,,,,,,,,,,,,,,,,,,,,,,,,,,,Stimuli/22_0.jpg,Same,0,b,b,1,0.889,71,0,71,0,1,,,,,
,,,,,,,,660e2337aad9e33736f08e84,2025-01-21_20h01.57.693,VisualArraysMentalRotation_v4,2021.1.4,Win32,59.95203837,679054f2072d526265aabff2,67906d8ff559c494f8c2f06c,,,,,,,,,,,,,,,,,,,,,,,,,,,,,,,,,,,,,,,,,,,,,,,,,,,,,,,,,Stimuli/21_100.jpg,Same,100,b,b,1,3.108,72,0,72,0,1,,,,,
,,,,,,,,660e2337aad9e33736f08e84,2025-01-21_20h01.57.693,VisualArraysMentalRotation_v4,2021.1.4,Win32,59.95203837,679054f2072d526265aabff2,67906d8ff559c494f8c2f06c,,,,,,,,,,,,,,,,,,,,,,,,,,,,,,,,,,,,,,,,,,,,,,,,,,,,,,,,,Stimuli/22_50_R.jpg,Different,50,n,n,1,2.105,73,0,73,0,1,,,,,
,,,,,,,,660e2337aad9e33736f08e84,2025-01-21_20h01.57.693,VisualArraysMentalRotation_v4,2021.1.4,Win32,59.95203837,679054f2072d526265aabff2,67906d8ff559c494f8c2f06c,,,,,,,,,,,,,,,,,,,,,,,,,,,,,,,,,,,,,,,,,,,,,,,,,,,,,,,,,Stimuli/21_150.jpg,Same,150,b,b,1,2.225,74,0,74,0,1,,,,,
,,,,,,,,660e2337aad9e33736f08e84,2025-01-21_20h01.57.693,VisualArraysMentalRotation_v4,2021.1.4,Win32,59.95203837,679054f2072d526265aabff2,67906d8ff559c494f8c2f06c,,,,,,,,,,,,,,,,,,,,,,,,,,,,,,,,,,,,,,,,,,,,,,,,,,,,,,,,,Stimuli/40_100_R.jpg,Different,100,n,b,0,6.932,75,0,75,0,1,,,,,
,,,,,,,,660e2337aad9e33736f08e84,2025-01-21_20h01.57.693,VisualArraysMentalRotation_v4,2021.1.4,Win32,59.95203837,679054f2072d526265aabff2,67906d8ff559c494f8c2f06c,,,,,,,,,,,,,,,,,,,,,,,,,,,,,,,,,,,,,,,,,,,,,,,,,,,,,,,,,Stimuli/32_100.jpg,Same,100,b,b,1,4.222,76,0,76,0,1,,,,,
,,,,,,,,660e2337aad9e33736f08e84,2025-01-21_20h01.57.693,VisualArraysMentalRotation_v4,2021.1.4,Win32,59.95203837,679054f2072d526265aabff2,67906d8ff559c494f8c2f06c,,,,,,,,,,,,,,,,,,,,,,,,,,,,,,,,,,,,,,,,,,,,,,,,,,,,,,,,,Stimuli/32_100_R.jpg,Different,100,n,n,1,3.207,77,0,77,0,1,,,,,
,,,,,,,,660e2337aad9e33736f08e84,2025-01-21_20h01.57.693,VisualArraysMentalRotation_v4,2021.1.4,Win32,59.95203837,679054f2072d526265aabff2,67906d8ff559c494f8c2f06c,,,,,,,,,,,,,,,,,,,,,,,,,,,,,,,,,,,,,,,,,,,,,,,,,,,,,,,,,Stimuli/19_50.jpg,Same,50,b,b,1,1.474,78,0,78,0,1,,,,,
,,,,,,,,660e2337aad9e33736f08e84,2025-01-21_20h01.57.693,VisualArraysMentalRotation_v4,2021.1.4,Win32,59.95203837,679054f2072d526265aabff2,67906d8ff559c494f8c2f06c,,,,,,,,,,,,,,,,,,,,,,,,,,,,,,,,,,,,,,,,,,,,,,,,,,,,,,,,,Stimuli/44_0_R.jpg,Different,0,n,n,1,1.564,79,0,79,0,1,,,,,
,,,,,,,,660e2337aad9e33736f08e84,2025-01-21_20h01.57.693,VisualArraysMentalRotation_v4,2021.1.4,Win32,59.95203837,679054f2072d526265aabff2,67906d8ff559c494f8c2f06c,,,,,,,,,,,,,,,,,,,,,,,,,,,,,,,,,,,,,,,,,,,,,,,,,,,,,,,,,Stimuli/28_0_R.jpg,Different,0,n,n,1,3.078,80,0,80,0,1,,,,,
,,,,,,,,660e2337aad9e33736f08e84,2025-01-21_20h01.57.693,VisualArraysMentalRotation_v4,2021.1.4,Win32,59.95203837,679054f2072d526265aabff2,67906d8ff559c494f8c2f06c,,,,,,,,,,,,,,,,,,,,,,,,,,,,,,,,,,,,,,,,,,,,,,,,,,,,,,,,,Stimuli/27_50.jpg,Same,50,b,b,1,2.839,81,0,81,0,1,,,,,
,,,,,,,,660e2337aad9e33736f08e84,2025-01-21_20h01.57.693,VisualArraysMentalRotation_v4,2021.1.4,Win32,59.95203837,679054f2072d526265aabff2,67906d8ff559c494f8c2f06c,,,,,,,,,,,,,,,,,,,,,,,,,,,,,,,,,,,,,,,,,,,,,,,,,,,,,,,,,Stimuli/27_0.jpg,Same,0,b,b,1,1.305,82,0,82,0,1,,,,,
,,,,,,,,660e2337aad9e33736f08e84,2025-01-21_20h01.57.693,VisualArraysMentalRotation_v4,2021.1.4,Win32,59.95203837,679054f2072d526265aabff2,67906d8ff559c494f8c2f06c,,,,,,,,,,,,,,,,,,,,,,,,,,,,,,,,,,,,,,,,,,,,,,,,,,,,,,,,,Stimuli/44_150.jpg,Same,150,b,b,1,2.482,83,0,83,0,1,,,,,
,,,,,,,,660e2337aad9e33736f08e84,2025-01-21_20h01.57.693,VisualArraysMentalRotation_v4,2021.1.4,Win32,59.95203837,679054f2072d526265aabff2,67906d8ff559c494f8c2f06c,,,,,,,,,,,,,,,,,,,,,,,,,,,,,,,,,,,,,,,,,,,,,,,,,,,,,,,,,Stimuli/19_50_R.jpg,Different,50,n,n,1,1.273,84,0,84,0,1,,,,,
,,,,,,,,660e2337aad9e33736f08e84,2025-01-21_20h01.57.693,VisualArraysMentalRotation_v4,2021.1.4,Win32,59.95203837,679054f2072d526265aabff2,67906d8ff559c494f8c2f06c,,,,,,,,,,,,,,,,,,,,,,,,,,,,,,,,,,,,,,,,,,,,,,,,,,,,,,,,,Stimuli/28_100.jpg,Same,100,b,b,1,2.986,85,0,85,0,1,,,,,
,,,,,,,,660e2337aad9e33736f08e84,2025-01-21_20h01.57.693,VisualArraysMentalRotation_v4,2021.1.4,Win32,59.95203837,679054f2072d526265aabff2,67906d8ff559c494f8c2f06c,,,,,,,,,,,,,,,,,,,,,,,,,,,,,,,,,,,,,,,,,,,,,,,,,,,,,,,,,Stimuli/44_100.jpg,Same,100,b,b,1,2.326,86,0,86,0,1,,,,,
,,,,,,,,660e2337aad9e33736f08e84,2025-01-21_20h01.57.693,VisualArraysMentalRotation_v4,2021.1.4,Win32,59.95203837,679054f2072d526265aabff2,67906d8ff559c494f8c2f06c,,,,,,,,,,,,,,,,,,,,,,,,,,,,,,,,,,,,,,,,,,,,,,,,,,,,,,,,,Stimuli/44_50.jpg,Same,50,b,b,1,4.892,87,0,87,0,1,,,,,
,,,,,,,,660e2337aad9e33736f08e84,2025-01-21_20h01.57.693,VisualArraysMentalRotation_v4,2021.1.4,Win32,59.95203837,679054f2072d526265aabff2,67906d8ff559c494f8c2f06c,,,,,,,,,,,,,,,,,,,,,,,,,,,,,,,,,,,,,,,,,,,,,,,,,,,,,,,,,Stimuli/38_150_R.jpg,Different,150,n,n,1,4.057,88,0,88,0,1,,,,,
,,,,,,,,660e2337aad9e33736f08e84,2025-01-21_20h01.57.693,VisualArraysMentalRotation_v4,2021.1.4,Win32,59.95203837,679054f2072d526265aabff2,67906d8ff559c494f8c2f06c,,,,,,,,,,,,,,,,,,,,,,,,,,,,,,,,,,,,,,,,,,,,,,,,,,,,,,,,,Stimuli/40_50_R.jpg,Different,50,n,n,1,3.042,89,0,89,0,1,,,,,
,,,,,,,,660e2337aad9e33736f08e84,2025-01-21_20h01.57.693,VisualArraysMentalRotation_v4,2021.1.4,Win32,59.95203837,679054f2072d526265aabff2,67906d8ff559c494f8c2f06c,,,,,,,,,,,,,,,,,,,,,,,,,,,,,,,,,,,,,,,,,,,,,,,,,,,,,,,,,Stimuli/40_150.jpg,Same,150,b,b,1,5.37,90,0,90,0,1,,,,,
,,,,,,,,660e2337aad9e33736f08e84,2025-01-21_20h01.57.693,VisualArraysMentalRotation_v4,2021.1.4,Win32,59.95203837,679054f2072d526265aabff2,67906d8ff559c494f8c2f06c,,,,,,,,,,,,,,,,,,,,,,,,,,,,,,,,,,,,,,,,,,,,,,,,,,,,,,,,,Stimuli/43_0_R.jpg,Different,0,n,n,1,1.492,91,0,91,0,1,,,,,
,,,,,,,,660e2337aad9e33736f08e84,2025-01-21_20h01.57.693,VisualArraysMentalRotation_v4,2021.1.4,Win32,59.95203837,679054f2072d526265aabff2,67906d8ff559c494f8c2f06c,,,,,,,,,,,,,,,,,,,,,,,,,,,,,,,,,,,,,,,,,,,,,,,,,,,,,,,,,Stimuli/40_50.jpg,Same,50,b,b,1,4.309,92,0,92,0,1,,,,,
,,,,,,,,660e2337aad9e33736f08e84,2025-01-21_20h01.57.693,VisualArraysMentalRotation_v4,2021.1.4,Win32,59.95203837,679054f2072d526265aabff2,67906d8ff559c494f8c2f06c,,,,,,,,,,,,,,,,,,,,,,,,,,,,,,,,,,,,,,,,,,,,,,,,,,,,,,,,,Stimuli/32_50.jpg,Same,50,b,b,1,1.994,93,0,93,0,1,,,,,
,,,,,,,,660e2337aad9e33736f08e84,2025-01-21_20h01.57.693,VisualArraysMentalRotation_v4,2021.1.4,Win32,59.95203837,679054f2072d526265aabff2,67906d8ff559c494f8c2f06c,,,,,,,,,,,,,,,,,,,,,,,,,,,,,,,,,,,,,,,,,,,,,,,,,,,,,,,,,Stimuli/22_150.jpg,Same,150,b,b,1,1.854,94,0,94,0,1,,,,,
,,,,,,,,660e2337aad9e33736f08e84,2025-01-21_20h01.57.693,VisualArraysMentalRotation_v4,2021.1.4,Win32,59.95203837,679054f2072d526265aabff2,67906d8ff559c494f8c2f06c,,,,,,,,,,,,,,,,,,,,,,,,,,,,,,,,,,,,,,,,,,,,,,,,,,,,,,,,,Stimuli/28_50_R.jpg,Different,50,n,n,1,1.897,95,0,95,0,1,,,,,
,,,,,,,,660e2337aad9e33736f08e84,2025-01-21_20h01.57.693,VisualArraysMentalRotation_v4,2021.1.4,Win32,59.95203837,679054f2072d526265aabff2,67906d8ff559c494f8c2f06c,,,,,,,,,,,,,,,,,,,,,,,,,,,,,,,,,,,,,,,,,,,,,,,,,,,,,,,,,,,,,,,,,,,,,0,0,0,0,1
,,,,,,,,660e2337aad9e33736f08e84,2025-01-21_20h01.57.693,VisualArraysMentalRotation_v4,2021.1.4,Win32,59.95203837,679054f2072d526265aabff2,67906d8ff559c494f8c2f06c,,,,,,,,,,,,,,,,,,,,,,,,,,,,,,,,,,,,,,0,1,1,1,1,0,1,,,,,,,,,,,,,,,,,,,,,,,,,,,,,
