TaskOrder,consent_final_key_resp.keys,consent_final_key_resp.rt,MRTPracResponse.keys,MRTPracResponse.corr,MRTPracResponse.rt,MRTPracticeTrials.thisRepN,MRTPracticeTrials.thisTrialN,MRTPracticeTrials.thisN,MRTPracticeTrials.thisIndex,MRTPracticeTrials.ran,PracStimulus,PracDegRotation,PracType,MRTPracCorrectAns,PROLIFIC_PID,date,expName,psychopyVersion,OS,frameRate,STUDY_ID,SESSION_ID,MRTStimulus,MRTType,MRTDegRotation,MRTCorrectAns,MRTTestResponse.keys,MRTTestResponse.corr,MRTTestResponse.rt,MRTTestTrials.thisRepN,MRTTestTrials.thisTrialN,MRTTestTrials.thisN,MRTTestTrials.thisIndex,MRTTestTrials.ran,MRT_Task.thisRepN,MRT_Task.thisTrialN,MRT_Task.thisN,MRT_Task.thisIndex,MRT_Task.ran,TasksLoop.thisRepN,TasksLoop.thisTrialN,TasksLoop.thisN,TasksLoop.thisIndex,TasksLoop.ran,nRepsVA,nRepsMRT,Red Orientations,Blue Orientations,VA_array_dur,Target Rectangle,New Red Orientations,New Blue Orientations,VA_PracResponse.keys,VA_PracResponse.corr,VA_PracResponse.rt,PracTrials.thisRepN,PracTrials.thisTrialN,PracTrials.thisN,PracTrials.thisIndex,PracTrials.ran,VA_Target,VA_TargetNumber,VA_Orientation,VA_Answer,VA_DelayDur,VA_PracTrialsSpeed.thisRepN,VA_PracTrialsSpeed.thisTrialN,VA_PracTrialsSpeed.thisN,VA_PracTrialsSpeed.thisIndex,VA_PracTrialsSpeed.ran,VA_TestResponse.keys,VA_TestResponse.corr,VA_TestResponse.rt,VA_TestTrials.thisRepN,VA_TestTrials.thisTrialN,VA_TestTrials.thisN,VA_TestTrials.thisIndex,VA_TestTrials.ran,VA_Task.thisRepN,VA_Task.thisTrialN,VA_Task.thisN,VA_Task.thisIndex,VA_Task.ran
2,y,22.547,b,1,3.839,0,0,0,10,1,PracticeStim/41_150.jpg,150,Same,b,55a9f6a1fdf99b2d81b5295f,2025-01-21_20h41.55.958,VisualArraysMentalRotation_v4,2021.1.4,Win32,15.60062402,679054f2072d526265aabff2,67906346c14d12c380c830fd,,,,,,,,,,,,,,,,,,,,,,,,,,,,,,,,,,,,,,,,,,,,,,,,,,,,,,,,,,,,,
,,,n,1,3.342,0,1,1,6,1,PracticeStim/30_100_R.jpg,100,Different,n,55a9f6a1fdf99b2d81b5295f,2025-01-21_20h41.55.958,VisualArraysMentalRotation_v4,2021.1.4,Win32,15.60062402,679054f2072d526265aabff2,67906346c14d12c380c830fd,,,,,,,,,,,,,,,,,,,,,,,,,,,,,,,,,,,,,,,,,,,,,,,,,,,,,,,,,,,,,
,,,b,1,2.021,0,2,2,4,1,PracticeStim/25_150.jpg,150,Same,b,55a9f6a1fdf99b2d81b5295f,2025-01-21_20h41.55.958,VisualArraysMentalRotation_v4,2021.1.4,Win32,15.60062402,679054f2072d526265aabff2,67906346c14d12c380c830fd,,,,,,,,,,,,,,,,,,,,,,,,,,,,,,,,,,,,,,,,,,,,,,,,,,,,,,,,,,,,,
,,,n,1,2.881,0,3,3,9,1,PracticeStim/36_100_R.jpg,100,Different,n,55a9f6a1fdf99b2d81b5295f,2025-01-21_20h41.55.958,VisualArraysMentalRotation_v4,2021.1.4,Win32,15.60062402,679054f2072d526265aabff2,67906346c14d12c380c830fd,,,,,,,,,,,,,,,,,,,,,,,,,,,,,,,,,,,,,,,,,,,,,,,,,,,,,,,,,,,,,
,,,b,1,1.846,0,4,4,5,1,PracticeStim/26_150.jpg,150,Same,b,55a9f6a1fdf99b2d81b5295f,2025-01-21_20h41.55.958,VisualArraysMentalRotation_v4,2021.1.4,Win32,15.60062402,679054f2072d526265aabff2,67906346c14d12c380c830fd,,,,,,,,,,,,,,,,,,,,,,,,,,,,,,,,,,,,,,,,,,,,,,,,,,,,,,,,,,,,,
,,,b,1,5.09,0,5,5,3,1,PracticeStim/18_150.jpg,150,Same,b,55a9f6a1fdf99b2d81b5295f,2025-01-21_20h41.55.958,VisualArraysMentalRotation_v4,2021.1.4,Win32,15.60062402,679054f2072d526265aabff2,67906346c14d12c380c830fd,,,,,,,,,,,,,,,,,,,,,,,,,,,,,,,,,,,,,,,,,,,,,,,,,,,,,,,,,,,,,
,,,n,1,4.165,0,6,6,1,1,PracticeStim/9_100_R.jpg,100,Different,n,55a9f6a1fdf99b2d81b5295f,2025-01-21_20h41.55.958,VisualArraysMentalRotation_v4,2021.1.4,Win32,15.60062402,679054f2072d526265aabff2,67906346c14d12c380c830fd,,,,,,,,,,,,,,,,,,,,,,,,,,,,,,,,,,,,,,,,,,,,,,,,,,,,,,,,,,,,,
,,,b,1,1.33,0,7,7,11,1,PracticeStim/42_50.jpg,50,Same,b,55a9f6a1fdf99b2d81b5295f,2025-01-21_20h41.55.958,VisualArraysMentalRotation_v4,2021.1.4,Win32,15.60062402,679054f2072d526265aabff2,67906346c14d12c380c830fd,,,,,,,,,,,,,,,,,,,,,,,,,,,,,,,,,,,,,,,,,,,,,,,,,,,,,,,,,,,,,
,,,b,1,1.81,0,8,8,2,1,PracticeStim/17_50.jpg,50,Same,b,55a9f6a1fdf99b2d81b5295f,2025-01-21_20h41.55.958,VisualArraysMentalRotation_v4,2021.1.4,Win32,15.60062402,679054f2072d526265aabff2,67906346c14d12c380c830fd,,,,,,,,,,,,,,,,,,,,,,,,,,,,,,,,,,,,,,,,,,,,,,,,,,,,,,,,,,,,,
,,,n,1,1.665,0,9,9,0,1,PracticeStim/7_100_R.jpg,100,Different,n,55a9f6a1fdf99b2d81b5295f,2025-01-21_20h41.55.958,VisualArraysMentalRotation_v4,2021.1.4,Win32,15.60062402,679054f2072d526265aabff2,67906346c14d12c380c830fd,,,,,,,,,,,,,,,,,,,,,,,,,,,,,,,,,,,,,,,,,,,,,,,,,,,,,,,,,,,,,
,,,n,1,2.646,0,10,10,7,1,PracticeStim/31_50_R.jpg,50,Different,n,55a9f6a1fdf99b2d81b5295f,2025-01-21_20h41.55.958,VisualArraysMentalRotation_v4,2021.1.4,Win32,15.60062402,679054f2072d526265aabff2,67906346c14d12c380c830fd,,,,,,,,,,,,,,,,,,,,,,,,,,,,,,,,,,,,,,,,,,,,,,,,,,,,,,,,,,,,,
,,,n,1,3.651,0,11,11,8,1,PracticeStim/33_50_R.jpg,50,Different,n,55a9f6a1fdf99b2d81b5295f,2025-01-21_20h41.55.958,VisualArraysMentalRotation_v4,2021.1.4,Win32,15.60062402,679054f2072d526265aabff2,67906346c14d12c380c830fd,,,,,,,,,,,,,,,,,,,,,,,,,,,,,,,,,,,,,,,,,,,,,,,,,,,,,,,,,,,,,
,,,,,,,,,,,,,,,55a9f6a1fdf99b2d81b5295f,2025-01-21_20h41.55.958,VisualArraysMentalRotation_v4,2021.1.4,Win32,15.60062402,679054f2072d526265aabff2,67906346c14d12c380c830fd,Stimuli/38_50.jpg,Same,50,b,b,1,4.603,0,0,0,0,1,,,,,,,,,,,,,,,,,,,,,,,,,,,,,,,,,,,,,,,,,,,,,,,,,
,,,,,,,,,,,,,,,55a9f6a1fdf99b2d81b5295f,2025-01-21_20h41.55.958,VisualArraysMentalRotation_v4,2021.1.4,Win32,15.60062402,679054f2072d526265aabff2,67906346c14d12c380c830fd,Stimuli/21_100_R.jpg,Different,100,n,n,1,3.657,1,0,1,0,1,,,,,,,,,,,,,,,,,,,,,,,,,,,,,,,,,,,,,,,,,,,,,,,,,
,,,,,,,,,,,,,,,55a9f6a1fdf99b2d81b5295f,2025-01-21_20h41.55.958,VisualArraysMentalRotation_v4,2021.1.4,Win32,15.60062402,679054f2072d526265aabff2,67906346c14d12c380c830fd,Stimuli/22_100.jpg,Same,100,b,b,1,1.883,2,0,2,0,1,,,,,,,,,,,,,,,,,,,,,,,,,,,,,,,,,,,,,,,,,,,,,,,,,
,,,,,,,,,,,,,,,55a9f6a1fdf99b2d81b5295f,2025-01-21_20h41.55.958,VisualArraysMentalRotation_v4,2021.1.4,Win32,15.60062402,679054f2072d526265aabff2,67906346c14d12c380c830fd,Stimuli/21_150.jpg,Same,150,b,b,1,4.015,3,0,3,0,1,,,,,,,,,,,,,,,,,,,,,,,,,,,,,,,,,,,,,,,,,,,,,,,,,
,,,,,,,,,,,,,,,55a9f6a1fdf99b2d81b5295f,2025-01-21_20h41.55.958,VisualArraysMentalRotation_v4,2021.1.4,Win32,15.60062402,679054f2072d526265aabff2,67906346c14d12c380c830fd,Stimuli/32_100.jpg,Same,100,b,b,1,3.741,4,0,4,0,1,,,,,,,,,,,,,,,,,,,,,,,,,,,,,,,,,,,,,,,,,,,,,,,,,
,,,,,,,,,,,,,,,55a9f6a1fdf99b2d81b5295f,2025-01-21_20h41.55.958,VisualArraysMentalRotation_v4,2021.1.4,Win32,15.60062402,679054f2072d526265aabff2,67906346c14d12c380c830fd,Stimuli/22_150_R.jpg,Different,150,n,n,1,2.153,5,0,5,0,1,,,,,,,,,,,,,,,,,,,,,,,,,,,,,,,,,,,,,,,,,,,,,,,,,
,,,,,,,,,,,,,,,55a9f6a1fdf99b2d81b5295f,2025-01-21_20h41.55.958,VisualArraysMentalRotation_v4,2021.1.4,Win32,15.60062402,679054f2072d526265aabff2,67906346c14d12c380c830fd,Stimuli/44_50.jpg,Same,50,b,b,1,2.33,6,0,6,0,1,,,,,,,,,,,,,,,,,,,,,,,,,,,,,,,,,,,,,,,,,,,,,,,,,
,,,,,,,,,,,,,,,55a9f6a1fdf99b2d81b5295f,2025-01-21_20h41.55.958,VisualArraysMentalRotation_v4,2021.1.4,Win32,15.60062402,679054f2072d526265aabff2,67906346c14d12c380c830fd,Stimuli/32_0.jpg,Same,0,b,b,1,1.019,7,0,7,0,1,,,,,,,,,,,,,,,,,,,,,,,,,,,,,,,,,,,,,,,,,,,,,,,,,
,,,,,,,,,,,,,,,55a9f6a1fdf99b2d81b5295f,2025-01-21_20h41.55.958,VisualArraysMentalRotation_v4,2021.1.4,Win32,15.60062402,679054f2072d526265aabff2,67906346c14d12c380c830fd,Stimuli/3_0_R.jpg,Different,0,n,n,1,4.052,8,0,8,0,1,,,,,,,,,,,,,,,,,,,,,,,,,,,,,,,,,,,,,,,,,,,,,,,,,
,,,,,,,,,,,,,,,55a9f6a1fdf99b2d81b5295f,2025-01-21_20h41.55.958,VisualArraysMentalRotation_v4,2021.1.4,Win32,15.60062402,679054f2072d526265aabff2,67906346c14d12c380c830fd,Stimuli/27_50_R.jpg,Different,50,n,n,1,3.097,9,0,9,0,1,,,,,,,,,,,,,,,,,,,,,,,,,,,,,,,,,,,,,,,,,,,,,,,,,
,,,,,,,,,,,,,,,55a9f6a1fdf99b2d81b5295f,2025-01-21_20h41.55.958,VisualArraysMentalRotation_v4,2021.1.4,Win32,15.60062402,679054f2072d526265aabff2,67906346c14d12c380c830fd,Stimuli/19_50.jpg,Same,50,b,b,1,2.082,10,0,10,0,1,,,,,,,,,,,,,,,,,,,,,,,,,,,,,,,,,,,,,,,,,,,,,,,,,
,,,,,,,,,,,,,,,55a9f6a1fdf99b2d81b5295f,2025-01-21_20h41.55.958,VisualArraysMentalRotation_v4,2021.1.4,Win32,15.60062402,679054f2072d526265aabff2,67906346c14d12c380c830fd,Stimuli/27_150_R.jpg,Different,150,n,,0,,11,0,11,0,1,,,,,,,,,,,,,,,,,,,,,,,,,,,,,,,,,,,,,,,,,,,,,,,,,
,,,,,,,,,,,,,,,55a9f6a1fdf99b2d81b5295f,2025-01-21_20h41.55.958,VisualArraysMentalRotation_v4,2021.1.4,Win32,15.60062402,679054f2072d526265aabff2,67906346c14d12c380c830fd,Stimuli/3_150.jpg,Same,150,b,b,1,3.963,12,0,12,0,1,,,,,,,,,,,,,,,,,,,,,,,,,,,,,,,,,,,,,,,,,,,,,,,,,
,,,,,,,,,,,,,,,55a9f6a1fdf99b2d81b5295f,2025-01-21_20h41.55.958,VisualArraysMentalRotation_v4,2021.1.4,Win32,15.60062402,679054f2072d526265aabff2,67906346c14d12c380c830fd,Stimuli/19_150_R.jpg,Different,150,n,n,1,2.361,13,0,13,0,1,,,,,,,,,,,,,,,,,,,,,,,,,,,,,,,,,,,,,,,,,,,,,,,,,
,,,,,,,,,,,,,,,55a9f6a1fdf99b2d81b5295f,2025-01-21_20h41.55.958,VisualArraysMentalRotation_v4,2021.1.4,Win32,15.60062402,679054f2072d526265aabff2,67906346c14d12c380c830fd,Stimuli/3_50_R.jpg,Different,50,n,n,1,2.263,14,0,14,0,1,,,,,,,,,,,,,,,,,,,,,,,,,,,,,,,,,,,,,,,,,,,,,,,,,
,,,,,,,,,,,,,,,55a9f6a1fdf99b2d81b5295f,2025-01-21_20h41.55.958,VisualArraysMentalRotation_v4,2021.1.4,Win32,15.60062402,679054f2072d526265aabff2,67906346c14d12c380c830fd,Stimuli/38_0.jpg,Same,0,b,b,1,1.276,15,0,15,0,1,,,,,,,,,,,,,,,,,,,,,,,,,,,,,,,,,,,,,,,,,,,,,,,,,
,,,,,,,,,,,,,,,55a9f6a1fdf99b2d81b5295f,2025-01-21_20h41.55.958,VisualArraysMentalRotation_v4,2021.1.4,Win32,15.60062402,679054f2072d526265aabff2,67906346c14d12c380c830fd,Stimuli/22_0_R.jpg,Different,0,n,n,1,2.564,16,0,16,0,1,,,,,,,,,,,,,,,,,,,,,,,,,,,,,,,,,,,,,,,,,,,,,,,,,
,,,,,,,,,,,,,,,55a9f6a1fdf99b2d81b5295f,2025-01-21_20h41.55.958,VisualArraysMentalRotation_v4,2021.1.4,Win32,15.60062402,679054f2072d526265aabff2,67906346c14d12c380c830fd,Stimuli/27_100.jpg,Same,100,b,b,1,3.757,17,0,17,0,1,,,,,,,,,,,,,,,,,,,,,,,,,,,,,,,,,,,,,,,,,,,,,,,,,
,,,,,,,,,,,,,,,55a9f6a1fdf99b2d81b5295f,2025-01-21_20h41.55.958,VisualArraysMentalRotation_v4,2021.1.4,Win32,15.60062402,679054f2072d526265aabff2,67906346c14d12c380c830fd,Stimuli/38_100.jpg,Same,100,b,b,1,3.13,18,0,18,0,1,,,,,,,,,,,,,,,,,,,,,,,,,,,,,,,,,,,,,,,,,,,,,,,,,
,,,,,,,,,,,,,,,55a9f6a1fdf99b2d81b5295f,2025-01-21_20h41.55.958,VisualArraysMentalRotation_v4,2021.1.4,Win32,15.60062402,679054f2072d526265aabff2,67906346c14d12c380c830fd,Stimuli/27_0_R.jpg,Different,0,n,n,1,2.314,19,0,19,0,1,,,,,,,,,,,,,,,,,,,,,,,,,,,,,,,,,,,,,,,,,,,,,,,,,
,,,,,,,,,,,,,,,55a9f6a1fdf99b2d81b5295f,2025-01-21_20h41.55.958,VisualArraysMentalRotation_v4,2021.1.4,Win32,15.60062402,679054f2072d526265aabff2,67906346c14d12c380c830fd,Stimuli/32_150_R.jpg,Different,150,n,b,0,6.319,20,0,20,0,1,,,,,,,,,,,,,,,,,,,,,,,,,,,,,,,,,,,,,,,,,,,,,,,,,
,,,,,,,,,,,,,,,55a9f6a1fdf99b2d81b5295f,2025-01-21_20h41.55.958,VisualArraysMentalRotation_v4,2021.1.4,Win32,15.60062402,679054f2072d526265aabff2,67906346c14d12c380c830fd,Stimuli/16_0_R.jpg,Different,0,n,n,1,1.226,21,0,21,0,1,,,,,,,,,,,,,,,,,,,,,,,,,,,,,,,,,,,,,,,,,,,,,,,,,
,,,,,,,,,,,,,,,55a9f6a1fdf99b2d81b5295f,2025-01-21_20h41.55.958,VisualArraysMentalRotation_v4,2021.1.4,Win32,15.60062402,679054f2072d526265aabff2,67906346c14d12c380c830fd,Stimuli/43_0.jpg,Same,0,b,b,1,1.045,22,0,22,0,1,,,,,,,,,,,,,,,,,,,,,,,,,,,,,,,,,,,,,,,,,,,,,,,,,
,,,,,,,,,,,,,,,55a9f6a1fdf99b2d81b5295f,2025-01-21_20h41.55.958,VisualArraysMentalRotation_v4,2021.1.4,Win32,15.60062402,679054f2072d526265aabff2,67906346c14d12c380c830fd,Stimuli/3_0.jpg,Same,0,b,b,1,0.791,23,0,23,0,1,,,,,,,,,,,,,,,,,,,,,,,,,,,,,,,,,,,,,,,,,,,,,,,,,
,,,,,,,,,,,,,,,55a9f6a1fdf99b2d81b5295f,2025-01-21_20h41.55.958,VisualArraysMentalRotation_v4,2021.1.4,Win32,15.60062402,679054f2072d526265aabff2,67906346c14d12c380c830fd,Stimuli/44_0.jpg,Same,0,b,b,1,0.747,24,0,24,0,1,,,,,,,,,,,,,,,,,,,,,,,,,,,,,,,,,,,,,,,,,,,,,,,,,
,,,,,,,,,,,,,,,55a9f6a1fdf99b2d81b5295f,2025-01-21_20h41.55.958,VisualArraysMentalRotation_v4,2021.1.4,Win32,15.60062402,679054f2072d526265aabff2,67906346c14d12c380c830fd,Stimuli/40_100_R.jpg,Different,100,n,n,1,6.569,25,0,25,0,1,,,,,,,,,,,,,,,,,,,,,,,,,,,,,,,,,,,,,,,,,,,,,,,,,
,,,,,,,,,,,,,,,55a9f6a1fdf99b2d81b5295f,2025-01-21_20h41.55.958,VisualArraysMentalRotation_v4,2021.1.4,Win32,15.60062402,679054f2072d526265aabff2,67906346c14d12c380c830fd,Stimuli/44_100_R.jpg,Different,100,n,n,1,2.162,26,0,26,0,1,,,,,,,,,,,,,,,,,,,,,,,,,,,,,,,,,,,,,,,,,,,,,,,,,
,,,,,,,,,,,,,,,55a9f6a1fdf99b2d81b5295f,2025-01-21_20h41.55.958,VisualArraysMentalRotation_v4,2021.1.4,Win32,15.60062402,679054f2072d526265aabff2,67906346c14d12c380c830fd,Stimuli/16_150.jpg,Same,150,b,b,1,2.659,27,0,27,0,1,,,,,,,,,,,,,,,,,,,,,,,,,,,,,,,,,,,,,,,,,,,,,,,,,
,,,,,,,,,,,,,,,55a9f6a1fdf99b2d81b5295f,2025-01-21_20h41.55.958,VisualArraysMentalRotation_v4,2021.1.4,Win32,15.60062402,679054f2072d526265aabff2,67906346c14d12c380c830fd,Stimuli/27_50.jpg,Same,50,b,b,1,2.67,28,0,28,0,1,,,,,,,,,,,,,,,,,,,,,,,,,,,,,,,,,,,,,,,,,,,,,,,,,
,,,,,,,,,,,,,,,55a9f6a1fdf99b2d81b5295f,2025-01-21_20h41.55.958,VisualArraysMentalRotation_v4,2021.1.4,Win32,15.60062402,679054f2072d526265aabff2,67906346c14d12c380c830fd,Stimuli/40_50_R.jpg,Different,50,n,n,1,3.58,29,0,29,0,1,,,,,,,,,,,,,,,,,,,,,,,,,,,,,,,,,,,,,,,,,,,,,,,,,
,,,,,,,,,,,,,,,55a9f6a1fdf99b2d81b5295f,2025-01-21_20h41.55.958,VisualArraysMentalRotation_v4,2021.1.4,Win32,15.60062402,679054f2072d526265aabff2,67906346c14d12c380c830fd,Stimuli/44_150.jpg,Same,150,b,b,1,1.446,30,0,30,0,1,,,,,,,,,,,,,,,,,,,,,,,,,,,,,,,,,,,,,,,,,,,,,,,,,
,,,,,,,,,,,,,,,55a9f6a1fdf99b2d81b5295f,2025-01-21_20h41.55.958,VisualArraysMentalRotation_v4,2021.1.4,Win32,15.60062402,679054f2072d526265aabff2,67906346c14d12c380c830fd,Stimuli/43_50.jpg,Same,50,b,b,1,4.529,31,0,31,0,1,,,,,,,,,,,,,,,,,,,,,,,,,,,,,,,,,,,,,,,,,,,,,,,,,
,,,,,,,,,,,,,,,55a9f6a1fdf99b2d81b5295f,2025-01-21_20h41.55.958,VisualArraysMentalRotation_v4,2021.1.4,Win32,15.60062402,679054f2072d526265aabff2,67906346c14d12c380c830fd,Stimuli/40_150_R.jpg,Different,150,n,b,0,2.026,32,0,32,0,1,,,,,,,,,,,,,,,,,,,,,,,,,,,,,,,,,,,,,,,,,,,,,,,,,
,,,,,,,,,,,,,,,55a9f6a1fdf99b2d81b5295f,2025-01-21_20h41.55.958,VisualArraysMentalRotation_v4,2021.1.4,Win32,15.60062402,679054f2072d526265aabff2,67906346c14d12c380c830fd,Stimuli/3_150_R.jpg,Different,150,n,n,1,2.679,33,0,33,0,1,,,,,,,,,,,,,,,,,,,,,,,,,,,,,,,,,,,,,,,,,,,,,,,,,
,,,,,,,,,,,,,,,55a9f6a1fdf99b2d81b5295f,2025-01-21_20h41.55.958,VisualArraysMentalRotation_v4,2021.1.4,Win32,15.60062402,679054f2072d526265aabff2,67906346c14d12c380c830fd,Stimuli/38_50_R.jpg,Different,50,n,n,1,1.691,34,0,34,0,1,,,,,,,,,,,,,,,,,,,,,,,,,,,,,,,,,,,,,,,,,,,,,,,,,
,,,,,,,,,,,,,,,55a9f6a1fdf99b2d81b5295f,2025-01-21_20h41.55.958,VisualArraysMentalRotation_v4,2021.1.4,Win32,15.60062402,679054f2072d526265aabff2,67906346c14d12c380c830fd,Stimuli/28_0.jpg,Same,0,b,b,1,1.544,35,0,35,0,1,,,,,,,,,,,,,,,,,,,,,,,,,,,,,,,,,,,,,,,,,,,,,,,,,
,,,,,,,,,,,,,,,55a9f6a1fdf99b2d81b5295f,2025-01-21_20h41.55.958,VisualArraysMentalRotation_v4,2021.1.4,Win32,15.60062402,679054f2072d526265aabff2,67906346c14d12c380c830fd,Stimuli/43_0_R.jpg,Different,0,n,n,1,1.079,36,0,36,0,1,,,,,,,,,,,,,,,,,,,,,,,,,,,,,,,,,,,,,,,,,,,,,,,,,
,,,,,,,,,,,,,,,55a9f6a1fdf99b2d81b5295f,2025-01-21_20h41.55.958,VisualArraysMentalRotation_v4,2021.1.4,Win32,15.60062402,679054f2072d526265aabff2,67906346c14d12c380c830fd,Stimuli/27_100_R.jpg,Different,100,n,n,1,1.388,37,0,37,0,1,,,,,,,,,,,,,,,,,,,,,,,,,,,,,,,,,,,,,,,,,,,,,,,,,
,,,,,,,,,,,,,,,55a9f6a1fdf99b2d81b5295f,2025-01-21_20h41.55.958,VisualArraysMentalRotation_v4,2021.1.4,Win32,15.60062402,679054f2072d526265aabff2,67906346c14d12c380c830fd,Stimuli/3_100.jpg,Same,100,b,b,1,4.144,38,0,38,0,1,,,,,,,,,,,,,,,,,,,,,,,,,,,,,,,,,,,,,,,,,,,,,,,,,
,,,,,,,,,,,,,,,55a9f6a1fdf99b2d81b5295f,2025-01-21_20h41.55.958,VisualArraysMentalRotation_v4,2021.1.4,Win32,15.60062402,679054f2072d526265aabff2,67906346c14d12c380c830fd,Stimuli/40_0_R.jpg,Different,0,n,n,1,2.216,39,0,39,0,1,,,,,,,,,,,,,,,,,,,,,,,,,,,,,,,,,,,,,,,,,,,,,,,,,
,,,,,,,,,,,,,,,55a9f6a1fdf99b2d81b5295f,2025-01-21_20h41.55.958,VisualArraysMentalRotation_v4,2021.1.4,Win32,15.60062402,679054f2072d526265aabff2,67906346c14d12c380c830fd,Stimuli/40_150.jpg,Same,150,b,b,1,3.482,40,0,40,0,1,,,,,,,,,,,,,,,,,,,,,,,,,,,,,,,,,,,,,,,,,,,,,,,,,
,,,,,,,,,,,,,,,55a9f6a1fdf99b2d81b5295f,2025-01-21_20h41.55.958,VisualArraysMentalRotation_v4,2021.1.4,Win32,15.60062402,679054f2072d526265aabff2,67906346c14d12c380c830fd,Stimuli/44_50_R.jpg,Different,50,n,n,1,1.779,41,0,41,0,1,,,,,,,,,,,,,,,,,,,,,,,,,,,,,,,,,,,,,,,,,,,,,,,,,
,,,,,,,,,,,,,,,55a9f6a1fdf99b2d81b5295f,2025-01-21_20h41.55.958,VisualArraysMentalRotation_v4,2021.1.4,Win32,15.60062402,679054f2072d526265aabff2,67906346c14d12c380c830fd,Stimuli/32_50_R.jpg,Different,50,n,n,1,1.591,42,0,42,0,1,,,,,,,,,,,,,,,,,,,,,,,,,,,,,,,,,,,,,,,,,,,,,,,,,
,,,,,,,,,,,,,,,55a9f6a1fdf99b2d81b5295f,2025-01-21_20h41.55.958,VisualArraysMentalRotation_v4,2021.1.4,Win32,15.60062402,679054f2072d526265aabff2,67906346c14d12c380c830fd,Stimuli/27_150.jpg,Same,150,b,b,1,1.955,43,0,43,0,1,,,,,,,,,,,,,,,,,,,,,,,,,,,,,,,,,,,,,,,,,,,,,,,,,
,,,,,,,,,,,,,,,55a9f6a1fdf99b2d81b5295f,2025-01-21_20h41.55.958,VisualArraysMentalRotation_v4,2021.1.4,Win32,15.60062402,679054f2072d526265aabff2,67906346c14d12c380c830fd,Stimuli/21_50.jpg,Same,50,b,b,1,1.597,44,0,44,0,1,,,,,,,,,,,,,,,,,,,,,,,,,,,,,,,,,,,,,,,,,,,,,,,,,
,,,,,,,,,,,,,,,55a9f6a1fdf99b2d81b5295f,2025-01-21_20h41.55.958,VisualArraysMentalRotation_v4,2021.1.4,Win32,15.60062402,679054f2072d526265aabff2,67906346c14d12c380c830fd,Stimuli/43_100_R.jpg,Different,100,n,n,1,6.804,45,0,45,0,1,,,,,,,,,,,,,,,,,,,,,,,,,,,,,,,,,,,,,,,,,,,,,,,,,
,,,,,,,,,,,,,,,55a9f6a1fdf99b2d81b5295f,2025-01-21_20h41.55.958,VisualArraysMentalRotation_v4,2021.1.4,Win32,15.60062402,679054f2072d526265aabff2,67906346c14d12c380c830fd,Stimuli/22_100_R.jpg,Different,100,n,n,1,1.941,46,0,46,0,1,,,,,,,,,,,,,,,,,,,,,,,,,,,,,,,,,,,,,,,,,,,,,,,,,
,,,,,,,,,,,,,,,55a9f6a1fdf99b2d81b5295f,2025-01-21_20h41.55.958,VisualArraysMentalRotation_v4,2021.1.4,Win32,15.60062402,679054f2072d526265aabff2,67906346c14d12c380c830fd,Stimuli/28_100.jpg,Same,100,b,b,1,3.146,47,0,47,0,1,,,,,,,,,,,,,,,,,,,,,,,,,,,,,,,,,,,,,,,,,,,,,,,,,
,,,,,,,,,,,,,,,55a9f6a1fdf99b2d81b5295f,2025-01-21_20h41.55.958,VisualArraysMentalRotation_v4,2021.1.4,Win32,15.60062402,679054f2072d526265aabff2,67906346c14d12c380c830fd,Stimuli/21_150_R.jpg,Different,150,n,n,1,2.227,48,0,48,0,1,,,,,,,,,,,,,,,,,,,,,,,,,,,,,,,,,,,,,,,,,,,,,,,,,
,,,,,,,,,,,,,,,55a9f6a1fdf99b2d81b5295f,2025-01-21_20h41.55.958,VisualArraysMentalRotation_v4,2021.1.4,Win32,15.60062402,679054f2072d526265aabff2,67906346c14d12c380c830fd,Stimuli/22_0.jpg,Same,0,b,b,1,0.978,49,0,49,0,1,,,,,,,,,,,,,,,,,,,,,,,,,,,,,,,,,,,,,,,,,,,,,,,,,
,,,,,,,,,,,,,,,55a9f6a1fdf99b2d81b5295f,2025-01-21_20h41.55.958,VisualArraysMentalRotation_v4,2021.1.4,Win32,15.60062402,679054f2072d526265aabff2,67906346c14d12c380c830fd,Stimuli/16_50_R.jpg,Different,50,n,n,1,0.995,50,0,50,0,1,,,,,,,,,,,,,,,,,,,,,,,,,,,,,,,,,,,,,,,,,,,,,,,,,
,,,,,,,,,,,,,,,55a9f6a1fdf99b2d81b5295f,2025-01-21_20h41.55.958,VisualArraysMentalRotation_v4,2021.1.4,Win32,15.60062402,679054f2072d526265aabff2,67906346c14d12c380c830fd,Stimuli/28_150_R.jpg,Different,150,n,b,0,2.196,51,0,51,0,1,,,,,,,,,,,,,,,,,,,,,,,,,,,,,,,,,,,,,,,,,,,,,,,,,
,,,,,,,,,,,,,,,55a9f6a1fdf99b2d81b5295f,2025-01-21_20h41.55.958,VisualArraysMentalRotation_v4,2021.1.4,Win32,15.60062402,679054f2072d526265aabff2,67906346c14d12c380c830fd,Stimuli/32_50.jpg,Same,50,b,b,1,1.979,52,0,52,0,1,,,,,,,,,,,,,,,,,,,,,,,,,,,,,,,,,,,,,,,,,,,,,,,,,
,,,,,,,,,,,,,,,55a9f6a1fdf99b2d81b5295f,2025-01-21_20h41.55.958,VisualArraysMentalRotation_v4,2021.1.4,Win32,15.60062402,679054f2072d526265aabff2,67906346c14d12c380c830fd,Stimuli/19_100.jpg,Same,100,b,b,1,1.948,53,0,53,0,1,,,,,,,,,,,,,,,,,,,,,,,,,,,,,,,,,,,,,,,,,,,,,,,,,
,,,,,,,,,,,,,,,55a9f6a1fdf99b2d81b5295f,2025-01-21_20h41.55.958,VisualArraysMentalRotation_v4,2021.1.4,Win32,15.60062402,679054f2072d526265aabff2,67906346c14d12c380c830fd,Stimuli/32_0_R.jpg,Different,0,n,n,1,2.819,54,0,54,0,1,,,,,,,,,,,,,,,,,,,,,,,,,,,,,,,,,,,,,,,,,,,,,,,,,
,,,,,,,,,,,,,,,55a9f6a1fdf99b2d81b5295f,2025-01-21_20h41.55.958,VisualArraysMentalRotation_v4,2021.1.4,Win32,15.60062402,679054f2072d526265aabff2,67906346c14d12c380c830fd,Stimuli/16_100.jpg,Same,100,b,b,1,1.555,55,0,55,0,1,,,,,,,,,,,,,,,,,,,,,,,,,,,,,,,,,,,,,,,,,,,,,,,,,
,,,,,,,,,,,,,,,55a9f6a1fdf99b2d81b5295f,2025-01-21_20h41.55.958,VisualArraysMentalRotation_v4,2021.1.4,Win32,15.60062402,679054f2072d526265aabff2,67906346c14d12c380c830fd,Stimuli/38_150.jpg,Same,150,b,b,1,2.026,56,0,56,0,1,,,,,,,,,,,,,,,,,,,,,,,,,,,,,,,,,,,,,,,,,,,,,,,,,
,,,,,,,,,,,,,,,55a9f6a1fdf99b2d81b5295f,2025-01-21_20h41.55.958,VisualArraysMentalRotation_v4,2021.1.4,Win32,15.60062402,679054f2072d526265aabff2,67906346c14d12c380c830fd,Stimuli/21_50_R.jpg,Different,50,n,n,1,2.847,57,0,57,0,1,,,,,,,,,,,,,,,,,,,,,,,,,,,,,,,,,,,,,,,,,,,,,,,,,
,,,,,,,,,,,,,,,55a9f6a1fdf99b2d81b5295f,2025-01-21_20h41.55.958,VisualArraysMentalRotation_v4,2021.1.4,Win32,15.60062402,679054f2072d526265aabff2,67906346c14d12c380c830fd,Stimuli/16_150_R.jpg,Different,150,n,b,0,2.034,58,0,58,0,1,,,,,,,,,,,,,,,,,,,,,,,,,,,,,,,,,,,,,,,,,,,,,,,,,
,,,,,,,,,,,,,,,55a9f6a1fdf99b2d81b5295f,2025-01-21_20h41.55.958,VisualArraysMentalRotation_v4,2021.1.4,Win32,15.60062402,679054f2072d526265aabff2,67906346c14d12c380c830fd,Stimuli/44_100.jpg,Same,100,b,n,0,5.1,59,0,59,0,1,,,,,,,,,,,,,,,,,,,,,,,,,,,,,,,,,,,,,,,,,,,,,,,,,
,,,,,,,,,,,,,,,55a9f6a1fdf99b2d81b5295f,2025-01-21_20h41.55.958,VisualArraysMentalRotation_v4,2021.1.4,Win32,15.60062402,679054f2072d526265aabff2,67906346c14d12c380c830fd,Stimuli/28_150.jpg,Same,150,b,b,1,1.746,60,0,60,0,1,,,,,,,,,,,,,,,,,,,,,,,,,,,,,,,,,,,,,,,,,,,,,,,,,
,,,,,,,,,,,,,,,55a9f6a1fdf99b2d81b5295f,2025-01-21_20h41.55.958,VisualArraysMentalRotation_v4,2021.1.4,Win32,15.60062402,679054f2072d526265aabff2,67906346c14d12c380c830fd,Stimuli/28_0_R.jpg,Different,0,n,n,1,0.982,61,0,61,0,1,,,,,,,,,,,,,,,,,,,,,,,,,,,,,,,,,,,,,,,,,,,,,,,,,
,,,,,,,,,,,,,,,55a9f6a1fdf99b2d81b5295f,2025-01-21_20h41.55.958,VisualArraysMentalRotation_v4,2021.1.4,Win32,15.60062402,679054f2072d526265aabff2,67906346c14d12c380c830fd,Stimuli/3_100_R.jpg,Different,100,n,n,1,4.233,62,0,62,0,1,,,,,,,,,,,,,,,,,,,,,,,,,,,,,,,,,,,,,,,,,,,,,,,,,
,,,,,,,,,,,,,,,55a9f6a1fdf99b2d81b5295f,2025-01-21_20h41.55.958,VisualArraysMentalRotation_v4,2021.1.4,Win32,15.60062402,679054f2072d526265aabff2,67906346c14d12c380c830fd,Stimuli/44_0_R.jpg,Different,0,n,b,0,1.21,63,0,63,0,1,,,,,,,,,,,,,,,,,,,,,,,,,,,,,,,,,,,,,,,,,,,,,,,,,
,,,,,,,,,,,,,,,55a9f6a1fdf99b2d81b5295f,2025-01-21_20h41.55.958,VisualArraysMentalRotation_v4,2021.1.4,Win32,15.60062402,679054f2072d526265aabff2,67906346c14d12c380c830fd,Stimuli/21_0.jpg,Same,0,b,b,1,0.922,64,0,64,0,1,,,,,,,,,,,,,,,,,,,,,,,,,,,,,,,,,,,,,,,,,,,,,,,,,
,,,,,,,,,,,,,,,55a9f6a1fdf99b2d81b5295f,2025-01-21_20h41.55.958,VisualArraysMentalRotation_v4,2021.1.4,Win32,15.60062402,679054f2072d526265aabff2,67906346c14d12c380c830fd,Stimuli/43_150.jpg,Same,150,b,b,1,3.546,65,0,65,0,1,,,,,,,,,,,,,,,,,,,,,,,,,,,,,,,,,,,,,,,,,,,,,,,,,
,,,,,,,,,,,,,,,55a9f6a1fdf99b2d81b5295f,2025-01-21_20h41.55.958,VisualArraysMentalRotation_v4,2021.1.4,Win32,15.60062402,679054f2072d526265aabff2,67906346c14d12c380c830fd,Stimuli/38_150_R.jpg,Different,150,n,b,0,2.632,66,0,66,0,1,,,,,,,,,,,,,,,,,,,,,,,,,,,,,,,,,,,,,,,,,,,,,,,,,
,,,,,,,,,,,,,,,55a9f6a1fdf99b2d81b5295f,2025-01-21_20h41.55.958,VisualArraysMentalRotation_v4,2021.1.4,Win32,15.60062402,679054f2072d526265aabff2,67906346c14d12c380c830fd,Stimuli/43_150_R.jpg,Different,150,n,n,1,2.56,67,0,67,0,1,,,,,,,,,,,,,,,,,,,,,,,,,,,,,,,,,,,,,,,,,,,,,,,,,
,,,,,,,,,,,,,,,55a9f6a1fdf99b2d81b5295f,2025-01-21_20h41.55.958,VisualArraysMentalRotation_v4,2021.1.4,Win32,15.60062402,679054f2072d526265aabff2,67906346c14d12c380c830fd,Stimuli/16_0.jpg,Same,0,b,b,1,0.813,68,0,68,0,1,,,,,,,,,,,,,,,,,,,,,,,,,,,,,,,,,,,,,,,,,,,,,,,,,
,,,,,,,,,,,,,,,55a9f6a1fdf99b2d81b5295f,2025-01-21_20h41.55.958,VisualArraysMentalRotation_v4,2021.1.4,Win32,15.60062402,679054f2072d526265aabff2,67906346c14d12c380c830fd,Stimuli/44_150_R.jpg,Different,150,n,n,1,1.946,69,0,69,0,1,,,,,,,,,,,,,,,,,,,,,,,,,,,,,,,,,,,,,,,,,,,,,,,,,
,,,,,,,,,,,,,,,55a9f6a1fdf99b2d81b5295f,2025-01-21_20h41.55.958,VisualArraysMentalRotation_v4,2021.1.4,Win32,15.60062402,679054f2072d526265aabff2,67906346c14d12c380c830fd,Stimuli/43_100.jpg,Same,100,b,b,1,6.871,70,0,70,0,1,,,,,,,,,,,,,,,,,,,,,,,,,,,,,,,,,,,,,,,,,,,,,,,,,
,,,,,,,,,,,,,,,55a9f6a1fdf99b2d81b5295f,2025-01-21_20h41.55.958,VisualArraysMentalRotation_v4,2021.1.4,Win32,15.60062402,679054f2072d526265aabff2,67906346c14d12c380c830fd,Stimuli/40_100.jpg,Same,100,b,b,1,3.865,71,0,71,0,1,,,,,,,,,,,,,,,,,,,,,,,,,,,,,,,,,,,,,,,,,,,,,,,,,
,,,,,,,,,,,,,,,55a9f6a1fdf99b2d81b5295f,2025-01-21_20h41.55.958,VisualArraysMentalRotation_v4,2021.1.4,Win32,15.60062402,679054f2072d526265aabff2,67906346c14d12c380c830fd,Stimuli/32_150.jpg,Same,150,b,b,1,3.994,72,0,72,0,1,,,,,,,,,,,,,,,,,,,,,,,,,,,,,,,,,,,,,,,,,,,,,,,,,
,,,,,,,,,,,,,,,55a9f6a1fdf99b2d81b5295f,2025-01-21_20h41.55.958,VisualArraysMentalRotation_v4,2021.1.4,Win32,15.60062402,679054f2072d526265aabff2,67906346c14d12c380c830fd,Stimuli/28_100_R.jpg,Different,100,n,b,0,2.732,73,0,73,0,1,,,,,,,,,,,,,,,,,,,,,,,,,,,,,,,,,,,,,,,,,,,,,,,,,
,,,,,,,,,,,,,,,55a9f6a1fdf99b2d81b5295f,2025-01-21_20h41.55.958,VisualArraysMentalRotation_v4,2021.1.4,Win32,15.60062402,679054f2072d526265aabff2,67906346c14d12c380c830fd,Stimuli/19_150.jpg,Same,150,b,b,1,3.744,74,0,74,0,1,,,,,,,,,,,,,,,,,,,,,,,,,,,,,,,,,,,,,,,,,,,,,,,,,
,,,,,,,,,,,,,,,55a9f6a1fdf99b2d81b5295f,2025-01-21_20h41.55.958,VisualArraysMentalRotation_v4,2021.1.4,Win32,15.60062402,679054f2072d526265aabff2,67906346c14d12c380c830fd,Stimuli/27_0.jpg,Same,0,b,b,1,0.747,75,0,75,0,1,,,,,,,,,,,,,,,,,,,,,,,,,,,,,,,,,,,,,,,,,,,,,,,,,
,,,,,,,,,,,,,,,55a9f6a1fdf99b2d81b5295f,2025-01-21_20h41.55.958,VisualArraysMentalRotation_v4,2021.1.4,Win32,15.60062402,679054f2072d526265aabff2,67906346c14d12c380c830fd,Stimuli/40_0.jpg,Same,0,b,b,1,0.808,76,0,76,0,1,,,,,,,,,,,,,,,,,,,,,,,,,,,,,,,,,,,,,,,,,,,,,,,,,
,,,,,,,,,,,,,,,55a9f6a1fdf99b2d81b5295f,2025-01-21_20h41.55.958,VisualArraysMentalRotation_v4,2021.1.4,Win32,15.60062402,679054f2072d526265aabff2,67906346c14d12c380c830fd,Stimuli/32_100_R.jpg,Different,100,n,n,1,1.545,77,0,77,0,1,,,,,,,,,,,,,,,,,,,,,,,,,,,,,,,,,,,,,,,,,,,,,,,,,
,,,,,,,,,,,,,,,55a9f6a1fdf99b2d81b5295f,2025-01-21_20h41.55.958,VisualArraysMentalRotation_v4,2021.1.4,Win32,15.60062402,679054f2072d526265aabff2,67906346c14d12c380c830fd,Stimuli/16_100_R.jpg,Different,100,n,n,1,4.77,78,0,78,0,1,,,,,,,,,,,,,,,,,,,,,,,,,,,,,,,,,,,,,,,,,,,,,,,,,
,,,,,,,,,,,,,,,55a9f6a1fdf99b2d81b5295f,2025-01-21_20h41.55.958,VisualArraysMentalRotation_v4,2021.1.4,Win32,15.60062402,679054f2072d526265aabff2,67906346c14d12c380c830fd,Stimuli/19_0.jpg,Same,0,b,b,1,0.826,79,0,79,0,1,,,,,,,,,,,,,,,,,,,,,,,,,,,,,,,,,,,,,,,,,,,,,,,,,
,,,,,,,,,,,,,,,55a9f6a1fdf99b2d81b5295f,2025-01-21_20h41.55.958,VisualArraysMentalRotation_v4,2021.1.4,Win32,15.60062402,679054f2072d526265aabff2,67906346c14d12c380c830fd,Stimuli/19_100_R.jpg,Different,100,n,n,1,3.928,80,0,80,0,1,,,,,,,,,,,,,,,,,,,,,,,,,,,,,,,,,,,,,,,,,,,,,,,,,
,,,,,,,,,,,,,,,55a9f6a1fdf99b2d81b5295f,2025-01-21_20h41.55.958,VisualArraysMentalRotation_v4,2021.1.4,Win32,15.60062402,679054f2072d526265aabff2,67906346c14d12c380c830fd,Stimuli/40_50.jpg,Same,50,b,b,1,3.648,81,0,81,0,1,,,,,,,,,,,,,,,,,,,,,,,,,,,,,,,,,,,,,,,,,,,,,,,,,
,,,,,,,,,,,,,,,55a9f6a1fdf99b2d81b5295f,2025-01-21_20h41.55.958,VisualArraysMentalRotation_v4,2021.1.4,Win32,15.60062402,679054f2072d526265aabff2,67906346c14d12c380c830fd,Stimuli/21_0_R.jpg,Different,0,n,n,1,1.494,82,0,82,0,1,,,,,,,,,,,,,,,,,,,,,,,,,,,,,,,,,,,,,,,,,,,,,,,,,
,,,,,,,,,,,,,,,55a9f6a1fdf99b2d81b5295f,2025-01-21_20h41.55.958,VisualArraysMentalRotation_v4,2021.1.4,Win32,15.60062402,679054f2072d526265aabff2,67906346c14d12c380c830fd,Stimuli/22_50.jpg,Same,50,b,b,1,0.969,83,0,83,0,1,,,,,,,,,,,,,,,,,,,,,,,,,,,,,,,,,,,,,,,,,,,,,,,,,
,,,,,,,,,,,,,,,55a9f6a1fdf99b2d81b5295f,2025-01-21_20h41.55.958,VisualArraysMentalRotation_v4,2021.1.4,Win32,15.60062402,679054f2072d526265aabff2,67906346c14d12c380c830fd,Stimuli/28_50.jpg,Same,50,b,b,1,1.015,84,0,84,0,1,,,,,,,,,,,,,,,,,,,,,,,,,,,,,,,,,,,,,,,,,,,,,,,,,
,,,,,,,,,,,,,,,55a9f6a1fdf99b2d81b5295f,2025-01-21_20h41.55.958,VisualArraysMentalRotation_v4,2021.1.4,Win32,15.60062402,679054f2072d526265aabff2,67906346c14d12c380c830fd,Stimuli/43_50_R.jpg,Different,50,n,n,1,1.881,85,0,85,0,1,,,,,,,,,,,,,,,,,,,,,,,,,,,,,,,,,,,,,,,,,,,,,,,,,
,,,,,,,,,,,,,,,55a9f6a1fdf99b2d81b5295f,2025-01-21_20h41.55.958,VisualArraysMentalRotation_v4,2021.1.4,Win32,15.60062402,679054f2072d526265aabff2,67906346c14d12c380c830fd,Stimuli/38_0_R.jpg,Different,0,n,n,1,2.015,86,0,86,0,1,,,,,,,,,,,,,,,,,,,,,,,,,,,,,,,,,,,,,,,,,,,,,,,,,
,,,,,,,,,,,,,,,55a9f6a1fdf99b2d81b5295f,2025-01-21_20h41.55.958,VisualArraysMentalRotation_v4,2021.1.4,Win32,15.60062402,679054f2072d526265aabff2,67906346c14d12c380c830fd,Stimuli/28_50_R.jpg,Different,50,n,n,1,0.913,87,0,87,0,1,,,,,,,,,,,,,,,,,,,,,,,,,,,,,,,,,,,,,,,,,,,,,,,,,
,,,,,,,,,,,,,,,55a9f6a1fdf99b2d81b5295f,2025-01-21_20h41.55.958,VisualArraysMentalRotation_v4,2021.1.4,Win32,15.60062402,679054f2072d526265aabff2,67906346c14d12c380c830fd,Stimuli/21_100.jpg,Same,100,b,b,1,2.277,88,0,88,0,1,,,,,,,,,,,,,,,,,,,,,,,,,,,,,,,,,,,,,,,,,,,,,,,,,
,,,,,,,,,,,,,,,55a9f6a1fdf99b2d81b5295f,2025-01-21_20h41.55.958,VisualArraysMentalRotation_v4,2021.1.4,Win32,15.60062402,679054f2072d526265aabff2,67906346c14d12c380c830fd,Stimuli/19_50_R.jpg,Different,50,n,b,0,1.616,89,0,89,0,1,,,,,,,,,,,,,,,,,,,,,,,,,,,,,,,,,,,,,,,,,,,,,,,,,
,,,,,,,,,,,,,,,55a9f6a1fdf99b2d81b5295f,2025-01-21_20h41.55.958,VisualArraysMentalRotation_v4,2021.1.4,Win32,15.60062402,679054f2072d526265aabff2,67906346c14d12c380c830fd,Stimuli/22_150.jpg,Same,150,b,b,1,2.799,90,0,90,0,1,,,,,,,,,,,,,,,,,,,,,,,,,,,,,,,,,,,,,,,,,,,,,,,,,
,,,,,,,,,,,,,,,55a9f6a1fdf99b2d81b5295f,2025-01-21_20h41.55.958,VisualArraysMentalRotation_v4,2021.1.4,Win32,15.60062402,679054f2072d526265aabff2,67906346c14d12c380c830fd,Stimuli/22_50_R.jpg,Different,50,n,n,1,1.64,91,0,91,0,1,,,,,,,,,,,,,,,,,,,,,,,,,,,,,,,,,,,,,,,,,,,,,,,,,
,,,,,,,,,,,,,,,55a9f6a1fdf99b2d81b5295f,2025-01-21_20h41.55.958,VisualArraysMentalRotation_v4,2021.1.4,Win32,15.60062402,679054f2072d526265aabff2,67906346c14d12c380c830fd,Stimuli/19_0_R.jpg,Different,0,n,b,0,1.167,92,0,92,0,1,,,,,,,,,,,,,,,,,,,,,,,,,,,,,,,,,,,,,,,,,,,,,,,,,
,,,,,,,,,,,,,,,55a9f6a1fdf99b2d81b5295f,2025-01-21_20h41.55.958,VisualArraysMentalRotation_v4,2021.1.4,Win32,15.60062402,679054f2072d526265aabff2,67906346c14d12c380c830fd,Stimuli/38_100_R.jpg,Different,100,n,n,1,2.259,93,0,93,0,1,,,,,,,,,,,,,,,,,,,,,,,,,,,,,,,,,,,,,,,,,,,,,,,,,
,,,,,,,,,,,,,,,55a9f6a1fdf99b2d81b5295f,2025-01-21_20h41.55.958,VisualArraysMentalRotation_v4,2021.1.4,Win32,15.60062402,679054f2072d526265aabff2,67906346c14d12c380c830fd,Stimuli/16_50.jpg,Same,50,b,b,1,1.411,94,0,94,0,1,,,,,,,,,,,,,,,,,,,,,,,,,,,,,,,,,,,,,,,,,,,,,,,,,
,,,,,,,,,,,,,,,55a9f6a1fdf99b2d81b5295f,2025-01-21_20h41.55.958,VisualArraysMentalRotation_v4,2021.1.4,Win32,15.60062402,679054f2072d526265aabff2,67906346c14d12c380c830fd,Stimuli/3_50.jpg,Same,50,b,b,1,1.243,95,0,95,0,1,,,,,,,,,,,,,,,,,,,,,,,,,,,,,,,,,,,,,,,,,,,,,,,,,
,,,,,,,,,,,,,,,55a9f6a1fdf99b2d81b5295f,2025-01-21_20h41.55.958,VisualArraysMentalRotation_v4,2021.1.4,Win32,15.60062402,679054f2072d526265aabff2,67906346c14d12c380c830fd,,,,,,,,,,,,,0,0,0,0,1,,,,,,,,,,,,,,,,,,,,,,,,,,,,,,,,,,,,,,,,,,,,
,,,,,,,,,,,,,,,55a9f6a1fdf99b2d81b5295f,2025-01-21_20h41.55.958,VisualArraysMentalRotation_v4,2021.1.4,Win32,15.60062402,679054f2072d526265aabff2,67906346c14d12c380c830fd,,,,,,,,,,,,,,,,,,0,0,0,0,1,0,1,,,,,,,,,,,,,,,,,,,,,,,,,,,,,,,,,,,,,
,,,,,,,,,,,,,,,55a9f6a1fdf99b2d81b5295f,2025-01-21_20h41.55.958,VisualArraysMentalRotation_v4,2021.1.4,Win32,15.60062402,679054f2072d526265aabff2,67906346c14d12c380c830fd,,,,,,,,,,,,,,,,,,,,,,,,,"[-45,45,90,0,90]","[45,90,-45,-45,45]",0.25,PracBlue_3,"[-45,45,90,0,90]","[45,90,45,-45,45]",5,0,1.443,0,0,0,12,1,BLUE,3,Different,6,1,,,,,,,,,,,,,,,,,,
,,,,,,,,,,,,,,,55a9f6a1fdf99b2d81b5295f,2025-01-21_20h41.55.958,VisualArraysMentalRotation_v4,2021.1.4,Win32,15.60062402,679054f2072d526265aabff2,67906346c14d12c380c830fd,,,,,,,,,,,,,,,,,,,,,,,,,"[0,90,-45,0,-45]","[-45,90,90,90,-45]",0.25,PracRed_2,"[0,-45,-45,0,-45]","[-45,90,90,90,-45]",6,1,0.926,0,1,1,7,1,RED,5,Different,6,3,,,,,,,,,,,,,,,,,,
,,,,,,,,,,,,,,,55a9f6a1fdf99b2d81b5295f,2025-01-21_20h41.55.958,VisualArraysMentalRotation_v4,2021.1.4,Win32,15.60062402,679054f2072d526265aabff2,67906346c14d12c380c830fd,,,,,,,,,,,,,,,,,,,,,,,,,"[-45,45,-45,90,90]","[0,45,0,90,45]",0.25,PracRed_4,"[-45,45,-45,0,90]","[0,45,0,90,45]",5,0,1.546,0,2,2,6,1,RED,5,Different,6,1,,,,,,,,,,,,,,,,,,
,,,,,,,,,,,,,,,55a9f6a1fdf99b2d81b5295f,2025-01-21_20h41.55.958,VisualArraysMentalRotation_v4,2021.1.4,Win32,15.60062402,679054f2072d526265aabff2,67906346c14d12c380c830fd,,,,,,,,,,,,,,,,,,,,,,,,,"[0,45,45,90,90]","[45,-45,0,-45,-45]",0.25,PracBlue_3,"[0,45,45,90,90]","[45,-45,45,-45,-45]",6,1,0.761,0,3,3,14,1,BLUE,5,Different,6,1,,,,,,,,,,,,,,,,,,
,,,,,,,,,,,,,,,55a9f6a1fdf99b2d81b5295f,2025-01-21_20h41.55.958,VisualArraysMentalRotation_v4,2021.1.4,Win32,15.60062402,679054f2072d526265aabff2,67906346c14d12c380c830fd,,,,,,,,,,,,,,,,,,,,,,,,,"[90,0,0,90,0]","[0,45,-45,90,-45]",0.25,PracRed_1,"[90,0,0,90,0]","[0,45,-45,90,-45]",6,0,0.722,0,4,4,0,1,RED,3,Same,5,1,,,,,,,,,,,,,,,,,,
,,,,,,,,,,,,,,,55a9f6a1fdf99b2d81b5295f,2025-01-21_20h41.55.958,VisualArraysMentalRotation_v4,2021.1.4,Win32,15.60062402,679054f2072d526265aabff2,67906346c14d12c380c830fd,,,,,,,,,,,,,,,,,,,,,,,,,"[0,90,0,90,45]","[-45,-45,-45,0,-45]",0.25,PracRed_3,"[0,90,0,90,45]","[-45,-45,-45,0,-45]",5,1,1.219,0,5,5,2,1,RED,5,Same,5,1,,,,,,,,,,,,,,,,,,
,,,,,,,,,,,,,,,55a9f6a1fdf99b2d81b5295f,2025-01-21_20h41.55.958,VisualArraysMentalRotation_v4,2021.1.4,Win32,15.60062402,679054f2072d526265aabff2,67906346c14d12c380c830fd,,,,,,,,,,,,,,,,,,,,,,,,,"[45,45,-45,45,0]","[45,45,45,-45,0]",0.25,PracBlue_1,"[45,45,-45,45,0]","[-45,45,45,-45,0]",5,0,1.402,0,6,6,13,1,BLUE,3,Different,6,3,,,,,,,,,,,,,,,,,,
,,,,,,,,,,,,,,,55a9f6a1fdf99b2d81b5295f,2025-01-21_20h41.55.958,VisualArraysMentalRotation_v4,2021.1.4,Win32,15.60062402,679054f2072d526265aabff2,67906346c14d12c380c830fd,,,,,,,,,,,,,,,,,,,,,,,,,"[90,0,90,90,90]","[-45,90,0,45,45]",0.25,PracBlue_4,"[90,0,90,90,90]","[-45,90,0,45,45]",6,0,1.694,0,7,7,10,1,BLUE,5,Same,5,1,,,,,,,,,,,,,,,,,,
,,,,,,,,,,,,,,,55a9f6a1fdf99b2d81b5295f,2025-01-21_20h41.55.958,VisualArraysMentalRotation_v4,2021.1.4,Win32,15.60062402,679054f2072d526265aabff2,67906346c14d12c380c830fd,,,,,,,,,,,,,,,,,,,,,,,,,"[0,-45,0,90,0]","[-45,45,45,-45,45]",0.25,PracBlue_2,"[0,-45,0,90,0]","[-45,45,45,-45,45]",5,1,0.974,0,8,8,8,1,BLUE,3,Same,5,1,,,,,,,,,,,,,,,,,,
,,,,,,,,,,,,,,,55a9f6a1fdf99b2d81b5295f,2025-01-21_20h41.55.958,VisualArraysMentalRotation_v4,2021.1.4,Win32,15.60062402,679054f2072d526265aabff2,67906346c14d12c380c830fd,,,,,,,,,,,,,,,,,,,,,,,,,"[0,-45,45,45,-45]","[90,-45,45,-45,90]",0.25,PracBlue_1,"[0,-45,45,45,-45]","[90,-45,45,-45,90]",5,1,0.919,0,9,9,11,1,BLUE,5,Same,5,3,,,,,,,,,,,,,,,,,,
,,,,,,,,,,,,,,,55a9f6a1fdf99b2d81b5295f,2025-01-21_20h41.55.958,VisualArraysMentalRotation_v4,2021.1.4,Win32,15.60062402,679054f2072d526265aabff2,67906346c14d12c380c830fd,,,,,,,,,,,,,,,,,,,,,,,,,"[0,45,0,90,0]","[-45,0,90,90,0]",0.25,PracBlue_3,"[0,45,0,90,0]","[-45,0,90,90,0]",5,1,0.656,0,10,10,9,1,BLUE,3,Same,5,3,,,,,,,,,,,,,,,,,,
,,,,,,,,,,,,,,,55a9f6a1fdf99b2d81b5295f,2025-01-21_20h41.55.958,VisualArraysMentalRotation_v4,2021.1.4,Win32,15.60062402,679054f2072d526265aabff2,67906346c14d12c380c830fd,,,,,,,,,,,,,,,,,,,,,,,,,"[0,45,90,90,-45]","[45,-45,0,45,0]",0.25,PracBlue_4,"[0,45,90,90,-45]","[45,-45,0,0,0]",5,0,0.969,0,11,11,15,1,BLUE,5,Different,6,3,,,,,,,,,,,,,,,,,,
,,,,,,,,,,,,,,,55a9f6a1fdf99b2d81b5295f,2025-01-21_20h41.55.958,VisualArraysMentalRotation_v4,2021.1.4,Win32,15.60062402,679054f2072d526265aabff2,67906346c14d12c380c830fd,,,,,,,,,,,,,,,,,,,,,,,,,"[-45,0,0,0,45]","[-45,45,90,45,90]",0.25,PracRed_3,"[-45,0,90,0,45]","[-45,45,90,45,90]",6,1,1.45,0,12,12,5,1,RED,3,Different,6,3,,,,,,,,,,,,,,,,,,
,,,,,,,,,,,,,,,55a9f6a1fdf99b2d81b5295f,2025-01-21_20h41.55.958,VisualArraysMentalRotation_v4,2021.1.4,Win32,15.60062402,679054f2072d526265aabff2,67906346c14d12c380c830fd,,,,,,,,,,,,,,,,,,,,,,,,,"[-45,-45,90,-45,-45]","[0,90,45,90,45]",0.25,PracRed_3,"[-45,-45,90,-45,-45]","[0,90,45,90,45]",5,1,1.411,0,13,13,1,1,RED,3,Same,5,3,,,,,,,,,,,,,,,,,,
,,,,,,,,,,,,,,,55a9f6a1fdf99b2d81b5295f,2025-01-21_20h41.55.958,VisualArraysMentalRotation_v4,2021.1.4,Win32,15.60062402,679054f2072d526265aabff2,67906346c14d12c380c830fd,,,,,,,,,,,,,,,,,,,,,,,,,"[45,0,0,90,90]","[0,-45,45,-45,0]",0.25,PracRed_1,"[90,0,0,90,90]","[0,-45,45,-45,0]",6,1,1.179,0,14,14,4,1,RED,3,Different,6,1,,,,,,,,,,,,,,,,,,
,,,,,,,,,,,,,,,55a9f6a1fdf99b2d81b5295f,2025-01-21_20h41.55.958,VisualArraysMentalRotation_v4,2021.1.4,Win32,15.60062402,679054f2072d526265aabff2,67906346c14d12c380c830fd,,,,,,,,,,,,,,,,,,,,,,,,,"[-45,-45,-45,-45,-45]","[-45,45,90,90,-45]",0.25,PracRed_5,"[-45,-45,-45,-45,-45]","[-45,45,90,90,-45]",6,0,0.87,0,15,15,3,1,RED,5,Same,5,3,,,,,,,,,,,,,,,,,,
,,,,,,,,,,,,,,,55a9f6a1fdf99b2d81b5295f,2025-01-21_20h41.55.958,VisualArraysMentalRotation_v4,2021.1.4,Win32,15.60062402,679054f2072d526265aabff2,67906346c14d12c380c830fd,,,,,,,,,,,,,,,,,,,,,,,,,,,,,,,,,,,,,,,,,,,,0,0,0,0,1,,,,,,,,,,,,,
,,,,,,,,,,,,,,,55a9f6a1fdf99b2d81b5295f,2025-01-21_20h41.55.958,VisualArraysMentalRotation_v4,2021.1.4,Win32,15.60062402,679054f2072d526265aabff2,67906346c14d12c380c830fd,,,,,,,,,,,,,,,,,,,,,,,,,"[90,0,45,45,45]","[0,-45,90,45,0]",0.25,PracRed_3,"[90,0,45,45,45]","[0,-45,90,45,0]",5,1,3.631,0,0,0,0,1,RED,3,Same,5,1,,,,,,,,,,,,,,,,,,
,,,,,,,,,,,,,,,55a9f6a1fdf99b2d81b5295f,2025-01-21_20h41.55.958,VisualArraysMentalRotation_v4,2021.1.4,Win32,15.60062402,679054f2072d526265aabff2,67906346c14d12c380c830fd,,,,,,,,,,,,,,,,,,,,,,,,,"[-45,0,-45,90,-45]","[90,90,90,90,90]",0.25,PracBlue_3,"[-45,0,-45,90,-45]","[90,90,0,90,90]",6,1,1.317,0,1,1,15,1,BLUE,5,Different,6,3,,,,,,,,,,,,,,,,,,
,,,,,,,,,,,,,,,55a9f6a1fdf99b2d81b5295f,2025-01-21_20h41.55.958,VisualArraysMentalRotation_v4,2021.1.4,Win32,15.60062402,679054f2072d526265aabff2,67906346c14d12c380c830fd,,,,,,,,,,,,,,,,,,,,,,,,,"[90,90,-45,90,-45]","[-45,90,90,0,0]",0.25,PracRed_3,"[90,90,-45,90,-45]","[-45,90,90,0,0]",6,0,0.984,0,2,2,2,1,RED,5,Same,5,1,,,,,,,,,,,,,,,,,,
,,,,,,,,,,,,,,,55a9f6a1fdf99b2d81b5295f,2025-01-21_20h41.55.958,VisualArraysMentalRotation_v4,2021.1.4,Win32,15.60062402,679054f2072d526265aabff2,67906346c14d12c380c830fd,,,,,,,,,,,,,,,,,,,,,,,,,"[45,-45,-45,90,45]","[0,0,45,-45,0]",0.25,PracRed_3,"[45,-45,45,90,45]","[0,0,45,-45,0]",6,1,1.077,0,3,3,6,1,RED,5,Different,6,1,,,,,,,,,,,,,,,,,,
,,,,,,,,,,,,,,,55a9f6a1fdf99b2d81b5295f,2025-01-21_20h41.55.958,VisualArraysMentalRotation_v4,2021.1.4,Win32,15.60062402,679054f2072d526265aabff2,67906346c14d12c380c830fd,,,,,,,,,,,,,,,,,,,,,,,,,"[-45,-45,-45,45,0]","[-45,45,90,45,0]",0.25,PracBlue_1,"[-45,-45,-45,45,0]","[-45,45,90,45,0]",6,0,0.841,0,4,4,9,1,BLUE,3,Same,5,3,,,,,,,,,,,,,,,,,,
,,,,,,,,,,,,,,,55a9f6a1fdf99b2d81b5295f,2025-01-21_20h41.55.958,VisualArraysMentalRotation_v4,2021.1.4,Win32,15.60062402,679054f2072d526265aabff2,67906346c14d12c380c830fd,,,,,,,,,,,,,,,,,,,,,,,,,"[90,90,90,90,-45]","[-45,45,0,90,45]",0.25,PracBlue_3,"[90,90,90,90,-45]","[-45,45,0,90,45]",5,1,0.751,0,5,5,8,1,BLUE,3,Same,5,1,,,,,,,,,,,,,,,,,,
,,,,,,,,,,,,,,,55a9f6a1fdf99b2d81b5295f,2025-01-21_20h41.55.958,VisualArraysMentalRotation_v4,2021.1.4,Win32,15.60062402,679054f2072d526265aabff2,67906346c14d12c380c830fd,,,,,,,,,,,,,,,,,,,,,,,,,"[45,0,45,-45,0]","[-45,-45,-45,90,90]",0.25,PracBlue_5,"[45,0,45,-45,0]","[-45,-45,-45,90,0]",6,1,1.126,0,6,6,14,1,BLUE,5,Different,6,1,,,,,,,,,,,,,,,,,,
,,,,,,,,,,,,,,,55a9f6a1fdf99b2d81b5295f,2025-01-21_20h41.55.958,VisualArraysMentalRotation_v4,2021.1.4,Win32,15.60062402,679054f2072d526265aabff2,67906346c14d12c380c830fd,,,,,,,,,,,,,,,,,,,,,,,,,"[45,-45,-45,90,90]","[0,-45,90,0,90]",0.25,PracRed_2,"[45,0,-45,90,90]","[0,-45,90,0,90]",6,1,1.352,0,7,7,7,1,RED,5,Different,6,3,,,,,,,,,,,,,,,,,,
,,,,,,,,,,,,,,,55a9f6a1fdf99b2d81b5295f,2025-01-21_20h41.55.958,VisualArraysMentalRotation_v4,2021.1.4,Win32,15.60062402,679054f2072d526265aabff2,67906346c14d12c380c830fd,,,,,,,,,,,,,,,,,,,,,,,,,"[90,45,0,90,45]","[90,45,90,-45,90]",0.25,PracBlue_4,"[90,45,0,90,45]","[90,45,90,-45,90]",5,1,1.058,0,8,8,10,1,BLUE,5,Same,5,1,,,,,,,,,,,,,,,,,,
,,,,,,,,,,,,,,,55a9f6a1fdf99b2d81b5295f,2025-01-21_20h41.55.958,VisualArraysMentalRotation_v4,2021.1.4,Win32,15.60062402,679054f2072d526265aabff2,67906346c14d12c380c830fd,,,,,,,,,,,,,,,,,,,,,,,,,"[-45,90,-45,0,45]","[-45,-45,45,-45,45]",0.25,PracRed_3,"[-45,90,-45,0,45]","[-45,-45,45,-45,45]",5,1,1.235,0,9,9,1,1,RED,3,Same,5,3,,,,,,,,,,,,,,,,,,
,,,,,,,,,,,,,,,55a9f6a1fdf99b2d81b5295f,2025-01-21_20h41.55.958,VisualArraysMentalRotation_v4,2021.1.4,Win32,15.60062402,679054f2072d526265aabff2,67906346c14d12c380c830fd,,,,,,,,,,,,,,,,,,,,,,,,,"[90,-45,90,45,90]","[0,0,90,45,0]",0.25,PracBlue_5,"[90,-45,90,45,90]","[0,0,90,45,0]",5,1,0.822,0,10,10,11,1,BLUE,5,Same,5,3,,,,,,,,,,,,,,,,,,
,,,,,,,,,,,,,,,55a9f6a1fdf99b2d81b5295f,2025-01-21_20h41.55.958,VisualArraysMentalRotation_v4,2021.1.4,Win32,15.60062402,679054f2072d526265aabff2,67906346c14d12c380c830fd,,,,,,,,,,,,,,,,,,,,,,,,,"[0,-45,-45,0,45]","[90,90,-45,45,0]",0.25,PracRed_3,"[0,-45,90,0,45]","[90,90,-45,45,0]",5,0,1.115,0,11,11,4,1,RED,3,Different,6,1,,,,,,,,,,,,,,,,,,
,,,,,,,,,,,,,,,55a9f6a1fdf99b2d81b5295f,2025-01-21_20h41.55.958,VisualArraysMentalRotation_v4,2021.1.4,Win32,15.60062402,679054f2072d526265aabff2,67906346c14d12c380c830fd,,,,,,,,,,,,,,,,,,,,,,,,,"[90,-45,0,0,45]","[90,90,0,0,-45]",0.25,PracBlue_2,"[90,-45,0,0,45]","[90,0,0,0,-45]",6,1,0.702,0,12,12,12,1,BLUE,3,Different,6,1,,,,,,,,,,,,,,,,,,
,,,,,,,,,,,,,,,55a9f6a1fdf99b2d81b5295f,2025-01-21_20h41.55.958,VisualArraysMentalRotation_v4,2021.1.4,Win32,15.60062402,679054f2072d526265aabff2,67906346c14d12c380c830fd,,,,,,,,,,,,,,,,,,,,,,,,,"[90,45,45,0,-45]","[0,45,90,-45,90]",0.25,PracRed_2,"[90,-45,45,0,-45]","[0,45,90,-45,90]",5,0,0.672,0,13,13,5,1,RED,3,Different,6,3,,,,,,,,,,,,,,,,,,
,,,,,,,,,,,,,,,55a9f6a1fdf99b2d81b5295f,2025-01-21_20h41.55.958,VisualArraysMentalRotation_v4,2021.1.4,Win32,15.60062402,679054f2072d526265aabff2,67906346c14d12c380c830fd,,,,,,,,,,,,,,,,,,,,,,,,,"[90,-45,45,90,-45]","[90,0,45,-45,-45]",0.25,PracRed_4,"[90,-45,45,90,-45]","[90,0,45,-45,-45]",6,0,0.835,0,14,14,3,1,RED,5,Same,5,3,,,,,,,,,,,,,,,,,,
,,,,,,,,,,,,,,,55a9f6a1fdf99b2d81b5295f,2025-01-21_20h41.55.958,VisualArraysMentalRotation_v4,2021.1.4,Win32,15.60062402,679054f2072d526265aabff2,67906346c14d12c380c830fd,,,,,,,,,,,,,,,,,,,,,,,,,"[45,90,45,90,0]","[45,-45,45,45,90]",0.25,PracBlue_3,"[45,90,45,90,0]","[45,-45,90,45,90]",5,0,0.834,0,15,15,13,1,BLUE,3,Different,6,3,,,,,,,,,,,,,,,,,,
,,,,,,,,,,,,,,,55a9f6a1fdf99b2d81b5295f,2025-01-21_20h41.55.958,VisualArraysMentalRotation_v4,2021.1.4,Win32,15.60062402,679054f2072d526265aabff2,67906346c14d12c380c830fd,,,,,,,,,,,,,,,,,,,,,,,,,,,,,,,,,,,,,,,,,,,,1,0,1,0,1,,,,,,,,,,,,,
,,,,,,,,,,,,,,,55a9f6a1fdf99b2d81b5295f,2025-01-21_20h41.55.958,VisualArraysMentalRotation_v4,2021.1.4,Win32,15.60062402,679054f2072d526265aabff2,67906346c14d12c380c830fd,,,,,,,,,,,,,,,,,,,,,,,,,"[0,45,45,45,90]","[45,-45,-45,0,0]",,Blue_4,"[0,45,45,45,90]","[45,-45,-45,90,0]",,,,,,,,,BLUE,5,Different,6,1,,,,,,6,1,1.431,0,0,0,14,1,,,,,
,,,,,,,,,,,,,,,55a9f6a1fdf99b2d81b5295f,2025-01-21_20h41.55.958,VisualArraysMentalRotation_v4,2021.1.4,Win32,15.60062402,679054f2072d526265aabff2,67906346c14d12c380c830fd,,,,,,,,,,,,,,,,,,,,,,,,,"[0,0,-45,45,45]","[0,90,-45,45,-45]",,Red_2,"[0,0,-45,45,45]","[0,90,-45,45,-45]",,,,,,,,,RED,3,Same,5,1,,,,,,5,1,1.133,0,1,1,0,1,,,,,
,,,,,,,,,,,,,,,55a9f6a1fdf99b2d81b5295f,2025-01-21_20h41.55.958,VisualArraysMentalRotation_v4,2021.1.4,Win32,15.60062402,679054f2072d526265aabff2,67906346c14d12c380c830fd,,,,,,,,,,,,,,,,,,,,,,,,,"[45,90,0,0,-45]","[45,0,90,0,0]",,Red_2,"[45,45,0,0,-45]","[45,0,90,0,0]",,,,,,,,,RED,5,Different,6,1,,,,,,6,1,1.337,0,2,2,6,1,,,,,
,,,,,,,,,,,,,,,55a9f6a1fdf99b2d81b5295f,2025-01-21_20h41.55.958,VisualArraysMentalRotation_v4,2021.1.4,Win32,15.60062402,679054f2072d526265aabff2,67906346c14d12c380c830fd,,,,,,,,,,,,,,,,,,,,,,,,,"[45,45,-45,90,90]","[45,0,90,90,45]",,Red_3,"[45,45,45,90,90]","[45,0,90,90,45]",,,,,,,,,RED,3,Different,6,3,,,,,,5,0,1.137,0,3,3,5,1,,,,,
,,,,,,,,,,,,,,,55a9f6a1fdf99b2d81b5295f,2025-01-21_20h41.55.958,VisualArraysMentalRotation_v4,2021.1.4,Win32,15.60062402,679054f2072d526265aabff2,67906346c14d12c380c830fd,,,,,,,,,,,,,,,,,,,,,,,,,"[90,-45,-45,45,0]","[-45,45,0,45,90]",,Red_3,"[90,-45,90,45,0]","[-45,45,0,45,90]",,,,,,,,,RED,3,Different,6,1,,,,,,6,1,1.243,0,4,4,4,1,,,,,
,,,,,,,,,,,,,,,55a9f6a1fdf99b2d81b5295f,2025-01-21_20h41.55.958,VisualArraysMentalRotation_v4,2021.1.4,Win32,15.60062402,679054f2072d526265aabff2,67906346c14d12c380c830fd,,,,,,,,,,,,,,,,,,,,,,,,,"[0,90,0,-45,0]","[90,90,0,45,90]",,Blue_3,"[0,90,0,-45,0]","[90,90,90,45,90]",,,,,,,,,BLUE,3,Different,6,1,,,,,,6,1,1.07,0,5,5,12,1,,,,,
,,,,,,,,,,,,,,,55a9f6a1fdf99b2d81b5295f,2025-01-21_20h41.55.958,VisualArraysMentalRotation_v4,2021.1.4,Win32,15.60062402,679054f2072d526265aabff2,67906346c14d12c380c830fd,,,,,,,,,,,,,,,,,,,,,,,,,"[-45,90,45,0,90]","[0,90,45,45,-45]",,Blue_5,"[-45,90,45,0,90]","[0,90,45,45,-45]",,,,,,,,,BLUE,5,Same,5,1,,,,,,6,0,0.907,0,6,6,10,1,,,,,
,,,,,,,,,,,,,,,55a9f6a1fdf99b2d81b5295f,2025-01-21_20h41.55.958,VisualArraysMentalRotation_v4,2021.1.4,Win32,15.60062402,679054f2072d526265aabff2,67906346c14d12c380c830fd,,,,,,,,,,,,,,,,,,,,,,,,,"[-45,-45,45,0,90]","[45,45,0,0,0]",,Red_5,"[-45,-45,45,0,90]","[45,45,0,0,0]",,,,,,,,,RED,5,Same,5,1,,,,,,5,1,0.762,0,7,7,2,1,,,,,
,,,,,,,,,,,,,,,55a9f6a1fdf99b2d81b5295f,2025-01-21_20h41.55.958,VisualArraysMentalRotation_v4,2021.1.4,Win32,15.60062402,679054f2072d526265aabff2,67906346c14d12c380c830fd,,,,,,,,,,,,,,,,,,,,,,,,,"[45,-45,-45,90,90]","[45,-45,90,-45,45]",,Blue_1,"[45,-45,-45,90,90]","[90,-45,90,-45,45]",,,,,,,,,BLUE,5,Different,6,3,,,,,,5,0,1.374,0,8,8,15,1,,,,,
,,,,,,,,,,,,,,,55a9f6a1fdf99b2d81b5295f,2025-01-21_20h41.55.958,VisualArraysMentalRotation_v4,2021.1.4,Win32,15.60062402,679054f2072d526265aabff2,67906346c14d12c380c830fd,,,,,,,,,,,,,,,,,,,,,,,,,"[90,90,0,90,0]","[-45,90,-45,-45,-45]",,Red_5,"[90,90,0,90,0]","[-45,90,-45,-45,-45]",,,,,,,,,RED,5,Same,5,3,,,,,,5,1,1.09,0,9,9,3,1,,,,,
,,,,,,,,,,,,,,,55a9f6a1fdf99b2d81b5295f,2025-01-21_20h41.55.958,VisualArraysMentalRotation_v4,2021.1.4,Win32,15.60062402,679054f2072d526265aabff2,67906346c14d12c380c830fd,,,,,,,,,,,,,,,,,,,,,,,,,"[0,-45,-45,45,0]","[0,90,-45,45,45]",,Blue_2,"[0,-45,-45,45,0]","[0,45,-45,45,45]",,,,,,,,,BLUE,3,Different,6,3,,,,,,5,0,1.135,0,10,10,13,1,,,,,
,,,,,,,,,,,,,,,55a9f6a1fdf99b2d81b5295f,2025-01-21_20h41.55.958,VisualArraysMentalRotation_v4,2021.1.4,Win32,15.60062402,679054f2072d526265aabff2,67906346c14d12c380c830fd,,,,,,,,,,,,,,,,,,,,,,,,,"[0,45,90,45,90]","[90,-45,90,-45,-45]",,Red_5,"[0,45,90,45,0]","[90,-45,90,-45,-45]",,,,,,,,,RED,5,Different,6,3,,,,,,6,1,1.65,0,11,11,7,1,,,,,
,,,,,,,,,,,,,,,55a9f6a1fdf99b2d81b5295f,2025-01-21_20h41.55.958,VisualArraysMentalRotation_v4,2021.1.4,Win32,15.60062402,679054f2072d526265aabff2,67906346c14d12c380c830fd,,,,,,,,,,,,,,,,,,,,,,,,,"[90,0,45,-45,45]","[0,0,0,0,45]",,Blue_1,"[90,0,45,-45,45]","[0,0,0,0,45]",,,,,,,,,BLUE,5,Same,5,3,,,,,,5,1,1.156,0,12,12,11,1,,,,,
,,,,,,,,,,,,,,,55a9f6a1fdf99b2d81b5295f,2025-01-21_20h41.55.958,VisualArraysMentalRotation_v4,2021.1.4,Win32,15.60062402,679054f2072d526265aabff2,67906346c14d12c380c830fd,,,,,,,,,,,,,,,,,,,,,,,,,"[90,-45,-45,-45,45]","[0,45,90,-45,0]",,Blue_1,"[90,-45,-45,-45,45]","[0,45,90,-45,0]",,,,,,,,,BLUE,3,Same,5,3,,,,,,5,1,0.926,0,13,13,9,1,,,,,
,,,,,,,,,,,,,,,55a9f6a1fdf99b2d81b5295f,2025-01-21_20h41.55.958,VisualArraysMentalRotation_v4,2021.1.4,Win32,15.60062402,679054f2072d526265aabff2,67906346c14d12c380c830fd,,,,,,,,,,,,,,,,,,,,,,,,,"[90,-45,-45,-45,-45]","[-45,0,0,0,-45]",,Red_3,"[90,-45,-45,-45,-45]","[-45,0,0,0,-45]",,,,,,,,,RED,3,Same,5,3,,,,,,5,1,1.597,0,14,14,1,1,,,,,
,,,,,,,,,,,,,,,55a9f6a1fdf99b2d81b5295f,2025-01-21_20h41.55.958,VisualArraysMentalRotation_v4,2021.1.4,Win32,15.60062402,679054f2072d526265aabff2,67906346c14d12c380c830fd,,,,,,,,,,,,,,,,,,,,,,,,,"[-45,-45,90,45,-45]","[-45,0,45,0,-45]",,Blue_1,"[-45,-45,90,45,-45]","[-45,0,45,0,-45]",,,,,,,,,BLUE,3,Same,5,1,,,,,,5,1,0.865,0,15,15,8,1,,,,,
,,,,,,,,,,,,,,,55a9f6a1fdf99b2d81b5295f,2025-01-21_20h41.55.958,VisualArraysMentalRotation_v4,2021.1.4,Win32,15.60062402,679054f2072d526265aabff2,67906346c14d12c380c830fd,,,,,,,,,,,,,,,,,,,,,,,,,"[-45,-45,90,90,-45]","[90,0,0,-45,-45]",,Red_4,"[-45,-45,90,0,-45]","[90,0,0,-45,-45]",,,,,,,,,RED,5,Different,6,3,,,,,,5,0,0.719,1,0,16,7,1,,,,,
,,,,,,,,,,,,,,,55a9f6a1fdf99b2d81b5295f,2025-01-21_20h41.55.958,VisualArraysMentalRotation_v4,2021.1.4,Win32,15.60062402,679054f2072d526265aabff2,67906346c14d12c380c830fd,,,,,,,,,,,,,,,,,,,,,,,,,"[-45,90,0,45,90]","[90,0,-45,-45,0]",,Red_1,"[0,90,0,45,90]","[90,0,-45,-45,0]",,,,,,,,,RED,5,Different,6,1,,,,,,5,0,0.951,1,1,17,6,1,,,,,
,,,,,,,,,,,,,,,55a9f6a1fdf99b2d81b5295f,2025-01-21_20h41.55.958,VisualArraysMentalRotation_v4,2021.1.4,Win32,15.60062402,679054f2072d526265aabff2,67906346c14d12c380c830fd,,,,,,,,,,,,,,,,,,,,,,,,,"[0,45,90,45,0]","[-45,-45,90,45,90]",,Blue_2,"[0,45,90,45,0]","[-45,90,90,45,90]",,,,,,,,,BLUE,5,Different,6,1,,,,,,5,0,0.937,1,2,18,14,1,,,,,
,,,,,,,,,,,,,,,55a9f6a1fdf99b2d81b5295f,2025-01-21_20h41.55.958,VisualArraysMentalRotation_v4,2021.1.4,Win32,15.60062402,679054f2072d526265aabff2,67906346c14d12c380c830fd,,,,,,,,,,,,,,,,,,,,,,,,,"[0,90,-45,45,45]","[90,0,-45,0,0]",,Red_1,"[-45,90,-45,45,45]","[90,0,-45,0,0]",,,,,,,,,RED,3,Different,6,1,,,,,,5,0,1.109,1,3,19,4,1,,,,,
,,,,,,,,,,,,,,,55a9f6a1fdf99b2d81b5295f,2025-01-21_20h41.55.958,VisualArraysMentalRotation_v4,2021.1.4,Win32,15.60062402,679054f2072d526265aabff2,67906346c14d12c380c830fd,,,,,,,,,,,,,,,,,,,,,,,,,"[45,90,45,0,45]","[90,90,45,0,0]",,Red_1,"[45,90,45,0,45]","[90,90,45,0,0]",,,,,,,,,RED,3,Same,5,3,,,,,,5,1,1.627,1,4,20,1,1,,,,,
,,,,,,,,,,,,,,,55a9f6a1fdf99b2d81b5295f,2025-01-21_20h41.55.958,VisualArraysMentalRotation_v4,2021.1.4,Win32,15.60062402,679054f2072d526265aabff2,67906346c14d12c380c830fd,,,,,,,,,,,,,,,,,,,,,,,,,"[90,0,45,0,45]","[45,-45,45,90,0]",,Red_1,"[90,0,45,0,45]","[45,-45,45,90,0]",,,,,,,,,RED,5,Same,5,1,,,,,,5,1,1.378,1,5,21,2,1,,,,,
,,,,,,,,,,,,,,,55a9f6a1fdf99b2d81b5295f,2025-01-21_20h41.55.958,VisualArraysMentalRotation_v4,2021.1.4,Win32,15.60062402,679054f2072d526265aabff2,67906346c14d12c380c830fd,,,,,,,,,,,,,,,,,,,,,,,,,"[0,90,0,-45,90]","[90,-45,45,0,0]",,Blue_3,"[0,90,0,-45,90]","[90,-45,45,0,0]",,,,,,,,,BLUE,5,Same,5,1,,,,,,5,1,0.982,1,6,22,10,1,,,,,
,,,,,,,,,,,,,,,55a9f6a1fdf99b2d81b5295f,2025-01-21_20h41.55.958,VisualArraysMentalRotation_v4,2021.1.4,Win32,15.60062402,679054f2072d526265aabff2,67906346c14d12c380c830fd,,,,,,,,,,,,,,,,,,,,,,,,,"[45,45,0,0,45]","[0,90,0,90,90]",,Blue_1,"[45,45,0,0,45]","[0,90,0,90,90]",,,,,,,,,BLUE,3,Same,5,3,,,,,,5,1,1.035,1,7,23,9,1,,,,,
,,,,,,,,,,,,,,,55a9f6a1fdf99b2d81b5295f,2025-01-21_20h41.55.958,VisualArraysMentalRotation_v4,2021.1.4,Win32,15.60062402,679054f2072d526265aabff2,67906346c14d12c380c830fd,,,,,,,,,,,,,,,,,,,,,,,,,"[-45,0,-45,90,45]","[90,90,-45,-45,90]",,Blue_1,"[-45,0,-45,90,45]","[0,90,-45,-45,90]",,,,,,,,,BLUE,3,Different,6,1,,,,,,6,1,1.291,1,8,24,12,1,,,,,
,,,,,,,,,,,,,,,55a9f6a1fdf99b2d81b5295f,2025-01-21_20h41.55.958,VisualArraysMentalRotation_v4,2021.1.4,Win32,15.60062402,679054f2072d526265aabff2,67906346c14d12c380c830fd,,,,,,,,,,,,,,,,,,,,,,,,,"[90,0,45,-45,-45]","[45,90,-45,45,-45]",,Blue_3,"[90,0,45,-45,-45]","[45,90,45,45,-45]",,,,,,,,,BLUE,5,Different,6,3,,,,,,6,1,1.243,1,9,25,15,1,,,,,
,,,,,,,,,,,,,,,55a9f6a1fdf99b2d81b5295f,2025-01-21_20h41.55.958,VisualArraysMentalRotation_v4,2021.1.4,Win32,15.60062402,679054f2072d526265aabff2,67906346c14d12c380c830fd,,,,,,,,,,,,,,,,,,,,,,,,,"[90,-45,90,45,90]","[90,45,45,0,-45]",,Red_3,"[90,-45,-45,45,90]","[90,45,45,0,-45]",,,,,,,,,RED,3,Different,6,3,,,,,,6,1,1.302,1,10,26,5,1,,,,,
,,,,,,,,,,,,,,,55a9f6a1fdf99b2d81b5295f,2025-01-21_20h41.55.958,VisualArraysMentalRotation_v4,2021.1.4,Win32,15.60062402,679054f2072d526265aabff2,67906346c14d12c380c830fd,,,,,,,,,,,,,,,,,,,,,,,,,"[0,-45,45,-45,45]","[-45,90,90,45,0]",,Blue_3,"[0,-45,45,-45,45]","[-45,90,90,45,0]",,,,,,,,,BLUE,3,Same,5,1,,,,,,5,1,0.943,1,11,27,8,1,,,,,
,,,,,,,,,,,,,,,55a9f6a1fdf99b2d81b5295f,2025-01-21_20h41.55.958,VisualArraysMentalRotation_v4,2021.1.4,Win32,15.60062402,679054f2072d526265aabff2,67906346c14d12c380c830fd,,,,,,,,,,,,,,,,,,,,,,,,,"[90,0,0,0,90]","[90,45,-45,-45,-45]",,Blue_2,"[90,0,0,0,90]","[90,90,-45,-45,-45]",,,,,,,,,BLUE,3,Different,6,3,,,,,,5,0,2.14,1,12,28,13,1,,,,,
,,,,,,,,,,,,,,,55a9f6a1fdf99b2d81b5295f,2025-01-21_20h41.55.958,VisualArraysMentalRotation_v4,2021.1.4,Win32,15.60062402,679054f2072d526265aabff2,67906346c14d12c380c830fd,,,,,,,,,,,,,,,,,,,,,,,,,"[-45,45,0,-45,0]","[90,90,90,0,-45]",,Blue_4,"[-45,45,0,-45,0]","[90,90,90,0,-45]",,,,,,,,,BLUE,5,Same,5,3,,,,,,5,1,1.453,1,13,29,11,1,,,,,
,,,,,,,,,,,,,,,55a9f6a1fdf99b2d81b5295f,2025-01-21_20h41.55.958,VisualArraysMentalRotation_v4,2021.1.4,Win32,15.60062402,679054f2072d526265aabff2,67906346c14d12c380c830fd,,,,,,,,,,,,,,,,,,,,,,,,,"[-45,90,90,45,-45]","[0,0,45,-45,0]",,Red_1,"[-45,90,90,45,-45]","[0,0,45,-45,0]",,,,,,,,,RED,3,Same,5,1,,,,,,5,1,1.363,1,14,30,0,1,,,,,
,,,,,,,,,,,,,,,55a9f6a1fdf99b2d81b5295f,2025-01-21_20h41.55.958,VisualArraysMentalRotation_v4,2021.1.4,Win32,15.60062402,679054f2072d526265aabff2,67906346c14d12c380c830fd,,,,,,,,,,,,,,,,,,,,,,,,,"[0,0,-45,0,90]","[45,90,45,-45,45]",,Red_1,"[0,0,-45,0,90]","[45,90,45,-45,45]",,,,,,,,,RED,5,Same,5,3,,,,,,5,1,1.234,1,15,31,3,1,,,,,
,,,,,,,,,,,,,,,55a9f6a1fdf99b2d81b5295f,2025-01-21_20h41.55.958,VisualArraysMentalRotation_v4,2021.1.4,Win32,15.60062402,679054f2072d526265aabff2,67906346c14d12c380c830fd,,,,,,,,,,,,,,,,,,,,,,,,,"[-45,0,45,-45,0]","[0,45,-45,45,-45]",,Red_2,"[-45,45,45,-45,0]","[0,45,-45,45,-45]",,,,,,,,,RED,3,Different,6,1,,,,,,6,1,1.201,2,0,32,4,1,,,,,
,,,,,,,,,,,,,,,55a9f6a1fdf99b2d81b5295f,2025-01-21_20h41.55.958,VisualArraysMentalRotation_v4,2021.1.4,Win32,15.60062402,679054f2072d526265aabff2,67906346c14d12c380c830fd,,,,,,,,,,,,,,,,,,,,,,,,,"[90,45,45,0,0]","[-45,-45,45,-45,90]",,Blue_5,"[90,45,45,0,0]","[-45,-45,45,-45,-45]",,,,,,,,,BLUE,5,Different,6,3,,,,,,6,1,1.505,2,1,33,15,1,,,,,
,,,,,,,,,,,,,,,55a9f6a1fdf99b2d81b5295f,2025-01-21_20h41.55.958,VisualArraysMentalRotation_v4,2021.1.4,Win32,15.60062402,679054f2072d526265aabff2,67906346c14d12c380c830fd,,,,,,,,,,,,,,,,,,,,,,,,,"[0,0,-45,90,0]","[45,-45,45,0,-45]",,Red_2,"[0,0,-45,90,0]","[45,-45,45,0,-45]",,,,,,,,,RED,3,Same,5,3,,,,,,5,1,1.492,2,2,34,1,1,,,,,
,,,,,,,,,,,,,,,55a9f6a1fdf99b2d81b5295f,2025-01-21_20h41.55.958,VisualArraysMentalRotation_v4,2021.1.4,Win32,15.60062402,679054f2072d526265aabff2,67906346c14d12c380c830fd,,,,,,,,,,,,,,,,,,,,,,,,,"[0,90,0,90,-45]","[-45,90,45,45,45]",,Blue_3,"[0,90,0,90,-45]","[-45,90,0,45,45]",,,,,,,,,BLUE,3,Different,6,3,,,,,,6,1,1.052,2,3,35,13,1,,,,,
,,,,,,,,,,,,,,,55a9f6a1fdf99b2d81b5295f,2025-01-21_20h41.55.958,VisualArraysMentalRotation_v4,2021.1.4,Win32,15.60062402,679054f2072d526265aabff2,67906346c14d12c380c830fd,,,,,,,,,,,,,,,,,,,,,,,,,"[0,-45,45,-45,90]","[45,-45,0,-45,90]",,Red_1,"[0,-45,45,-45,90]","[45,-45,0,-45,90]",,,,,,,,,RED,5,Same,5,1,,,,,,5,1,1.228,2,4,36,2,1,,,,,
,,,,,,,,,,,,,,,55a9f6a1fdf99b2d81b5295f,2025-01-21_20h41.55.958,VisualArraysMentalRotation_v4,2021.1.4,Win32,15.60062402,679054f2072d526265aabff2,67906346c14d12c380c830fd,,,,,,,,,,,,,,,,,,,,,,,,,"[90,45,45,0,45]","[45,-45,45,45,90]",,Blue_2,"[90,45,45,0,45]","[45,-45,45,45,90]",,,,,,,,,BLUE,5,Same,5,3,,,,,,6,0,1.556,2,5,37,11,1,,,,,
,,,,,,,,,,,,,,,55a9f6a1fdf99b2d81b5295f,2025-01-21_20h41.55.958,VisualArraysMentalRotation_v4,2021.1.4,Win32,15.60062402,679054f2072d526265aabff2,67906346c14d12c380c830fd,,,,,,,,,,,,,,,,,,,,,,,,,"[90,90,45,-45,-45]","[-45,90,90,45,45]",,Red_1,"[45,90,45,-45,-45]","[-45,90,90,45,45]",,,,,,,,,RED,5,Different,6,1,,,,,,6,1,1.258,2,6,38,6,1,,,,,
,,,,,,,,,,,,,,,55a9f6a1fdf99b2d81b5295f,2025-01-21_20h41.55.958,VisualArraysMentalRotation_v4,2021.1.4,Win32,15.60062402,679054f2072d526265aabff2,67906346c14d12c380c830fd,,,,,,,,,,,,,,,,,,,,,,,,,"[90,0,-45,-45,90]","[0,-45,90,45,90]",,Blue_3,"[90,0,-45,-45,90]","[0,-45,-45,45,90]",,,,,,,,,BLUE,5,Different,6,1,,,,,,6,1,1.088,2,7,39,14,1,,,,,
,,,,,,,,,,,,,,,55a9f6a1fdf99b2d81b5295f,2025-01-21_20h41.55.958,VisualArraysMentalRotation_v4,2021.1.4,Win32,15.60062402,679054f2072d526265aabff2,67906346c14d12c380c830fd,,,,,,,,,,,,,,,,,,,,,,,,,"[-45,45,-45,90,0]","[0,45,90,-45,-45]",,Blue_5,"[-45,45,-45,90,0]","[0,45,90,-45,-45]",,,,,,,,,BLUE,5,Same,5,1,,,,,,5,1,1.708,2,8,40,10,1,,,,,
,,,,,,,,,,,,,,,55a9f6a1fdf99b2d81b5295f,2025-01-21_20h41.55.958,VisualArraysMentalRotation_v4,2021.1.4,Win32,15.60062402,679054f2072d526265aabff2,67906346c14d12c380c830fd,,,,,,,,,,,,,,,,,,,,,,,,,"[45,45,-45,-45,45]","[0,45,45,90,-45]",,Blue_1,"[45,45,-45,-45,45]","[0,45,45,90,-45]",,,,,,,,,BLUE,3,Same,5,1,,,,,,5,1,1.012,2,9,41,8,1,,,,,
,,,,,,,,,,,,,,,55a9f6a1fdf99b2d81b5295f,2025-01-21_20h41.55.958,VisualArraysMentalRotation_v4,2021.1.4,Win32,15.60062402,679054f2072d526265aabff2,67906346c14d12c380c830fd,,,,,,,,,,,,,,,,,,,,,,,,,"[90,45,45,90,-45]","[0,90,45,-45,45]",,Blue_2,"[90,45,45,90,-45]","[0,90,45,-45,45]",,,,,,,,,BLUE,3,Same,5,3,,,,,,5,1,1.925,2,10,42,9,1,,,,,
,,,,,,,,,,,,,,,55a9f6a1fdf99b2d81b5295f,2025-01-21_20h41.55.958,VisualArraysMentalRotation_v4,2021.1.4,Win32,15.60062402,679054f2072d526265aabff2,67906346c14d12c380c830fd,,,,,,,,,,,,,,,,,,,,,,,,,"[90,0,90,0,-45]","[-45,45,90,90,-45]",,Red_2,"[90,0,90,0,-45]","[-45,45,90,90,-45]",,,,,,,,,RED,3,Same,5,1,,,,,,5,1,0.84,2,11,43,0,1,,,,,
,,,,,,,,,,,,,,,55a9f6a1fdf99b2d81b5295f,2025-01-21_20h41.55.958,VisualArraysMentalRotation_v4,2021.1.4,Win32,15.60062402,679054f2072d526265aabff2,67906346c14d12c380c830fd,,,,,,,,,,,,,,,,,,,,,,,,,"[45,-45,-45,0,45]","[45,0,45,90,90]",,Red_1,"[90,-45,-45,0,45]","[45,0,45,90,90]",,,,,,,,,RED,3,Different,6,3,,,,,,5,0,2.209,2,12,44,5,1,,,,,
,,,,,,,,,,,,,,,55a9f6a1fdf99b2d81b5295f,2025-01-21_20h41.55.958,VisualArraysMentalRotation_v4,2021.1.4,Win32,15.60062402,679054f2072d526265aabff2,67906346c14d12c380c830fd,,,,,,,,,,,,,,,,,,,,,,,,,"[-45,90,90,-45,0]","[-45,-45,0,-45,0]",,Red_5,"[-45,90,90,-45,0]","[-45,-45,0,-45,0]",,,,,,,,,RED,5,Same,5,3,,,,,,5,1,1.573,2,13,45,3,1,,,,,
,,,,,,,,,,,,,,,55a9f6a1fdf99b2d81b5295f,2025-01-21_20h41.55.958,VisualArraysMentalRotation_v4,2021.1.4,Win32,15.60062402,679054f2072d526265aabff2,67906346c14d12c380c830fd,,,,,,,,,,,,,,,,,,,,,,,,,"[0,90,0,90,90]","[-45,90,0,45,45]",,Red_1,"[90,90,0,90,90]","[-45,90,0,45,45]",,,,,,,,,RED,5,Different,6,3,,,,,,5,0,2.707,2,14,46,7,1,,,,,
,,,,,,,,,,,,,,,55a9f6a1fdf99b2d81b5295f,2025-01-21_20h41.55.958,VisualArraysMentalRotation_v4,2021.1.4,Win32,15.60062402,679054f2072d526265aabff2,67906346c14d12c380c830fd,,,,,,,,,,,,,,,,,,,,,,,,,"[-45,-45,45,-45,90]","[45,45,-45,0,90]",,Blue_2,"[-45,-45,45,-45,90]","[45,90,-45,0,90]",,,,,,,,,BLUE,3,Different,6,1,,,,,,6,1,1.276,2,15,47,12,1,,,,,
,,,,,,,,,,,,,,,55a9f6a1fdf99b2d81b5295f,2025-01-21_20h41.55.958,VisualArraysMentalRotation_v4,2021.1.4,Win32,15.60062402,679054f2072d526265aabff2,67906346c14d12c380c830fd,,,,,,,,,,,,,,,,,,,,,,,,,"[-45,90,90,45,-45]","[-45,-45,45,0,0]",,Red_2,"[-45,0,90,45,-45]","[-45,-45,45,0,0]",,,,,,,,,RED,5,Different,6,3,,,,,,5,0,2.071,3,0,48,7,1,,,,,
,,,,,,,,,,,,,,,55a9f6a1fdf99b2d81b5295f,2025-01-21_20h41.55.958,VisualArraysMentalRotation_v4,2021.1.4,Win32,15.60062402,679054f2072d526265aabff2,67906346c14d12c380c830fd,,,,,,,,,,,,,,,,,,,,,,,,,"[90,0,0,90,0]","[-45,0,45,0,-45]",,Red_3,"[90,0,0,90,0]","[-45,0,45,0,-45]",,,,,,,,,RED,5,Same,5,3,,,,,,5,1,1.2,3,1,49,3,1,,,,,
,,,,,,,,,,,,,,,55a9f6a1fdf99b2d81b5295f,2025-01-21_20h41.55.958,VisualArraysMentalRotation_v4,2021.1.4,Win32,15.60062402,679054f2072d526265aabff2,67906346c14d12c380c830fd,,,,,,,,,,,,,,,,,,,,,,,,,"[-45,-45,90,0,-45]","[-45,90,90,-45,45]",,Blue_2,"[-45,-45,90,0,-45]","[-45,-45,90,-45,45]",,,,,,,,,BLUE,3,Different,6,3,,,,,,6,1,1.502,3,2,50,13,1,,,,,
,,,,,,,,,,,,,,,55a9f6a1fdf99b2d81b5295f,2025-01-21_20h41.55.958,VisualArraysMentalRotation_v4,2021.1.4,Win32,15.60062402,679054f2072d526265aabff2,67906346c14d12c380c830fd,,,,,,,,,,,,,,,,,,,,,,,,,"[90,-45,-45,0,45]","[-45,45,90,45,90]",,Blue_1,"[90,-45,-45,0,45]","[45,45,90,45,90]",,,,,,,,,BLUE,5,Different,6,3,,,,,,5,0,2.125,3,3,51,15,1,,,,,
,,,,,,,,,,,,,,,55a9f6a1fdf99b2d81b5295f,2025-01-21_20h41.55.958,VisualArraysMentalRotation_v4,2021.1.4,Win32,15.60062402,679054f2072d526265aabff2,67906346c14d12c380c830fd,,,,,,,,,,,,,,,,,,,,,,,,,"[90,0,-45,0,45]","[45,0,45,90,-45]",,Blue_1,"[90,0,-45,0,45]","[45,0,45,90,-45]",,,,,,,,,BLUE,3,Same,5,1,,,,,,5,1,0.923,3,4,52,8,1,,,,,
,,,,,,,,,,,,,,,55a9f6a1fdf99b2d81b5295f,2025-01-21_20h41.55.958,VisualArraysMentalRotation_v4,2021.1.4,Win32,15.60062402,679054f2072d526265aabff2,67906346c14d12c380c830fd,,,,,,,,,,,,,,,,,,,,,,,,,"[-45,90,45,45,-45]","[90,-45,0,-45,0]",,Red_3,"[-45,90,90,45,-45]","[90,-45,0,-45,0]",,,,,,,,,RED,3,Different,6,1,,,,,,6,1,1.322,3,5,53,4,1,,,,,
,,,,,,,,,,,,,,,55a9f6a1fdf99b2d81b5295f,2025-01-21_20h41.55.958,VisualArraysMentalRotation_v4,2021.1.4,Win32,15.60062402,679054f2072d526265aabff2,67906346c14d12c380c830fd,,,,,,,,,,,,,,,,,,,,,,,,,"[90,-45,90,-45,-45]","[0,-45,0,0,45]",,Blue_5,"[90,-45,90,-45,-45]","[0,-45,0,0,0]",,,,,,,,,BLUE,5,Different,6,1,,,,,,6,1,1.554,3,6,54,14,1,,,,,
,,,,,,,,,,,,,,,55a9f6a1fdf99b2d81b5295f,2025-01-21_20h41.55.958,VisualArraysMentalRotation_v4,2021.1.4,Win32,15.60062402,679054f2072d526265aabff2,67906346c14d12c380c830fd,,,,,,,,,,,,,,,,,,,,,,,,,"[90,90,0,-45,0]","[0,0,45,45,0]",,Blue_3,"[90,90,0,-45,0]","[0,0,45,45,0]",,,,,,,,,BLUE,5,Same,5,1,,,,,,5,1,1.692,3,7,55,10,1,,,,,
,,,,,,,,,,,,,,,55a9f6a1fdf99b2d81b5295f,2025-01-21_20h41.55.958,VisualArraysMentalRotation_v4,2021.1.4,Win32,15.60062402,679054f2072d526265aabff2,67906346c14d12c380c830fd,,,,,,,,,,,,,,,,,,,,,,,,,"[45,-45,90,90,0]","[90,45,-45,45,0]",,Red_3,"[45,-45,90,90,0]","[90,45,-45,45,0]",,,,,,,,,RED,3,Same,5,1,,,,,,5,1,0.919,3,8,56,0,1,,,,,
,,,,,,,,,,,,,,,55a9f6a1fdf99b2d81b5295f,2025-01-21_20h41.55.958,VisualArraysMentalRotation_v4,2021.1.4,Win32,15.60062402,679054f2072d526265aabff2,67906346c14d12c380c830fd,,,,,,,,,,,,,,,,,,,,,,,,,"[-45,-45,90,90,-45]","[-45,0,-45,0,-45]",,Red_3,"[-45,-45,-45,90,-45]","[-45,0,-45,0,-45]",,,,,,,,,RED,3,Different,6,3,,,,,,5,0,1.667,3,9,57,5,1,,,,,
,,,,,,,,,,,,,,,55a9f6a1fdf99b2d81b5295f,2025-01-21_20h41.55.958,VisualArraysMentalRotation_v4,2021.1.4,Win32,15.60062402,679054f2072d526265aabff2,67906346c14d12c380c830fd,,,,,,,,,,,,,,,,,,,,,,,,,"[90,0,-45,0,0]","[90,0,-45,-45,-45]",,Blue_2,"[90,0,-45,0,0]","[90,0,-45,-45,-45]",,,,,,,,,BLUE,3,Same,5,3,,,,,,6,0,1.572,3,10,58,9,1,,,,,
,,,,,,,,,,,,,,,55a9f6a1fdf99b2d81b5295f,2025-01-21_20h41.55.958,VisualArraysMentalRotation_v4,2021.1.4,Win32,15.60062402,679054f2072d526265aabff2,67906346c14d12c380c830fd,,,,,,,,,,,,,,,,,,,,,,,,,"[90,90,-45,0,-45]","[45,0,90,-45,0]",,Blue_2,"[90,90,-45,0,-45]","[45,0,90,-45,0]",,,,,,,,,BLUE,5,Same,5,3,,,,,,5,1,1.582,3,11,59,11,1,,,,,
,,,,,,,,,,,,,,,55a9f6a1fdf99b2d81b5295f,2025-01-21_20h41.55.958,VisualArraysMentalRotation_v4,2021.1.4,Win32,15.60062402,679054f2072d526265aabff2,67906346c14d12c380c830fd,,,,,,,,,,,,,,,,,,,,,,,,,"[45,90,-45,0,90]","[0,90,-45,45,-45]",,Blue_3,"[45,90,-45,0,90]","[0,90,90,45,-45]",,,,,,,,,BLUE,3,Different,6,1,,,,,,6,1,1.156,3,12,60,12,1,,,,,
,,,,,,,,,,,,,,,55a9f6a1fdf99b2d81b5295f,2025-01-21_20h41.55.958,VisualArraysMentalRotation_v4,2021.1.4,Win32,15.60062402,679054f2072d526265aabff2,67906346c14d12c380c830fd,,,,,,,,,,,,,,,,,,,,,,,,,"[0,45,45,90,-45]","[0,45,45,90,45]",,Red_5,"[0,45,45,90,-45]","[0,45,45,90,45]",,,,,,,,,RED,5,Same,5,1,,,,,,5,1,1.673,3,13,61,2,1,,,,,
,,,,,,,,,,,,,,,55a9f6a1fdf99b2d81b5295f,2025-01-21_20h41.55.958,VisualArraysMentalRotation_v4,2021.1.4,Win32,15.60062402,679054f2072d526265aabff2,67906346c14d12c380c830fd,,,,,,,,,,,,,,,,,,,,,,,,,"[90,0,90,0,0]","[45,45,90,-45,0]",,Red_4,"[90,0,90,45,0]","[45,45,90,-45,0]",,,,,,,,,RED,5,Different,6,1,,,,,,6,1,1.755,3,14,62,6,1,,,,,
,,,,,,,,,,,,,,,55a9f6a1fdf99b2d81b5295f,2025-01-21_20h41.55.958,VisualArraysMentalRotation_v4,2021.1.4,Win32,15.60062402,679054f2072d526265aabff2,67906346c14d12c380c830fd,,,,,,,,,,,,,,,,,,,,,,,,,"[0,90,45,45,90]","[-45,0,0,-45,-45]",,Red_1,"[0,90,45,45,90]","[-45,0,0,-45,-45]",,,,,,,,,RED,3,Same,5,3,,,,,,5,1,1.328,3,15,63,1,1,,,,,
,,,,,,,,,,,,,,,55a9f6a1fdf99b2d81b5295f,2025-01-21_20h41.55.958,VisualArraysMentalRotation_v4,2021.1.4,Win32,15.60062402,679054f2072d526265aabff2,67906346c14d12c380c830fd,,,,,,,,,,,,,,,,,,,,,,,,,"[-45,0,-45,90,0]","[45,45,-45,45,-45]",,Blue_2,"[-45,0,-45,90,0]","[45,45,-45,45,-45]",,,,,,,,,BLUE,5,Same,5,1,,,,,,5,1,1.071,4,0,64,10,1,,,,,
,,,,,,,,,,,,,,,55a9f6a1fdf99b2d81b5295f,2025-01-21_20h41.55.958,VisualArraysMentalRotation_v4,2021.1.4,Win32,15.60062402,679054f2072d526265aabff2,67906346c14d12c380c830fd,,,,,,,,,,,,,,,,,,,,,,,,,"[45,0,-45,45,-45]","[0,0,-45,45,-45]",,Red_1,"[45,0,-45,45,-45]","[0,0,-45,45,-45]",,,,,,,,,RED,3,Same,5,3,,,,,,5,1,1.238,4,1,65,1,1,,,,,
,,,,,,,,,,,,,,,55a9f6a1fdf99b2d81b5295f,2025-01-21_20h41.55.958,VisualArraysMentalRotation_v4,2021.1.4,Win32,15.60062402,679054f2072d526265aabff2,67906346c14d12c380c830fd,,,,,,,,,,,,,,,,,,,,,,,,,"[45,0,45,90,0]","[45,-45,-45,0,0]",,Red_3,"[45,0,90,90,0]","[45,-45,-45,0,0]",,,,,,,,,RED,5,Different,6,3,,,,,,5,0,1.502,4,2,66,7,1,,,,,
,,,,,,,,,,,,,,,55a9f6a1fdf99b2d81b5295f,2025-01-21_20h41.55.958,VisualArraysMentalRotation_v4,2021.1.4,Win32,15.60062402,679054f2072d526265aabff2,67906346c14d12c380c830fd,,,,,,,,,,,,,,,,,,,,,,,,,"[90,45,90,0,45]","[45,90,45,45,0]",,Red_1,"[-45,45,90,0,45]","[45,90,45,45,0]",,,,,,,,,RED,3,Different,6,3,,,,,,6,1,3.022,4,3,67,5,1,,,,,
,,,,,,,,,,,,,,,55a9f6a1fdf99b2d81b5295f,2025-01-21_20h41.55.958,VisualArraysMentalRotation_v4,2021.1.4,Win32,15.60062402,679054f2072d526265aabff2,67906346c14d12c380c830fd,,,,,,,,,,,,,,,,,,,,,,,,,"[90,45,90,0,-45]","[-45,90,45,45,0]",,Red_1,"[90,45,90,0,-45]","[-45,90,45,45,0]",,,,,,,,,RED,5,Same,5,1,,,,,,5,1,1.041,4,4,68,2,1,,,,,
,,,,,,,,,,,,,,,55a9f6a1fdf99b2d81b5295f,2025-01-21_20h41.55.958,VisualArraysMentalRotation_v4,2021.1.4,Win32,15.60062402,679054f2072d526265aabff2,67906346c14d12c380c830fd,,,,,,,,,,,,,,,,,,,,,,,,,"[90,45,45,90,45]","[90,90,90,-45,45]",,Blue_2,"[90,45,45,90,45]","[90,90,90,-45,45]",,,,,,,,,BLUE,3,Same,5,3,,,,,,5,1,1.037,4,5,69,9,1,,,,,
,,,,,,,,,,,,,,,55a9f6a1fdf99b2d81b5295f,2025-01-21_20h41.55.958,VisualArraysMentalRotation_v4,2021.1.4,Win32,15.60062402,679054f2072d526265aabff2,67906346c14d12c380c830fd,,,,,,,,,,,,,,,,,,,,,,,,,"[-45,0,45,0,-45]","[90,-45,90,-45,90]",,Blue_1,"[-45,0,45,0,-45]","[90,-45,90,-45,90]",,,,,,,,,BLUE,5,Same,5,3,,,,,,5,1,1.525,4,6,70,11,1,,,,,
,,,,,,,,,,,,,,,55a9f6a1fdf99b2d81b5295f,2025-01-21_20h41.55.958,VisualArraysMentalRotation_v4,2021.1.4,Win32,15.60062402,679054f2072d526265aabff2,67906346c14d12c380c830fd,,,,,,,,,,,,,,,,,,,,,,,,,"[0,-45,90,-45,0]","[-45,45,45,-45,90]",,Red_1,"[90,-45,90,-45,0]","[-45,45,45,-45,90]",,,,,,,,,RED,5,Different,6,1,,,,,,5,0,2.06,4,7,71,6,1,,,,,
,,,,,,,,,,,,,,,55a9f6a1fdf99b2d81b5295f,2025-01-21_20h41.55.958,VisualArraysMentalRotation_v4,2021.1.4,Win32,15.60062402,679054f2072d526265aabff2,67906346c14d12c380c830fd,,,,,,,,,,,,,,,,,,,,,,,,,"[0,0,-45,0,0]","[45,-45,0,90,-45]",,Red_2,"[0,90,-45,0,0]","[45,-45,0,90,-45]",,,,,,,,,RED,3,Different,6,1,,,,,,6,1,1.719,4,8,72,4,1,,,,,
,,,,,,,,,,,,,,,55a9f6a1fdf99b2d81b5295f,2025-01-21_20h41.55.958,VisualArraysMentalRotation_v4,2021.1.4,Win32,15.60062402,679054f2072d526265aabff2,67906346c14d12c380c830fd,,,,,,,,,,,,,,,,,,,,,,,,,"[-45,0,-45,45,-45]","[90,0,45,0,-45]",,Blue_1,"[-45,0,-45,45,-45]","[45,0,45,0,-45]",,,,,,,,,BLUE,5,Different,6,3,,,,,,6,1,1.244,4,9,73,15,1,,,,,
,,,,,,,,,,,,,,,55a9f6a1fdf99b2d81b5295f,2025-01-21_20h41.55.958,VisualArraysMentalRotation_v4,2021.1.4,Win32,15.60062402,679054f2072d526265aabff2,67906346c14d12c380c830fd,,,,,,,,,,,,,,,,,,,,,,,,,"[0,-45,-45,45,45]","[-45,45,90,45,45]",,Red_3,"[0,-45,-45,45,45]","[-45,45,90,45,45]",,,,,,,,,RED,3,Same,5,1,,,,,,5,1,1.639,4,10,74,0,1,,,,,
,,,,,,,,,,,,,,,55a9f6a1fdf99b2d81b5295f,2025-01-21_20h41.55.958,VisualArraysMentalRotation_v4,2021.1.4,Win32,15.60062402,679054f2072d526265aabff2,67906346c14d12c380c830fd,,,,,,,,,,,,,,,,,,,,,,,,,"[-45,90,0,0,45]","[0,-45,45,0,0]",,Blue_1,"[-45,90,0,0,45]","[45,-45,45,0,0]",,,,,,,,,BLUE,3,Different,6,1,,,,,,6,1,2.019,4,11,75,12,1,,,,,
,,,,,,,,,,,,,,,55a9f6a1fdf99b2d81b5295f,2025-01-21_20h41.55.958,VisualArraysMentalRotation_v4,2021.1.4,Win32,15.60062402,679054f2072d526265aabff2,67906346c14d12c380c830fd,,,,,,,,,,,,,,,,,,,,,,,,,"[-45,90,45,45,90]","[0,45,-45,45,45]",,Red_4,"[-45,90,45,45,90]","[0,45,-45,45,45]",,,,,,,,,RED,5,Same,5,3,,,,,,6,0,2.491,4,12,76,3,1,,,,,
,,,,,,,,,,,,,,,55a9f6a1fdf99b2d81b5295f,2025-01-21_20h41.55.958,VisualArraysMentalRotation_v4,2021.1.4,Win32,15.60062402,679054f2072d526265aabff2,67906346c14d12c380c830fd,,,,,,,,,,,,,,,,,,,,,,,,,"[0,0,90,0,90]","[90,-45,45,0,90]",,Blue_1,"[0,0,90,0,90]","[45,-45,45,0,90]",,,,,,,,,BLUE,3,Different,6,3,,,,,,6,1,1.283,4,13,77,13,1,,,,,
,,,,,,,,,,,,,,,55a9f6a1fdf99b2d81b5295f,2025-01-21_20h41.55.958,VisualArraysMentalRotation_v4,2021.1.4,Win32,15.60062402,679054f2072d526265aabff2,67906346c14d12c380c830fd,,,,,,,,,,,,,,,,,,,,,,,,,"[90,90,45,0,0]","[45,0,-45,-45,0]",,Blue_3,"[90,90,45,0,0]","[45,0,-45,-45,0]",,,,,,,,,BLUE,3,Same,5,1,,,,,,5,1,1.041,4,14,78,8,1,,,,,
,,,,,,,,,,,,,,,55a9f6a1fdf99b2d81b5295f,2025-01-21_20h41.55.958,VisualArraysMentalRotation_v4,2021.1.4,Win32,15.60062402,679054f2072d526265aabff2,67906346c14d12c380c830fd,,,,,,,,,,,,,,,,,,,,,,,,,"[90,0,-45,45,90]","[0,0,-45,-45,0]",,Blue_2,"[90,0,-45,45,90]","[0,45,-45,-45,0]",,,,,,,,,BLUE,5,Different,6,1,,,,,,6,1,1.4,4,15,79,14,1,,,,,
,,,,,,,,,,,,,,,55a9f6a1fdf99b2d81b5295f,2025-01-21_20h41.55.958,VisualArraysMentalRotation_v4,2021.1.4,Win32,15.60062402,679054f2072d526265aabff2,67906346c14d12c380c830fd,,,,,,,,,,,,,,,,,,,,,,,,,"[0,90,90,-45,90]","[0,0,0,0,-45]",,Blue_3,"[0,90,90,-45,90]","[0,0,0,0,-45]",,,,,,,,,BLUE,3,Same,5,1,,,,,,5,1,0.883,5,0,80,8,1,,,,,
,,,,,,,,,,,,,,,55a9f6a1fdf99b2d81b5295f,2025-01-21_20h41.55.958,VisualArraysMentalRotation_v4,2021.1.4,Win32,15.60062402,679054f2072d526265aabff2,67906346c14d12c380c830fd,,,,,,,,,,,,,,,,,,,,,,,,,"[45,90,0,0,45]","[45,-45,-45,0,0]",,Blue_1,"[45,90,0,0,45]","[45,-45,-45,0,0]",,,,,,,,,BLUE,3,Same,5,3,,,,,,5,1,0.9,5,1,81,9,1,,,,,
,,,,,,,,,,,,,,,55a9f6a1fdf99b2d81b5295f,2025-01-21_20h41.55.958,VisualArraysMentalRotation_v4,2021.1.4,Win32,15.60062402,679054f2072d526265aabff2,67906346c14d12c380c830fd,,,,,,,,,,,,,,,,,,,,,,,,,"[-45,90,90,-45,0]","[45,45,90,-45,90]",,Blue_4,"[-45,90,90,-45,0]","[45,45,90,-45,90]",,,,,,,,,BLUE,5,Same,5,1,,,,,,5,1,0.967,5,2,82,10,1,,,,,
,,,,,,,,,,,,,,,55a9f6a1fdf99b2d81b5295f,2025-01-21_20h41.55.958,VisualArraysMentalRotation_v4,2021.1.4,Win32,15.60062402,679054f2072d526265aabff2,67906346c14d12c380c830fd,,,,,,,,,,,,,,,,,,,,,,,,,"[90,45,0,-45,90]","[0,90,0,0,-45]",,Red_2,"[90,45,0,-45,90]","[0,90,0,0,-45]",,,,,,,,,RED,5,Same,5,1,,,,,,5,1,1.187,5,3,83,2,1,,,,,
,,,,,,,,,,,,,,,55a9f6a1fdf99b2d81b5295f,2025-01-21_20h41.55.958,VisualArraysMentalRotation_v4,2021.1.4,Win32,15.60062402,679054f2072d526265aabff2,67906346c14d12c380c830fd,,,,,,,,,,,,,,,,,,,,,,,,,"[0,90,45,0,90]","[45,0,45,-45,45]",,Red_2,"[0,90,45,0,90]","[45,0,45,-45,45]",,,,,,,,,RED,3,Same,5,3,,,,,,5,1,1.753,5,4,84,1,1,,,,,
,,,,,,,,,,,,,,,55a9f6a1fdf99b2d81b5295f,2025-01-21_20h41.55.958,VisualArraysMentalRotation_v4,2021.1.4,Win32,15.60062402,679054f2072d526265aabff2,67906346c14d12c380c830fd,,,,,,,,,,,,,,,,,,,,,,,,,"[0,0,45,0,0]","[0,-45,90,45,90]",,Red_4,"[0,0,45,90,0]","[0,-45,90,45,90]",,,,,,,,,RED,5,Different,6,3,,,,,,6,1,1.077,5,5,85,7,1,,,,,
,,,,,,,,,,,,,,,55a9f6a1fdf99b2d81b5295f,2025-01-21_20h41.55.958,VisualArraysMentalRotation_v4,2021.1.4,Win32,15.60062402,679054f2072d526265aabff2,67906346c14d12c380c830fd,,,,,,,,,,,,,,,,,,,,,,,,,"[45,-45,0,-45,90]","[-45,-45,0,45,45]",,Blue_2,"[45,-45,0,-45,90]","[-45,0,0,45,45]",,,,,,,,,BLUE,3,Different,6,3,,,,,,5,0,1.838,5,6,86,13,1,,,,,
,,,,,,,,,,,,,,,55a9f6a1fdf99b2d81b5295f,2025-01-21_20h41.55.958,VisualArraysMentalRotation_v4,2021.1.4,Win32,15.60062402,679054f2072d526265aabff2,67906346c14d12c380c830fd,,,,,,,,,,,,,,,,,,,,,,,,,"[45,45,0,-45,45]","[-45,90,-45,45,0]",,Blue_3,"[45,45,0,-45,45]","[-45,90,90,45,0]",,,,,,,,,BLUE,5,Different,6,1,,,,,,5,0,2.121,5,7,87,14,1,,,,,
,,,,,,,,,,,,,,,55a9f6a1fdf99b2d81b5295f,2025-01-21_20h41.55.958,VisualArraysMentalRotation_v4,2021.1.4,Win32,15.60062402,679054f2072d526265aabff2,67906346c14d12c380c830fd,,,,,,,,,,,,,,,,,,,,,,,,,"[45,45,45,45,45]","[90,-45,45,-45,-45]",,Red_2,"[45,0,45,45,45]","[90,-45,45,-45,-45]",,,,,,,,,RED,5,Different,6,1,,,,,,5,0,2.493,5,8,88,6,1,,,,,
,,,,,,,,,,,,,,,55a9f6a1fdf99b2d81b5295f,2025-01-21_20h41.55.958,VisualArraysMentalRotation_v4,2021.1.4,Win32,15.60062402,679054f2072d526265aabff2,67906346c14d12c380c830fd,,,,,,,,,,,,,,,,,,,,,,,,,"[-45,0,-45,-45,45]","[-45,45,45,45,0]",,Red_1,"[90,0,-45,-45,45]","[-45,45,45,45,0]",,,,,,,,,RED,3,Different,6,3,,,,,,6,1,1.956,5,9,89,5,1,,,,,
,,,,,,,,,,,,,,,55a9f6a1fdf99b2d81b5295f,2025-01-21_20h41.55.958,VisualArraysMentalRotation_v4,2021.1.4,Win32,15.60062402,679054f2072d526265aabff2,67906346c14d12c380c830fd,,,,,,,,,,,,,,,,,,,,,,,,,"[90,45,-45,45,-45]","[90,-45,-45,45,90]",,Red_1,"[90,45,-45,45,-45]","[90,-45,-45,45,90]",,,,,,,,,RED,3,Same,5,1,,,,,,5,1,1.584,5,10,90,0,1,,,,,
,,,,,,,,,,,,,,,55a9f6a1fdf99b2d81b5295f,2025-01-21_20h41.55.958,VisualArraysMentalRotation_v4,2021.1.4,Win32,15.60062402,679054f2072d526265aabff2,67906346c14d12c380c830fd,,,,,,,,,,,,,,,,,,,,,,,,,"[45,0,90,-45,90]","[0,45,90,90,90]",,Blue_4,"[45,0,90,-45,90]","[0,45,90,0,90]",,,,,,,,,BLUE,5,Different,6,3,,,,,,5,0,2.82,5,11,91,15,1,,,,,
,,,,,,,,,,,,,,,55a9f6a1fdf99b2d81b5295f,2025-01-21_20h41.55.958,VisualArraysMentalRotation_v4,2021.1.4,Win32,15.60062402,679054f2072d526265aabff2,67906346c14d12c380c830fd,,,,,,,,,,,,,,,,,,,,,,,,,"[90,0,0,0,0]","[0,90,0,-45,45]",,Red_3,"[90,0,45,0,0]","[0,90,0,-45,45]",,,,,,,,,RED,3,Different,6,1,,,,,,5,0,1.003,5,12,92,4,1,,,,,
,,,,,,,,,,,,,,,55a9f6a1fdf99b2d81b5295f,2025-01-21_20h41.55.958,VisualArraysMentalRotation_v4,2021.1.4,Win32,15.60062402,679054f2072d526265aabff2,67906346c14d12c380c830fd,,,,,,,,,,,,,,,,,,,,,,,,,"[45,0,90,45,0]","[45,90,45,90,45]",,Blue_4,"[45,0,90,45,0]","[45,90,45,90,45]",,,,,,,,,BLUE,5,Same,5,3,,,,,,5,1,1.468,5,13,93,11,1,,,,,
,,,,,,,,,,,,,,,55a9f6a1fdf99b2d81b5295f,2025-01-21_20h41.55.958,VisualArraysMentalRotation_v4,2021.1.4,Win32,15.60062402,679054f2072d526265aabff2,67906346c14d12c380c830fd,,,,,,,,,,,,,,,,,,,,,,,,,"[0,-45,90,90,90]","[90,90,-45,0,0]",,Blue_2,"[0,-45,90,90,90]","[90,0,-45,0,0]",,,,,,,,,BLUE,3,Different,6,1,,,,,,5,0,0.941,5,14,94,12,1,,,,,
,,,,,,,,,,,,,,,55a9f6a1fdf99b2d81b5295f,2025-01-21_20h41.55.958,VisualArraysMentalRotation_v4,2021.1.4,Win32,15.60062402,679054f2072d526265aabff2,67906346c14d12c380c830fd,,,,,,,,,,,,,,,,,,,,,,,,,"[90,-45,90,-45,90]","[45,90,45,90,-45]",,Red_5,"[90,-45,90,-45,90]","[45,90,45,90,-45]",,,,,,,,,RED,5,Same,5,3,,,,,,5,1,1.522,5,15,95,3,1,,,,,
,,,,,,,,,,,,,,,55a9f6a1fdf99b2d81b5295f,2025-01-21_20h41.55.958,VisualArraysMentalRotation_v4,2021.1.4,Win32,15.60062402,679054f2072d526265aabff2,67906346c14d12c380c830fd,,,,,,,,,,,,,,,,,,,,,,,,,"[0,0,90,90,0]","[0,-45,-45,90,45]",,Red_2,"[0,-45,90,90,0]","[0,-45,-45,90,45]",,,,,,,,,RED,5,Different,6,1,,,,,,5,0,2.332,6,0,96,6,1,,,,,
,,,,,,,,,,,,,,,55a9f6a1fdf99b2d81b5295f,2025-01-21_20h41.55.958,VisualArraysMentalRotation_v4,2021.1.4,Win32,15.60062402,679054f2072d526265aabff2,67906346c14d12c380c830fd,,,,,,,,,,,,,,,,,,,,,,,,,"[45,0,0,0,45]","[-45,45,90,0,0]",,Blue_1,"[45,0,0,0,45]","[0,45,90,0,0]",,,,,,,,,BLUE,3,Different,6,3,,,,,,6,1,1.234,6,1,97,13,1,,,,,
,,,,,,,,,,,,,,,55a9f6a1fdf99b2d81b5295f,2025-01-21_20h41.55.958,VisualArraysMentalRotation_v4,2021.1.4,Win32,15.60062402,679054f2072d526265aabff2,67906346c14d12c380c830fd,,,,,,,,,,,,,,,,,,,,,,,,,"[-45,90,45,0,90]","[-45,90,45,90,45]",,Blue_1,"[-45,90,45,0,90]","[-45,90,45,90,45]",,,,,,,,,BLUE,3,Same,5,1,,,,,,6,0,0.818,6,2,98,8,1,,,,,
,,,,,,,,,,,,,,,55a9f6a1fdf99b2d81b5295f,2025-01-21_20h41.55.958,VisualArraysMentalRotation_v4,2021.1.4,Win32,15.60062402,679054f2072d526265aabff2,67906346c14d12c380c830fd,,,,,,,,,,,,,,,,,,,,,,,,,"[90,-45,90,90,45]","[0,0,45,-45,0]",,Red_2,"[90,-45,90,90,45]","[0,0,45,-45,0]",,,,,,,,,RED,3,Same,5,1,,,,,,5,1,1.636,6,3,99,0,1,,,,,
,,,,,,,,,,,,,,,55a9f6a1fdf99b2d81b5295f,2025-01-21_20h41.55.958,VisualArraysMentalRotation_v4,2021.1.4,Win32,15.60062402,679054f2072d526265aabff2,67906346c14d12c380c830fd,,,,,,,,,,,,,,,,,,,,,,,,,"[45,45,0,-45,-45]","[-45,-45,90,45,45]",,Blue_1,"[45,45,0,-45,-45]","[90,-45,90,45,45]",,,,,,,,,BLUE,5,Different,6,3,,,,,,6,1,1.596,6,4,100,15,1,,,,,
,,,,,,,,,,,,,,,55a9f6a1fdf99b2d81b5295f,2025-01-21_20h41.55.958,VisualArraysMentalRotation_v4,2021.1.4,Win32,15.60062402,679054f2072d526265aabff2,67906346c14d12c380c830fd,,,,,,,,,,,,,,,,,,,,,,,,,"[-45,0,0,45,-45]","[45,45,0,0,45]",,Blue_2,"[-45,0,0,45,-45]","[45,45,0,0,45]",,,,,,,,,BLUE,5,Same,5,3,,,,,,6,0,1.37,6,5,101,11,1,,,,,
,,,,,,,,,,,,,,,55a9f6a1fdf99b2d81b5295f,2025-01-21_20h41.55.958,VisualArraysMentalRotation_v4,2021.1.4,Win32,15.60062402,679054f2072d526265aabff2,67906346c14d12c380c830fd,,,,,,,,,,,,,,,,,,,,,,,,,"[45,0,90,45,45]","[-45,0,0,90,45]",,Red_1,"[-45,0,90,45,45]","[-45,0,0,90,45]",,,,,,,,,RED,3,Different,6,3,,,,,,5,0,0.906,6,6,102,5,1,,,,,
,,,,,,,,,,,,,,,55a9f6a1fdf99b2d81b5295f,2025-01-21_20h41.55.958,VisualArraysMentalRotation_v4,2021.1.4,Win32,15.60062402,679054f2072d526265aabff2,67906346c14d12c380c830fd,,,,,,,,,,,,,,,,,,,,,,,,,"[45,-45,90,45,45]","[90,-45,0,0,0]",,Red_5,"[45,-45,90,45,45]","[90,-45,0,0,0]",,,,,,,,,RED,5,Same,5,1,,,,,,5,1,1.368,6,7,103,2,1,,,,,
,,,,,,,,,,,,,,,55a9f6a1fdf99b2d81b5295f,2025-01-21_20h41.55.958,VisualArraysMentalRotation_v4,2021.1.4,Win32,15.60062402,679054f2072d526265aabff2,67906346c14d12c380c830fd,,,,,,,,,,,,,,,,,,,,,,,,,"[-45,45,90,90,0]","[90,0,90,45,0]",,Red_3,"[-45,45,90,90,0]","[90,0,90,45,0]",,,,,,,,,RED,5,Same,5,3,,,,,,5,1,1.486,6,8,104,3,1,,,,,
,,,,,,,,,,,,,,,55a9f6a1fdf99b2d81b5295f,2025-01-21_20h41.55.958,VisualArraysMentalRotation_v4,2021.1.4,Win32,15.60062402,679054f2072d526265aabff2,67906346c14d12c380c830fd,,,,,,,,,,,,,,,,,,,,,,,,,"[0,45,90,90,0]","[45,45,0,0,45]",,Red_1,"[0,45,90,90,0]","[45,45,0,0,45]",,,,,,,,,RED,3,Same,5,3,,,,,,5,1,0.734,6,9,105,1,1,,,,,
,,,,,,,,,,,,,,,55a9f6a1fdf99b2d81b5295f,2025-01-21_20h41.55.958,VisualArraysMentalRotation_v4,2021.1.4,Win32,15.60062402,679054f2072d526265aabff2,67906346c14d12c380c830fd,,,,,,,,,,,,,,,,,,,,,,,,,"[-45,-45,90,45,90]","[0,-45,0,-45,0]",,Blue_1,"[-45,-45,90,45,90]","[45,-45,0,-45,0]",,,,,,,,,BLUE,5,Different,6,1,,,,,,6,1,1.505,6,10,106,14,1,,,,,
,,,,,,,,,,,,,,,55a9f6a1fdf99b2d81b5295f,2025-01-21_20h41.55.958,VisualArraysMentalRotation_v4,2021.1.4,Win32,15.60062402,679054f2072d526265aabff2,67906346c14d12c380c830fd,,,,,,,,,,,,,,,,,,,,,,,,,"[0,0,45,-45,-45]","[90,0,45,0,0]",,Blue_5,"[0,0,45,-45,-45]","[90,0,45,0,0]",,,,,,,,,BLUE,5,Same,5,1,,,,,,6,0,1.781,6,11,107,10,1,,,,,
,,,,,,,,,,,,,,,55a9f6a1fdf99b2d81b5295f,2025-01-21_20h41.55.958,VisualArraysMentalRotation_v4,2021.1.4,Win32,15.60062402,679054f2072d526265aabff2,67906346c14d12c380c830fd,,,,,,,,,,,,,,,,,,,,,,,,,"[0,90,90,0,0]","[90,90,-45,45,90]",,Blue_2,"[0,90,90,0,0]","[90,90,-45,45,90]",,,,,,,,,BLUE,3,Same,5,3,,,,,,5,1,1.376,6,12,108,9,1,,,,,
,,,,,,,,,,,,,,,55a9f6a1fdf99b2d81b5295f,2025-01-21_20h41.55.958,VisualArraysMentalRotation_v4,2021.1.4,Win32,15.60062402,679054f2072d526265aabff2,67906346c14d12c380c830fd,,,,,,,,,,,,,,,,,,,,,,,,,"[45,90,90,45,45]","[45,45,-45,90,0]",,Red_5,"[45,90,90,45,0]","[45,45,-45,90,0]",,,,,,,,,RED,5,Different,6,3,,,,,,6,1,1.289,6,13,109,7,1,,,,,
,,,,,,,,,,,,,,,55a9f6a1fdf99b2d81b5295f,2025-01-21_20h41.55.958,VisualArraysMentalRotation_v4,2021.1.4,Win32,15.60062402,679054f2072d526265aabff2,67906346c14d12c380c830fd,,,,,,,,,,,,,,,,,,,,,,,,,"[-45,-45,-45,0,45]","[0,-45,90,45,0]",,Red_2,"[-45,0,-45,0,45]","[0,-45,90,45,0]",,,,,,,,,RED,3,Different,6,1,,,,,,6,1,1.205,6,14,110,4,1,,,,,
,,,,,,,,,,,,,,,55a9f6a1fdf99b2d81b5295f,2025-01-21_20h41.55.958,VisualArraysMentalRotation_v4,2021.1.4,Win32,15.60062402,679054f2072d526265aabff2,67906346c14d12c380c830fd,,,,,,,,,,,,,,,,,,,,,,,,,"[0,0,0,-45,0]","[45,90,0,90,45]",,Blue_3,"[0,0,0,-45,0]","[45,90,-45,90,45]",,,,,,,,,BLUE,3,Different,6,1,,,,,,6,1,1.193,6,15,111,12,1,,,,,
,,,,,,,,,,,,,,,55a9f6a1fdf99b2d81b5295f,2025-01-21_20h41.55.958,VisualArraysMentalRotation_v4,2021.1.4,Win32,15.60062402,679054f2072d526265aabff2,67906346c14d12c380c830fd,,,,,,,,,,,,,,,,,,,,,,,,,,,,,,,,,,,,,,,,,,,,,,,,,,,,,,,,,0,0,0,0,1
,,,,,,,,,,,,,,,55a9f6a1fdf99b2d81b5295f,2025-01-21_20h41.55.958,VisualArraysMentalRotation_v4,2021.1.4,Win32,15.60062402,679054f2072d526265aabff2,67906346c14d12c380c830fd,,,,,,,,,,,,,,,,,,0,1,1,1,1,1,0,,,,,,,,,,,,,,,,,,,,,,,,,,,,,,,,,,,,,
