TaskOrder,consent_final_key_resp.keys,consent_final_key_resp.rt,MRTPracResponse.keys,MRTPracResponse.corr,MRTPracResponse.rt,MRTPracticeTrials.thisRepN,MRTPracticeTrials.thisTrialN,MRTPracticeTrials.thisN,MRTPracticeTrials.thisIndex,MRTPracticeTrials.ran,PracStimulus,PracDegRotation,PracType,MRTPracCorrectAns,PROLIFIC_PID,date,expName,psychopyVersion,OS,frameRate,STUDY_ID,SESSION_ID,MRT_prac_blocks.thisRepN,MRT_prac_blocks.thisTrialN,MRT_prac_blocks.thisN,MRT_prac_blocks.thisIndex,MRT_prac_blocks.ran,MRTStimulus,MRTType,MRTDegRotation,MRTCorrectAns,MRTTestResponse.keys,MRTTestResponse.corr,MRTTestResponse.rt,MRTTestTrials.thisRepN,MRTTestTrials.thisTrialN,MRTTestTrials.thisN,MRTTestTrials.thisIndex,MRTTestTrials.ran,MRT_Task.thisRepN,MRT_Task.thisTrialN,MRT_Task.thisN,MRT_Task.thisIndex,MRT_Task.ran,TasksLoop.thisRepN,TasksLoop.thisTrialN,TasksLoop.thisN,TasksLoop.thisIndex,TasksLoop.ran,nRepsVA,nRepsMRT,Red Orientations,Blue Orientations,VA_array_dur,Target Rectangle,New Red Orientations,New Blue Orientations,VA_PracResponse.keys,VA_PracResponse.corr,VA_PracResponse.rt,PracTrials.thisRepN,PracTrials.thisTrialN,PracTrials.thisN,PracTrials.thisIndex,PracTrials.ran,VA_Target,VA_TargetNumber,VA_Orientation,VA_Answer,VA_DelayDur,VA_PracTrialsSpeed.thisRepN,VA_PracTrialsSpeed.thisTrialN,VA_PracTrialsSpeed.thisN,VA_PracTrialsSpeed.thisIndex,VA_PracTrialsSpeed.ran,VA_TestResponse.keys,VA_TestResponse.corr,VA_TestResponse.rt,VA_TestTrials.thisRepN,VA_TestTrials.thisTrialN,VA_TestTrials.thisN,VA_TestTrials.thisIndex,VA_TestTrials.ran,VA_Task.thisRepN,VA_Task.thisTrialN,VA_Task.thisN,VA_Task.thisIndex,VA_Task.ran
2,y,5.0573,b,0,3.3086,0,0,0,8,1,PracticeStim/33_50_R.jpg,50,Different,n,5a6e8532e6cc4a0001b6d728,2025-01-21_22h53.27.681,VisualArraysMentalRotation_v4,2021.1.4,MacIntel,30.03003003,679054f2072d526265aabff2,67906b50b89897bbce1ed433,,,,,,,,,,,,,,,,,,,,,,,,,,,,,,,,,,,,,,,,,,,,,,,,,,,,,,,,,,,,,,,,,,
,,,b,1,2.8586,0,1,1,10,1,PracticeStim/41_150.jpg,150,Same,b,5a6e8532e6cc4a0001b6d728,2025-01-21_22h53.27.681,VisualArraysMentalRotation_v4,2021.1.4,MacIntel,30.03003003,679054f2072d526265aabff2,67906b50b89897bbce1ed433,,,,,,,,,,,,,,,,,,,,,,,,,,,,,,,,,,,,,,,,,,,,,,,,,,,,,,,,,,,,,,,,,,
,,,b,0,2.4064,0,2,2,7,1,PracticeStim/31_50_R.jpg,50,Different,n,5a6e8532e6cc4a0001b6d728,2025-01-21_22h53.27.681,VisualArraysMentalRotation_v4,2021.1.4,MacIntel,30.03003003,679054f2072d526265aabff2,67906b50b89897bbce1ed433,,,,,,,,,,,,,,,,,,,,,,,,,,,,,,,,,,,,,,,,,,,,,,,,,,,,,,,,,,,,,,,,,,
,,,b,1,2.2646,0,3,3,11,1,PracticeStim/42_50.jpg,50,Same,b,5a6e8532e6cc4a0001b6d728,2025-01-21_22h53.27.681,VisualArraysMentalRotation_v4,2021.1.4,MacIntel,30.03003003,679054f2072d526265aabff2,67906b50b89897bbce1ed433,,,,,,,,,,,,,,,,,,,,,,,,,,,,,,,,,,,,,,,,,,,,,,,,,,,,,,,,,,,,,,,,,,
,,,n,0,1.8924,0,4,4,2,1,PracticeStim/17_50.jpg,50,Same,b,5a6e8532e6cc4a0001b6d728,2025-01-21_22h53.27.681,VisualArraysMentalRotation_v4,2021.1.4,MacIntel,30.03003003,679054f2072d526265aabff2,67906b50b89897bbce1ed433,,,,,,,,,,,,,,,,,,,,,,,,,,,,,,,,,,,,,,,,,,,,,,,,,,,,,,,,,,,,,,,,,,
,,,b,1,2.3698,0,5,5,5,1,PracticeStim/26_150.jpg,150,Same,b,5a6e8532e6cc4a0001b6d728,2025-01-21_22h53.27.681,VisualArraysMentalRotation_v4,2021.1.4,MacIntel,30.03003003,679054f2072d526265aabff2,67906b50b89897bbce1ed433,,,,,,,,,,,,,,,,,,,,,,,,,,,,,,,,,,,,,,,,,,,,,,,,,,,,,,,,,,,,,,,,,,
,,,n,0,2.0779,0,6,6,3,1,PracticeStim/18_150.jpg,150,Same,b,5a6e8532e6cc4a0001b6d728,2025-01-21_22h53.27.681,VisualArraysMentalRotation_v4,2021.1.4,MacIntel,30.03003003,679054f2072d526265aabff2,67906b50b89897bbce1ed433,,,,,,,,,,,,,,,,,,,,,,,,,,,,,,,,,,,,,,,,,,,,,,,,,,,,,,,,,,,,,,,,,,
,,,b,0,2.0262,0,7,7,9,1,PracticeStim/36_100_R.jpg,100,Different,n,5a6e8532e6cc4a0001b6d728,2025-01-21_22h53.27.681,VisualArraysMentalRotation_v4,2021.1.4,MacIntel,30.03003003,679054f2072d526265aabff2,67906b50b89897bbce1ed433,,,,,,,,,,,,,,,,,,,,,,,,,,,,,,,,,,,,,,,,,,,,,,,,,,,,,,,,,,,,,,,,,,
,,,n,1,2.7502,0,8,8,1,1,PracticeStim/9_100_R.jpg,100,Different,n,5a6e8532e6cc4a0001b6d728,2025-01-21_22h53.27.681,VisualArraysMentalRotation_v4,2021.1.4,MacIntel,30.03003003,679054f2072d526265aabff2,67906b50b89897bbce1ed433,,,,,,,,,,,,,,,,,,,,,,,,,,,,,,,,,,,,,,,,,,,,,,,,,,,,,,,,,,,,,,,,,,
,,,b,1,2.9758,0,9,9,4,1,PracticeStim/25_150.jpg,150,Same,b,5a6e8532e6cc4a0001b6d728,2025-01-21_22h53.27.681,VisualArraysMentalRotation_v4,2021.1.4,MacIntel,30.03003003,679054f2072d526265aabff2,67906b50b89897bbce1ed433,,,,,,,,,,,,,,,,,,,,,,,,,,,,,,,,,,,,,,,,,,,,,,,,,,,,,,,,,,,,,,,,,,
,,,n,1,2.9601,0,10,10,0,1,PracticeStim/7_100_R.jpg,100,Different,n,5a6e8532e6cc4a0001b6d728,2025-01-21_22h53.27.681,VisualArraysMentalRotation_v4,2021.1.4,MacIntel,30.03003003,679054f2072d526265aabff2,67906b50b89897bbce1ed433,,,,,,,,,,,,,,,,,,,,,,,,,,,,,,,,,,,,,,,,,,,,,,,,,,,,,,,,,,,,,,,,,,
,,,b,0,1.907,0,11,11,6,1,PracticeStim/30_100_R.jpg,100,Different,n,5a6e8532e6cc4a0001b6d728,2025-01-21_22h53.27.681,VisualArraysMentalRotation_v4,2021.1.4,MacIntel,30.03003003,679054f2072d526265aabff2,67906b50b89897bbce1ed433,,,,,,,,,,,,,,,,,,,,,,,,,,,,,,,,,,,,,,,,,,,,,,,,,,,,,,,,,,,,,,,,,,
,,,,,,,,,,,,,,,5a6e8532e6cc4a0001b6d728,2025-01-21_22h53.27.681,VisualArraysMentalRotation_v4,2021.1.4,MacIntel,30.03003003,679054f2072d526265aabff2,67906b50b89897bbce1ed433,0,0,0,0,1,,,,,,,,,,,,,,,,,,,,,,,,,,,,,,,,,,,,,,,,,,,,,,,,,,,,,,,,,,,,,
,,,n,0,5.8858,0,0,0,10,1,PracticeStim/41_150.jpg,150,Same,b,5a6e8532e6cc4a0001b6d728,2025-01-21_22h53.27.681,VisualArraysMentalRotation_v4,2021.1.4,MacIntel,30.03003003,679054f2072d526265aabff2,67906b50b89897bbce1ed433,,,,,,,,,,,,,,,,,,,,,,,,,,,,,,,,,,,,,,,,,,,,,,,,,,,,,,,,,,,,,,,,,,
,,,b,0,4.9479,0,1,1,1,1,PracticeStim/9_100_R.jpg,100,Different,n,5a6e8532e6cc4a0001b6d728,2025-01-21_22h53.27.681,VisualArraysMentalRotation_v4,2021.1.4,MacIntel,30.03003003,679054f2072d526265aabff2,67906b50b89897bbce1ed433,,,,,,,,,,,,,,,,,,,,,,,,,,,,,,,,,,,,,,,,,,,,,,,,,,,,,,,,,,,,,,,,,,
,,,n,0,5.2365,0,2,2,5,1,PracticeStim/26_150.jpg,150,Same,b,5a6e8532e6cc4a0001b6d728,2025-01-21_22h53.27.681,VisualArraysMentalRotation_v4,2021.1.4,MacIntel,30.03003003,679054f2072d526265aabff2,67906b50b89897bbce1ed433,,,,,,,,,,,,,,,,,,,,,,,,,,,,,,,,,,,,,,,,,,,,,,,,,,,,,,,,,,,,,,,,,,
,,,b,0,3.6613,0,3,3,6,1,PracticeStim/30_100_R.jpg,100,Different,n,5a6e8532e6cc4a0001b6d728,2025-01-21_22h53.27.681,VisualArraysMentalRotation_v4,2021.1.4,MacIntel,30.03003003,679054f2072d526265aabff2,67906b50b89897bbce1ed433,,,,,,,,,,,,,,,,,,,,,,,,,,,,,,,,,,,,,,,,,,,,,,,,,,,,,,,,,,,,,,,,,,
,,,b,0,6.4769,0,4,4,9,1,PracticeStim/36_100_R.jpg,100,Different,n,5a6e8532e6cc4a0001b6d728,2025-01-21_22h53.27.681,VisualArraysMentalRotation_v4,2021.1.4,MacIntel,30.03003003,679054f2072d526265aabff2,67906b50b89897bbce1ed433,,,,,,,,,,,,,,,,,,,,,,,,,,,,,,,,,,,,,,,,,,,,,,,,,,,,,,,,,,,,,,,,,,
,,,b,1,5.9803,0,5,5,11,1,PracticeStim/42_50.jpg,50,Same,b,5a6e8532e6cc4a0001b6d728,2025-01-21_22h53.27.681,VisualArraysMentalRotation_v4,2021.1.4,MacIntel,30.03003003,679054f2072d526265aabff2,67906b50b89897bbce1ed433,,,,,,,,,,,,,,,,,,,,,,,,,,,,,,,,,,,,,,,,,,,,,,,,,,,,,,,,,,,,,,,,,,
,,,b,1,5.0366,0,6,6,2,1,PracticeStim/17_50.jpg,50,Same,b,5a6e8532e6cc4a0001b6d728,2025-01-21_22h53.27.681,VisualArraysMentalRotation_v4,2021.1.4,MacIntel,30.03003003,679054f2072d526265aabff2,67906b50b89897bbce1ed433,,,,,,,,,,,,,,,,,,,,,,,,,,,,,,,,,,,,,,,,,,,,,,,,,,,,,,,,,,,,,,,,,,
,,,n,1,5.4278,0,7,7,7,1,PracticeStim/31_50_R.jpg,50,Different,n,5a6e8532e6cc4a0001b6d728,2025-01-21_22h53.27.681,VisualArraysMentalRotation_v4,2021.1.4,MacIntel,30.03003003,679054f2072d526265aabff2,67906b50b89897bbce1ed433,,,,,,,,,,,,,,,,,,,,,,,,,,,,,,,,,,,,,,,,,,,,,,,,,,,,,,,,,,,,,,,,,,
,,,n,0,5.3543,0,8,8,3,1,PracticeStim/18_150.jpg,150,Same,b,5a6e8532e6cc4a0001b6d728,2025-01-21_22h53.27.681,VisualArraysMentalRotation_v4,2021.1.4,MacIntel,30.03003003,679054f2072d526265aabff2,67906b50b89897bbce1ed433,,,,,,,,,,,,,,,,,,,,,,,,,,,,,,,,,,,,,,,,,,,,,,,,,,,,,,,,,,,,,,,,,,
,,,b,0,4.5704,0,9,9,0,1,PracticeStim/7_100_R.jpg,100,Different,n,5a6e8532e6cc4a0001b6d728,2025-01-21_22h53.27.681,VisualArraysMentalRotation_v4,2021.1.4,MacIntel,30.03003003,679054f2072d526265aabff2,67906b50b89897bbce1ed433,,,,,,,,,,,,,,,,,,,,,,,,,,,,,,,,,,,,,,,,,,,,,,,,,,,,,,,,,,,,,,,,,,
,,,b,1,2.4485,0,10,10,4,1,PracticeStim/25_150.jpg,150,Same,b,5a6e8532e6cc4a0001b6d728,2025-01-21_22h53.27.681,VisualArraysMentalRotation_v4,2021.1.4,MacIntel,30.03003003,679054f2072d526265aabff2,67906b50b89897bbce1ed433,,,,,,,,,,,,,,,,,,,,,,,,,,,,,,,,,,,,,,,,,,,,,,,,,,,,,,,,,,,,,,,,,,
,,,b,0,3.0132,0,11,11,8,1,PracticeStim/33_50_R.jpg,50,Different,n,5a6e8532e6cc4a0001b6d728,2025-01-21_22h53.27.681,VisualArraysMentalRotation_v4,2021.1.4,MacIntel,30.03003003,679054f2072d526265aabff2,67906b50b89897bbce1ed433,,,,,,,,,,,,,,,,,,,,,,,,,,,,,,,,,,,,,,,,,,,,,,,,,,,,,,,,,,,,,,,,,,
,,,,,,,,,,,,,,,5a6e8532e6cc4a0001b6d728,2025-01-21_22h53.27.681,VisualArraysMentalRotation_v4,2021.1.4,MacIntel,30.03003003,679054f2072d526265aabff2,67906b50b89897bbce1ed433,1,0,1,0,1,,,,,,,,,,,,,,,,,,,,,,,,,,,,,,,,,,,,,,,,,,,,,,,,,,,,,,,,,,,,,
,,,n,0,4.2817,0,0,0,3,1,PracticeStim/18_150.jpg,150,Same,b,5a6e8532e6cc4a0001b6d728,2025-01-21_22h53.27.681,VisualArraysMentalRotation_v4,2021.1.4,MacIntel,30.03003003,679054f2072d526265aabff2,67906b50b89897bbce1ed433,,,,,,,,,,,,,,,,,,,,,,,,,,,,,,,,,,,,,,,,,,,,,,,,,,,,,,,,,,,,,,,,,,
,,,b,1,4.4657,0,1,1,11,1,PracticeStim/42_50.jpg,50,Same,b,5a6e8532e6cc4a0001b6d728,2025-01-21_22h53.27.681,VisualArraysMentalRotation_v4,2021.1.4,MacIntel,30.03003003,679054f2072d526265aabff2,67906b50b89897bbce1ed433,,,,,,,,,,,,,,,,,,,,,,,,,,,,,,,,,,,,,,,,,,,,,,,,,,,,,,,,,,,,,,,,,,
,,,n,1,5.4025,0,2,2,8,1,PracticeStim/33_50_R.jpg,50,Different,n,5a6e8532e6cc4a0001b6d728,2025-01-21_22h53.27.681,VisualArraysMentalRotation_v4,2021.1.4,MacIntel,30.03003003,679054f2072d526265aabff2,67906b50b89897bbce1ed433,,,,,,,,,,,,,,,,,,,,,,,,,,,,,,,,,,,,,,,,,,,,,,,,,,,,,,,,,,,,,,,,,,
,,,n,1,4.218,0,3,3,6,1,PracticeStim/30_100_R.jpg,100,Different,n,5a6e8532e6cc4a0001b6d728,2025-01-21_22h53.27.681,VisualArraysMentalRotation_v4,2021.1.4,MacIntel,30.03003003,679054f2072d526265aabff2,67906b50b89897bbce1ed433,,,,,,,,,,,,,,,,,,,,,,,,,,,,,,,,,,,,,,,,,,,,,,,,,,,,,,,,,,,,,,,,,,
,,,b,0,4.1392,0,4,4,9,1,PracticeStim/36_100_R.jpg,100,Different,n,5a6e8532e6cc4a0001b6d728,2025-01-21_22h53.27.681,VisualArraysMentalRotation_v4,2021.1.4,MacIntel,30.03003003,679054f2072d526265aabff2,67906b50b89897bbce1ed433,,,,,,,,,,,,,,,,,,,,,,,,,,,,,,,,,,,,,,,,,,,,,,,,,,,,,,,,,,,,,,,,,,
,,,b,1,5.6686,0,5,5,10,1,PracticeStim/41_150.jpg,150,Same,b,5a6e8532e6cc4a0001b6d728,2025-01-21_22h53.27.681,VisualArraysMentalRotation_v4,2021.1.4,MacIntel,30.03003003,679054f2072d526265aabff2,67906b50b89897bbce1ed433,,,,,,,,,,,,,,,,,,,,,,,,,,,,,,,,,,,,,,,,,,,,,,,,,,,,,,,,,,,,,,,,,,
,,,,0,,0,6,6,2,1,PracticeStim/17_50.jpg,50,Same,b,5a6e8532e6cc4a0001b6d728,2025-01-21_22h53.27.681,VisualArraysMentalRotation_v4,2021.1.4,MacIntel,30.03003003,679054f2072d526265aabff2,67906b50b89897bbce1ed433,,,,,,,,,,,,,,,,,,,,,,,,,,,,,,,,,,,,,,,,,,,,,,,,,,,,,,,,,,,,,,,,,,
,,,b,0,2.9568,0,7,7,1,1,PracticeStim/9_100_R.jpg,100,Different,n,5a6e8532e6cc4a0001b6d728,2025-01-21_22h53.27.681,VisualArraysMentalRotation_v4,2021.1.4,MacIntel,30.03003003,679054f2072d526265aabff2,67906b50b89897bbce1ed433,,,,,,,,,,,,,,,,,,,,,,,,,,,,,,,,,,,,,,,,,,,,,,,,,,,,,,,,,,,,,,,,,,
,,,b,1,2.418,0,8,8,4,1,PracticeStim/25_150.jpg,150,Same,b,5a6e8532e6cc4a0001b6d728,2025-01-21_22h53.27.681,VisualArraysMentalRotation_v4,2021.1.4,MacIntel,30.03003003,679054f2072d526265aabff2,67906b50b89897bbce1ed433,,,,,,,,,,,,,,,,,,,,,,,,,,,,,,,,,,,,,,,,,,,,,,,,,,,,,,,,,,,,,,,,,,
,,,b,0,3.5942,0,9,9,0,1,PracticeStim/7_100_R.jpg,100,Different,n,5a6e8532e6cc4a0001b6d728,2025-01-21_22h53.27.681,VisualArraysMentalRotation_v4,2021.1.4,MacIntel,30.03003003,679054f2072d526265aabff2,67906b50b89897bbce1ed433,,,,,,,,,,,,,,,,,,,,,,,,,,,,,,,,,,,,,,,,,,,,,,,,,,,,,,,,,,,,,,,,,,
,,,n,1,4.286,0,10,10,7,1,PracticeStim/31_50_R.jpg,50,Different,n,5a6e8532e6cc4a0001b6d728,2025-01-21_22h53.27.681,VisualArraysMentalRotation_v4,2021.1.4,MacIntel,30.03003003,679054f2072d526265aabff2,67906b50b89897bbce1ed433,,,,,,,,,,,,,,,,,,,,,,,,,,,,,,,,,,,,,,,,,,,,,,,,,,,,,,,,,,,,,,,,,,
,,,b,1,2.3691,0,11,11,5,1,PracticeStim/26_150.jpg,150,Same,b,5a6e8532e6cc4a0001b6d728,2025-01-21_22h53.27.681,VisualArraysMentalRotation_v4,2021.1.4,MacIntel,30.03003003,679054f2072d526265aabff2,67906b50b89897bbce1ed433,,,,,,,,,,,,,,,,,,,,,,,,,,,,,,,,,,,,,,,,,,,,,,,,,,,,,,,,,,,,,,,,,,
,,,,,,,,,,,,,,,5a6e8532e6cc4a0001b6d728,2025-01-21_22h53.27.681,VisualArraysMentalRotation_v4,2021.1.4,MacIntel,30.03003003,679054f2072d526265aabff2,67906b50b89897bbce1ed433,2,0,2,0,1,,,,,,,,,,,,,,,,,,,,,,,,,,,,,,,,,,,,,,,,,,,,,,,,,,,,,,,,,,,,,
,,,n,1,2.7398,0,0,0,1,1,PracticeStim/9_100_R.jpg,100,Different,n,5a6e8532e6cc4a0001b6d728,2025-01-21_22h53.27.681,VisualArraysMentalRotation_v4,2021.1.4,MacIntel,30.03003003,679054f2072d526265aabff2,67906b50b89897bbce1ed433,,,,,,,,,,,,,,,,,,,,,,,,,,,,,,,,,,,,,,,,,,,,,,,,,,,,,,,,,,,,,,,,,,
,,,b,0,2.9077,0,1,1,0,1,PracticeStim/7_100_R.jpg,100,Different,n,5a6e8532e6cc4a0001b6d728,2025-01-21_22h53.27.681,VisualArraysMentalRotation_v4,2021.1.4,MacIntel,30.03003003,679054f2072d526265aabff2,67906b50b89897bbce1ed433,,,,,,,,,,,,,,,,,,,,,,,,,,,,,,,,,,,,,,,,,,,,,,,,,,,,,,,,,,,,,,,,,,
,,,n,1,3.2257,0,2,2,6,1,PracticeStim/30_100_R.jpg,100,Different,n,5a6e8532e6cc4a0001b6d728,2025-01-21_22h53.27.681,VisualArraysMentalRotation_v4,2021.1.4,MacIntel,30.03003003,679054f2072d526265aabff2,67906b50b89897bbce1ed433,,,,,,,,,,,,,,,,,,,,,,,,,,,,,,,,,,,,,,,,,,,,,,,,,,,,,,,,,,,,,,,,,,
,,,b,1,2.7665,0,3,3,11,1,PracticeStim/42_50.jpg,50,Same,b,5a6e8532e6cc4a0001b6d728,2025-01-21_22h53.27.681,VisualArraysMentalRotation_v4,2021.1.4,MacIntel,30.03003003,679054f2072d526265aabff2,67906b50b89897bbce1ed433,,,,,,,,,,,,,,,,,,,,,,,,,,,,,,,,,,,,,,,,,,,,,,,,,,,,,,,,,,,,,,,,,,
,,,b,1,3.7672,0,4,4,5,1,PracticeStim/26_150.jpg,150,Same,b,5a6e8532e6cc4a0001b6d728,2025-01-21_22h53.27.681,VisualArraysMentalRotation_v4,2021.1.4,MacIntel,30.03003003,679054f2072d526265aabff2,67906b50b89897bbce1ed433,,,,,,,,,,,,,,,,,,,,,,,,,,,,,,,,,,,,,,,,,,,,,,,,,,,,,,,,,,,,,,,,,,
,,,n,1,2.4453,0,5,5,8,1,PracticeStim/33_50_R.jpg,50,Different,n,5a6e8532e6cc4a0001b6d728,2025-01-21_22h53.27.681,VisualArraysMentalRotation_v4,2021.1.4,MacIntel,30.03003003,679054f2072d526265aabff2,67906b50b89897bbce1ed433,,,,,,,,,,,,,,,,,,,,,,,,,,,,,,,,,,,,,,,,,,,,,,,,,,,,,,,,,,,,,,,,,,
,,,n,1,2.1767,0,6,6,9,1,PracticeStim/36_100_R.jpg,100,Different,n,5a6e8532e6cc4a0001b6d728,2025-01-21_22h53.27.681,VisualArraysMentalRotation_v4,2021.1.4,MacIntel,30.03003003,679054f2072d526265aabff2,67906b50b89897bbce1ed433,,,,,,,,,,,,,,,,,,,,,,,,,,,,,,,,,,,,,,,,,,,,,,,,,,,,,,,,,,,,,,,,,,
,,,b,0,2.2855,0,7,7,7,1,PracticeStim/31_50_R.jpg,50,Different,n,5a6e8532e6cc4a0001b6d728,2025-01-21_22h53.27.681,VisualArraysMentalRotation_v4,2021.1.4,MacIntel,30.03003003,679054f2072d526265aabff2,67906b50b89897bbce1ed433,,,,,,,,,,,,,,,,,,,,,,,,,,,,,,,,,,,,,,,,,,,,,,,,,,,,,,,,,,,,,,,,,,
,,,b,1,2.6097,0,8,8,4,1,PracticeStim/25_150.jpg,150,Same,b,5a6e8532e6cc4a0001b6d728,2025-01-21_22h53.27.681,VisualArraysMentalRotation_v4,2021.1.4,MacIntel,30.03003003,679054f2072d526265aabff2,67906b50b89897bbce1ed433,,,,,,,,,,,,,,,,,,,,,,,,,,,,,,,,,,,,,,,,,,,,,,,,,,,,,,,,,,,,,,,,,,
,,,b,1,3.002,0,9,9,3,1,PracticeStim/18_150.jpg,150,Same,b,5a6e8532e6cc4a0001b6d728,2025-01-21_22h53.27.681,VisualArraysMentalRotation_v4,2021.1.4,MacIntel,30.03003003,679054f2072d526265aabff2,67906b50b89897bbce1ed433,,,,,,,,,,,,,,,,,,,,,,,,,,,,,,,,,,,,,,,,,,,,,,,,,,,,,,,,,,,,,,,,,,
,,,n,0,2.2899,0,10,10,2,1,PracticeStim/17_50.jpg,50,Same,b,5a6e8532e6cc4a0001b6d728,2025-01-21_22h53.27.681,VisualArraysMentalRotation_v4,2021.1.4,MacIntel,30.03003003,679054f2072d526265aabff2,67906b50b89897bbce1ed433,,,,,,,,,,,,,,,,,,,,,,,,,,,,,,,,,,,,,,,,,,,,,,,,,,,,,,,,,,,,,,,,,,
,,,b,1,2.4495,0,11,11,10,1,PracticeStim/41_150.jpg,150,Same,b,5a6e8532e6cc4a0001b6d728,2025-01-21_22h53.27.681,VisualArraysMentalRotation_v4,2021.1.4,MacIntel,30.03003003,679054f2072d526265aabff2,67906b50b89897bbce1ed433,,,,,,,,,,,,,,,,,,,,,,,,,,,,,,,,,,,,,,,,,,,,,,,,,,,,,,,,,,,,,,,,,,
,,,,,,,,,,,,,,,5a6e8532e6cc4a0001b6d728,2025-01-21_22h53.27.681,VisualArraysMentalRotation_v4,2021.1.4,MacIntel,30.03003003,679054f2072d526265aabff2,67906b50b89897bbce1ed433,,,,,,Stimuli/22_100_R.jpg,Different,100,n,b,0,4.5411,0,0,0,0,1,,,,,,,,,,,,,,,,,,,,,,,,,,,,,,,,,,,,,,,,,,,,,,,,,
,,,,,,,,,,,,,,,5a6e8532e6cc4a0001b6d728,2025-01-21_22h53.27.681,VisualArraysMentalRotation_v4,2021.1.4,MacIntel,30.03003003,679054f2072d526265aabff2,67906b50b89897bbce1ed433,,,,,,Stimuli/38_0_R.jpg,Different,0,n,n,1,5.8681,1,0,1,0,1,,,,,,,,,,,,,,,,,,,,,,,,,,,,,,,,,,,,,,,,,,,,,,,,,
,,,,,,,,,,,,,,,5a6e8532e6cc4a0001b6d728,2025-01-21_22h53.27.681,VisualArraysMentalRotation_v4,2021.1.4,MacIntel,30.03003003,679054f2072d526265aabff2,67906b50b89897bbce1ed433,,,,,,Stimuli/28_0_R.jpg,Different,0,n,n,1,2.1834,2,0,2,0,1,,,,,,,,,,,,,,,,,,,,,,,,,,,,,,,,,,,,,,,,,,,,,,,,,
,,,,,,,,,,,,,,,5a6e8532e6cc4a0001b6d728,2025-01-21_22h53.27.681,VisualArraysMentalRotation_v4,2021.1.4,MacIntel,30.03003003,679054f2072d526265aabff2,67906b50b89897bbce1ed433,,,,,,Stimuli/27_100.jpg,Same,100,b,b,1,1.9904,3,0,3,0,1,,,,,,,,,,,,,,,,,,,,,,,,,,,,,,,,,,,,,,,,,,,,,,,,,
,,,,,,,,,,,,,,,5a6e8532e6cc4a0001b6d728,2025-01-21_22h53.27.681,VisualArraysMentalRotation_v4,2021.1.4,MacIntel,30.03003003,679054f2072d526265aabff2,67906b50b89897bbce1ed433,,,,,,Stimuli/21_100.jpg,Same,100,b,n,0,2.0061,4,0,4,0,1,,,,,,,,,,,,,,,,,,,,,,,,,,,,,,,,,,,,,,,,,,,,,,,,,
,,,,,,,,,,,,,,,5a6e8532e6cc4a0001b6d728,2025-01-21_22h53.27.681,VisualArraysMentalRotation_v4,2021.1.4,MacIntel,30.03003003,679054f2072d526265aabff2,67906b50b89897bbce1ed433,,,,,,Stimuli/19_100_R.jpg,Different,100,n,b,0,2.5816,5,0,5,0,1,,,,,,,,,,,,,,,,,,,,,,,,,,,,,,,,,,,,,,,,,,,,,,,,,
,,,,,,,,,,,,,,,5a6e8532e6cc4a0001b6d728,2025-01-21_22h53.27.681,VisualArraysMentalRotation_v4,2021.1.4,MacIntel,30.03003003,679054f2072d526265aabff2,67906b50b89897bbce1ed433,,,,,,Stimuli/28_100.jpg,Same,100,b,b,1,3.6836,6,0,6,0,1,,,,,,,,,,,,,,,,,,,,,,,,,,,,,,,,,,,,,,,,,,,,,,,,,
,,,,,,,,,,,,,,,5a6e8532e6cc4a0001b6d728,2025-01-21_22h53.27.681,VisualArraysMentalRotation_v4,2021.1.4,MacIntel,30.03003003,679054f2072d526265aabff2,67906b50b89897bbce1ed433,,,,,,Stimuli/38_150_R.jpg,Different,150,n,n,1,2.444,7,0,7,0,1,,,,,,,,,,,,,,,,,,,,,,,,,,,,,,,,,,,,,,,,,,,,,,,,,
,,,,,,,,,,,,,,,5a6e8532e6cc4a0001b6d728,2025-01-21_22h53.27.681,VisualArraysMentalRotation_v4,2021.1.4,MacIntel,30.03003003,679054f2072d526265aabff2,67906b50b89897bbce1ed433,,,,,,Stimuli/21_100_R.jpg,Different,100,n,n,1,1.5988,8,0,8,0,1,,,,,,,,,,,,,,,,,,,,,,,,,,,,,,,,,,,,,,,,,,,,,,,,,
,,,,,,,,,,,,,,,5a6e8532e6cc4a0001b6d728,2025-01-21_22h53.27.681,VisualArraysMentalRotation_v4,2021.1.4,MacIntel,30.03003003,679054f2072d526265aabff2,67906b50b89897bbce1ed433,,,,,,Stimuli/21_150.jpg,Same,150,b,b,1,2.1165,9,0,9,0,1,,,,,,,,,,,,,,,,,,,,,,,,,,,,,,,,,,,,,,,,,,,,,,,,,
,,,,,,,,,,,,,,,5a6e8532e6cc4a0001b6d728,2025-01-21_22h53.27.681,VisualArraysMentalRotation_v4,2021.1.4,MacIntel,30.03003003,679054f2072d526265aabff2,67906b50b89897bbce1ed433,,,,,,Stimuli/21_150_R.jpg,Different,150,n,b,0,4.4214,10,0,10,0,1,,,,,,,,,,,,,,,,,,,,,,,,,,,,,,,,,,,,,,,,,,,,,,,,,
,,,,,,,,,,,,,,,5a6e8532e6cc4a0001b6d728,2025-01-21_22h53.27.681,VisualArraysMentalRotation_v4,2021.1.4,MacIntel,30.03003003,679054f2072d526265aabff2,67906b50b89897bbce1ed433,,,,,,Stimuli/32_100_R.jpg,Different,100,n,b,0,1.9499,11,0,11,0,1,,,,,,,,,,,,,,,,,,,,,,,,,,,,,,,,,,,,,,,,,,,,,,,,,
,,,,,,,,,,,,,,,5a6e8532e6cc4a0001b6d728,2025-01-21_22h53.27.681,VisualArraysMentalRotation_v4,2021.1.4,MacIntel,30.03003003,679054f2072d526265aabff2,67906b50b89897bbce1ed433,,,,,,Stimuli/19_150.jpg,Same,150,b,b,1,1.9027,12,0,12,0,1,,,,,,,,,,,,,,,,,,,,,,,,,,,,,,,,,,,,,,,,,,,,,,,,,
,,,,,,,,,,,,,,,5a6e8532e6cc4a0001b6d728,2025-01-21_22h53.27.681,VisualArraysMentalRotation_v4,2021.1.4,MacIntel,30.03003003,679054f2072d526265aabff2,67906b50b89897bbce1ed433,,,,,,Stimuli/3_50.jpg,Same,50,b,b,1,3.6322,13,0,13,0,1,,,,,,,,,,,,,,,,,,,,,,,,,,,,,,,,,,,,,,,,,,,,,,,,,
,,,,,,,,,,,,,,,5a6e8532e6cc4a0001b6d728,2025-01-21_22h53.27.681,VisualArraysMentalRotation_v4,2021.1.4,MacIntel,30.03003003,679054f2072d526265aabff2,67906b50b89897bbce1ed433,,,,,,Stimuli/28_150.jpg,Same,150,b,b,1,3.5774,14,0,14,0,1,,,,,,,,,,,,,,,,,,,,,,,,,,,,,,,,,,,,,,,,,,,,,,,,,
,,,,,,,,,,,,,,,5a6e8532e6cc4a0001b6d728,2025-01-21_22h53.27.681,VisualArraysMentalRotation_v4,2021.1.4,MacIntel,30.03003003,679054f2072d526265aabff2,67906b50b89897bbce1ed433,,,,,,Stimuli/3_150_R.jpg,Different,150,n,b,0,1.8135,15,0,15,0,1,,,,,,,,,,,,,,,,,,,,,,,,,,,,,,,,,,,,,,,,,,,,,,,,,
,,,,,,,,,,,,,,,5a6e8532e6cc4a0001b6d728,2025-01-21_22h53.27.681,VisualArraysMentalRotation_v4,2021.1.4,MacIntel,30.03003003,679054f2072d526265aabff2,67906b50b89897bbce1ed433,,,,,,Stimuli/19_0_R.jpg,Different,0,n,b,0,1.8004,16,0,16,0,1,,,,,,,,,,,,,,,,,,,,,,,,,,,,,,,,,,,,,,,,,,,,,,,,,
,,,,,,,,,,,,,,,5a6e8532e6cc4a0001b6d728,2025-01-21_22h53.27.681,VisualArraysMentalRotation_v4,2021.1.4,MacIntel,30.03003003,679054f2072d526265aabff2,67906b50b89897bbce1ed433,,,,,,Stimuli/38_50.jpg,Same,50,b,b,1,2.433,17,0,17,0,1,,,,,,,,,,,,,,,,,,,,,,,,,,,,,,,,,,,,,,,,,,,,,,,,,
,,,,,,,,,,,,,,,5a6e8532e6cc4a0001b6d728,2025-01-21_22h53.27.681,VisualArraysMentalRotation_v4,2021.1.4,MacIntel,30.03003003,679054f2072d526265aabff2,67906b50b89897bbce1ed433,,,,,,Stimuli/28_50.jpg,Same,50,b,b,1,2.5937,18,0,18,0,1,,,,,,,,,,,,,,,,,,,,,,,,,,,,,,,,,,,,,,,,,,,,,,,,,
,,,,,,,,,,,,,,,5a6e8532e6cc4a0001b6d728,2025-01-21_22h53.27.681,VisualArraysMentalRotation_v4,2021.1.4,MacIntel,30.03003003,679054f2072d526265aabff2,67906b50b89897bbce1ed433,,,,,,Stimuli/27_150_R.jpg,Different,150,n,n,1,1.6987,19,0,19,0,1,,,,,,,,,,,,,,,,,,,,,,,,,,,,,,,,,,,,,,,,,,,,,,,,,
,,,,,,,,,,,,,,,5a6e8532e6cc4a0001b6d728,2025-01-21_22h53.27.681,VisualArraysMentalRotation_v4,2021.1.4,MacIntel,30.03003003,679054f2072d526265aabff2,67906b50b89897bbce1ed433,,,,,,Stimuli/27_150.jpg,Same,150,b,n,0,1.5089,20,0,20,0,1,,,,,,,,,,,,,,,,,,,,,,,,,,,,,,,,,,,,,,,,,,,,,,,,,
,,,,,,,,,,,,,,,5a6e8532e6cc4a0001b6d728,2025-01-21_22h53.27.681,VisualArraysMentalRotation_v4,2021.1.4,MacIntel,30.03003003,679054f2072d526265aabff2,67906b50b89897bbce1ed433,,,,,,Stimuli/3_100_R.jpg,Different,100,n,n,1,1.8608,21,0,21,0,1,,,,,,,,,,,,,,,,,,,,,,,,,,,,,,,,,,,,,,,,,,,,,,,,,
,,,,,,,,,,,,,,,5a6e8532e6cc4a0001b6d728,2025-01-21_22h53.27.681,VisualArraysMentalRotation_v4,2021.1.4,MacIntel,30.03003003,679054f2072d526265aabff2,67906b50b89897bbce1ed433,,,,,,Stimuli/21_50_R.jpg,Different,50,n,b,0,1.5606,22,0,22,0,1,,,,,,,,,,,,,,,,,,,,,,,,,,,,,,,,,,,,,,,,,,,,,,,,,
,,,,,,,,,,,,,,,5a6e8532e6cc4a0001b6d728,2025-01-21_22h53.27.681,VisualArraysMentalRotation_v4,2021.1.4,MacIntel,30.03003003,679054f2072d526265aabff2,67906b50b89897bbce1ed433,,,,,,Stimuli/21_0.jpg,Same,0,b,b,1,2.2848,23,0,23,0,1,,,,,,,,,,,,,,,,,,,,,,,,,,,,,,,,,,,,,,,,,,,,,,,,,
,,,,,,,,,,,,,,,5a6e8532e6cc4a0001b6d728,2025-01-21_22h53.27.681,VisualArraysMentalRotation_v4,2021.1.4,MacIntel,30.03003003,679054f2072d526265aabff2,67906b50b89897bbce1ed433,,,,,,Stimuli/16_50.jpg,Same,50,b,b,1,1.6704,24,0,24,0,1,,,,,,,,,,,,,,,,,,,,,,,,,,,,,,,,,,,,,,,,,,,,,,,,,
,,,,,,,,,,,,,,,5a6e8532e6cc4a0001b6d728,2025-01-21_22h53.27.681,VisualArraysMentalRotation_v4,2021.1.4,MacIntel,30.03003003,679054f2072d526265aabff2,67906b50b89897bbce1ed433,,,,,,Stimuli/19_100.jpg,Same,100,b,n,0,2.0513,25,0,25,0,1,,,,,,,,,,,,,,,,,,,,,,,,,,,,,,,,,,,,,,,,,,,,,,,,,
,,,,,,,,,,,,,,,5a6e8532e6cc4a0001b6d728,2025-01-21_22h53.27.681,VisualArraysMentalRotation_v4,2021.1.4,MacIntel,30.03003003,679054f2072d526265aabff2,67906b50b89897bbce1ed433,,,,,,Stimuli/21_0_R.jpg,Different,0,n,b,0,1.392,26,0,26,0,1,,,,,,,,,,,,,,,,,,,,,,,,,,,,,,,,,,,,,,,,,,,,,,,,,
,,,,,,,,,,,,,,,5a6e8532e6cc4a0001b6d728,2025-01-21_22h53.27.681,VisualArraysMentalRotation_v4,2021.1.4,MacIntel,30.03003003,679054f2072d526265aabff2,67906b50b89897bbce1ed433,,,,,,Stimuli/28_150_R.jpg,Different,150,n,b,0,1.7436,27,0,27,0,1,,,,,,,,,,,,,,,,,,,,,,,,,,,,,,,,,,,,,,,,,,,,,,,,,
,,,,,,,,,,,,,,,5a6e8532e6cc4a0001b6d728,2025-01-21_22h53.27.681,VisualArraysMentalRotation_v4,2021.1.4,MacIntel,30.03003003,679054f2072d526265aabff2,67906b50b89897bbce1ed433,,,,,,Stimuli/16_0.jpg,Same,0,b,b,1,0.9225,28,0,28,0,1,,,,,,,,,,,,,,,,,,,,,,,,,,,,,,,,,,,,,,,,,,,,,,,,,
,,,,,,,,,,,,,,,5a6e8532e6cc4a0001b6d728,2025-01-21_22h53.27.681,VisualArraysMentalRotation_v4,2021.1.4,MacIntel,30.03003003,679054f2072d526265aabff2,67906b50b89897bbce1ed433,,,,,,Stimuli/16_100.jpg,Same,100,b,b,1,3.4694,29,0,29,0,1,,,,,,,,,,,,,,,,,,,,,,,,,,,,,,,,,,,,,,,,,,,,,,,,,
,,,,,,,,,,,,,,,5a6e8532e6cc4a0001b6d728,2025-01-21_22h53.27.681,VisualArraysMentalRotation_v4,2021.1.4,MacIntel,30.03003003,679054f2072d526265aabff2,67906b50b89897bbce1ed433,,,,,,Stimuli/32_150.jpg,Same,150,b,n,0,1.4943,30,0,30,0,1,,,,,,,,,,,,,,,,,,,,,,,,,,,,,,,,,,,,,,,,,,,,,,,,,
,,,,,,,,,,,,,,,5a6e8532e6cc4a0001b6d728,2025-01-21_22h53.27.681,VisualArraysMentalRotation_v4,2021.1.4,MacIntel,30.03003003,679054f2072d526265aabff2,67906b50b89897bbce1ed433,,,,,,Stimuli/16_50_R.jpg,Different,50,n,b,0,1.401,31,0,31,0,1,,,,,,,,,,,,,,,,,,,,,,,,,,,,,,,,,,,,,,,,,,,,,,,,,
,,,,,,,,,,,,,,,5a6e8532e6cc4a0001b6d728,2025-01-21_22h53.27.681,VisualArraysMentalRotation_v4,2021.1.4,MacIntel,30.03003003,679054f2072d526265aabff2,67906b50b89897bbce1ed433,,,,,,Stimuli/19_0.jpg,Same,0,b,b,1,1.1892,32,0,32,0,1,,,,,,,,,,,,,,,,,,,,,,,,,,,,,,,,,,,,,,,,,,,,,,,,,
,,,,,,,,,,,,,,,5a6e8532e6cc4a0001b6d728,2025-01-21_22h53.27.681,VisualArraysMentalRotation_v4,2021.1.4,MacIntel,30.03003003,679054f2072d526265aabff2,67906b50b89897bbce1ed433,,,,,,Stimuli/38_100.jpg,Same,100,b,n,0,5.4003,33,0,33,0,1,,,,,,,,,,,,,,,,,,,,,,,,,,,,,,,,,,,,,,,,,,,,,,,,,
,,,,,,,,,,,,,,,5a6e8532e6cc4a0001b6d728,2025-01-21_22h53.27.681,VisualArraysMentalRotation_v4,2021.1.4,MacIntel,30.03003003,679054f2072d526265aabff2,67906b50b89897bbce1ed433,,,,,,Stimuli/27_0.jpg,Same,0,b,b,1,0.8612,34,0,34,0,1,,,,,,,,,,,,,,,,,,,,,,,,,,,,,,,,,,,,,,,,,,,,,,,,,
,,,,,,,,,,,,,,,5a6e8532e6cc4a0001b6d728,2025-01-21_22h53.27.681,VisualArraysMentalRotation_v4,2021.1.4,MacIntel,30.03003003,679054f2072d526265aabff2,67906b50b89897bbce1ed433,,,,,,Stimuli/43_50_R.jpg,Different,50,n,n,1,1.4775,35,0,35,0,1,,,,,,,,,,,,,,,,,,,,,,,,,,,,,,,,,,,,,,,,,,,,,,,,,
,,,,,,,,,,,,,,,5a6e8532e6cc4a0001b6d728,2025-01-21_22h53.27.681,VisualArraysMentalRotation_v4,2021.1.4,MacIntel,30.03003003,679054f2072d526265aabff2,67906b50b89897bbce1ed433,,,,,,Stimuli/44_50.jpg,Same,50,b,b,1,1.8442,36,0,36,0,1,,,,,,,,,,,,,,,,,,,,,,,,,,,,,,,,,,,,,,,,,,,,,,,,,
,,,,,,,,,,,,,,,5a6e8532e6cc4a0001b6d728,2025-01-21_22h53.27.681,VisualArraysMentalRotation_v4,2021.1.4,MacIntel,30.03003003,679054f2072d526265aabff2,67906b50b89897bbce1ed433,,,,,,Stimuli/40_0_R.jpg,Different,0,n,b,0,1.1836,37,0,37,0,1,,,,,,,,,,,,,,,,,,,,,,,,,,,,,,,,,,,,,,,,,,,,,,,,,
,,,,,,,,,,,,,,,5a6e8532e6cc4a0001b6d728,2025-01-21_22h53.27.681,VisualArraysMentalRotation_v4,2021.1.4,MacIntel,30.03003003,679054f2072d526265aabff2,67906b50b89897bbce1ed433,,,,,,Stimuli/3_50_R.jpg,Different,50,n,n,1,1.0351,38,0,38,0,1,,,,,,,,,,,,,,,,,,,,,,,,,,,,,,,,,,,,,,,,,,,,,,,,,
,,,,,,,,,,,,,,,5a6e8532e6cc4a0001b6d728,2025-01-21_22h53.27.681,VisualArraysMentalRotation_v4,2021.1.4,MacIntel,30.03003003,679054f2072d526265aabff2,67906b50b89897bbce1ed433,,,,,,Stimuli/3_150.jpg,Same,150,b,n,0,0.9839,39,0,39,0,1,,,,,,,,,,,,,,,,,,,,,,,,,,,,,,,,,,,,,,,,,,,,,,,,,
,,,,,,,,,,,,,,,5a6e8532e6cc4a0001b6d728,2025-01-21_22h53.27.681,VisualArraysMentalRotation_v4,2021.1.4,MacIntel,30.03003003,679054f2072d526265aabff2,67906b50b89897bbce1ed433,,,,,,Stimuli/32_0.jpg,Same,0,b,b,1,0.8432,40,0,40,0,1,,,,,,,,,,,,,,,,,,,,,,,,,,,,,,,,,,,,,,,,,,,,,,,,,
,,,,,,,,,,,,,,,5a6e8532e6cc4a0001b6d728,2025-01-21_22h53.27.681,VisualArraysMentalRotation_v4,2021.1.4,MacIntel,30.03003003,679054f2072d526265aabff2,67906b50b89897bbce1ed433,,,,,,Stimuli/19_50_R.jpg,Different,50,n,n,1,3.401,41,0,41,0,1,,,,,,,,,,,,,,,,,,,,,,,,,,,,,,,,,,,,,,,,,,,,,,,,,
,,,,,,,,,,,,,,,5a6e8532e6cc4a0001b6d728,2025-01-21_22h53.27.681,VisualArraysMentalRotation_v4,2021.1.4,MacIntel,30.03003003,679054f2072d526265aabff2,67906b50b89897bbce1ed433,,,,,,Stimuli/16_0_R.jpg,Different,0,n,b,0,1.3354,42,0,42,0,1,,,,,,,,,,,,,,,,,,,,,,,,,,,,,,,,,,,,,,,,,,,,,,,,,
,,,,,,,,,,,,,,,5a6e8532e6cc4a0001b6d728,2025-01-21_22h53.27.681,VisualArraysMentalRotation_v4,2021.1.4,MacIntel,30.03003003,679054f2072d526265aabff2,67906b50b89897bbce1ed433,,,,,,Stimuli/28_0.jpg,Same,0,b,b,1,0.7747,43,0,43,0,1,,,,,,,,,,,,,,,,,,,,,,,,,,,,,,,,,,,,,,,,,,,,,,,,,
,,,,,,,,,,,,,,,5a6e8532e6cc4a0001b6d728,2025-01-21_22h53.27.681,VisualArraysMentalRotation_v4,2021.1.4,MacIntel,30.03003003,679054f2072d526265aabff2,67906b50b89897bbce1ed433,,,,,,Stimuli/43_150_R.jpg,Different,150,n,n,1,1.0446,44,0,44,0,1,,,,,,,,,,,,,,,,,,,,,,,,,,,,,,,,,,,,,,,,,,,,,,,,,
,,,,,,,,,,,,,,,5a6e8532e6cc4a0001b6d728,2025-01-21_22h53.27.681,VisualArraysMentalRotation_v4,2021.1.4,MacIntel,30.03003003,679054f2072d526265aabff2,67906b50b89897bbce1ed433,,,,,,Stimuli/28_50_R.jpg,Different,50,n,n,1,2.4889,45,0,45,0,1,,,,,,,,,,,,,,,,,,,,,,,,,,,,,,,,,,,,,,,,,,,,,,,,,
,,,,,,,,,,,,,,,5a6e8532e6cc4a0001b6d728,2025-01-21_22h53.27.681,VisualArraysMentalRotation_v4,2021.1.4,MacIntel,30.03003003,679054f2072d526265aabff2,67906b50b89897bbce1ed433,,,,,,Stimuli/22_50.jpg,Same,50,b,b,1,1.6207,46,0,46,0,1,,,,,,,,,,,,,,,,,,,,,,,,,,,,,,,,,,,,,,,,,,,,,,,,,
,,,,,,,,,,,,,,,5a6e8532e6cc4a0001b6d728,2025-01-21_22h53.27.681,VisualArraysMentalRotation_v4,2021.1.4,MacIntel,30.03003003,679054f2072d526265aabff2,67906b50b89897bbce1ed433,,,,,,Stimuli/28_100_R.jpg,Different,100,n,n,1,2.0209,47,0,47,0,1,,,,,,,,,,,,,,,,,,,,,,,,,,,,,,,,,,,,,,,,,,,,,,,,,
,,,,,,,,,,,,,,,5a6e8532e6cc4a0001b6d728,2025-01-21_22h53.27.681,VisualArraysMentalRotation_v4,2021.1.4,MacIntel,30.03003003,679054f2072d526265aabff2,67906b50b89897bbce1ed433,,,,,,Stimuli/16_150_R.jpg,Different,150,n,b,0,3.2324,48,0,48,0,1,,,,,,,,,,,,,,,,,,,,,,,,,,,,,,,,,,,,,,,,,,,,,,,,,
,,,,,,,,,,,,,,,5a6e8532e6cc4a0001b6d728,2025-01-21_22h53.27.681,VisualArraysMentalRotation_v4,2021.1.4,MacIntel,30.03003003,679054f2072d526265aabff2,67906b50b89897bbce1ed433,,,,,,Stimuli/44_150_R.jpg,Different,150,n,n,1,3.4832,49,0,49,0,1,,,,,,,,,,,,,,,,,,,,,,,,,,,,,,,,,,,,,,,,,,,,,,,,,
,,,,,,,,,,,,,,,5a6e8532e6cc4a0001b6d728,2025-01-21_22h53.27.681,VisualArraysMentalRotation_v4,2021.1.4,MacIntel,30.03003003,679054f2072d526265aabff2,67906b50b89897bbce1ed433,,,,,,Stimuli/32_100.jpg,Same,100,b,n,0,1.6012,50,0,50,0,1,,,,,,,,,,,,,,,,,,,,,,,,,,,,,,,,,,,,,,,,,,,,,,,,,
,,,,,,,,,,,,,,,5a6e8532e6cc4a0001b6d728,2025-01-21_22h53.27.681,VisualArraysMentalRotation_v4,2021.1.4,MacIntel,30.03003003,679054f2072d526265aabff2,67906b50b89897bbce1ed433,,,,,,Stimuli/44_50_R.jpg,Different,50,n,n,1,1.6415,51,0,51,0,1,,,,,,,,,,,,,,,,,,,,,,,,,,,,,,,,,,,,,,,,,,,,,,,,,
,,,,,,,,,,,,,,,5a6e8532e6cc4a0001b6d728,2025-01-21_22h53.27.681,VisualArraysMentalRotation_v4,2021.1.4,MacIntel,30.03003003,679054f2072d526265aabff2,67906b50b89897bbce1ed433,,,,,,Stimuli/43_100.jpg,Same,100,b,n,0,1.5192,52,0,52,0,1,,,,,,,,,,,,,,,,,,,,,,,,,,,,,,,,,,,,,,,,,,,,,,,,,
,,,,,,,,,,,,,,,5a6e8532e6cc4a0001b6d728,2025-01-21_22h53.27.681,VisualArraysMentalRotation_v4,2021.1.4,MacIntel,30.03003003,679054f2072d526265aabff2,67906b50b89897bbce1ed433,,,,,,Stimuli/19_50.jpg,Same,50,b,n,0,4.1885,53,0,53,0,1,,,,,,,,,,,,,,,,,,,,,,,,,,,,,,,,,,,,,,,,,,,,,,,,,
,,,,,,,,,,,,,,,5a6e8532e6cc4a0001b6d728,2025-01-21_22h53.27.681,VisualArraysMentalRotation_v4,2021.1.4,MacIntel,30.03003003,679054f2072d526265aabff2,67906b50b89897bbce1ed433,,,,,,Stimuli/43_0.jpg,Same,0,b,b,1,3.1201,54,0,54,0,1,,,,,,,,,,,,,,,,,,,,,,,,,,,,,,,,,,,,,,,,,,,,,,,,,
,,,,,,,,,,,,,,,5a6e8532e6cc4a0001b6d728,2025-01-21_22h53.27.681,VisualArraysMentalRotation_v4,2021.1.4,MacIntel,30.03003003,679054f2072d526265aabff2,67906b50b89897bbce1ed433,,,,,,Stimuli/38_50_R.jpg,Different,50,n,n,1,3.5703,55,0,55,0,1,,,,,,,,,,,,,,,,,,,,,,,,,,,,,,,,,,,,,,,,,,,,,,,,,
,,,,,,,,,,,,,,,5a6e8532e6cc4a0001b6d728,2025-01-21_22h53.27.681,VisualArraysMentalRotation_v4,2021.1.4,MacIntel,30.03003003,679054f2072d526265aabff2,67906b50b89897bbce1ed433,,,,,,Stimuli/32_50_R.jpg,Different,50,n,n,1,3.3547,56,0,56,0,1,,,,,,,,,,,,,,,,,,,,,,,,,,,,,,,,,,,,,,,,,,,,,,,,,
,,,,,,,,,,,,,,,5a6e8532e6cc4a0001b6d728,2025-01-21_22h53.27.681,VisualArraysMentalRotation_v4,2021.1.4,MacIntel,30.03003003,679054f2072d526265aabff2,67906b50b89897bbce1ed433,,,,,,Stimuli/44_0.jpg,Same,0,b,b,1,1.0084,57,0,57,0,1,,,,,,,,,,,,,,,,,,,,,,,,,,,,,,,,,,,,,,,,,,,,,,,,,
,,,,,,,,,,,,,,,5a6e8532e6cc4a0001b6d728,2025-01-21_22h53.27.681,VisualArraysMentalRotation_v4,2021.1.4,MacIntel,30.03003003,679054f2072d526265aabff2,67906b50b89897bbce1ed433,,,,,,Stimuli/32_50.jpg,Same,50,b,n,0,2.7543,58,0,58,0,1,,,,,,,,,,,,,,,,,,,,,,,,,,,,,,,,,,,,,,,,,,,,,,,,,
,,,,,,,,,,,,,,,5a6e8532e6cc4a0001b6d728,2025-01-21_22h53.27.681,VisualArraysMentalRotation_v4,2021.1.4,MacIntel,30.03003003,679054f2072d526265aabff2,67906b50b89897bbce1ed433,,,,,,Stimuli/40_100.jpg,Same,100,b,n,0,3.8945,59,0,59,0,1,,,,,,,,,,,,,,,,,,,,,,,,,,,,,,,,,,,,,,,,,,,,,,,,,
,,,,,,,,,,,,,,,5a6e8532e6cc4a0001b6d728,2025-01-21_22h53.27.681,VisualArraysMentalRotation_v4,2021.1.4,MacIntel,30.03003003,679054f2072d526265aabff2,67906b50b89897bbce1ed433,,,,,,Stimuli/22_50_R.jpg,Different,50,n,n,1,2.1712,60,0,60,0,1,,,,,,,,,,,,,,,,,,,,,,,,,,,,,,,,,,,,,,,,,,,,,,,,,
,,,,,,,,,,,,,,,5a6e8532e6cc4a0001b6d728,2025-01-21_22h53.27.681,VisualArraysMentalRotation_v4,2021.1.4,MacIntel,30.03003003,679054f2072d526265aabff2,67906b50b89897bbce1ed433,,,,,,Stimuli/22_0.jpg,Same,0,b,b,1,1.1209,61,0,61,0,1,,,,,,,,,,,,,,,,,,,,,,,,,,,,,,,,,,,,,,,,,,,,,,,,,
,,,,,,,,,,,,,,,5a6e8532e6cc4a0001b6d728,2025-01-21_22h53.27.681,VisualArraysMentalRotation_v4,2021.1.4,MacIntel,30.03003003,679054f2072d526265aabff2,67906b50b89897bbce1ed433,,,,,,Stimuli/38_0.jpg,Same,0,b,b,1,1.4703,62,0,62,0,1,,,,,,,,,,,,,,,,,,,,,,,,,,,,,,,,,,,,,,,,,,,,,,,,,
,,,,,,,,,,,,,,,5a6e8532e6cc4a0001b6d728,2025-01-21_22h53.27.681,VisualArraysMentalRotation_v4,2021.1.4,MacIntel,30.03003003,679054f2072d526265aabff2,67906b50b89897bbce1ed433,,,,,,Stimuli/16_100_R.jpg,Different,100,n,n,1,3.3723,63,0,63,0,1,,,,,,,,,,,,,,,,,,,,,,,,,,,,,,,,,,,,,,,,,,,,,,,,,
,,,,,,,,,,,,,,,5a6e8532e6cc4a0001b6d728,2025-01-21_22h53.27.681,VisualArraysMentalRotation_v4,2021.1.4,MacIntel,30.03003003,679054f2072d526265aabff2,67906b50b89897bbce1ed433,,,,,,Stimuli/3_100.jpg,Same,100,b,n,0,1.5017,64,0,64,0,1,,,,,,,,,,,,,,,,,,,,,,,,,,,,,,,,,,,,,,,,,,,,,,,,,
,,,,,,,,,,,,,,,5a6e8532e6cc4a0001b6d728,2025-01-21_22h53.27.681,VisualArraysMentalRotation_v4,2021.1.4,MacIntel,30.03003003,679054f2072d526265aabff2,67906b50b89897bbce1ed433,,,,,,Stimuli/40_100_R.jpg,Different,100,n,n,1,1.825,65,0,65,0,1,,,,,,,,,,,,,,,,,,,,,,,,,,,,,,,,,,,,,,,,,,,,,,,,,
,,,,,,,,,,,,,,,5a6e8532e6cc4a0001b6d728,2025-01-21_22h53.27.681,VisualArraysMentalRotation_v4,2021.1.4,MacIntel,30.03003003,679054f2072d526265aabff2,67906b50b89897bbce1ed433,,,,,,Stimuli/43_150.jpg,Same,150,b,n,0,1.4246,66,0,66,0,1,,,,,,,,,,,,,,,,,,,,,,,,,,,,,,,,,,,,,,,,,,,,,,,,,
,,,,,,,,,,,,,,,5a6e8532e6cc4a0001b6d728,2025-01-21_22h53.27.681,VisualArraysMentalRotation_v4,2021.1.4,MacIntel,30.03003003,679054f2072d526265aabff2,67906b50b89897bbce1ed433,,,,,,Stimuli/22_150_R.jpg,Different,150,n,n,1,2.4374,67,0,67,0,1,,,,,,,,,,,,,,,,,,,,,,,,,,,,,,,,,,,,,,,,,,,,,,,,,
,,,,,,,,,,,,,,,5a6e8532e6cc4a0001b6d728,2025-01-21_22h53.27.681,VisualArraysMentalRotation_v4,2021.1.4,MacIntel,30.03003003,679054f2072d526265aabff2,67906b50b89897bbce1ed433,,,,,,Stimuli/40_150_R.jpg,Different,150,n,b,0,1.8742,68,0,68,0,1,,,,,,,,,,,,,,,,,,,,,,,,,,,,,,,,,,,,,,,,,,,,,,,,,
,,,,,,,,,,,,,,,5a6e8532e6cc4a0001b6d728,2025-01-21_22h53.27.681,VisualArraysMentalRotation_v4,2021.1.4,MacIntel,30.03003003,679054f2072d526265aabff2,67906b50b89897bbce1ed433,,,,,,Stimuli/22_150.jpg,Same,150,b,n,0,1.3009,69,0,69,0,1,,,,,,,,,,,,,,,,,,,,,,,,,,,,,,,,,,,,,,,,,,,,,,,,,
,,,,,,,,,,,,,,,5a6e8532e6cc4a0001b6d728,2025-01-21_22h53.27.681,VisualArraysMentalRotation_v4,2021.1.4,MacIntel,30.03003003,679054f2072d526265aabff2,67906b50b89897bbce1ed433,,,,,,Stimuli/27_50_R.jpg,Different,50,n,n,1,2.2447,70,0,70,0,1,,,,,,,,,,,,,,,,,,,,,,,,,,,,,,,,,,,,,,,,,,,,,,,,,
,,,,,,,,,,,,,,,5a6e8532e6cc4a0001b6d728,2025-01-21_22h53.27.681,VisualArraysMentalRotation_v4,2021.1.4,MacIntel,30.03003003,679054f2072d526265aabff2,67906b50b89897bbce1ed433,,,,,,Stimuli/16_150.jpg,Same,150,b,n,0,1.7169,71,0,71,0,1,,,,,,,,,,,,,,,,,,,,,,,,,,,,,,,,,,,,,,,,,,,,,,,,,
,,,,,,,,,,,,,,,5a6e8532e6cc4a0001b6d728,2025-01-21_22h53.27.681,VisualArraysMentalRotation_v4,2021.1.4,MacIntel,30.03003003,679054f2072d526265aabff2,67906b50b89897bbce1ed433,,,,,,Stimuli/40_50.jpg,Same,50,b,b,1,1.5117,72,0,72,0,1,,,,,,,,,,,,,,,,,,,,,,,,,,,,,,,,,,,,,,,,,,,,,,,,,
,,,,,,,,,,,,,,,5a6e8532e6cc4a0001b6d728,2025-01-21_22h53.27.681,VisualArraysMentalRotation_v4,2021.1.4,MacIntel,30.03003003,679054f2072d526265aabff2,67906b50b89897bbce1ed433,,,,,,Stimuli/44_0_R.jpg,Different,0,n,n,1,1.1634,73,0,73,0,1,,,,,,,,,,,,,,,,,,,,,,,,,,,,,,,,,,,,,,,,,,,,,,,,,
,,,,,,,,,,,,,,,5a6e8532e6cc4a0001b6d728,2025-01-21_22h53.27.681,VisualArraysMentalRotation_v4,2021.1.4,MacIntel,30.03003003,679054f2072d526265aabff2,67906b50b89897bbce1ed433,,,,,,Stimuli/32_150_R.jpg,Different,150,n,n,1,1.5424,74,0,74,0,1,,,,,,,,,,,,,,,,,,,,,,,,,,,,,,,,,,,,,,,,,,,,,,,,,
,,,,,,,,,,,,,,,5a6e8532e6cc4a0001b6d728,2025-01-21_22h53.27.681,VisualArraysMentalRotation_v4,2021.1.4,MacIntel,30.03003003,679054f2072d526265aabff2,67906b50b89897bbce1ed433,,,,,,Stimuli/22_0_R.jpg,Different,0,n,n,1,4.3269,75,0,75,0,1,,,,,,,,,,,,,,,,,,,,,,,,,,,,,,,,,,,,,,,,,,,,,,,,,
,,,,,,,,,,,,,,,5a6e8532e6cc4a0001b6d728,2025-01-21_22h53.27.681,VisualArraysMentalRotation_v4,2021.1.4,MacIntel,30.03003003,679054f2072d526265aabff2,67906b50b89897bbce1ed433,,,,,,Stimuli/27_50.jpg,Same,50,b,b,1,1.4876,76,0,76,0,1,,,,,,,,,,,,,,,,,,,,,,,,,,,,,,,,,,,,,,,,,,,,,,,,,
,,,,,,,,,,,,,,,5a6e8532e6cc4a0001b6d728,2025-01-21_22h53.27.681,VisualArraysMentalRotation_v4,2021.1.4,MacIntel,30.03003003,679054f2072d526265aabff2,67906b50b89897bbce1ed433,,,,,,Stimuli/32_0_R.jpg,Different,0,n,b,0,1.9266,77,0,77,0,1,,,,,,,,,,,,,,,,,,,,,,,,,,,,,,,,,,,,,,,,,,,,,,,,,
,,,,,,,,,,,,,,,5a6e8532e6cc4a0001b6d728,2025-01-21_22h53.27.681,VisualArraysMentalRotation_v4,2021.1.4,MacIntel,30.03003003,679054f2072d526265aabff2,67906b50b89897bbce1ed433,,,,,,Stimuli/40_0.jpg,Same,0,b,b,1,1.5584,78,0,78,0,1,,,,,,,,,,,,,,,,,,,,,,,,,,,,,,,,,,,,,,,,,,,,,,,,,
,,,,,,,,,,,,,,,5a6e8532e6cc4a0001b6d728,2025-01-21_22h53.27.681,VisualArraysMentalRotation_v4,2021.1.4,MacIntel,30.03003003,679054f2072d526265aabff2,67906b50b89897bbce1ed433,,,,,,Stimuli/19_150_R.jpg,Different,150,n,b,0,2.1029,79,0,79,0,1,,,,,,,,,,,,,,,,,,,,,,,,,,,,,,,,,,,,,,,,,,,,,,,,,
,,,,,,,,,,,,,,,5a6e8532e6cc4a0001b6d728,2025-01-21_22h53.27.681,VisualArraysMentalRotation_v4,2021.1.4,MacIntel,30.03003003,679054f2072d526265aabff2,67906b50b89897bbce1ed433,,,,,,Stimuli/43_50.jpg,Same,50,b,b,1,2.2113,80,0,80,0,1,,,,,,,,,,,,,,,,,,,,,,,,,,,,,,,,,,,,,,,,,,,,,,,,,
,,,,,,,,,,,,,,,5a6e8532e6cc4a0001b6d728,2025-01-21_22h53.27.681,VisualArraysMentalRotation_v4,2021.1.4,MacIntel,30.03003003,679054f2072d526265aabff2,67906b50b89897bbce1ed433,,,,,,Stimuli/21_50.jpg,Same,50,b,n,0,1.9368,81,0,81,0,1,,,,,,,,,,,,,,,,,,,,,,,,,,,,,,,,,,,,,,,,,,,,,,,,,
,,,,,,,,,,,,,,,5a6e8532e6cc4a0001b6d728,2025-01-21_22h53.27.681,VisualArraysMentalRotation_v4,2021.1.4,MacIntel,30.03003003,679054f2072d526265aabff2,67906b50b89897bbce1ed433,,,,,,Stimuli/38_100_R.jpg,Different,100,n,n,1,1.8947,82,0,82,0,1,,,,,,,,,,,,,,,,,,,,,,,,,,,,,,,,,,,,,,,,,,,,,,,,,
,,,,,,,,,,,,,,,5a6e8532e6cc4a0001b6d728,2025-01-21_22h53.27.681,VisualArraysMentalRotation_v4,2021.1.4,MacIntel,30.03003003,679054f2072d526265aabff2,67906b50b89897bbce1ed433,,,,,,Stimuli/40_50_R.jpg,Different,50,n,n,1,1.3281,83,0,83,0,1,,,,,,,,,,,,,,,,,,,,,,,,,,,,,,,,,,,,,,,,,,,,,,,,,
,,,,,,,,,,,,,,,5a6e8532e6cc4a0001b6d728,2025-01-21_22h53.27.681,VisualArraysMentalRotation_v4,2021.1.4,MacIntel,30.03003003,679054f2072d526265aabff2,67906b50b89897bbce1ed433,,,,,,Stimuli/44_100_R.jpg,Different,100,n,n,1,3.9429,84,0,84,0,1,,,,,,,,,,,,,,,,,,,,,,,,,,,,,,,,,,,,,,,,,,,,,,,,,
,,,,,,,,,,,,,,,5a6e8532e6cc4a0001b6d728,2025-01-21_22h53.27.681,VisualArraysMentalRotation_v4,2021.1.4,MacIntel,30.03003003,679054f2072d526265aabff2,67906b50b89897bbce1ed433,,,,,,Stimuli/44_100.jpg,Same,100,b,n,0,1.2078,85,0,85,0,1,,,,,,,,,,,,,,,,,,,,,,,,,,,,,,,,,,,,,,,,,,,,,,,,,
,,,,,,,,,,,,,,,5a6e8532e6cc4a0001b6d728,2025-01-21_22h53.27.681,VisualArraysMentalRotation_v4,2021.1.4,MacIntel,30.03003003,679054f2072d526265aabff2,67906b50b89897bbce1ed433,,,,,,Stimuli/22_100.jpg,Same,100,b,n,0,2.5277,86,0,86,0,1,,,,,,,,,,,,,,,,,,,,,,,,,,,,,,,,,,,,,,,,,,,,,,,,,
,,,,,,,,,,,,,,,5a6e8532e6cc4a0001b6d728,2025-01-21_22h53.27.681,VisualArraysMentalRotation_v4,2021.1.4,MacIntel,30.03003003,679054f2072d526265aabff2,67906b50b89897bbce1ed433,,,,,,Stimuli/43_0_R.jpg,Different,0,n,n,1,3.7063,87,0,87,0,1,,,,,,,,,,,,,,,,,,,,,,,,,,,,,,,,,,,,,,,,,,,,,,,,,
,,,,,,,,,,,,,,,5a6e8532e6cc4a0001b6d728,2025-01-21_22h53.27.681,VisualArraysMentalRotation_v4,2021.1.4,MacIntel,30.03003003,679054f2072d526265aabff2,67906b50b89897bbce1ed433,,,,,,Stimuli/27_0_R.jpg,Different,0,n,n,1,1.9085,88,0,88,0,1,,,,,,,,,,,,,,,,,,,,,,,,,,,,,,,,,,,,,,,,,,,,,,,,,
,,,,,,,,,,,,,,,5a6e8532e6cc4a0001b6d728,2025-01-21_22h53.27.681,VisualArraysMentalRotation_v4,2021.1.4,MacIntel,30.03003003,679054f2072d526265aabff2,67906b50b89897bbce1ed433,,,,,,Stimuli/44_150.jpg,Same,150,b,n,0,2.241,89,0,89,0,1,,,,,,,,,,,,,,,,,,,,,,,,,,,,,,,,,,,,,,,,,,,,,,,,,
,,,,,,,,,,,,,,,5a6e8532e6cc4a0001b6d728,2025-01-21_22h53.27.681,VisualArraysMentalRotation_v4,2021.1.4,MacIntel,30.03003003,679054f2072d526265aabff2,67906b50b89897bbce1ed433,,,,,,Stimuli/3_0.jpg,Same,0,b,b,1,1.4436,90,0,90,0,1,,,,,,,,,,,,,,,,,,,,,,,,,,,,,,,,,,,,,,,,,,,,,,,,,
,,,,,,,,,,,,,,,5a6e8532e6cc4a0001b6d728,2025-01-21_22h53.27.681,VisualArraysMentalRotation_v4,2021.1.4,MacIntel,30.03003003,679054f2072d526265aabff2,67906b50b89897bbce1ed433,,,,,,Stimuli/27_100_R.jpg,Different,100,n,n,1,0.9271,91,0,91,0,1,,,,,,,,,,,,,,,,,,,,,,,,,,,,,,,,,,,,,,,,,,,,,,,,,
,,,,,,,,,,,,,,,5a6e8532e6cc4a0001b6d728,2025-01-21_22h53.27.681,VisualArraysMentalRotation_v4,2021.1.4,MacIntel,30.03003003,679054f2072d526265aabff2,67906b50b89897bbce1ed433,,,,,,Stimuli/40_150.jpg,Same,150,b,n,0,4.7072,92,0,92,0,1,,,,,,,,,,,,,,,,,,,,,,,,,,,,,,,,,,,,,,,,,,,,,,,,,
,,,,,,,,,,,,,,,5a6e8532e6cc4a0001b6d728,2025-01-21_22h53.27.681,VisualArraysMentalRotation_v4,2021.1.4,MacIntel,30.03003003,679054f2072d526265aabff2,67906b50b89897bbce1ed433,,,,,,Stimuli/3_0_R.jpg,Different,0,n,n,1,3.538,93,0,93,0,1,,,,,,,,,,,,,,,,,,,,,,,,,,,,,,,,,,,,,,,,,,,,,,,,,
,,,,,,,,,,,,,,,5a6e8532e6cc4a0001b6d728,2025-01-21_22h53.27.681,VisualArraysMentalRotation_v4,2021.1.4,MacIntel,30.03003003,679054f2072d526265aabff2,67906b50b89897bbce1ed433,,,,,,Stimuli/38_150.jpg,Same,150,b,b,1,6.0703,94,0,94,0,1,,,,,,,,,,,,,,,,,,,,,,,,,,,,,,,,,,,,,,,,,,,,,,,,,
,,,,,,,,,,,,,,,5a6e8532e6cc4a0001b6d728,2025-01-21_22h53.27.681,VisualArraysMentalRotation_v4,2021.1.4,MacIntel,30.03003003,679054f2072d526265aabff2,67906b50b89897bbce1ed433,,,,,,Stimuli/43_100_R.jpg,Different,100,n,n,1,2.564,95,0,95,0,1,,,,,,,,,,,,,,,,,,,,,,,,,,,,,,,,,,,,,,,,,,,,,,,,,
,,,,,,,,,,,,,,,5a6e8532e6cc4a0001b6d728,2025-01-21_22h53.27.681,VisualArraysMentalRotation_v4,2021.1.4,MacIntel,30.03003003,679054f2072d526265aabff2,67906b50b89897bbce1ed433,,,,,,,,,,,,,,,,,,0,0,0,0,1,,,,,,,,,,,,,,,,,,,,,,,,,,,,,,,,,,,,,,,,,,,,
,,,,,,,,,,,,,,,5a6e8532e6cc4a0001b6d728,2025-01-21_22h53.27.681,VisualArraysMentalRotation_v4,2021.1.4,MacIntel,30.03003003,679054f2072d526265aabff2,67906b50b89897bbce1ed433,,,,,,,,,,,,,,,,,,,,,,,0,0,0,0,1,0,1,,,,,,,,,,,,,,,,,,,,,,,,,,,,,,,,,,,,,
,,,,,,,,,,,,,,,5a6e8532e6cc4a0001b6d728,2025-01-21_22h53.27.681,VisualArraysMentalRotation_v4,2021.1.4,MacIntel,30.03003003,679054f2072d526265aabff2,67906b50b89897bbce1ed433,,,,,,,,,,,,,,,,,,,,,,,,,,,,,,"[90,0,90,90,-45]","[90,45,45,45,45]",0.25,PracBlue_1,"[90,0,90,90,-45]","[-45,45,45,45,45]",5,0,3.6468,0,0,0,13,1,BLUE,3,Different,6,3,,,,,,,,,,,,,,,,,,
,,,,,,,,,,,,,,,5a6e8532e6cc4a0001b6d728,2025-01-21_22h53.27.681,VisualArraysMentalRotation_v4,2021.1.4,MacIntel,30.03003003,679054f2072d526265aabff2,67906b50b89897bbce1ed433,,,,,,,,,,,,,,,,,,,,,,,,,,,,,,"[-45,90,0,45,45]","[90,90,45,-45,90]",0.25,PracRed_3,"[-45,90,45,45,45]","[90,90,45,-45,90]",6,1,1.4909,0,1,1,5,1,RED,3,Different,6,3,,,,,,,,,,,,,,,,,,
,,,,,,,,,,,,,,,5a6e8532e6cc4a0001b6d728,2025-01-21_22h53.27.681,VisualArraysMentalRotation_v4,2021.1.4,MacIntel,30.03003003,679054f2072d526265aabff2,67906b50b89897bbce1ed433,,,,,,,,,,,,,,,,,,,,,,,,,,,,,,"[45,45,90,-45,45]","[90,90,45,-45,90]",0.25,PracBlue_3,"[45,45,90,-45,45]","[90,90,45,-45,90]",6,0,2.1701,0,2,2,10,1,BLUE,5,Same,5,1,,,,,,,,,,,,,,,,,,
,,,,,,,,,,,,,,,5a6e8532e6cc4a0001b6d728,2025-01-21_22h53.27.681,VisualArraysMentalRotation_v4,2021.1.4,MacIntel,30.03003003,679054f2072d526265aabff2,67906b50b89897bbce1ed433,,,,,,,,,,,,,,,,,,,,,,,,,,,,,,"[-45,-45,0,90,45]","[45,90,45,0,90]",0.25,PracRed_2,"[-45,-45,0,90,45]","[45,90,45,0,90]",6,0,1.6697,0,3,3,2,1,RED,5,Same,5,1,,,,,,,,,,,,,,,,,,
,,,,,,,,,,,,,,,5a6e8532e6cc4a0001b6d728,2025-01-21_22h53.27.681,VisualArraysMentalRotation_v4,2021.1.4,MacIntel,30.03003003,679054f2072d526265aabff2,67906b50b89897bbce1ed433,,,,,,,,,,,,,,,,,,,,,,,,,,,,,,"[45,45,0,-45,-45]","[90,90,90,45,0]",0.25,PracRed_1,"[-45,45,0,-45,-45]","[90,90,90,45,0]",5,0,1.2517,0,4,4,7,1,RED,5,Different,6,3,,,,,,,,,,,,,,,,,,
,,,,,,,,,,,,,,,5a6e8532e6cc4a0001b6d728,2025-01-21_22h53.27.681,VisualArraysMentalRotation_v4,2021.1.4,MacIntel,30.03003003,679054f2072d526265aabff2,67906b50b89897bbce1ed433,,,,,,,,,,,,,,,,,,,,,,,,,,,,,,"[-45,90,0,90,90]","[45,-45,-45,45,-45]",0.25,PracRed_1,"[-45,90,0,90,90]","[45,-45,-45,45,-45]",5,1,1.1372,0,5,5,1,1,RED,3,Same,5,3,,,,,,,,,,,,,,,,,,
,,,,,,,,,,,,,,,5a6e8532e6cc4a0001b6d728,2025-01-21_22h53.27.681,VisualArraysMentalRotation_v4,2021.1.4,MacIntel,30.03003003,679054f2072d526265aabff2,67906b50b89897bbce1ed433,,,,,,,,,,,,,,,,,,,,,,,,,,,,,,"[0,0,90,-45,-45]","[45,45,90,45,-45]",0.25,PracRed_1,"[45,0,90,-45,-45]","[45,45,90,45,-45]",5,0,1.3359,0,6,6,4,1,RED,3,Different,6,1,,,,,,,,,,,,,,,,,,
,,,,,,,,,,,,,,,5a6e8532e6cc4a0001b6d728,2025-01-21_22h53.27.681,VisualArraysMentalRotation_v4,2021.1.4,MacIntel,30.03003003,679054f2072d526265aabff2,67906b50b89897bbce1ed433,,,,,,,,,,,,,,,,,,,,,,,,,,,,,,"[0,45,-45,45,45]","[90,-45,-45,0,-45]",0.25,PracRed_3,"[0,45,-45,45,45]","[90,-45,-45,0,-45]",6,0,1.3032,0,7,7,0,1,RED,3,Same,5,1,,,,,,,,,,,,,,,,,,
,,,,,,,,,,,,,,,5a6e8532e6cc4a0001b6d728,2025-01-21_22h53.27.681,VisualArraysMentalRotation_v4,2021.1.4,MacIntel,30.03003003,679054f2072d526265aabff2,67906b50b89897bbce1ed433,,,,,,,,,,,,,,,,,,,,,,,,,,,,,,"[90,45,-45,-45,90]","[0,45,-45,-45,0]",0.25,PracBlue_1,"[90,45,-45,-45,90]","[0,45,-45,-45,0]",6,0,1.403,0,8,8,9,1,BLUE,3,Same,5,3,,,,,,,,,,,,,,,,,,
,,,,,,,,,,,,,,,5a6e8532e6cc4a0001b6d728,2025-01-21_22h53.27.681,VisualArraysMentalRotation_v4,2021.1.4,MacIntel,30.03003003,679054f2072d526265aabff2,67906b50b89897bbce1ed433,,,,,,,,,,,,,,,,,,,,,,,,,,,,,,"[90,-45,-45,90,0]","[-45,90,-45,45,-45]",0.25,PracBlue_2,"[90,-45,-45,90,0]","[-45,-45,-45,45,-45]",5,0,5.7373,0,9,9,14,1,BLUE,5,Different,6,1,,,,,,,,,,,,,,,,,,
,,,,,,,,,,,,,,,5a6e8532e6cc4a0001b6d728,2025-01-21_22h53.27.681,VisualArraysMentalRotation_v4,2021.1.4,MacIntel,30.03003003,679054f2072d526265aabff2,67906b50b89897bbce1ed433,,,,,,,,,,,,,,,,,,,,,,,,,,,,,,"[90,90,0,90,-45]","[90,-45,0,0,-45]",0.25,PracBlue_2,"[90,90,0,90,-45]","[90,90,0,0,-45]",5,0,1.5534,0,10,10,12,1,BLUE,3,Different,6,1,,,,,,,,,,,,,,,,,,
,,,,,,,,,,,,,,,5a6e8532e6cc4a0001b6d728,2025-01-21_22h53.27.681,VisualArraysMentalRotation_v4,2021.1.4,MacIntel,30.03003003,679054f2072d526265aabff2,67906b50b89897bbce1ed433,,,,,,,,,,,,,,,,,,,,,,,,,,,,,,"[0,90,0,0,45]","[0,45,45,0,0]",0.25,PracBlue_5,"[0,90,0,0,45]","[0,45,45,0,90]",6,1,1.1281,0,11,11,15,1,BLUE,5,Different,6,3,,,,,,,,,,,,,,,,,,
,,,,,,,,,,,,,,,5a6e8532e6cc4a0001b6d728,2025-01-21_22h53.27.681,VisualArraysMentalRotation_v4,2021.1.4,MacIntel,30.03003003,679054f2072d526265aabff2,67906b50b89897bbce1ed433,,,,,,,,,,,,,,,,,,,,,,,,,,,,,,"[45,0,0,90,0]","[-45,0,-45,90,45]",0.25,PracBlue_2,"[45,0,0,90,0]","[-45,0,-45,90,45]",5,1,2.0348,0,12,12,11,1,BLUE,5,Same,5,3,,,,,,,,,,,,,,,,,,
,,,,,,,,,,,,,,,5a6e8532e6cc4a0001b6d728,2025-01-21_22h53.27.681,VisualArraysMentalRotation_v4,2021.1.4,MacIntel,30.03003003,679054f2072d526265aabff2,67906b50b89897bbce1ed433,,,,,,,,,,,,,,,,,,,,,,,,,,,,,,"[0,0,45,45,0]","[0,45,-45,0,45]",0.25,PracBlue_3,"[0,0,45,45,0]","[0,45,-45,0,45]",6,0,1.7531,0,13,13,8,1,BLUE,3,Same,5,1,,,,,,,,,,,,,,,,,,
,,,,,,,,,,,,,,,5a6e8532e6cc4a0001b6d728,2025-01-21_22h53.27.681,VisualArraysMentalRotation_v4,2021.1.4,MacIntel,30.03003003,679054f2072d526265aabff2,67906b50b89897bbce1ed433,,,,,,,,,,,,,,,,,,,,,,,,,,,,,,"[-45,45,0,45,45]","[0,-45,0,0,-45]",0.25,PracRed_3,"[-45,45,90,45,45]","[0,-45,0,0,-45]",6,1,1.1182,0,14,14,6,1,RED,5,Different,6,1,,,,,,,,,,,,,,,,,,
,,,,,,,,,,,,,,,5a6e8532e6cc4a0001b6d728,2025-01-21_22h53.27.681,VisualArraysMentalRotation_v4,2021.1.4,MacIntel,30.03003003,679054f2072d526265aabff2,67906b50b89897bbce1ed433,,,,,,,,,,,,,,,,,,,,,,,,,,,,,,"[90,-45,0,45,-45]","[-45,90,-45,90,0]",0.25,PracRed_1,"[90,-45,0,45,-45]","[-45,90,-45,90,0]",6,0,1.4033,0,15,15,3,1,RED,5,Same,5,3,,,,,,,,,,,,,,,,,,
,,,,,,,,,,,,,,,5a6e8532e6cc4a0001b6d728,2025-01-21_22h53.27.681,VisualArraysMentalRotation_v4,2021.1.4,MacIntel,30.03003003,679054f2072d526265aabff2,67906b50b89897bbce1ed433,,,,,,,,,,,,,,,,,,,,,,,,,,,,,,,,,,,,,,,,,,,,,,,,,0,0,0,0,1,,,,,,,,,,,,,
,,,,,,,,,,,,,,,5a6e8532e6cc4a0001b6d728,2025-01-21_22h53.27.681,VisualArraysMentalRotation_v4,2021.1.4,MacIntel,30.03003003,679054f2072d526265aabff2,67906b50b89897bbce1ed433,,,,,,,,,,,,,,,,,,,,,,,,,,,,,,"[90,90,90,-45,90]","[45,90,0,45,-45]",0.25,PracRed_2,"[90,90,90,-45,90]","[45,90,0,45,-45]",5,1,1.1679,0,0,0,3,1,RED,5,Same,5,3,,,,,,,,,,,,,,,,,,
,,,,,,,,,,,,,,,5a6e8532e6cc4a0001b6d728,2025-01-21_22h53.27.681,VisualArraysMentalRotation_v4,2021.1.4,MacIntel,30.03003003,679054f2072d526265aabff2,67906b50b89897bbce1ed433,,,,,,,,,,,,,,,,,,,,,,,,,,,,,,"[-45,45,-45,0,45]","[90,0,0,45,45]",0.25,PracBlue_2,"[-45,45,-45,0,45]","[90,0,0,45,45]",6,0,1.3188,0,1,1,11,1,BLUE,5,Same,5,3,,,,,,,,,,,,,,,,,,
,,,,,,,,,,,,,,,5a6e8532e6cc4a0001b6d728,2025-01-21_22h53.27.681,VisualArraysMentalRotation_v4,2021.1.4,MacIntel,30.03003003,679054f2072d526265aabff2,67906b50b89897bbce1ed433,,,,,,,,,,,,,,,,,,,,,,,,,,,,,,"[0,90,0,90,45]","[90,90,45,-45,0]",0.25,PracBlue_3,"[0,90,0,90,45]","[90,90,-45,-45,0]",6,1,1.1399,0,2,2,12,1,BLUE,3,Different,6,1,,,,,,,,,,,,,,,,,,
,,,,,,,,,,,,,,,5a6e8532e6cc4a0001b6d728,2025-01-21_22h53.27.681,VisualArraysMentalRotation_v4,2021.1.4,MacIntel,30.03003003,679054f2072d526265aabff2,67906b50b89897bbce1ed433,,,,,,,,,,,,,,,,,,,,,,,,,,,,,,"[90,0,90,-45,0]","[-45,90,90,0,0]",0.25,PracBlue_2,"[90,0,90,-45,0]","[-45,90,90,0,0]",6,0,1.1065,0,3,3,8,1,BLUE,3,Same,5,1,,,,,,,,,,,,,,,,,,
,,,,,,,,,,,,,,,5a6e8532e6cc4a0001b6d728,2025-01-21_22h53.27.681,VisualArraysMentalRotation_v4,2021.1.4,MacIntel,30.03003003,679054f2072d526265aabff2,67906b50b89897bbce1ed433,,,,,,,,,,,,,,,,,,,,,,,,,,,,,,"[45,45,90,45,-45]","[45,0,0,0,90]",0.25,PracRed_5,"[45,45,90,45,0]","[45,0,0,0,90]",6,1,0.9193,0,4,4,7,1,RED,5,Different,6,3,,,,,,,,,,,,,,,,,,
,,,,,,,,,,,,,,,5a6e8532e6cc4a0001b6d728,2025-01-21_22h53.27.681,VisualArraysMentalRotation_v4,2021.1.4,MacIntel,30.03003003,679054f2072d526265aabff2,67906b50b89897bbce1ed433,,,,,,,,,,,,,,,,,,,,,,,,,,,,,,"[-45,0,90,45,-45]","[0,90,90,0,90]",0.25,PracBlue_4,"[-45,0,90,45,-45]","[0,90,90,45,90]",5,0,1.3051,0,5,5,15,1,BLUE,5,Different,6,3,,,,,,,,,,,,,,,,,,
,,,,,,,,,,,,,,,5a6e8532e6cc4a0001b6d728,2025-01-21_22h53.27.681,VisualArraysMentalRotation_v4,2021.1.4,MacIntel,30.03003003,679054f2072d526265aabff2,67906b50b89897bbce1ed433,,,,,,,,,,,,,,,,,,,,,,,,,,,,,,"[90,45,90,-45,-45]","[0,0,45,-45,0]",0.25,PracRed_1,"[90,45,90,-45,-45]","[0,0,45,-45,0]",5,1,1.3201,0,6,6,1,1,RED,3,Same,5,3,,,,,,,,,,,,,,,,,,
,,,,,,,,,,,,,,,5a6e8532e6cc4a0001b6d728,2025-01-21_22h53.27.681,VisualArraysMentalRotation_v4,2021.1.4,MacIntel,30.03003003,679054f2072d526265aabff2,67906b50b89897bbce1ed433,,,,,,,,,,,,,,,,,,,,,,,,,,,,,,"[0,45,-45,0,-45]","[0,45,0,90,-45]",0.25,PracRed_5,"[0,45,-45,0,-45]","[0,45,0,90,-45]",5,1,1.3544,0,7,7,2,1,RED,5,Same,5,1,,,,,,,,,,,,,,,,,,
,,,,,,,,,,,,,,,5a6e8532e6cc4a0001b6d728,2025-01-21_22h53.27.681,VisualArraysMentalRotation_v4,2021.1.4,MacIntel,30.03003003,679054f2072d526265aabff2,67906b50b89897bbce1ed433,,,,,,,,,,,,,,,,,,,,,,,,,,,,,,"[90,-45,45,0,45]","[45,90,45,0,-45]",0.25,PracBlue_1,"[90,-45,45,0,45]","[-45,90,45,0,-45]",6,1,1.082,0,8,8,13,1,BLUE,3,Different,6,3,,,,,,,,,,,,,,,,,,
,,,,,,,,,,,,,,,5a6e8532e6cc4a0001b6d728,2025-01-21_22h53.27.681,VisualArraysMentalRotation_v4,2021.1.4,MacIntel,30.03003003,679054f2072d526265aabff2,67906b50b89897bbce1ed433,,,,,,,,,,,,,,,,,,,,,,,,,,,,,,"[90,0,45,45,90]","[90,45,90,0,-45]",0.25,PracRed_3,"[90,0,0,45,90]","[90,45,90,0,-45]",6,1,1.1126,0,9,9,6,1,RED,5,Different,6,1,,,,,,,,,,,,,,,,,,
,,,,,,,,,,,,,,,5a6e8532e6cc4a0001b6d728,2025-01-21_22h53.27.681,VisualArraysMentalRotation_v4,2021.1.4,MacIntel,30.03003003,679054f2072d526265aabff2,67906b50b89897bbce1ed433,,,,,,,,,,,,,,,,,,,,,,,,,,,,,,"[0,-45,45,0,0]","[90,45,90,45,90]",0.25,PracRed_3,"[0,-45,45,0,0]","[90,45,90,45,90]",6,0,1.8547,0,10,10,0,1,RED,3,Same,5,1,,,,,,,,,,,,,,,,,,
,,,,,,,,,,,,,,,5a6e8532e6cc4a0001b6d728,2025-01-21_22h53.27.681,VisualArraysMentalRotation_v4,2021.1.4,MacIntel,30.03003003,679054f2072d526265aabff2,67906b50b89897bbce1ed433,,,,,,,,,,,,,,,,,,,,,,,,,,,,,,"[-45,90,90,90,-45]","[45,90,-45,-45,-45]",0.25,PracRed_1,"[0,90,90,90,-45]","[45,90,-45,-45,-45]",6,1,0.9543,0,11,11,4,1,RED,3,Different,6,1,,,,,,,,,,,,,,,,,,
,,,,,,,,,,,,,,,5a6e8532e6cc4a0001b6d728,2025-01-21_22h53.27.681,VisualArraysMentalRotation_v4,2021.1.4,MacIntel,30.03003003,679054f2072d526265aabff2,67906b50b89897bbce1ed433,,,,,,,,,,,,,,,,,,,,,,,,,,,,,,"[45,0,45,45,90]","[-45,0,90,0,-45]",0.25,PracBlue_3,"[45,0,45,45,90]","[-45,0,90,0,-45]",6,0,1.5589,0,12,12,10,1,BLUE,5,Same,5,1,,,,,,,,,,,,,,,,,,
,,,,,,,,,,,,,,,5a6e8532e6cc4a0001b6d728,2025-01-21_22h53.27.681,VisualArraysMentalRotation_v4,2021.1.4,MacIntel,30.03003003,679054f2072d526265aabff2,67906b50b89897bbce1ed433,,,,,,,,,,,,,,,,,,,,,,,,,,,,,,"[0,90,90,90,0]","[90,-45,45,0,90]",0.25,PracBlue_2,"[0,90,90,90,0]","[90,45,45,0,90]",5,0,2.0111,0,13,13,14,1,BLUE,5,Different,6,1,,,,,,,,,,,,,,,,,,
,,,,,,,,,,,,,,,5a6e8532e6cc4a0001b6d728,2025-01-21_22h53.27.681,VisualArraysMentalRotation_v4,2021.1.4,MacIntel,30.03003003,679054f2072d526265aabff2,67906b50b89897bbce1ed433,,,,,,,,,,,,,,,,,,,,,,,,,,,,,,"[45,-45,0,90,45]","[90,0,0,0,-45]",0.25,PracBlue_2,"[45,-45,0,90,45]","[90,0,0,0,-45]",6,0,1.2302,0,14,14,9,1,BLUE,3,Same,5,3,,,,,,,,,,,,,,,,,,
,,,,,,,,,,,,,,,5a6e8532e6cc4a0001b6d728,2025-01-21_22h53.27.681,VisualArraysMentalRotation_v4,2021.1.4,MacIntel,30.03003003,679054f2072d526265aabff2,67906b50b89897bbce1ed433,,,,,,,,,,,,,,,,,,,,,,,,,,,,,,"[-45,-45,-45,0,-45]","[0,0,0,-45,0]",0.25,PracRed_3,"[-45,-45,90,0,-45]","[0,0,0,-45,0]",6,1,1.576,0,15,15,5,1,RED,3,Different,6,3,,,,,,,,,,,,,,,,,,
,,,,,,,,,,,,,,,5a6e8532e6cc4a0001b6d728,2025-01-21_22h53.27.681,VisualArraysMentalRotation_v4,2021.1.4,MacIntel,30.03003003,679054f2072d526265aabff2,67906b50b89897bbce1ed433,,,,,,,,,,,,,,,,,,,,,,,,,,,,,,,,,,,,,,,,,,,,,,,,,1,0,1,0,1,,,,,,,,,,,,,
,,,,,,,,,,,,,,,5a6e8532e6cc4a0001b6d728,2025-01-21_22h53.27.681,VisualArraysMentalRotation_v4,2021.1.4,MacIntel,30.03003003,679054f2072d526265aabff2,67906b50b89897bbce1ed433,,,,,,,,,,,,,,,,,,,,,,,,,,,,,,"[45,-45,-45,-45,0]","[90,0,45,0,45]",,Red_2,"[45,0,-45,-45,0]","[90,0,45,0,45]",,,,,,,,,RED,3,Different,6,3,,,,,,5,0,2.3048,0,0,0,5,1,,,,,
,,,,,,,,,,,,,,,5a6e8532e6cc4a0001b6d728,2025-01-21_22h53.27.681,VisualArraysMentalRotation_v4,2021.1.4,MacIntel,30.03003003,679054f2072d526265aabff2,67906b50b89897bbce1ed433,,,,,,,,,,,,,,,,,,,,,,,,,,,,,,"[90,45,-45,45,0]","[0,90,0,45,0]",,Blue_4,"[90,45,-45,45,0]","[0,90,0,90,0]",,,,,,,,,BLUE,5,Different,6,1,,,,,,5,0,1.1119,0,1,1,14,1,,,,,
,,,,,,,,,,,,,,,5a6e8532e6cc4a0001b6d728,2025-01-21_22h53.27.681,VisualArraysMentalRotation_v4,2021.1.4,MacIntel,30.03003003,679054f2072d526265aabff2,67906b50b89897bbce1ed433,,,,,,,,,,,,,,,,,,,,,,,,,,,,,,"[90,-45,0,0,0]","[0,-45,90,90,0]",,Blue_5,"[90,-45,0,0,0]","[0,-45,90,90,0]",,,,,,,,,BLUE,5,Same,5,3,,,,,,6,0,2.125,0,2,2,11,1,,,,,
,,,,,,,,,,,,,,,5a6e8532e6cc4a0001b6d728,2025-01-21_22h53.27.681,VisualArraysMentalRotation_v4,2021.1.4,MacIntel,30.03003003,679054f2072d526265aabff2,67906b50b89897bbce1ed433,,,,,,,,,,,,,,,,,,,,,,,,,,,,,,"[-45,0,0,45,90]","[90,-45,0,45,45]",,Red_2,"[-45,45,0,45,90]","[90,-45,0,45,45]",,,,,,,,,RED,3,Different,6,1,,,,,,6,1,1.0841,0,3,3,4,1,,,,,
,,,,,,,,,,,,,,,5a6e8532e6cc4a0001b6d728,2025-01-21_22h53.27.681,VisualArraysMentalRotation_v4,2021.1.4,MacIntel,30.03003003,679054f2072d526265aabff2,67906b50b89897bbce1ed433,,,,,,,,,,,,,,,,,,,,,,,,,,,,,,"[0,45,-45,45,45]","[45,0,0,45,45]",,Red_1,"[0,45,-45,45,45]","[45,0,0,45,45]",,,,,,,,,RED,5,Same,5,3,,,,,,6,0,1.1762,0,4,4,3,1,,,,,
,,,,,,,,,,,,,,,5a6e8532e6cc4a0001b6d728,2025-01-21_22h53.27.681,VisualArraysMentalRotation_v4,2021.1.4,MacIntel,30.03003003,679054f2072d526265aabff2,67906b50b89897bbce1ed433,,,,,,,,,,,,,,,,,,,,,,,,,,,,,,"[-45,-45,90,0,45]","[90,-45,0,90,45]",,Red_2,"[-45,-45,90,0,45]","[90,-45,0,90,45]",,,,,,,,,RED,3,Same,5,1,,,,,,5,1,1.1003,0,5,5,0,1,,,,,
,,,,,,,,,,,,,,,5a6e8532e6cc4a0001b6d728,2025-01-21_22h53.27.681,VisualArraysMentalRotation_v4,2021.1.4,MacIntel,30.03003003,679054f2072d526265aabff2,67906b50b89897bbce1ed433,,,,,,,,,,,,,,,,,,,,,,,,,,,,,,"[45,45,90,-45,45]","[90,45,-45,0,0]",,Blue_2,"[45,45,90,-45,45]","[90,0,-45,0,0]",,,,,,,,,BLUE,3,Different,6,3,,,,,,6,1,1.013,0,6,6,13,1,,,,,
,,,,,,,,,,,,,,,5a6e8532e6cc4a0001b6d728,2025-01-21_22h53.27.681,VisualArraysMentalRotation_v4,2021.1.4,MacIntel,30.03003003,679054f2072d526265aabff2,67906b50b89897bbce1ed433,,,,,,,,,,,,,,,,,,,,,,,,,,,,,,"[0,90,-45,-45,0]","[0,90,90,0,0]",,Red_5,"[0,90,-45,-45,0]","[0,90,90,0,0]",,,,,,,,,RED,5,Same,5,1,,,,,,6,0,1.4724,0,7,7,2,1,,,,,
,,,,,,,,,,,,,,,5a6e8532e6cc4a0001b6d728,2025-01-21_22h53.27.681,VisualArraysMentalRotation_v4,2021.1.4,MacIntel,30.03003003,679054f2072d526265aabff2,67906b50b89897bbce1ed433,,,,,,,,,,,,,,,,,,,,,,,,,,,,,,"[-45,90,-45,0,-45]","[-45,90,-45,90,0]",,Red_2,"[-45,0,-45,0,-45]","[-45,90,-45,90,0]",,,,,,,,,RED,5,Different,6,3,,,,,,6,1,3.2352,0,8,8,7,1,,,,,
,,,,,,,,,,,,,,,5a6e8532e6cc4a0001b6d728,2025-01-21_22h53.27.681,VisualArraysMentalRotation_v4,2021.1.4,MacIntel,30.03003003,679054f2072d526265aabff2,67906b50b89897bbce1ed433,,,,,,,,,,,,,,,,,,,,,,,,,,,,,,"[0,0,45,90,90]","[90,-45,45,0,90]",,Red_1,"[0,0,45,90,90]","[90,-45,45,0,90]",,,,,,,,,RED,3,Same,5,3,,,,,,5,1,1.5427,0,9,9,1,1,,,,,
,,,,,,,,,,,,,,,5a6e8532e6cc4a0001b6d728,2025-01-21_22h53.27.681,VisualArraysMentalRotation_v4,2021.1.4,MacIntel,30.03003003,679054f2072d526265aabff2,67906b50b89897bbce1ed433,,,,,,,,,,,,,,,,,,,,,,,,,,,,,,"[45,45,0,-45,-45]","[45,45,-45,90,-45]",,Red_5,"[45,45,0,-45,0]","[45,45,-45,90,-45]",,,,,,,,,RED,5,Different,6,1,,,,,,6,1,1.002,0,10,10,6,1,,,,,
,,,,,,,,,,,,,,,5a6e8532e6cc4a0001b6d728,2025-01-21_22h53.27.681,VisualArraysMentalRotation_v4,2021.1.4,MacIntel,30.03003003,679054f2072d526265aabff2,67906b50b89897bbce1ed433,,,,,,,,,,,,,,,,,,,,,,,,,,,,,,"[-45,-45,45,0,45]","[-45,-45,45,-45,-45]",,Blue_3,"[-45,-45,45,0,45]","[-45,-45,45,-45,-45]",,,,,,,,,BLUE,3,Same,5,3,,,,,,6,0,1.8953,0,11,11,9,1,,,,,
,,,,,,,,,,,,,,,5a6e8532e6cc4a0001b6d728,2025-01-21_22h53.27.681,VisualArraysMentalRotation_v4,2021.1.4,MacIntel,30.03003003,679054f2072d526265aabff2,67906b50b89897bbce1ed433,,,,,,,,,,,,,,,,,,,,,,,,,,,,,,"[-45,-45,45,90,0]","[0,0,0,90,90]",,Blue_4,"[-45,-45,45,90,0]","[0,0,0,90,90]",,,,,,,,,BLUE,5,Same,5,1,,,,,,5,1,1.7611,0,12,12,10,1,,,,,
,,,,,,,,,,,,,,,5a6e8532e6cc4a0001b6d728,2025-01-21_22h53.27.681,VisualArraysMentalRotation_v4,2021.1.4,MacIntel,30.03003003,679054f2072d526265aabff2,67906b50b89897bbce1ed433,,,,,,,,,,,,,,,,,,,,,,,,,,,,,,"[90,45,90,45,-45]","[90,0,-45,-45,45]",,Blue_2,"[90,45,90,45,-45]","[90,45,-45,-45,45]",,,,,,,,,BLUE,5,Different,6,3,,,,,,6,1,2.1433,0,13,13,15,1,,,,,
,,,,,,,,,,,,,,,5a6e8532e6cc4a0001b6d728,2025-01-21_22h53.27.681,VisualArraysMentalRotation_v4,2021.1.4,MacIntel,30.03003003,679054f2072d526265aabff2,67906b50b89897bbce1ed433,,,,,,,,,,,,,,,,,,,,,,,,,,,,,,"[90,-45,-45,-45,0]","[90,45,-45,45,0]",,Blue_1,"[90,-45,-45,-45,0]","[45,45,-45,45,0]",,,,,,,,,BLUE,3,Different,6,1,,,,,,5,0,1.0669,0,14,14,12,1,,,,,
,,,,,,,,,,,,,,,5a6e8532e6cc4a0001b6d728,2025-01-21_22h53.27.681,VisualArraysMentalRotation_v4,2021.1.4,MacIntel,30.03003003,679054f2072d526265aabff2,67906b50b89897bbce1ed433,,,,,,,,,,,,,,,,,,,,,,,,,,,,,,"[90,45,-45,90,-45]","[45,-45,45,90,0]",,Blue_1,"[90,45,-45,90,-45]","[45,-45,45,90,0]",,,,,,,,,BLUE,3,Same,5,1,,,,,,5,1,0.9386,0,15,15,8,1,,,,,
,,,,,,,,,,,,,,,5a6e8532e6cc4a0001b6d728,2025-01-21_22h53.27.681,VisualArraysMentalRotation_v4,2021.1.4,MacIntel,30.03003003,679054f2072d526265aabff2,67906b50b89897bbce1ed433,,,,,,,,,,,,,,,,,,,,,,,,,,,,,,"[45,0,45,45,-45]","[-45,90,-45,45,-45]",,Red_1,"[45,0,45,45,-45]","[-45,90,-45,45,-45]",,,,,,,,,RED,5,Same,5,3,,,,,,5,1,1.2536,1,0,16,3,1,,,,,
,,,,,,,,,,,,,,,5a6e8532e6cc4a0001b6d728,2025-01-21_22h53.27.681,VisualArraysMentalRotation_v4,2021.1.4,MacIntel,30.03003003,679054f2072d526265aabff2,67906b50b89897bbce1ed433,,,,,,,,,,,,,,,,,,,,,,,,,,,,,,"[-45,-45,0,45,-45]","[45,90,-45,90,45]",,Red_2,"[-45,0,0,45,-45]","[45,90,-45,90,45]",,,,,,,,,RED,3,Different,6,1,,,,,,5,0,2.0613,1,1,17,4,1,,,,,
,,,,,,,,,,,,,,,5a6e8532e6cc4a0001b6d728,2025-01-21_22h53.27.681,VisualArraysMentalRotation_v4,2021.1.4,MacIntel,30.03003003,679054f2072d526265aabff2,67906b50b89897bbce1ed433,,,,,,,,,,,,,,,,,,,,,,,,,,,,,,"[0,45,45,90,45]","[-45,0,45,-45,0]",,Blue_1,"[0,45,45,90,45]","[45,0,45,-45,0]",,,,,,,,,BLUE,5,Different,6,3,,,,,,6,1,0.8621,1,2,18,15,1,,,,,
,,,,,,,,,,,,,,,5a6e8532e6cc4a0001b6d728,2025-01-21_22h53.27.681,VisualArraysMentalRotation_v4,2021.1.4,MacIntel,30.03003003,679054f2072d526265aabff2,67906b50b89897bbce1ed433,,,,,,,,,,,,,,,,,,,,,,,,,,,,,,"[0,-45,-45,0,90]","[45,0,45,0,45]",,Blue_2,"[0,-45,-45,0,90]","[45,90,45,0,45]",,,,,,,,,BLUE,3,Different,6,1,,,,,,6,1,1.1122,1,3,19,12,1,,,,,
,,,,,,,,,,,,,,,5a6e8532e6cc4a0001b6d728,2025-01-21_22h53.27.681,VisualArraysMentalRotation_v4,2021.1.4,MacIntel,30.03003003,679054f2072d526265aabff2,67906b50b89897bbce1ed433,,,,,,,,,,,,,,,,,,,,,,,,,,,,,,"[45,-45,90,-45,-45]","[45,90,90,0,0]",,Red_3,"[45,-45,90,-45,-45]","[45,90,90,0,0]",,,,,,,,,RED,3,Same,5,3,,,,,,5,1,1.9493,1,4,20,1,1,,,,,
,,,,,,,,,,,,,,,5a6e8532e6cc4a0001b6d728,2025-01-21_22h53.27.681,VisualArraysMentalRotation_v4,2021.1.4,MacIntel,30.03003003,679054f2072d526265aabff2,67906b50b89897bbce1ed433,,,,,,,,,,,,,,,,,,,,,,,,,,,,,,"[45,-45,90,45,-45]","[-45,-45,0,90,0]",,Blue_3,"[45,-45,90,45,-45]","[-45,-45,0,90,0]",,,,,,,,,BLUE,5,Same,5,3,,,,,,6,0,0.9501,1,5,21,11,1,,,,,
,,,,,,,,,,,,,,,5a6e8532e6cc4a0001b6d728,2025-01-21_22h53.27.681,VisualArraysMentalRotation_v4,2021.1.4,MacIntel,30.03003003,679054f2072d526265aabff2,67906b50b89897bbce1ed433,,,,,,,,,,,,,,,,,,,,,,,,,,,,,,"[-45,0,-45,90,90]","[90,0,90,-45,45]",,Blue_5,"[-45,0,-45,90,90]","[90,0,90,-45,45]",,,,,,,,,BLUE,5,Same,5,1,,,,,,5,1,0.8832,1,6,22,10,1,,,,,
,,,,,,,,,,,,,,,5a6e8532e6cc4a0001b6d728,2025-01-21_22h53.27.681,VisualArraysMentalRotation_v4,2021.1.4,MacIntel,30.03003003,679054f2072d526265aabff2,67906b50b89897bbce1ed433,,,,,,,,,,,,,,,,,,,,,,,,,,,,,,"[45,0,-45,-45,45]","[90,45,-45,90,0]",,Red_2,"[45,90,-45,-45,45]","[90,45,-45,90,0]",,,,,,,,,RED,5,Different,6,1,,,,,,6,1,1.9833,1,7,23,6,1,,,,,
,,,,,,,,,,,,,,,5a6e8532e6cc4a0001b6d728,2025-01-21_22h53.27.681,VisualArraysMentalRotation_v4,2021.1.4,MacIntel,30.03003003,679054f2072d526265aabff2,67906b50b89897bbce1ed433,,,,,,,,,,,,,,,,,,,,,,,,,,,,,,"[0,0,90,45,45]","[45,45,90,0,-45]",,Blue_2,"[0,0,90,45,45]","[45,45,90,0,-45]",,,,,,,,,BLUE,3,Same,5,1,,,,,,6,0,1.0502,1,8,24,8,1,,,,,
,,,,,,,,,,,,,,,5a6e8532e6cc4a0001b6d728,2025-01-21_22h53.27.681,VisualArraysMentalRotation_v4,2021.1.4,MacIntel,30.03003003,679054f2072d526265aabff2,67906b50b89897bbce1ed433,,,,,,,,,,,,,,,,,,,,,,,,,,,,,,"[45,0,90,-45,-45]","[45,45,45,45,45]",,Blue_2,"[45,0,90,-45,-45]","[45,45,45,45,45]",,,,,,,,,BLUE,3,Same,5,3,,,,,,5,1,0.5669,1,9,25,9,1,,,,,
,,,,,,,,,,,,,,,5a6e8532e6cc4a0001b6d728,2025-01-21_22h53.27.681,VisualArraysMentalRotation_v4,2021.1.4,MacIntel,30.03003003,679054f2072d526265aabff2,67906b50b89897bbce1ed433,,,,,,,,,,,,,,,,,,,,,,,,,,,,,,"[90,90,90,0,45]","[90,0,-45,90,0]",,Red_4,"[90,90,90,45,45]","[90,0,-45,90,0]",,,,,,,,,RED,5,Different,6,3,,,,,,6,1,1.0043,1,10,26,7,1,,,,,
,,,,,,,,,,,,,,,5a6e8532e6cc4a0001b6d728,2025-01-21_22h53.27.681,VisualArraysMentalRotation_v4,2021.1.4,MacIntel,30.03003003,679054f2072d526265aabff2,67906b50b89897bbce1ed433,,,,,,,,,,,,,,,,,,,,,,,,,,,,,,"[90,0,0,0,-45]","[-45,45,-45,90,45]",,Red_2,"[90,90,0,0,-45]","[-45,45,-45,90,45]",,,,,,,,,RED,3,Different,6,3,,,,,,6,1,1.3492,1,11,27,5,1,,,,,
,,,,,,,,,,,,,,,5a6e8532e6cc4a0001b6d728,2025-01-21_22h53.27.681,VisualArraysMentalRotation_v4,2021.1.4,MacIntel,30.03003003,679054f2072d526265aabff2,67906b50b89897bbce1ed433,,,,,,,,,,,,,,,,,,,,,,,,,,,,,,"[0,90,0,90,90]","[0,90,-45,-45,90]",,Red_5,"[0,90,0,90,90]","[0,90,-45,-45,90]",,,,,,,,,RED,5,Same,5,1,,,,,,5,1,1.1337,1,12,28,2,1,,,,,
,,,,,,,,,,,,,,,5a6e8532e6cc4a0001b6d728,2025-01-21_22h53.27.681,VisualArraysMentalRotation_v4,2021.1.4,MacIntel,30.03003003,679054f2072d526265aabff2,67906b50b89897bbce1ed433,,,,,,,,,,,,,,,,,,,,,,,,,,,,,,"[-45,-45,90,90,90]","[-45,-45,90,45,0]",,Blue_4,"[-45,-45,90,90,90]","[-45,-45,90,0,0]",,,,,,,,,BLUE,5,Different,6,1,,,,,,6,1,1.0332,1,13,29,14,1,,,,,
,,,,,,,,,,,,,,,5a6e8532e6cc4a0001b6d728,2025-01-21_22h53.27.681,VisualArraysMentalRotation_v4,2021.1.4,MacIntel,30.03003003,679054f2072d526265aabff2,67906b50b89897bbce1ed433,,,,,,,,,,,,,,,,,,,,,,,,,,,,,,"[90,-45,45,0,45]","[-45,-45,0,0,90]",,Blue_3,"[90,-45,45,0,45]","[-45,-45,45,0,90]",,,,,,,,,BLUE,3,Different,6,3,,,,,,6,1,0.9059,1,14,30,13,1,,,,,
,,,,,,,,,,,,,,,5a6e8532e6cc4a0001b6d728,2025-01-21_22h53.27.681,VisualArraysMentalRotation_v4,2021.1.4,MacIntel,30.03003003,679054f2072d526265aabff2,67906b50b89897bbce1ed433,,,,,,,,,,,,,,,,,,,,,,,,,,,,,,"[-45,45,45,-45,90]","[-45,0,90,45,0]",,Red_1,"[-45,45,45,-45,90]","[-45,0,90,45,0]",,,,,,,,,RED,3,Same,5,1,,,,,,6,0,1.2181,1,15,31,0,1,,,,,
,,,,,,,,,,,,,,,5a6e8532e6cc4a0001b6d728,2025-01-21_22h53.27.681,VisualArraysMentalRotation_v4,2021.1.4,MacIntel,30.03003003,679054f2072d526265aabff2,67906b50b89897bbce1ed433,,,,,,,,,,,,,,,,,,,,,,,,,,,,,,"[90,90,45,0,0]","[90,-45,90,45,90]",,Red_3,"[90,90,-45,0,0]","[90,-45,90,45,90]",,,,,,,,,RED,3,Different,6,3,,,,,,5,0,0.9,2,0,32,5,1,,,,,
,,,,,,,,,,,,,,,5a6e8532e6cc4a0001b6d728,2025-01-21_22h53.27.681,VisualArraysMentalRotation_v4,2021.1.4,MacIntel,30.03003003,679054f2072d526265aabff2,67906b50b89897bbce1ed433,,,,,,,,,,,,,,,,,,,,,,,,,,,,,,"[-45,0,45,45,45]","[0,90,0,90,45]",,Red_4,"[-45,0,45,0,45]","[0,90,0,90,45]",,,,,,,,,RED,5,Different,6,3,,,,,,5,0,1.1336,2,1,33,7,1,,,,,
,,,,,,,,,,,,,,,5a6e8532e6cc4a0001b6d728,2025-01-21_22h53.27.681,VisualArraysMentalRotation_v4,2021.1.4,MacIntel,30.03003003,679054f2072d526265aabff2,67906b50b89897bbce1ed433,,,,,,,,,,,,,,,,,,,,,,,,,,,,,,"[0,90,90,-45,-45]","[0,45,0,0,-45]",,Blue_3,"[0,90,90,-45,-45]","[0,45,0,0,-45]",,,,,,,,,BLUE,3,Same,5,1,,,,,,6,0,1.5669,2,2,34,8,1,,,,,
,,,,,,,,,,,,,,,5a6e8532e6cc4a0001b6d728,2025-01-21_22h53.27.681,VisualArraysMentalRotation_v4,2021.1.4,MacIntel,30.03003003,679054f2072d526265aabff2,67906b50b89897bbce1ed433,,,,,,,,,,,,,,,,,,,,,,,,,,,,,,"[0,-45,90,90,0]","[-45,90,0,-45,45]",,Blue_2,"[0,-45,90,90,0]","[-45,45,0,-45,45]",,,,,,,,,BLUE,3,Different,6,1,,,,,,5,0,1.3851,2,3,35,12,1,,,,,
,,,,,,,,,,,,,,,5a6e8532e6cc4a0001b6d728,2025-01-21_22h53.27.681,VisualArraysMentalRotation_v4,2021.1.4,MacIntel,30.03003003,679054f2072d526265aabff2,67906b50b89897bbce1ed433,,,,,,,,,,,,,,,,,,,,,,,,,,,,,,"[-45,0,0,90,0]","[-45,0,-45,90,45]",,Blue_2,"[-45,0,0,90,0]","[-45,0,-45,90,45]",,,,,,,,,BLUE,5,Same,5,1,,,,,,6,0,1.1328,2,4,36,10,1,,,,,
,,,,,,,,,,,,,,,5a6e8532e6cc4a0001b6d728,2025-01-21_22h53.27.681,VisualArraysMentalRotation_v4,2021.1.4,MacIntel,30.03003003,679054f2072d526265aabff2,67906b50b89897bbce1ed433,,,,,,,,,,,,,,,,,,,,,,,,,,,,,,"[90,45,45,-45,-45]","[45,45,90,0,0]",,Red_3,"[90,45,45,-45,-45]","[45,45,90,0,0]",,,,,,,,,RED,3,Same,5,3,,,,,,5,1,0.8661,2,5,37,1,1,,,,,
,,,,,,,,,,,,,,,5a6e8532e6cc4a0001b6d728,2025-01-21_22h53.27.681,VisualArraysMentalRotation_v4,2021.1.4,MacIntel,30.03003003,679054f2072d526265aabff2,67906b50b89897bbce1ed433,,,,,,,,,,,,,,,,,,,,,,,,,,,,,,"[0,90,0,-45,45]","[0,45,-45,-45,-45]",,Blue_1,"[0,90,0,-45,45]","[90,45,-45,-45,-45]",,,,,,,,,BLUE,5,Different,6,3,,,,,,6,1,0.9837,2,6,38,15,1,,,,,
,,,,,,,,,,,,,,,5a6e8532e6cc4a0001b6d728,2025-01-21_22h53.27.681,VisualArraysMentalRotation_v4,2021.1.4,MacIntel,30.03003003,679054f2072d526265aabff2,67906b50b89897bbce1ed433,,,,,,,,,,,,,,,,,,,,,,,,,,,,,,"[0,-45,-45,0,90]","[90,-45,-45,-45,45]",,Red_2,"[0,0,-45,0,90]","[90,-45,-45,-45,45]",,,,,,,,,RED,3,Different,6,1,,,,,,6,1,1.5167,2,7,39,4,1,,,,,
,,,,,,,,,,,,,,,5a6e8532e6cc4a0001b6d728,2025-01-21_22h53.27.681,VisualArraysMentalRotation_v4,2021.1.4,MacIntel,30.03003003,679054f2072d526265aabff2,67906b50b89897bbce1ed433,,,,,,,,,,,,,,,,,,,,,,,,,,,,,,"[0,0,-45,-45,45]","[45,0,90,90,45]",,Blue_1,"[0,0,-45,-45,45]","[45,0,90,90,45]",,,,,,,,,BLUE,5,Same,5,3,,,,,,5,1,1.5904,2,8,40,11,1,,,,,
,,,,,,,,,,,,,,,5a6e8532e6cc4a0001b6d728,2025-01-21_22h53.27.681,VisualArraysMentalRotation_v4,2021.1.4,MacIntel,30.03003003,679054f2072d526265aabff2,67906b50b89897bbce1ed433,,,,,,,,,,,,,,,,,,,,,,,,,,,,,,"[-45,45,-45,-45,0]","[0,90,-45,90,-45]",,Blue_2,"[-45,45,-45,-45,0]","[0,45,-45,90,-45]",,,,,,,,,BLUE,5,Different,6,1,,,,,,6,1,1.017,2,9,41,14,1,,,,,
,,,,,,,,,,,,,,,5a6e8532e6cc4a0001b6d728,2025-01-21_22h53.27.681,VisualArraysMentalRotation_v4,2021.1.4,MacIntel,30.03003003,679054f2072d526265aabff2,67906b50b89897bbce1ed433,,,,,,,,,,,,,,,,,,,,,,,,,,,,,,"[45,0,-45,0,90]","[0,90,-45,-45,90]",,Red_1,"[45,0,-45,0,90]","[0,90,-45,-45,90]",,,,,,,,,RED,3,Same,5,1,,,,,,6,0,2.8174,2,10,42,0,1,,,,,
,,,,,,,,,,,,,,,5a6e8532e6cc4a0001b6d728,2025-01-21_22h53.27.681,VisualArraysMentalRotation_v4,2021.1.4,MacIntel,30.03003003,679054f2072d526265aabff2,67906b50b89897bbce1ed433,,,,,,,,,,,,,,,,,,,,,,,,,,,,,,"[45,90,45,0,-45]","[0,90,-45,45,0]",,Red_1,"[45,90,45,0,-45]","[0,90,-45,45,0]",,,,,,,,,RED,5,Same,5,3,,,,,,5,1,1.921,2,11,43,3,1,,,,,
,,,,,,,,,,,,,,,5a6e8532e6cc4a0001b6d728,2025-01-21_22h53.27.681,VisualArraysMentalRotation_v4,2021.1.4,MacIntel,30.03003003,679054f2072d526265aabff2,67906b50b89897bbce1ed433,,,,,,,,,,,,,,,,,,,,,,,,,,,,,,"[-45,90,90,0,-45]","[-45,-45,45,45,0]",,Blue_2,"[-45,90,90,0,-45]","[-45,-45,45,45,0]",,,,,,,,,BLUE,3,Same,5,3,,,,,,6,0,1.7154,2,12,44,9,1,,,,,
,,,,,,,,,,,,,,,5a6e8532e6cc4a0001b6d728,2025-01-21_22h53.27.681,VisualArraysMentalRotation_v4,2021.1.4,MacIntel,30.03003003,679054f2072d526265aabff2,67906b50b89897bbce1ed433,,,,,,,,,,,,,,,,,,,,,,,,,,,,,,"[-45,0,45,45,45]","[90,45,45,0,45]",,Red_3,"[-45,0,0,45,45]","[90,45,45,0,45]",,,,,,,,,RED,5,Different,6,1,,,,,,5,0,1.0678,2,13,45,6,1,,,,,
,,,,,,,,,,,,,,,5a6e8532e6cc4a0001b6d728,2025-01-21_22h53.27.681,VisualArraysMentalRotation_v4,2021.1.4,MacIntel,30.03003003,679054f2072d526265aabff2,67906b50b89897bbce1ed433,,,,,,,,,,,,,,,,,,,,,,,,,,,,,,"[90,45,-45,0,45]","[0,0,0,-45,90]",,Blue_1,"[90,45,-45,0,45]","[90,0,0,-45,90]",,,,,,,,,BLUE,3,Different,6,3,,,,,,6,1,1.3534,2,14,46,13,1,,,,,
,,,,,,,,,,,,,,,5a6e8532e6cc4a0001b6d728,2025-01-21_22h53.27.681,VisualArraysMentalRotation_v4,2021.1.4,MacIntel,30.03003003,679054f2072d526265aabff2,67906b50b89897bbce1ed433,,,,,,,,,,,,,,,,,,,,,,,,,,,,,,"[90,0,90,-45,-45]","[45,0,45,-45,45]",,Red_4,"[90,0,90,-45,-45]","[45,0,45,-45,45]",,,,,,,,,RED,5,Same,5,1,,,,,,5,1,1.2162,2,15,47,2,1,,,,,
,,,,,,,,,,,,,,,5a6e8532e6cc4a0001b6d728,2025-01-21_22h53.27.681,VisualArraysMentalRotation_v4,2021.1.4,MacIntel,30.03003003,679054f2072d526265aabff2,67906b50b89897bbce1ed433,,,,,,,,,,,,,,,,,,,,,,,,,,,,,,"[90,45,90,45,45]","[90,0,90,90,45]",,Blue_1,"[90,45,90,45,45]","[90,0,90,90,45]",,,,,,,,,BLUE,3,Same,5,1,,,,,,5,1,1.4275,3,0,48,8,1,,,,,
,,,,,,,,,,,,,,,5a6e8532e6cc4a0001b6d728,2025-01-21_22h53.27.681,VisualArraysMentalRotation_v4,2021.1.4,MacIntel,30.03003003,679054f2072d526265aabff2,67906b50b89897bbce1ed433,,,,,,,,,,,,,,,,,,,,,,,,,,,,,,"[90,45,90,45,-45]","[90,-45,-45,45,-45]",,Blue_2,"[90,45,90,45,-45]","[90,0,-45,45,-45]",,,,,,,,,BLUE,3,Different,6,1,,,,,,6,1,2.3691,3,1,49,12,1,,,,,
,,,,,,,,,,,,,,,5a6e8532e6cc4a0001b6d728,2025-01-21_22h53.27.681,VisualArraysMentalRotation_v4,2021.1.4,MacIntel,30.03003003,679054f2072d526265aabff2,67906b50b89897bbce1ed433,,,,,,,,,,,,,,,,,,,,,,,,,,,,,,"[0,-45,90,0,45]","[-45,45,-45,0,-45]",,Red_1,"[0,-45,90,0,45]","[-45,45,-45,0,-45]",,,,,,,,,RED,3,Same,5,1,,,,,,6,0,1.5686,3,2,50,0,1,,,,,
,,,,,,,,,,,,,,,5a6e8532e6cc4a0001b6d728,2025-01-21_22h53.27.681,VisualArraysMentalRotation_v4,2021.1.4,MacIntel,30.03003003,679054f2072d526265aabff2,67906b50b89897bbce1ed433,,,,,,,,,,,,,,,,,,,,,,,,,,,,,,"[45,0,90,45,-45]","[-45,-45,90,90,-45]",,Blue_4,"[45,0,90,45,-45]","[-45,-45,90,90,-45]",,,,,,,,,BLUE,5,Same,5,1,,,,,,5,1,1.3997,3,3,51,10,1,,,,,
,,,,,,,,,,,,,,,5a6e8532e6cc4a0001b6d728,2025-01-21_22h53.27.681,VisualArraysMentalRotation_v4,2021.1.4,MacIntel,30.03003003,679054f2072d526265aabff2,67906b50b89897bbce1ed433,,,,,,,,,,,,,,,,,,,,,,,,,,,,,,"[-45,-45,0,45,0]","[-45,0,0,0,45]",,Blue_3,"[-45,-45,0,45,0]","[-45,0,-45,0,45]",,,,,,,,,BLUE,3,Different,6,3,,,,,,5,0,0.9184,3,4,52,13,1,,,,,
,,,,,,,,,,,,,,,5a6e8532e6cc4a0001b6d728,2025-01-21_22h53.27.681,VisualArraysMentalRotation_v4,2021.1.4,MacIntel,30.03003003,679054f2072d526265aabff2,67906b50b89897bbce1ed433,,,,,,,,,,,,,,,,,,,,,,,,,,,,,,"[45,0,0,90,-45]","[0,90,45,-45,0]",,Red_5,"[45,0,0,90,-45]","[0,90,45,-45,0]",,,,,,,,,RED,5,Same,5,1,,,,,,6,0,1.63,3,5,53,2,1,,,,,
,,,,,,,,,,,,,,,5a6e8532e6cc4a0001b6d728,2025-01-21_22h53.27.681,VisualArraysMentalRotation_v4,2021.1.4,MacIntel,30.03003003,679054f2072d526265aabff2,67906b50b89897bbce1ed433,,,,,,,,,,,,,,,,,,,,,,,,,,,,,,"[0,-45,0,-45,0]","[45,-45,90,45,90]",,Red_5,"[0,-45,0,-45,90]","[45,-45,90,45,90]",,,,,,,,,RED,5,Different,6,1,,,,,,6,1,1.092,3,6,54,6,1,,,,,
,,,,,,,,,,,,,,,5a6e8532e6cc4a0001b6d728,2025-01-21_22h53.27.681,VisualArraysMentalRotation_v4,2021.1.4,MacIntel,30.03003003,679054f2072d526265aabff2,67906b50b89897bbce1ed433,,,,,,,,,,,,,,,,,,,,,,,,,,,,,,"[-45,90,0,45,0]","[-45,-45,-45,0,45]",,Blue_1,"[-45,90,0,45,0]","[-45,-45,-45,0,45]",,,,,,,,,BLUE,3,Same,5,3,,,,,,5,1,0.8878,3,7,55,9,1,,,,,
,,,,,,,,,,,,,,,5a6e8532e6cc4a0001b6d728,2025-01-21_22h53.27.681,VisualArraysMentalRotation_v4,2021.1.4,MacIntel,30.03003003,679054f2072d526265aabff2,67906b50b89897bbce1ed433,,,,,,,,,,,,,,,,,,,,,,,,,,,,,,"[0,0,90,0,0]","[90,-45,0,0,45]",,Blue_2,"[0,0,90,0,0]","[90,45,0,0,45]",,,,,,,,,BLUE,5,Different,6,1,,,,,,5,0,0.9504,3,8,56,14,1,,,,,
,,,,,,,,,,,,,,,5a6e8532e6cc4a0001b6d728,2025-01-21_22h53.27.681,VisualArraysMentalRotation_v4,2021.1.4,MacIntel,30.03003003,679054f2072d526265aabff2,67906b50b89897bbce1ed433,,,,,,,,,,,,,,,,,,,,,,,,,,,,,,"[0,45,-45,45,0]","[0,-45,0,90,-45]",,Blue_3,"[0,45,-45,45,0]","[0,-45,45,90,-45]",,,,,,,,,BLUE,5,Different,6,3,,,,,,5,0,0.7719,3,9,57,15,1,,,,,
,,,,,,,,,,,,,,,5a6e8532e6cc4a0001b6d728,2025-01-21_22h53.27.681,VisualArraysMentalRotation_v4,2021.1.4,MacIntel,30.03003003,679054f2072d526265aabff2,67906b50b89897bbce1ed433,,,,,,,,,,,,,,,,,,,,,,,,,,,,,,"[90,-45,90,90,-45]","[0,90,45,90,0]",,Red_2,"[90,90,90,90,-45]","[0,90,45,90,0]",,,,,,,,,RED,3,Different,6,1,,,,,,6,1,0.9496,3,10,58,4,1,,,,,
,,,,,,,,,,,,,,,5a6e8532e6cc4a0001b6d728,2025-01-21_22h53.27.681,VisualArraysMentalRotation_v4,2021.1.4,MacIntel,30.03003003,679054f2072d526265aabff2,67906b50b89897bbce1ed433,,,,,,,,,,,,,,,,,,,,,,,,,,,,,,"[0,0,90,45,90]","[0,90,90,0,90]",,Red_1,"[-45,0,90,45,90]","[0,90,90,0,90]",,,,,,,,,RED,5,Different,6,3,,,,,,5,0,0.9,3,11,59,7,1,,,,,
,,,,,,,,,,,,,,,5a6e8532e6cc4a0001b6d728,2025-01-21_22h53.27.681,VisualArraysMentalRotation_v4,2021.1.4,MacIntel,30.03003003,679054f2072d526265aabff2,67906b50b89897bbce1ed433,,,,,,,,,,,,,,,,,,,,,,,,,,,,,,"[45,45,0,0,45]","[-45,0,-45,45,-45]",,Red_1,"[45,45,0,0,45]","[-45,0,-45,45,-45]",,,,,,,,,RED,3,Same,5,3,,,,,,5,1,0.7527,3,12,60,1,1,,,,,
,,,,,,,,,,,,,,,5a6e8532e6cc4a0001b6d728,2025-01-21_22h53.27.681,VisualArraysMentalRotation_v4,2021.1.4,MacIntel,30.03003003,679054f2072d526265aabff2,67906b50b89897bbce1ed433,,,,,,,,,,,,,,,,,,,,,,,,,,,,,,"[45,-45,0,45,-45]","[-45,90,0,-45,90]",,Blue_4,"[45,-45,0,45,-45]","[-45,90,0,-45,90]",,,,,,,,,BLUE,5,Same,5,3,,,,,,6,0,0.8498,3,13,61,11,1,,,,,
,,,,,,,,,,,,,,,5a6e8532e6cc4a0001b6d728,2025-01-21_22h53.27.681,VisualArraysMentalRotation_v4,2021.1.4,MacIntel,30.03003003,679054f2072d526265aabff2,67906b50b89897bbce1ed433,,,,,,,,,,,,,,,,,,,,,,,,,,,,,,"[0,0,45,0,-45]","[0,45,0,-45,90]",,Red_3,"[0,0,0,0,-45]","[0,45,0,-45,90]",,,,,,,,,RED,3,Different,6,3,,,,,,5,0,2.1741,3,14,62,5,1,,,,,
,,,,,,,,,,,,,,,5a6e8532e6cc4a0001b6d728,2025-01-21_22h53.27.681,VisualArraysMentalRotation_v4,2021.1.4,MacIntel,30.03003003,679054f2072d526265aabff2,67906b50b89897bbce1ed433,,,,,,,,,,,,,,,,,,,,,,,,,,,,,,"[45,90,45,90,45]","[0,-45,45,0,45]",,Red_1,"[45,90,45,90,45]","[0,-45,45,0,45]",,,,,,,,,RED,5,Same,5,3,,,,,,5,1,1.5526,3,15,63,3,1,,,,,
,,,,,,,,,,,,,,,5a6e8532e6cc4a0001b6d728,2025-01-21_22h53.27.681,VisualArraysMentalRotation_v4,2021.1.4,MacIntel,30.03003003,679054f2072d526265aabff2,67906b50b89897bbce1ed433,,,,,,,,,,,,,,,,,,,,,,,,,,,,,,"[0,-45,0,90,45]","[45,-45,0,-45,-45]",,Red_5,"[0,-45,0,90,90]","[45,-45,0,-45,-45]",,,,,,,,,RED,5,Different,6,1,,,,,,6,1,0.8678,4,0,64,6,1,,,,,
,,,,,,,,,,,,,,,5a6e8532e6cc4a0001b6d728,2025-01-21_22h53.27.681,VisualArraysMentalRotation_v4,2021.1.4,MacIntel,30.03003003,679054f2072d526265aabff2,67906b50b89897bbce1ed433,,,,,,,,,,,,,,,,,,,,,,,,,,,,,,"[90,90,45,0,45]","[-45,45,45,0,90]",,Red_3,"[90,90,-45,0,45]","[-45,45,45,0,90]",,,,,,,,,RED,3,Different,6,3,,,,,,6,1,1.4965,4,1,65,5,1,,,,,
,,,,,,,,,,,,,,,5a6e8532e6cc4a0001b6d728,2025-01-21_22h53.27.681,VisualArraysMentalRotation_v4,2021.1.4,MacIntel,30.03003003,679054f2072d526265aabff2,67906b50b89897bbce1ed433,,,,,,,,,,,,,,,,,,,,,,,,,,,,,,"[90,45,45,45,90]","[-45,0,90,0,-45]",,Blue_1,"[90,45,45,45,90]","[90,0,90,0,-45]",,,,,,,,,BLUE,5,Different,6,1,,,,,,5,0,0.9036,4,2,66,14,1,,,,,
,,,,,,,,,,,,,,,5a6e8532e6cc4a0001b6d728,2025-01-21_22h53.27.681,VisualArraysMentalRotation_v4,2021.1.4,MacIntel,30.03003003,679054f2072d526265aabff2,67906b50b89897bbce1ed433,,,,,,,,,,,,,,,,,,,,,,,,,,,,,,"[90,90,90,0,90]","[-45,90,90,-45,0]",,Blue_3,"[90,90,90,0,90]","[-45,90,90,-45,0]",,,,,,,,,BLUE,5,Same,5,1,,,,,,5,1,0.8703,4,3,67,10,1,,,,,
,,,,,,,,,,,,,,,5a6e8532e6cc4a0001b6d728,2025-01-21_22h53.27.681,VisualArraysMentalRotation_v4,2021.1.4,MacIntel,30.03003003,679054f2072d526265aabff2,67906b50b89897bbce1ed433,,,,,,,,,,,,,,,,,,,,,,,,,,,,,,"[-45,90,-45,90,90]","[45,0,90,45,-45]",,Red_2,"[-45,-45,-45,90,90]","[45,0,90,45,-45]",,,,,,,,,RED,3,Different,6,1,,,,,,6,1,0.8704,4,4,68,4,1,,,,,
,,,,,,,,,,,,,,,5a6e8532e6cc4a0001b6d728,2025-01-21_22h53.27.681,VisualArraysMentalRotation_v4,2021.1.4,MacIntel,30.03003003,679054f2072d526265aabff2,67906b50b89897bbce1ed433,,,,,,,,,,,,,,,,,,,,,,,,,,,,,,"[0,45,45,-45,-45]","[45,0,90,0,-45]",,Blue_1,"[0,45,45,-45,-45]","[0,0,90,0,-45]",,,,,,,,,BLUE,3,Different,6,3,,,,,,6,1,0.8362,4,5,69,13,1,,,,,
,,,,,,,,,,,,,,,5a6e8532e6cc4a0001b6d728,2025-01-21_22h53.27.681,VisualArraysMentalRotation_v4,2021.1.4,MacIntel,30.03003003,679054f2072d526265aabff2,67906b50b89897bbce1ed433,,,,,,,,,,,,,,,,,,,,,,,,,,,,,,"[0,45,0,-45,0]","[45,0,0,-45,90]",,Blue_1,"[0,45,0,-45,0]","[45,0,0,-45,90]",,,,,,,,,BLUE,3,Same,5,3,,,,,,6,0,0.9277,4,6,70,9,1,,,,,
,,,,,,,,,,,,,,,5a6e8532e6cc4a0001b6d728,2025-01-21_22h53.27.681,VisualArraysMentalRotation_v4,2021.1.4,MacIntel,30.03003003,679054f2072d526265aabff2,67906b50b89897bbce1ed433,,,,,,,,,,,,,,,,,,,,,,,,,,,,,,"[0,90,45,45,45]","[-45,45,-45,90,45]",,Red_1,"[0,90,45,45,45]","[-45,45,-45,90,45]",,,,,,,,,RED,5,Same,5,1,,,,,,5,1,0.8365,4,7,71,2,1,,,,,
,,,,,,,,,,,,,,,5a6e8532e6cc4a0001b6d728,2025-01-21_22h53.27.681,VisualArraysMentalRotation_v4,2021.1.4,MacIntel,30.03003003,679054f2072d526265aabff2,67906b50b89897bbce1ed433,,,,,,,,,,,,,,,,,,,,,,,,,,,,,,"[0,0,-45,0,0]","[0,45,-45,-45,45]",,Blue_5,"[0,0,-45,0,0]","[0,45,-45,-45,45]",,,,,,,,,BLUE,5,Same,5,3,,,,,,5,1,1.2028,4,8,72,11,1,,,,,
,,,,,,,,,,,,,,,5a6e8532e6cc4a0001b6d728,2025-01-21_22h53.27.681,VisualArraysMentalRotation_v4,2021.1.4,MacIntel,30.03003003,679054f2072d526265aabff2,67906b50b89897bbce1ed433,,,,,,,,,,,,,,,,,,,,,,,,,,,,,,"[0,0,90,0,0]","[-45,0,-45,90,45]",,Red_4,"[0,0,90,0,0]","[-45,0,-45,90,45]",,,,,,,,,RED,5,Same,5,3,,,,,,5,1,0.9817,4,9,73,3,1,,,,,
,,,,,,,,,,,,,,,5a6e8532e6cc4a0001b6d728,2025-01-21_22h53.27.681,VisualArraysMentalRotation_v4,2021.1.4,MacIntel,30.03003003,679054f2072d526265aabff2,67906b50b89897bbce1ed433,,,,,,,,,,,,,,,,,,,,,,,,,,,,,,"[-45,0,90,0,90]","[90,45,0,-45,0]",,Red_3,"[-45,0,90,0,90]","[90,45,0,-45,0]",,,,,,,,,RED,3,Same,5,3,,,,,,6,0,1.3551,4,10,74,1,1,,,,,
,,,,,,,,,,,,,,,5a6e8532e6cc4a0001b6d728,2025-01-21_22h53.27.681,VisualArraysMentalRotation_v4,2021.1.4,MacIntel,30.03003003,679054f2072d526265aabff2,67906b50b89897bbce1ed433,,,,,,,,,,,,,,,,,,,,,,,,,,,,,,"[90,45,90,-45,0]","[-45,0,90,45,0]",,Red_4,"[90,45,90,0,0]","[-45,0,90,45,0]",,,,,,,,,RED,5,Different,6,3,,,,,,5,0,2.0177,4,11,75,7,1,,,,,
,,,,,,,,,,,,,,,5a6e8532e6cc4a0001b6d728,2025-01-21_22h53.27.681,VisualArraysMentalRotation_v4,2021.1.4,MacIntel,30.03003003,679054f2072d526265aabff2,67906b50b89897bbce1ed433,,,,,,,,,,,,,,,,,,,,,,,,,,,,,,"[0,-45,90,0,45]","[90,-45,45,45,90]",,Blue_1,"[0,-45,90,0,45]","[90,-45,45,45,90]",,,,,,,,,BLUE,3,Same,5,1,,,,,,5,1,1.3255,4,12,76,8,1,,,,,
,,,,,,,,,,,,,,,5a6e8532e6cc4a0001b6d728,2025-01-21_22h53.27.681,VisualArraysMentalRotation_v4,2021.1.4,MacIntel,30.03003003,679054f2072d526265aabff2,67906b50b89897bbce1ed433,,,,,,,,,,,,,,,,,,,,,,,,,,,,,,"[0,90,45,45,45]","[45,-45,-45,0,45]",,Blue_3,"[0,90,45,45,45]","[45,-45,0,0,45]",,,,,,,,,BLUE,3,Different,6,1,,,,,,5,0,1.0364,4,13,77,12,1,,,,,
,,,,,,,,,,,,,,,5a6e8532e6cc4a0001b6d728,2025-01-21_22h53.27.681,VisualArraysMentalRotation_v4,2021.1.4,MacIntel,30.03003003,679054f2072d526265aabff2,67906b50b89897bbce1ed433,,,,,,,,,,,,,,,,,,,,,,,,,,,,,,"[-45,90,90,0,90]","[90,-45,90,90,45]",,Blue_4,"[-45,90,90,0,90]","[90,-45,90,0,45]",,,,,,,,,BLUE,5,Different,6,3,,,,,,6,1,1.8408,4,14,78,15,1,,,,,
,,,,,,,,,,,,,,,5a6e8532e6cc4a0001b6d728,2025-01-21_22h53.27.681,VisualArraysMentalRotation_v4,2021.1.4,MacIntel,30.03003003,679054f2072d526265aabff2,67906b50b89897bbce1ed433,,,,,,,,,,,,,,,,,,,,,,,,,,,,,,"[0,90,90,-45,-45]","[45,-45,0,0,45]",,Red_1,"[0,90,90,-45,-45]","[45,-45,0,0,45]",,,,,,,,,RED,3,Same,5,1,,,,,,6,0,1.9534,4,15,79,0,1,,,,,
,,,,,,,,,,,,,,,5a6e8532e6cc4a0001b6d728,2025-01-21_22h53.27.681,VisualArraysMentalRotation_v4,2021.1.4,MacIntel,30.03003003,679054f2072d526265aabff2,67906b50b89897bbce1ed433,,,,,,,,,,,,,,,,,,,,,,,,,,,,,,"[0,45,-45,45,45]","[45,0,45,90,-45]",,Blue_1,"[0,45,-45,45,45]","[45,0,45,90,-45]",,,,,,,,,BLUE,3,Same,5,3,,,,,,5,1,1.6948,5,0,80,9,1,,,,,
,,,,,,,,,,,,,,,5a6e8532e6cc4a0001b6d728,2025-01-21_22h53.27.681,VisualArraysMentalRotation_v4,2021.1.4,MacIntel,30.03003003,679054f2072d526265aabff2,67906b50b89897bbce1ed433,,,,,,,,,,,,,,,,,,,,,,,,,,,,,,"[45,-45,-45,-45,90]","[-45,45,45,90,0]",,Red_1,"[45,-45,-45,-45,90]","[-45,45,45,90,0]",,,,,,,,,RED,5,Same,5,3,,,,,,5,1,1.0312,5,1,81,3,1,,,,,
,,,,,,,,,,,,,,,5a6e8532e6cc4a0001b6d728,2025-01-21_22h53.27.681,VisualArraysMentalRotation_v4,2021.1.4,MacIntel,30.03003003,679054f2072d526265aabff2,67906b50b89897bbce1ed433,,,,,,,,,,,,,,,,,,,,,,,,,,,,,,"[0,90,90,0,0]","[90,0,45,-45,-45]",,Red_3,"[0,90,90,0,0]","[90,0,45,-45,-45]",,,,,,,,,RED,3,Same,5,1,,,,,,5,1,1.2604,5,2,82,0,1,,,,,
,,,,,,,,,,,,,,,5a6e8532e6cc4a0001b6d728,2025-01-21_22h53.27.681,VisualArraysMentalRotation_v4,2021.1.4,MacIntel,30.03003003,679054f2072d526265aabff2,67906b50b89897bbce1ed433,,,,,,,,,,,,,,,,,,,,,,,,,,,,,,"[0,90,45,0,90]","[-45,90,-45,0,90]",,Red_4,"[0,90,45,45,90]","[-45,90,-45,0,90]",,,,,,,,,RED,5,Different,6,3,,,,,,5,0,0.9406,5,3,83,7,1,,,,,
,,,,,,,,,,,,,,,5a6e8532e6cc4a0001b6d728,2025-01-21_22h53.27.681,VisualArraysMentalRotation_v4,2021.1.4,MacIntel,30.03003003,679054f2072d526265aabff2,67906b50b89897bbce1ed433,,,,,,,,,,,,,,,,,,,,,,,,,,,,,,"[-45,90,0,0,0]","[45,45,-45,90,0]",,Red_4,"[-45,90,0,0,0]","[45,45,-45,90,0]",,,,,,,,,RED,5,Same,5,1,,,,,,5,1,1.0507,5,4,84,2,1,,,,,
,,,,,,,,,,,,,,,5a6e8532e6cc4a0001b6d728,2025-01-21_22h53.27.681,VisualArraysMentalRotation_v4,2021.1.4,MacIntel,30.03003003,679054f2072d526265aabff2,67906b50b89897bbce1ed433,,,,,,,,,,,,,,,,,,,,,,,,,,,,,,"[0,0,0,45,90]","[90,0,-45,0,45]",,Blue_4,"[0,0,0,45,90]","[90,0,-45,0,45]",,,,,,,,,BLUE,5,Same,5,1,,,,,,5,1,1.3047,5,5,85,10,1,,,,,
,,,,,,,,,,,,,,,5a6e8532e6cc4a0001b6d728,2025-01-21_22h53.27.681,VisualArraysMentalRotation_v4,2021.1.4,MacIntel,30.03003003,679054f2072d526265aabff2,67906b50b89897bbce1ed433,,,,,,,,,,,,,,,,,,,,,,,,,,,,,,"[90,45,-45,-45,45]","[-45,-45,-45,0,-45]",,Blue_4,"[90,45,-45,-45,45]","[-45,-45,-45,0,-45]",,,,,,,,,BLUE,5,Same,5,3,,,,,,5,1,1.0889,5,6,86,11,1,,,,,
,,,,,,,,,,,,,,,5a6e8532e6cc4a0001b6d728,2025-01-21_22h53.27.681,VisualArraysMentalRotation_v4,2021.1.4,MacIntel,30.03003003,679054f2072d526265aabff2,67906b50b89897bbce1ed433,,,,,,,,,,,,,,,,,,,,,,,,,,,,,,"[-45,0,90,90,90]","[90,90,-45,-45,45]",,Red_2,"[-45,0,90,90,90]","[90,90,-45,-45,45]",,,,,,,,,RED,3,Same,5,3,,,,,,6,0,1.7518,5,7,87,1,1,,,,,
,,,,,,,,,,,,,,,5a6e8532e6cc4a0001b6d728,2025-01-21_22h53.27.681,VisualArraysMentalRotation_v4,2021.1.4,MacIntel,30.03003003,679054f2072d526265aabff2,67906b50b89897bbce1ed433,,,,,,,,,,,,,,,,,,,,,,,,,,,,,,"[-45,90,45,45,90]","[45,45,0,0,0]",,Blue_1,"[-45,90,45,45,90]","[45,45,0,0,0]",,,,,,,,,BLUE,3,Same,5,1,,,,,,5,1,1.0337,5,8,88,8,1,,,,,
,,,,,,,,,,,,,,,5a6e8532e6cc4a0001b6d728,2025-01-21_22h53.27.681,VisualArraysMentalRotation_v4,2021.1.4,MacIntel,30.03003003,679054f2072d526265aabff2,67906b50b89897bbce1ed433,,,,,,,,,,,,,,,,,,,,,,,,,,,,,,"[0,-45,90,0,90]","[90,0,45,45,-45]",,Blue_3,"[0,-45,90,0,90]","[90,0,90,45,-45]",,,,,,,,,BLUE,3,Different,6,3,,,,,,6,1,0.7527,5,9,89,13,1,,,,,
,,,,,,,,,,,,,,,5a6e8532e6cc4a0001b6d728,2025-01-21_22h53.27.681,VisualArraysMentalRotation_v4,2021.1.4,MacIntel,30.03003003,679054f2072d526265aabff2,67906b50b89897bbce1ed433,,,,,,,,,,,,,,,,,,,,,,,,,,,,,,"[0,0,0,-45,-45]","[-45,-45,45,0,0]",,Red_1,"[45,0,0,-45,-45]","[-45,-45,45,0,0]",,,,,,,,,RED,3,Different,6,3,,,,,,6,1,1.5841,5,10,90,5,1,,,,,
,,,,,,,,,,,,,,,5a6e8532e6cc4a0001b6d728,2025-01-21_22h53.27.681,VisualArraysMentalRotation_v4,2021.1.4,MacIntel,30.03003003,679054f2072d526265aabff2,67906b50b89897bbce1ed433,,,,,,,,,,,,,,,,,,,,,,,,,,,,,,"[0,90,0,-45,0]","[0,0,-45,90,-45]",,Red_2,"[0,-45,0,-45,0]","[0,0,-45,90,-45]",,,,,,,,,RED,3,Different,6,1,,,,,,6,1,1.64,5,11,91,4,1,,,,,
,,,,,,,,,,,,,,,5a6e8532e6cc4a0001b6d728,2025-01-21_22h53.27.681,VisualArraysMentalRotation_v4,2021.1.4,MacIntel,30.03003003,679054f2072d526265aabff2,67906b50b89897bbce1ed433,,,,,,,,,,,,,,,,,,,,,,,,,,,,,,"[-45,45,45,90,45]","[45,90,90,0,45]",,Blue_5,"[-45,45,45,90,45]","[45,90,90,0,90]",,,,,,,,,BLUE,5,Different,6,1,,,,,,6,1,1.3876,5,12,92,14,1,,,,,
,,,,,,,,,,,,,,,5a6e8532e6cc4a0001b6d728,2025-01-21_22h53.27.681,VisualArraysMentalRotation_v4,2021.1.4,MacIntel,30.03003003,679054f2072d526265aabff2,67906b50b89897bbce1ed433,,,,,,,,,,,,,,,,,,,,,,,,,,,,,,"[0,-45,0,0,45]","[0,90,45,-45,0]",,Blue_1,"[0,-45,0,0,45]","[45,90,45,-45,0]",,,,,,,,,BLUE,3,Different,6,1,,,,,,5,0,0.838,5,13,93,12,1,,,,,
,,,,,,,,,,,,,,,5a6e8532e6cc4a0001b6d728,2025-01-21_22h53.27.681,VisualArraysMentalRotation_v4,2021.1.4,MacIntel,30.03003003,679054f2072d526265aabff2,67906b50b89897bbce1ed433,,,,,,,,,,,,,,,,,,,,,,,,,,,,,,"[0,0,-45,-45,90]","[-45,0,-45,45,0]",,Blue_5,"[0,0,-45,-45,90]","[-45,0,-45,45,90]",,,,,,,,,BLUE,5,Different,6,3,,,,,,5,0,0.8908,5,14,94,15,1,,,,,
,,,,,,,,,,,,,,,5a6e8532e6cc4a0001b6d728,2025-01-21_22h53.27.681,VisualArraysMentalRotation_v4,2021.1.4,MacIntel,30.03003003,679054f2072d526265aabff2,67906b50b89897bbce1ed433,,,,,,,,,,,,,,,,,,,,,,,,,,,,,,"[45,45,-45,0,45]","[-45,-45,0,45,-45]",,Red_2,"[45,90,-45,0,45]","[-45,-45,0,45,-45]",,,,,,,,,RED,5,Different,6,1,,,,,,6,1,1.6485,5,15,95,6,1,,,,,
,,,,,,,,,,,,,,,5a6e8532e6cc4a0001b6d728,2025-01-21_22h53.27.681,VisualArraysMentalRotation_v4,2021.1.4,MacIntel,30.03003003,679054f2072d526265aabff2,67906b50b89897bbce1ed433,,,,,,,,,,,,,,,,,,,,,,,,,,,,,,"[45,90,0,45,90]","[-45,90,45,90,90]",,Red_1,"[45,90,0,45,90]","[-45,90,45,90,90]",,,,,,,,,RED,5,Same,5,1,,,,,,5,1,1.4221,6,0,96,2,1,,,,,
,,,,,,,,,,,,,,,5a6e8532e6cc4a0001b6d728,2025-01-21_22h53.27.681,VisualArraysMentalRotation_v4,2021.1.4,MacIntel,30.03003003,679054f2072d526265aabff2,67906b50b89897bbce1ed433,,,,,,,,,,,,,,,,,,,,,,,,,,,,,,"[90,-45,90,0,90]","[0,0,45,45,90]",,Blue_3,"[90,-45,90,0,90]","[0,0,45,45,90]",,,,,,,,,BLUE,5,Same,5,1,,,,,,5,1,0.952,6,1,97,10,1,,,,,
,,,,,,,,,,,,,,,5a6e8532e6cc4a0001b6d728,2025-01-21_22h53.27.681,VisualArraysMentalRotation_v4,2021.1.4,MacIntel,30.03003003,679054f2072d526265aabff2,67906b50b89897bbce1ed433,,,,,,,,,,,,,,,,,,,,,,,,,,,,,,"[45,-45,90,0,90]","[0,45,90,90,0]",,Red_1,"[0,-45,90,0,90]","[0,45,90,90,0]",,,,,,,,,RED,3,Different,6,1,,,,,,5,0,1.3598,6,2,98,4,1,,,,,
,,,,,,,,,,,,,,,5a6e8532e6cc4a0001b6d728,2025-01-21_22h53.27.681,VisualArraysMentalRotation_v4,2021.1.4,MacIntel,30.03003003,679054f2072d526265aabff2,67906b50b89897bbce1ed433,,,,,,,,,,,,,,,,,,,,,,,,,,,,,,"[-45,90,-45,45,0]","[0,45,45,-45,0]",,Red_2,"[-45,90,-45,45,0]","[0,45,45,-45,0]",,,,,,,,,RED,3,Same,5,3,,,,,,5,1,1.5677,6,3,99,1,1,,,,,
,,,,,,,,,,,,,,,5a6e8532e6cc4a0001b6d728,2025-01-21_22h53.27.681,VisualArraysMentalRotation_v4,2021.1.4,MacIntel,30.03003003,679054f2072d526265aabff2,67906b50b89897bbce1ed433,,,,,,,,,,,,,,,,,,,,,,,,,,,,,,"[90,0,0,90,-45]","[0,45,0,90,0]",,Blue_3,"[90,0,0,90,-45]","[0,45,-45,90,0]",,,,,,,,,BLUE,3,Different,6,1,,,,,,5,0,0.8467,6,4,100,12,1,,,,,
,,,,,,,,,,,,,,,5a6e8532e6cc4a0001b6d728,2025-01-21_22h53.27.681,VisualArraysMentalRotation_v4,2021.1.4,MacIntel,30.03003003,679054f2072d526265aabff2,67906b50b89897bbce1ed433,,,,,,,,,,,,,,,,,,,,,,,,,,,,,,"[90,90,90,-45,45]","[45,-45,0,0,0]",,Red_1,"[0,90,90,-45,45]","[45,-45,0,0,0]",,,,,,,,,RED,3,Different,6,3,,,,,,6,1,0.8124,6,5,101,5,1,,,,,
,,,,,,,,,,,,,,,5a6e8532e6cc4a0001b6d728,2025-01-21_22h53.27.681,VisualArraysMentalRotation_v4,2021.1.4,MacIntel,30.03003003,679054f2072d526265aabff2,67906b50b89897bbce1ed433,,,,,,,,,,,,,,,,,,,,,,,,,,,,,,"[-45,45,0,0,-45]","[45,-45,-45,0,0]",,Blue_1,"[-45,45,0,0,-45]","[45,-45,-45,0,0]",,,,,,,,,BLUE,5,Same,5,3,,,,,,5,1,0.6953,6,6,102,11,1,,,,,
,,,,,,,,,,,,,,,5a6e8532e6cc4a0001b6d728,2025-01-21_22h53.27.681,VisualArraysMentalRotation_v4,2021.1.4,MacIntel,30.03003003,679054f2072d526265aabff2,67906b50b89897bbce1ed433,,,,,,,,,,,,,,,,,,,,,,,,,,,,,,"[90,-45,0,45,90]","[90,-45,90,0,45]",,Red_3,"[90,-45,0,45,90]","[90,-45,90,0,45]",,,,,,,,,RED,5,Same,5,3,,,,,,6,0,0.692,6,7,103,3,1,,,,,
,,,,,,,,,,,,,,,5a6e8532e6cc4a0001b6d728,2025-01-21_22h53.27.681,VisualArraysMentalRotation_v4,2021.1.4,MacIntel,30.03003003,679054f2072d526265aabff2,67906b50b89897bbce1ed433,,,,,,,,,,,,,,,,,,,,,,,,,,,,,,"[-45,45,90,90,90]","[90,45,45,45,-45]",,Red_3,"[-45,45,0,90,90]","[90,45,45,45,-45]",,,,,,,,,RED,5,Different,6,1,,,,,,5,0,0.7087,6,8,104,6,1,,,,,
,,,,,,,,,,,,,,,5a6e8532e6cc4a0001b6d728,2025-01-21_22h53.27.681,VisualArraysMentalRotation_v4,2021.1.4,MacIntel,30.03003003,679054f2072d526265aabff2,67906b50b89897bbce1ed433,,,,,,,,,,,,,,,,,,,,,,,,,,,,,,"[90,90,90,0,45]","[90,45,90,90,-45]",,Red_2,"[90,90,90,0,45]","[90,45,90,90,-45]",,,,,,,,,RED,3,Same,5,1,,,,,,5,1,0.841,6,9,105,0,1,,,,,
,,,,,,,,,,,,,,,5a6e8532e6cc4a0001b6d728,2025-01-21_22h53.27.681,VisualArraysMentalRotation_v4,2021.1.4,MacIntel,30.03003003,679054f2072d526265aabff2,67906b50b89897bbce1ed433,,,,,,,,,,,,,,,,,,,,,,,,,,,,,,"[0,45,45,90,-45]","[-45,0,-45,45,-45]",,Blue_1,"[0,45,45,90,-45]","[-45,0,-45,45,-45]",,,,,,,,,BLUE,3,Same,5,3,,,,,,6,0,0.8002,6,10,106,9,1,,,,,
,,,,,,,,,,,,,,,5a6e8532e6cc4a0001b6d728,2025-01-21_22h53.27.681,VisualArraysMentalRotation_v4,2021.1.4,MacIntel,30.03003003,679054f2072d526265aabff2,67906b50b89897bbce1ed433,,,,,,,,,,,,,,,,,,,,,,,,,,,,,,"[90,0,0,90,0]","[-45,0,45,0,0]",,Blue_3,"[90,0,0,90,0]","[-45,0,45,0,0]",,,,,,,,,BLUE,3,Same,5,1,,,,,,5,1,0.7107,6,11,107,8,1,,,,,
,,,,,,,,,,,,,,,5a6e8532e6cc4a0001b6d728,2025-01-21_22h53.27.681,VisualArraysMentalRotation_v4,2021.1.4,MacIntel,30.03003003,679054f2072d526265aabff2,67906b50b89897bbce1ed433,,,,,,,,,,,,,,,,,,,,,,,,,,,,,,"[0,0,-45,45,0]","[-45,90,45,-45,0]",,Blue_4,"[0,0,-45,45,0]","[-45,90,45,90,0]",,,,,,,,,BLUE,5,Different,6,1,,,,,,5,0,0.8449,6,12,108,14,1,,,,,
,,,,,,,,,,,,,,,5a6e8532e6cc4a0001b6d728,2025-01-21_22h53.27.681,VisualArraysMentalRotation_v4,2021.1.4,MacIntel,30.03003003,679054f2072d526265aabff2,67906b50b89897bbce1ed433,,,,,,,,,,,,,,,,,,,,,,,,,,,,,,"[45,0,-45,0,0]","[-45,-45,45,90,0]",,Blue_3,"[45,0,-45,0,0]","[-45,-45,90,90,0]",,,,,,,,,BLUE,3,Different,6,3,,,,,,5,0,0.4776,6,13,109,13,1,,,,,
,,,,,,,,,,,,,,,5a6e8532e6cc4a0001b6d728,2025-01-21_22h53.27.681,VisualArraysMentalRotation_v4,2021.1.4,MacIntel,30.03003003,679054f2072d526265aabff2,67906b50b89897bbce1ed433,,,,,,,,,,,,,,,,,,,,,,,,,,,,,,"[90,-45,-45,-45,-45]","[0,0,0,0,90]",,Red_3,"[90,-45,0,-45,-45]","[0,0,0,0,90]",,,,,,,,,RED,5,Different,6,3,,,,,,6,1,0.6834,6,14,110,7,1,,,,,
,,,,,,,,,,,,,,,5a6e8532e6cc4a0001b6d728,2025-01-21_22h53.27.681,VisualArraysMentalRotation_v4,2021.1.4,MacIntel,30.03003003,679054f2072d526265aabff2,67906b50b89897bbce1ed433,,,,,,,,,,,,,,,,,,,,,,,,,,,,,,"[90,90,90,0,45]","[45,-45,45,45,90]",,Blue_2,"[90,90,90,0,45]","[45,0,45,45,90]",,,,,,,,,BLUE,5,Different,6,3,,,,,,5,0,0.6621,6,15,111,15,1,,,,,
,,,,,,,,,,,,,,,5a6e8532e6cc4a0001b6d728,2025-01-21_22h53.27.681,VisualArraysMentalRotation_v4,2021.1.4,MacIntel,30.03003003,679054f2072d526265aabff2,67906b50b89897bbce1ed433,,,,,,,,,,,,,,,,,,,,,,,,,,,,,,,,,,,,,,,,,,,,,,,,,,,,,,,,,,,,,,0,0,0,0,1
,,,,,,,,,,,,,,,5a6e8532e6cc4a0001b6d728,2025-01-21_22h53.27.681,VisualArraysMentalRotation_v4,2021.1.4,MacIntel,30.03003003,679054f2072d526265aabff2,67906b50b89897bbce1ed433,,,,,,,,,,,,,,,,,,,,,,,0,1,1,1,1,1,0,,,,,,,,,,,,,,,,,,,,,,,,,,,,,,,,,,,,,
