TaskOrder,consent_final_key_resp.keys,consent_final_key_resp.rt,MRTPracResponse.keys,MRTPracResponse.corr,MRTPracResponse.rt,MRTPracticeTrials.thisRepN,MRTPracticeTrials.thisTrialN,MRTPracticeTrials.thisN,MRTPracticeTrials.thisIndex,MRTPracticeTrials.ran,PracStimulus,PracDegRotation,PracType,MRTPracCorrectAns,PROLIFIC_PID,date,expName,psychopyVersion,OS,frameRate,STUDY_ID,SESSION_ID,MRT_prac_blocks.thisRepN,MRT_prac_blocks.thisTrialN,MRT_prac_blocks.thisN,MRT_prac_blocks.thisIndex,MRT_prac_blocks.ran,MRTStimulus,MRTType,MRTDegRotation,MRTCorrectAns,MRTTestResponse.keys,MRTTestResponse.corr,MRTTestResponse.rt,MRTTestTrials.thisRepN,MRTTestTrials.thisTrialN,MRTTestTrials.thisN,MRTTestTrials.thisIndex,MRTTestTrials.ran,MRT_Task.thisRepN,MRT_Task.thisTrialN,MRT_Task.thisN,MRT_Task.thisIndex,MRT_Task.ran,TasksLoop.thisRepN,TasksLoop.thisTrialN,TasksLoop.thisN,TasksLoop.thisIndex,TasksLoop.ran,nRepsVA,nRepsMRT,Red Orientations,Blue Orientations,VA_array_dur,Target Rectangle,New Red Orientations,New Blue Orientations,VA_PracResponse.keys,VA_PracResponse.corr,VA_PracResponse.rt,PracTrials.thisRepN,PracTrials.thisTrialN,PracTrials.thisN,PracTrials.thisIndex,PracTrials.ran,VA_Target,VA_TargetNumber,VA_Orientation,VA_Answer,VA_DelayDur,VA_PracTrialsSpeed.thisRepN,VA_PracTrialsSpeed.thisTrialN,VA_PracTrialsSpeed.thisN,VA_PracTrialsSpeed.thisIndex,VA_PracTrialsSpeed.ran,VA_TestResponse.keys,VA_TestResponse.corr,VA_TestResponse.rt,VA_TestTrials.thisRepN,VA_TestTrials.thisTrialN,VA_TestTrials.thisN,VA_TestTrials.thisIndex,VA_TestTrials.ran,VA_Task.thisRepN,VA_Task.thisTrialN,VA_Task.thisN,VA_Task.thisIndex,VA_Task.ran
2,y,7.769,n,1,1.2188,0,0,0,1,1,PracticeStim/9_100_R.jpg,100,Different,n,666640831e2f8d963f8c528f,2025-01-22_02h41.48.695,VisualArraysMentalRotation_v4,2021.1.4,Win32,59.88023952,679054f2072d526265aabff2,67905ac76464654e6d4ddd1e,,,,,,,,,,,,,,,,,,,,,,,,,,,,,,,,,,,,,,,,,,,,,,,,,,,,,,,,,,,,,,,,,,
,,,n,0,0.8948,0,1,1,4,1,PracticeStim/25_150.jpg,150,Same,b,666640831e2f8d963f8c528f,2025-01-22_02h41.48.695,VisualArraysMentalRotation_v4,2021.1.4,Win32,59.88023952,679054f2072d526265aabff2,67905ac76464654e6d4ddd1e,,,,,,,,,,,,,,,,,,,,,,,,,,,,,,,,,,,,,,,,,,,,,,,,,,,,,,,,,,,,,,,,,,
,,,b,0,0.7072,0,2,2,9,1,PracticeStim/36_100_R.jpg,100,Different,n,666640831e2f8d963f8c528f,2025-01-22_02h41.48.695,VisualArraysMentalRotation_v4,2021.1.4,Win32,59.88023952,679054f2072d526265aabff2,67905ac76464654e6d4ddd1e,,,,,,,,,,,,,,,,,,,,,,,,,,,,,,,,,,,,,,,,,,,,,,,,,,,,,,,,,,,,,,,,,,
,,,b,0,0.8588,0,3,3,7,1,PracticeStim/31_50_R.jpg,50,Different,n,666640831e2f8d963f8c528f,2025-01-22_02h41.48.695,VisualArraysMentalRotation_v4,2021.1.4,Win32,59.88023952,679054f2072d526265aabff2,67905ac76464654e6d4ddd1e,,,,,,,,,,,,,,,,,,,,,,,,,,,,,,,,,,,,,,,,,,,,,,,,,,,,,,,,,,,,,,,,,,
,,,n,0,0.6349,0,4,4,2,1,PracticeStim/17_50.jpg,50,Same,b,666640831e2f8d963f8c528f,2025-01-22_02h41.48.695,VisualArraysMentalRotation_v4,2021.1.4,Win32,59.88023952,679054f2072d526265aabff2,67905ac76464654e6d4ddd1e,,,,,,,,,,,,,,,,,,,,,,,,,,,,,,,,,,,,,,,,,,,,,,,,,,,,,,,,,,,,,,,,,,
,,,n,1,0.6968,0,5,5,0,1,PracticeStim/7_100_R.jpg,100,Different,n,666640831e2f8d963f8c528f,2025-01-22_02h41.48.695,VisualArraysMentalRotation_v4,2021.1.4,Win32,59.88023952,679054f2072d526265aabff2,67905ac76464654e6d4ddd1e,,,,,,,,,,,,,,,,,,,,,,,,,,,,,,,,,,,,,,,,,,,,,,,,,,,,,,,,,,,,,,,,,,
,,,b,0,0.5609,0,6,6,6,1,PracticeStim/30_100_R.jpg,100,Different,n,666640831e2f8d963f8c528f,2025-01-22_02h41.48.695,VisualArraysMentalRotation_v4,2021.1.4,Win32,59.88023952,679054f2072d526265aabff2,67905ac76464654e6d4ddd1e,,,,,,,,,,,,,,,,,,,,,,,,,,,,,,,,,,,,,,,,,,,,,,,,,,,,,,,,,,,,,,,,,,
,,,b,0,0.5872,0,7,7,8,1,PracticeStim/33_50_R.jpg,50,Different,n,666640831e2f8d963f8c528f,2025-01-22_02h41.48.695,VisualArraysMentalRotation_v4,2021.1.4,Win32,59.88023952,679054f2072d526265aabff2,67905ac76464654e6d4ddd1e,,,,,,,,,,,,,,,,,,,,,,,,,,,,,,,,,,,,,,,,,,,,,,,,,,,,,,,,,,,,,,,,,,
,,,b,1,0.8018,0,8,8,10,1,PracticeStim/41_150.jpg,150,Same,b,666640831e2f8d963f8c528f,2025-01-22_02h41.48.695,VisualArraysMentalRotation_v4,2021.1.4,Win32,59.88023952,679054f2072d526265aabff2,67905ac76464654e6d4ddd1e,,,,,,,,,,,,,,,,,,,,,,,,,,,,,,,,,,,,,,,,,,,,,,,,,,,,,,,,,,,,,,,,,,
,,,b,1,0.8348,0,9,9,5,1,PracticeStim/26_150.jpg,150,Same,b,666640831e2f8d963f8c528f,2025-01-22_02h41.48.695,VisualArraysMentalRotation_v4,2021.1.4,Win32,59.88023952,679054f2072d526265aabff2,67905ac76464654e6d4ddd1e,,,,,,,,,,,,,,,,,,,,,,,,,,,,,,,,,,,,,,,,,,,,,,,,,,,,,,,,,,,,,,,,,,
,,,b,1,1.1185,0,10,10,3,1,PracticeStim/18_150.jpg,150,Same,b,666640831e2f8d963f8c528f,2025-01-22_02h41.48.695,VisualArraysMentalRotation_v4,2021.1.4,Win32,59.88023952,679054f2072d526265aabff2,67905ac76464654e6d4ddd1e,,,,,,,,,,,,,,,,,,,,,,,,,,,,,,,,,,,,,,,,,,,,,,,,,,,,,,,,,,,,,,,,,,
,,,n,0,0.802,0,11,11,11,1,PracticeStim/42_50.jpg,50,Same,b,666640831e2f8d963f8c528f,2025-01-22_02h41.48.695,VisualArraysMentalRotation_v4,2021.1.4,Win32,59.88023952,679054f2072d526265aabff2,67905ac76464654e6d4ddd1e,,,,,,,,,,,,,,,,,,,,,,,,,,,,,,,,,,,,,,,,,,,,,,,,,,,,,,,,,,,,,,,,,,
,,,,,,,,,,,,,,,666640831e2f8d963f8c528f,2025-01-22_02h41.48.695,VisualArraysMentalRotation_v4,2021.1.4,Win32,59.88023952,679054f2072d526265aabff2,67905ac76464654e6d4ddd1e,0,0,0,0,1,,,,,,,,,,,,,,,,,,,,,,,,,,,,,,,,,,,,,,,,,,,,,,,,,,,,,,,,,,,,,
,,,n,0,3.0806,0,0,0,5,1,PracticeStim/26_150.jpg,150,Same,b,666640831e2f8d963f8c528f,2025-01-22_02h41.48.695,VisualArraysMentalRotation_v4,2021.1.4,Win32,59.88023952,679054f2072d526265aabff2,67905ac76464654e6d4ddd1e,,,,,,,,,,,,,,,,,,,,,,,,,,,,,,,,,,,,,,,,,,,,,,,,,,,,,,,,,,,,,,,,,,
,,,b,0,2.4188,0,1,1,1,1,PracticeStim/9_100_R.jpg,100,Different,n,666640831e2f8d963f8c528f,2025-01-22_02h41.48.695,VisualArraysMentalRotation_v4,2021.1.4,Win32,59.88023952,679054f2072d526265aabff2,67905ac76464654e6d4ddd1e,,,,,,,,,,,,,,,,,,,,,,,,,,,,,,,,,,,,,,,,,,,,,,,,,,,,,,,,,,,,,,,,,,
,,,n,1,1.5912,0,2,2,0,1,PracticeStim/7_100_R.jpg,100,Different,n,666640831e2f8d963f8c528f,2025-01-22_02h41.48.695,VisualArraysMentalRotation_v4,2021.1.4,Win32,59.88023952,679054f2072d526265aabff2,67905ac76464654e6d4ddd1e,,,,,,,,,,,,,,,,,,,,,,,,,,,,,,,,,,,,,,,,,,,,,,,,,,,,,,,,,,,,,,,,,,
,,,b,0,2.2427,0,3,3,9,1,PracticeStim/36_100_R.jpg,100,Different,n,666640831e2f8d963f8c528f,2025-01-22_02h41.48.695,VisualArraysMentalRotation_v4,2021.1.4,Win32,59.88023952,679054f2072d526265aabff2,67905ac76464654e6d4ddd1e,,,,,,,,,,,,,,,,,,,,,,,,,,,,,,,,,,,,,,,,,,,,,,,,,,,,,,,,,,,,,,,,,,
,,,n,1,1.3425,0,4,4,7,1,PracticeStim/31_50_R.jpg,50,Different,n,666640831e2f8d963f8c528f,2025-01-22_02h41.48.695,VisualArraysMentalRotation_v4,2021.1.4,Win32,59.88023952,679054f2072d526265aabff2,67905ac76464654e6d4ddd1e,,,,,,,,,,,,,,,,,,,,,,,,,,,,,,,,,,,,,,,,,,,,,,,,,,,,,,,,,,,,,,,,,,
,,,b,1,1.2595,0,5,5,2,1,PracticeStim/17_50.jpg,50,Same,b,666640831e2f8d963f8c528f,2025-01-22_02h41.48.695,VisualArraysMentalRotation_v4,2021.1.4,Win32,59.88023952,679054f2072d526265aabff2,67905ac76464654e6d4ddd1e,,,,,,,,,,,,,,,,,,,,,,,,,,,,,,,,,,,,,,,,,,,,,,,,,,,,,,,,,,,,,,,,,,
,,,b,0,1.085,0,6,6,8,1,PracticeStim/33_50_R.jpg,50,Different,n,666640831e2f8d963f8c528f,2025-01-22_02h41.48.695,VisualArraysMentalRotation_v4,2021.1.4,Win32,59.88023952,679054f2072d526265aabff2,67905ac76464654e6d4ddd1e,,,,,,,,,,,,,,,,,,,,,,,,,,,,,,,,,,,,,,,,,,,,,,,,,,,,,,,,,,,,,,,,,,
,,,b,0,1.1861,0,7,7,6,1,PracticeStim/30_100_R.jpg,100,Different,n,666640831e2f8d963f8c528f,2025-01-22_02h41.48.695,VisualArraysMentalRotation_v4,2021.1.4,Win32,59.88023952,679054f2072d526265aabff2,67905ac76464654e6d4ddd1e,,,,,,,,,,,,,,,,,,,,,,,,,,,,,,,,,,,,,,,,,,,,,,,,,,,,,,,,,,,,,,,,,,
,,,n,0,1.5685,0,8,8,3,1,PracticeStim/18_150.jpg,150,Same,b,666640831e2f8d963f8c528f,2025-01-22_02h41.48.695,VisualArraysMentalRotation_v4,2021.1.4,Win32,59.88023952,679054f2072d526265aabff2,67905ac76464654e6d4ddd1e,,,,,,,,,,,,,,,,,,,,,,,,,,,,,,,,,,,,,,,,,,,,,,,,,,,,,,,,,,,,,,,,,,
,,,n,0,1.0576,0,9,9,11,1,PracticeStim/42_50.jpg,50,Same,b,666640831e2f8d963f8c528f,2025-01-22_02h41.48.695,VisualArraysMentalRotation_v4,2021.1.4,Win32,59.88023952,679054f2072d526265aabff2,67905ac76464654e6d4ddd1e,,,,,,,,,,,,,,,,,,,,,,,,,,,,,,,,,,,,,,,,,,,,,,,,,,,,,,,,,,,,,,,,,,
,,,b,1,1.0299,0,10,10,10,1,PracticeStim/41_150.jpg,150,Same,b,666640831e2f8d963f8c528f,2025-01-22_02h41.48.695,VisualArraysMentalRotation_v4,2021.1.4,Win32,59.88023952,679054f2072d526265aabff2,67905ac76464654e6d4ddd1e,,,,,,,,,,,,,,,,,,,,,,,,,,,,,,,,,,,,,,,,,,,,,,,,,,,,,,,,,,,,,,,,,,
,,,b,1,0.9185,0,11,11,4,1,PracticeStim/25_150.jpg,150,Same,b,666640831e2f8d963f8c528f,2025-01-22_02h41.48.695,VisualArraysMentalRotation_v4,2021.1.4,Win32,59.88023952,679054f2072d526265aabff2,67905ac76464654e6d4ddd1e,,,,,,,,,,,,,,,,,,,,,,,,,,,,,,,,,,,,,,,,,,,,,,,,,,,,,,,,,,,,,,,,,,
,,,,,,,,,,,,,,,666640831e2f8d963f8c528f,2025-01-22_02h41.48.695,VisualArraysMentalRotation_v4,2021.1.4,Win32,59.88023952,679054f2072d526265aabff2,67905ac76464654e6d4ddd1e,1,0,1,0,1,,,,,,,,,,,,,,,,,,,,,,,,,,,,,,,,,,,,,,,,,,,,,,,,,,,,,,,,,,,,,
,,,n,1,1.5028,0,0,0,0,1,PracticeStim/7_100_R.jpg,100,Different,n,666640831e2f8d963f8c528f,2025-01-22_02h41.48.695,VisualArraysMentalRotation_v4,2021.1.4,Win32,59.88023952,679054f2072d526265aabff2,67905ac76464654e6d4ddd1e,,,,,,,,,,,,,,,,,,,,,,,,,,,,,,,,,,,,,,,,,,,,,,,,,,,,,,,,,,,,,,,,,,
,,,b,0,1.0099,0,1,1,7,1,PracticeStim/31_50_R.jpg,50,Different,n,666640831e2f8d963f8c528f,2025-01-22_02h41.48.695,VisualArraysMentalRotation_v4,2021.1.4,Win32,59.88023952,679054f2072d526265aabff2,67905ac76464654e6d4ddd1e,,,,,,,,,,,,,,,,,,,,,,,,,,,,,,,,,,,,,,,,,,,,,,,,,,,,,,,,,,,,,,,,,,
,,,n,0,1.1175,0,2,2,11,1,PracticeStim/42_50.jpg,50,Same,b,666640831e2f8d963f8c528f,2025-01-22_02h41.48.695,VisualArraysMentalRotation_v4,2021.1.4,Win32,59.88023952,679054f2072d526265aabff2,67905ac76464654e6d4ddd1e,,,,,,,,,,,,,,,,,,,,,,,,,,,,,,,,,,,,,,,,,,,,,,,,,,,,,,,,,,,,,,,,,,
,,,n,1,1.5079,0,3,3,1,1,PracticeStim/9_100_R.jpg,100,Different,n,666640831e2f8d963f8c528f,2025-01-22_02h41.48.695,VisualArraysMentalRotation_v4,2021.1.4,Win32,59.88023952,679054f2072d526265aabff2,67905ac76464654e6d4ddd1e,,,,,,,,,,,,,,,,,,,,,,,,,,,,,,,,,,,,,,,,,,,,,,,,,,,,,,,,,,,,,,,,,,
,,,b,0,1.0712,0,4,4,8,1,PracticeStim/33_50_R.jpg,50,Different,n,666640831e2f8d963f8c528f,2025-01-22_02h41.48.695,VisualArraysMentalRotation_v4,2021.1.4,Win32,59.88023952,679054f2072d526265aabff2,67905ac76464654e6d4ddd1e,,,,,,,,,,,,,,,,,,,,,,,,,,,,,,,,,,,,,,,,,,,,,,,,,,,,,,,,,,,,,,,,,,
,,,n,0,1.4454,0,5,5,3,1,PracticeStim/18_150.jpg,150,Same,b,666640831e2f8d963f8c528f,2025-01-22_02h41.48.695,VisualArraysMentalRotation_v4,2021.1.4,Win32,59.88023952,679054f2072d526265aabff2,67905ac76464654e6d4ddd1e,,,,,,,,,,,,,,,,,,,,,,,,,,,,,,,,,,,,,,,,,,,,,,,,,,,,,,,,,,,,,,,,,,
,,,n,0,1.3528,0,6,6,4,1,PracticeStim/25_150.jpg,150,Same,b,666640831e2f8d963f8c528f,2025-01-22_02h41.48.695,VisualArraysMentalRotation_v4,2021.1.4,Win32,59.88023952,679054f2072d526265aabff2,67905ac76464654e6d4ddd1e,,,,,,,,,,,,,,,,,,,,,,,,,,,,,,,,,,,,,,,,,,,,,,,,,,,,,,,,,,,,,,,,,,
,,,b,1,1.6888,0,7,7,2,1,PracticeStim/17_50.jpg,50,Same,b,666640831e2f8d963f8c528f,2025-01-22_02h41.48.695,VisualArraysMentalRotation_v4,2021.1.4,Win32,59.88023952,679054f2072d526265aabff2,67905ac76464654e6d4ddd1e,,,,,,,,,,,,,,,,,,,,,,,,,,,,,,,,,,,,,,,,,,,,,,,,,,,,,,,,,,,,,,,,,,
,,,n,0,1.6326,0,8,8,10,1,PracticeStim/41_150.jpg,150,Same,b,666640831e2f8d963f8c528f,2025-01-22_02h41.48.695,VisualArraysMentalRotation_v4,2021.1.4,Win32,59.88023952,679054f2072d526265aabff2,67905ac76464654e6d4ddd1e,,,,,,,,,,,,,,,,,,,,,,,,,,,,,,,,,,,,,,,,,,,,,,,,,,,,,,,,,,,,,,,,,,
,,,n,1,1.1872,0,9,9,6,1,PracticeStim/30_100_R.jpg,100,Different,n,666640831e2f8d963f8c528f,2025-01-22_02h41.48.695,VisualArraysMentalRotation_v4,2021.1.4,Win32,59.88023952,679054f2072d526265aabff2,67905ac76464654e6d4ddd1e,,,,,,,,,,,,,,,,,,,,,,,,,,,,,,,,,,,,,,,,,,,,,,,,,,,,,,,,,,,,,,,,,,
,,,n,1,3.8622,0,10,10,9,1,PracticeStim/36_100_R.jpg,100,Different,n,666640831e2f8d963f8c528f,2025-01-22_02h41.48.695,VisualArraysMentalRotation_v4,2021.1.4,Win32,59.88023952,679054f2072d526265aabff2,67905ac76464654e6d4ddd1e,,,,,,,,,,,,,,,,,,,,,,,,,,,,,,,,,,,,,,,,,,,,,,,,,,,,,,,,,,,,,,,,,,
,,,n,0,1.2758,0,11,11,5,1,PracticeStim/26_150.jpg,150,Same,b,666640831e2f8d963f8c528f,2025-01-22_02h41.48.695,VisualArraysMentalRotation_v4,2021.1.4,Win32,59.88023952,679054f2072d526265aabff2,67905ac76464654e6d4ddd1e,,,,,,,,,,,,,,,,,,,,,,,,,,,,,,,,,,,,,,,,,,,,,,,,,,,,,,,,,,,,,,,,,,
,,,,,,,,,,,,,,,666640831e2f8d963f8c528f,2025-01-22_02h41.48.695,VisualArraysMentalRotation_v4,2021.1.4,Win32,59.88023952,679054f2072d526265aabff2,67905ac76464654e6d4ddd1e,2,0,2,0,1,,,,,,,,,,,,,,,,,,,,,,,,,,,,,,,,,,,,,,,,,,,,,,,,,,,,,,,,,,,,,
,,,n,1,2.4686,0,0,0,1,1,PracticeStim/9_100_R.jpg,100,Different,n,666640831e2f8d963f8c528f,2025-01-22_02h41.48.695,VisualArraysMentalRotation_v4,2021.1.4,Win32,59.88023952,679054f2072d526265aabff2,67905ac76464654e6d4ddd1e,,,,,,,,,,,,,,,,,,,,,,,,,,,,,,,,,,,,,,,,,,,,,,,,,,,,,,,,,,,,,,,,,,
,,,n,0,2.1519,0,1,1,3,1,PracticeStim/18_150.jpg,150,Same,b,666640831e2f8d963f8c528f,2025-01-22_02h41.48.695,VisualArraysMentalRotation_v4,2021.1.4,Win32,59.88023952,679054f2072d526265aabff2,67905ac76464654e6d4ddd1e,,,,,,,,,,,,,,,,,,,,,,,,,,,,,,,,,,,,,,,,,,,,,,,,,,,,,,,,,,,,,,,,,,
,,,n,1,5.4861,0,2,2,6,1,PracticeStim/30_100_R.jpg,100,Different,n,666640831e2f8d963f8c528f,2025-01-22_02h41.48.695,VisualArraysMentalRotation_v4,2021.1.4,Win32,59.88023952,679054f2072d526265aabff2,67905ac76464654e6d4ddd1e,,,,,,,,,,,,,,,,,,,,,,,,,,,,,,,,,,,,,,,,,,,,,,,,,,,,,,,,,,,,,,,,,,
,,,b,1,2.8065,0,3,3,10,1,PracticeStim/41_150.jpg,150,Same,b,666640831e2f8d963f8c528f,2025-01-22_02h41.48.695,VisualArraysMentalRotation_v4,2021.1.4,Win32,59.88023952,679054f2072d526265aabff2,67905ac76464654e6d4ddd1e,,,,,,,,,,,,,,,,,,,,,,,,,,,,,,,,,,,,,,,,,,,,,,,,,,,,,,,,,,,,,,,,,,
,,,b,1,2.436,0,4,4,2,1,PracticeStim/17_50.jpg,50,Same,b,666640831e2f8d963f8c528f,2025-01-22_02h41.48.695,VisualArraysMentalRotation_v4,2021.1.4,Win32,59.88023952,679054f2072d526265aabff2,67905ac76464654e6d4ddd1e,,,,,,,,,,,,,,,,,,,,,,,,,,,,,,,,,,,,,,,,,,,,,,,,,,,,,,,,,,,,,,,,,,
,,,b,0,3.3186,0,5,5,0,1,PracticeStim/7_100_R.jpg,100,Different,n,666640831e2f8d963f8c528f,2025-01-22_02h41.48.695,VisualArraysMentalRotation_v4,2021.1.4,Win32,59.88023952,679054f2072d526265aabff2,67905ac76464654e6d4ddd1e,,,,,,,,,,,,,,,,,,,,,,,,,,,,,,,,,,,,,,,,,,,,,,,,,,,,,,,,,,,,,,,,,,
,,,n,1,6.0377,0,6,6,8,1,PracticeStim/33_50_R.jpg,50,Different,n,666640831e2f8d963f8c528f,2025-01-22_02h41.48.695,VisualArraysMentalRotation_v4,2021.1.4,Win32,59.88023952,679054f2072d526265aabff2,67905ac76464654e6d4ddd1e,,,,,,,,,,,,,,,,,,,,,,,,,,,,,,,,,,,,,,,,,,,,,,,,,,,,,,,,,,,,,,,,,,
,,,b,1,2.5075,0,7,7,5,1,PracticeStim/26_150.jpg,150,Same,b,666640831e2f8d963f8c528f,2025-01-22_02h41.48.695,VisualArraysMentalRotation_v4,2021.1.4,Win32,59.88023952,679054f2072d526265aabff2,67905ac76464654e6d4ddd1e,,,,,,,,,,,,,,,,,,,,,,,,,,,,,,,,,,,,,,,,,,,,,,,,,,,,,,,,,,,,,,,,,,
,,,n,1,5.3346,0,8,8,9,1,PracticeStim/36_100_R.jpg,100,Different,n,666640831e2f8d963f8c528f,2025-01-22_02h41.48.695,VisualArraysMentalRotation_v4,2021.1.4,Win32,59.88023952,679054f2072d526265aabff2,67905ac76464654e6d4ddd1e,,,,,,,,,,,,,,,,,,,,,,,,,,,,,,,,,,,,,,,,,,,,,,,,,,,,,,,,,,,,,,,,,,
,,,b,1,2.1193,0,9,9,11,1,PracticeStim/42_50.jpg,50,Same,b,666640831e2f8d963f8c528f,2025-01-22_02h41.48.695,VisualArraysMentalRotation_v4,2021.1.4,Win32,59.88023952,679054f2072d526265aabff2,67905ac76464654e6d4ddd1e,,,,,,,,,,,,,,,,,,,,,,,,,,,,,,,,,,,,,,,,,,,,,,,,,,,,,,,,,,,,,,,,,,
,,,n,1,2.1898,0,10,10,7,1,PracticeStim/31_50_R.jpg,50,Different,n,666640831e2f8d963f8c528f,2025-01-22_02h41.48.695,VisualArraysMentalRotation_v4,2021.1.4,Win32,59.88023952,679054f2072d526265aabff2,67905ac76464654e6d4ddd1e,,,,,,,,,,,,,,,,,,,,,,,,,,,,,,,,,,,,,,,,,,,,,,,,,,,,,,,,,,,,,,,,,,
,,,b,1,3.4691,0,11,11,4,1,PracticeStim/25_150.jpg,150,Same,b,666640831e2f8d963f8c528f,2025-01-22_02h41.48.695,VisualArraysMentalRotation_v4,2021.1.4,Win32,59.88023952,679054f2072d526265aabff2,67905ac76464654e6d4ddd1e,,,,,,,,,,,,,,,,,,,,,,,,,,,,,,,,,,,,,,,,,,,,,,,,,,,,,,,,,,,,,,,,,,
,,,,,,,,,,,,,,,666640831e2f8d963f8c528f,2025-01-22_02h41.48.695,VisualArraysMentalRotation_v4,2021.1.4,Win32,59.88023952,679054f2072d526265aabff2,67905ac76464654e6d4ddd1e,,,,,,Stimuli/32_0_R.jpg,Different,0,n,n,1,2.3517,0,0,0,0,1,,,,,,,,,,,,,,,,,,,,,,,,,,,,,,,,,,,,,,,,,,,,,,,,,
,,,,,,,,,,,,,,,666640831e2f8d963f8c528f,2025-01-22_02h41.48.695,VisualArraysMentalRotation_v4,2021.1.4,Win32,59.88023952,679054f2072d526265aabff2,67905ac76464654e6d4ddd1e,,,,,,Stimuli/32_100.jpg,Same,100,b,b,1,2.373,1,0,1,0,1,,,,,,,,,,,,,,,,,,,,,,,,,,,,,,,,,,,,,,,,,,,,,,,,,
,,,,,,,,,,,,,,,666640831e2f8d963f8c528f,2025-01-22_02h41.48.695,VisualArraysMentalRotation_v4,2021.1.4,Win32,59.88023952,679054f2072d526265aabff2,67905ac76464654e6d4ddd1e,,,,,,Stimuli/43_50_R.jpg,Different,50,n,n,1,3.0797,2,0,2,0,1,,,,,,,,,,,,,,,,,,,,,,,,,,,,,,,,,,,,,,,,,,,,,,,,,
,,,,,,,,,,,,,,,666640831e2f8d963f8c528f,2025-01-22_02h41.48.695,VisualArraysMentalRotation_v4,2021.1.4,Win32,59.88023952,679054f2072d526265aabff2,67905ac76464654e6d4ddd1e,,,,,,Stimuli/27_0.jpg,Same,0,b,b,1,1.175,3,0,3,0,1,,,,,,,,,,,,,,,,,,,,,,,,,,,,,,,,,,,,,,,,,,,,,,,,,
,,,,,,,,,,,,,,,666640831e2f8d963f8c528f,2025-01-22_02h41.48.695,VisualArraysMentalRotation_v4,2021.1.4,Win32,59.88023952,679054f2072d526265aabff2,67905ac76464654e6d4ddd1e,,,,,,Stimuli/40_100_R.jpg,Different,100,n,b,0,4.3689,4,0,4,0,1,,,,,,,,,,,,,,,,,,,,,,,,,,,,,,,,,,,,,,,,,,,,,,,,,
,,,,,,,,,,,,,,,666640831e2f8d963f8c528f,2025-01-22_02h41.48.695,VisualArraysMentalRotation_v4,2021.1.4,Win32,59.88023952,679054f2072d526265aabff2,67905ac76464654e6d4ddd1e,,,,,,Stimuli/3_0_R.jpg,Different,0,n,b,0,3.803,5,0,5,0,1,,,,,,,,,,,,,,,,,,,,,,,,,,,,,,,,,,,,,,,,,,,,,,,,,
,,,,,,,,,,,,,,,666640831e2f8d963f8c528f,2025-01-22_02h41.48.695,VisualArraysMentalRotation_v4,2021.1.4,Win32,59.88023952,679054f2072d526265aabff2,67905ac76464654e6d4ddd1e,,,,,,Stimuli/21_50_R.jpg,Different,50,n,b,0,1.586,6,0,6,0,1,,,,,,,,,,,,,,,,,,,,,,,,,,,,,,,,,,,,,,,,,,,,,,,,,
,,,,,,,,,,,,,,,666640831e2f8d963f8c528f,2025-01-22_02h41.48.695,VisualArraysMentalRotation_v4,2021.1.4,Win32,59.88023952,679054f2072d526265aabff2,67905ac76464654e6d4ddd1e,,,,,,Stimuli/28_0.jpg,Same,0,b,b,1,1.585,7,0,7,0,1,,,,,,,,,,,,,,,,,,,,,,,,,,,,,,,,,,,,,,,,,,,,,,,,,
,,,,,,,,,,,,,,,666640831e2f8d963f8c528f,2025-01-22_02h41.48.695,VisualArraysMentalRotation_v4,2021.1.4,Win32,59.88023952,679054f2072d526265aabff2,67905ac76464654e6d4ddd1e,,,,,,Stimuli/22_150_R.jpg,Different,150,n,n,1,5.8298,8,0,8,0,1,,,,,,,,,,,,,,,,,,,,,,,,,,,,,,,,,,,,,,,,,,,,,,,,,
,,,,,,,,,,,,,,,666640831e2f8d963f8c528f,2025-01-22_02h41.48.695,VisualArraysMentalRotation_v4,2021.1.4,Win32,59.88023952,679054f2072d526265aabff2,67905ac76464654e6d4ddd1e,,,,,,Stimuli/40_50.jpg,Same,50,b,b,1,2.0381,9,0,9,0,1,,,,,,,,,,,,,,,,,,,,,,,,,,,,,,,,,,,,,,,,,,,,,,,,,
,,,,,,,,,,,,,,,666640831e2f8d963f8c528f,2025-01-22_02h41.48.695,VisualArraysMentalRotation_v4,2021.1.4,Win32,59.88023952,679054f2072d526265aabff2,67905ac76464654e6d4ddd1e,,,,,,Stimuli/44_100_R.jpg,Different,100,n,n,1,4.0479,10,0,10,0,1,,,,,,,,,,,,,,,,,,,,,,,,,,,,,,,,,,,,,,,,,,,,,,,,,
,,,,,,,,,,,,,,,666640831e2f8d963f8c528f,2025-01-22_02h41.48.695,VisualArraysMentalRotation_v4,2021.1.4,Win32,59.88023952,679054f2072d526265aabff2,67905ac76464654e6d4ddd1e,,,,,,Stimuli/22_50_R.jpg,Different,50,n,b,0,5.5772,11,0,11,0,1,,,,,,,,,,,,,,,,,,,,,,,,,,,,,,,,,,,,,,,,,,,,,,,,,
,,,,,,,,,,,,,,,666640831e2f8d963f8c528f,2025-01-22_02h41.48.695,VisualArraysMentalRotation_v4,2021.1.4,Win32,59.88023952,679054f2072d526265aabff2,67905ac76464654e6d4ddd1e,,,,,,Stimuli/32_150.jpg,Same,150,b,n,0,4.1034,12,0,12,0,1,,,,,,,,,,,,,,,,,,,,,,,,,,,,,,,,,,,,,,,,,,,,,,,,,
,,,,,,,,,,,,,,,666640831e2f8d963f8c528f,2025-01-22_02h41.48.695,VisualArraysMentalRotation_v4,2021.1.4,Win32,59.88023952,679054f2072d526265aabff2,67905ac76464654e6d4ddd1e,,,,,,Stimuli/16_150_R.jpg,Different,150,n,b,0,4.0187,13,0,13,0,1,,,,,,,,,,,,,,,,,,,,,,,,,,,,,,,,,,,,,,,,,,,,,,,,,
,,,,,,,,,,,,,,,666640831e2f8d963f8c528f,2025-01-22_02h41.48.695,VisualArraysMentalRotation_v4,2021.1.4,Win32,59.88023952,679054f2072d526265aabff2,67905ac76464654e6d4ddd1e,,,,,,Stimuli/32_50.jpg,Same,50,b,b,1,2.0518,14,0,14,0,1,,,,,,,,,,,,,,,,,,,,,,,,,,,,,,,,,,,,,,,,,,,,,,,,,
,,,,,,,,,,,,,,,666640831e2f8d963f8c528f,2025-01-22_02h41.48.695,VisualArraysMentalRotation_v4,2021.1.4,Win32,59.88023952,679054f2072d526265aabff2,67905ac76464654e6d4ddd1e,,,,,,Stimuli/16_50.jpg,Same,50,b,b,1,3.0157,15,0,15,0,1,,,,,,,,,,,,,,,,,,,,,,,,,,,,,,,,,,,,,,,,,,,,,,,,,
,,,,,,,,,,,,,,,666640831e2f8d963f8c528f,2025-01-22_02h41.48.695,VisualArraysMentalRotation_v4,2021.1.4,Win32,59.88023952,679054f2072d526265aabff2,67905ac76464654e6d4ddd1e,,,,,,Stimuli/32_150_R.jpg,Different,150,n,n,1,2.7768,16,0,16,0,1,,,,,,,,,,,,,,,,,,,,,,,,,,,,,,,,,,,,,,,,,,,,,,,,,
,,,,,,,,,,,,,,,666640831e2f8d963f8c528f,2025-01-22_02h41.48.695,VisualArraysMentalRotation_v4,2021.1.4,Win32,59.88023952,679054f2072d526265aabff2,67905ac76464654e6d4ddd1e,,,,,,Stimuli/21_100.jpg,Same,100,b,b,1,3.3335,17,0,17,0,1,,,,,,,,,,,,,,,,,,,,,,,,,,,,,,,,,,,,,,,,,,,,,,,,,
,,,,,,,,,,,,,,,666640831e2f8d963f8c528f,2025-01-22_02h41.48.695,VisualArraysMentalRotation_v4,2021.1.4,Win32,59.88023952,679054f2072d526265aabff2,67905ac76464654e6d4ddd1e,,,,,,Stimuli/43_50.jpg,Same,50,b,b,1,3.9857,18,0,18,0,1,,,,,,,,,,,,,,,,,,,,,,,,,,,,,,,,,,,,,,,,,,,,,,,,,
,,,,,,,,,,,,,,,666640831e2f8d963f8c528f,2025-01-22_02h41.48.695,VisualArraysMentalRotation_v4,2021.1.4,Win32,59.88023952,679054f2072d526265aabff2,67905ac76464654e6d4ddd1e,,,,,,Stimuli/16_50_R.jpg,Different,50,n,n,1,2.9624,19,0,19,0,1,,,,,,,,,,,,,,,,,,,,,,,,,,,,,,,,,,,,,,,,,,,,,,,,,
,,,,,,,,,,,,,,,666640831e2f8d963f8c528f,2025-01-22_02h41.48.695,VisualArraysMentalRotation_v4,2021.1.4,Win32,59.88023952,679054f2072d526265aabff2,67905ac76464654e6d4ddd1e,,,,,,Stimuli/19_100.jpg,Same,100,b,b,1,2.8401,20,0,20,0,1,,,,,,,,,,,,,,,,,,,,,,,,,,,,,,,,,,,,,,,,,,,,,,,,,
,,,,,,,,,,,,,,,666640831e2f8d963f8c528f,2025-01-22_02h41.48.695,VisualArraysMentalRotation_v4,2021.1.4,Win32,59.88023952,679054f2072d526265aabff2,67905ac76464654e6d4ddd1e,,,,,,Stimuli/43_150_R.jpg,Different,150,n,n,1,4.1531,21,0,21,0,1,,,,,,,,,,,,,,,,,,,,,,,,,,,,,,,,,,,,,,,,,,,,,,,,,
,,,,,,,,,,,,,,,666640831e2f8d963f8c528f,2025-01-22_02h41.48.695,VisualArraysMentalRotation_v4,2021.1.4,Win32,59.88023952,679054f2072d526265aabff2,67905ac76464654e6d4ddd1e,,,,,,Stimuli/38_100.jpg,Same,100,b,n,0,4.153,22,0,22,0,1,,,,,,,,,,,,,,,,,,,,,,,,,,,,,,,,,,,,,,,,,,,,,,,,,
,,,,,,,,,,,,,,,666640831e2f8d963f8c528f,2025-01-22_02h41.48.695,VisualArraysMentalRotation_v4,2021.1.4,Win32,59.88023952,679054f2072d526265aabff2,67905ac76464654e6d4ddd1e,,,,,,Stimuli/43_100.jpg,Same,100,b,b,1,6.1689,23,0,23,0,1,,,,,,,,,,,,,,,,,,,,,,,,,,,,,,,,,,,,,,,,,,,,,,,,,
,,,,,,,,,,,,,,,666640831e2f8d963f8c528f,2025-01-22_02h41.48.695,VisualArraysMentalRotation_v4,2021.1.4,Win32,59.88023952,679054f2072d526265aabff2,67905ac76464654e6d4ddd1e,,,,,,Stimuli/44_0_R.jpg,Different,0,n,b,0,2.8855,24,0,24,0,1,,,,,,,,,,,,,,,,,,,,,,,,,,,,,,,,,,,,,,,,,,,,,,,,,
,,,,,,,,,,,,,,,666640831e2f8d963f8c528f,2025-01-22_02h41.48.695,VisualArraysMentalRotation_v4,2021.1.4,Win32,59.88023952,679054f2072d526265aabff2,67905ac76464654e6d4ddd1e,,,,,,Stimuli/38_0_R.jpg,Different,0,n,n,1,4.2449,25,0,25,0,1,,,,,,,,,,,,,,,,,,,,,,,,,,,,,,,,,,,,,,,,,,,,,,,,,
,,,,,,,,,,,,,,,666640831e2f8d963f8c528f,2025-01-22_02h41.48.695,VisualArraysMentalRotation_v4,2021.1.4,Win32,59.88023952,679054f2072d526265aabff2,67905ac76464654e6d4ddd1e,,,,,,Stimuli/3_100_R.jpg,Different,100,n,n,1,3.3873,26,0,26,0,1,,,,,,,,,,,,,,,,,,,,,,,,,,,,,,,,,,,,,,,,,,,,,,,,,
,,,,,,,,,,,,,,,666640831e2f8d963f8c528f,2025-01-22_02h41.48.695,VisualArraysMentalRotation_v4,2021.1.4,Win32,59.88023952,679054f2072d526265aabff2,67905ac76464654e6d4ddd1e,,,,,,Stimuli/16_0.jpg,Same,0,b,b,1,1.8936,27,0,27,0,1,,,,,,,,,,,,,,,,,,,,,,,,,,,,,,,,,,,,,,,,,,,,,,,,,
,,,,,,,,,,,,,,,666640831e2f8d963f8c528f,2025-01-22_02h41.48.695,VisualArraysMentalRotation_v4,2021.1.4,Win32,59.88023952,679054f2072d526265aabff2,67905ac76464654e6d4ddd1e,,,,,,Stimuli/21_0.jpg,Same,0,b,b,1,2.4188,28,0,28,0,1,,,,,,,,,,,,,,,,,,,,,,,,,,,,,,,,,,,,,,,,,,,,,,,,,
,,,,,,,,,,,,,,,666640831e2f8d963f8c528f,2025-01-22_02h41.48.695,VisualArraysMentalRotation_v4,2021.1.4,Win32,59.88023952,679054f2072d526265aabff2,67905ac76464654e6d4ddd1e,,,,,,Stimuli/22_150.jpg,Same,150,b,n,0,2.2365,29,0,29,0,1,,,,,,,,,,,,,,,,,,,,,,,,,,,,,,,,,,,,,,,,,,,,,,,,,
,,,,,,,,,,,,,,,666640831e2f8d963f8c528f,2025-01-22_02h41.48.695,VisualArraysMentalRotation_v4,2021.1.4,Win32,59.88023952,679054f2072d526265aabff2,67905ac76464654e6d4ddd1e,,,,,,Stimuli/27_100_R.jpg,Different,100,n,n,1,4.2196,30,0,30,0,1,,,,,,,,,,,,,,,,,,,,,,,,,,,,,,,,,,,,,,,,,,,,,,,,,
,,,,,,,,,,,,,,,666640831e2f8d963f8c528f,2025-01-22_02h41.48.695,VisualArraysMentalRotation_v4,2021.1.4,Win32,59.88023952,679054f2072d526265aabff2,67905ac76464654e6d4ddd1e,,,,,,Stimuli/28_100.jpg,Same,100,b,n,0,4.2132,31,0,31,0,1,,,,,,,,,,,,,,,,,,,,,,,,,,,,,,,,,,,,,,,,,,,,,,,,,
,,,,,,,,,,,,,,,666640831e2f8d963f8c528f,2025-01-22_02h41.48.695,VisualArraysMentalRotation_v4,2021.1.4,Win32,59.88023952,679054f2072d526265aabff2,67905ac76464654e6d4ddd1e,,,,,,Stimuli/28_150_R.jpg,Different,150,n,n,1,5.0432,32,0,32,0,1,,,,,,,,,,,,,,,,,,,,,,,,,,,,,,,,,,,,,,,,,,,,,,,,,
,,,,,,,,,,,,,,,666640831e2f8d963f8c528f,2025-01-22_02h41.48.695,VisualArraysMentalRotation_v4,2021.1.4,Win32,59.88023952,679054f2072d526265aabff2,67905ac76464654e6d4ddd1e,,,,,,Stimuli/38_0.jpg,Same,0,b,b,1,1.1185,33,0,33,0,1,,,,,,,,,,,,,,,,,,,,,,,,,,,,,,,,,,,,,,,,,,,,,,,,,
,,,,,,,,,,,,,,,666640831e2f8d963f8c528f,2025-01-22_02h41.48.695,VisualArraysMentalRotation_v4,2021.1.4,Win32,59.88023952,679054f2072d526265aabff2,67905ac76464654e6d4ddd1e,,,,,,Stimuli/40_150.jpg,Same,150,b,b,1,3.5335,34,0,34,0,1,,,,,,,,,,,,,,,,,,,,,,,,,,,,,,,,,,,,,,,,,,,,,,,,,
,,,,,,,,,,,,,,,666640831e2f8d963f8c528f,2025-01-22_02h41.48.695,VisualArraysMentalRotation_v4,2021.1.4,Win32,59.88023952,679054f2072d526265aabff2,67905ac76464654e6d4ddd1e,,,,,,Stimuli/3_50.jpg,Same,50,b,b,1,3.0354,35,0,35,0,1,,,,,,,,,,,,,,,,,,,,,,,,,,,,,,,,,,,,,,,,,,,,,,,,,
,,,,,,,,,,,,,,,666640831e2f8d963f8c528f,2025-01-22_02h41.48.695,VisualArraysMentalRotation_v4,2021.1.4,Win32,59.88023952,679054f2072d526265aabff2,67905ac76464654e6d4ddd1e,,,,,,Stimuli/38_150_R.jpg,Different,150,n,b,0,2.9517,36,0,36,0,1,,,,,,,,,,,,,,,,,,,,,,,,,,,,,,,,,,,,,,,,,,,,,,,,,
,,,,,,,,,,,,,,,666640831e2f8d963f8c528f,2025-01-22_02h41.48.695,VisualArraysMentalRotation_v4,2021.1.4,Win32,59.88023952,679054f2072d526265aabff2,67905ac76464654e6d4ddd1e,,,,,,Stimuli/27_50.jpg,Same,50,b,b,1,4.478,37,0,37,0,1,,,,,,,,,,,,,,,,,,,,,,,,,,,,,,,,,,,,,,,,,,,,,,,,,
,,,,,,,,,,,,,,,666640831e2f8d963f8c528f,2025-01-22_02h41.48.695,VisualArraysMentalRotation_v4,2021.1.4,Win32,59.88023952,679054f2072d526265aabff2,67905ac76464654e6d4ddd1e,,,,,,Stimuli/21_0_R.jpg,Different,0,n,b,0,1.7532,38,0,38,0,1,,,,,,,,,,,,,,,,,,,,,,,,,,,,,,,,,,,,,,,,,,,,,,,,,
,,,,,,,,,,,,,,,666640831e2f8d963f8c528f,2025-01-22_02h41.48.695,VisualArraysMentalRotation_v4,2021.1.4,Win32,59.88023952,679054f2072d526265aabff2,67905ac76464654e6d4ddd1e,,,,,,Stimuli/21_100_R.jpg,Different,100,n,n,1,2.2874,39,0,39,0,1,,,,,,,,,,,,,,,,,,,,,,,,,,,,,,,,,,,,,,,,,,,,,,,,,
,,,,,,,,,,,,,,,666640831e2f8d963f8c528f,2025-01-22_02h41.48.695,VisualArraysMentalRotation_v4,2021.1.4,Win32,59.88023952,679054f2072d526265aabff2,67905ac76464654e6d4ddd1e,,,,,,Stimuli/22_100_R.jpg,Different,100,n,n,1,3.5255,40,0,40,0,1,,,,,,,,,,,,,,,,,,,,,,,,,,,,,,,,,,,,,,,,,,,,,,,,,
,,,,,,,,,,,,,,,666640831e2f8d963f8c528f,2025-01-22_02h41.48.695,VisualArraysMentalRotation_v4,2021.1.4,Win32,59.88023952,679054f2072d526265aabff2,67905ac76464654e6d4ddd1e,,,,,,Stimuli/44_0.jpg,Same,0,b,b,1,2.3361,41,0,41,0,1,,,,,,,,,,,,,,,,,,,,,,,,,,,,,,,,,,,,,,,,,,,,,,,,,
,,,,,,,,,,,,,,,666640831e2f8d963f8c528f,2025-01-22_02h41.48.695,VisualArraysMentalRotation_v4,2021.1.4,Win32,59.88023952,679054f2072d526265aabff2,67905ac76464654e6d4ddd1e,,,,,,Stimuli/38_50_R.jpg,Different,50,n,n,1,3.8421,42,0,42,0,1,,,,,,,,,,,,,,,,,,,,,,,,,,,,,,,,,,,,,,,,,,,,,,,,,
,,,,,,,,,,,,,,,666640831e2f8d963f8c528f,2025-01-22_02h41.48.695,VisualArraysMentalRotation_v4,2021.1.4,Win32,59.88023952,679054f2072d526265aabff2,67905ac76464654e6d4ddd1e,,,,,,Stimuli/21_150.jpg,Same,150,b,n,0,2.4417,43,0,43,0,1,,,,,,,,,,,,,,,,,,,,,,,,,,,,,,,,,,,,,,,,,,,,,,,,,
,,,,,,,,,,,,,,,666640831e2f8d963f8c528f,2025-01-22_02h41.48.695,VisualArraysMentalRotation_v4,2021.1.4,Win32,59.88023952,679054f2072d526265aabff2,67905ac76464654e6d4ddd1e,,,,,,Stimuli/27_0_R.jpg,Different,0,n,b,0,2.0727,44,0,44,0,1,,,,,,,,,,,,,,,,,,,,,,,,,,,,,,,,,,,,,,,,,,,,,,,,,
,,,,,,,,,,,,,,,666640831e2f8d963f8c528f,2025-01-22_02h41.48.695,VisualArraysMentalRotation_v4,2021.1.4,Win32,59.88023952,679054f2072d526265aabff2,67905ac76464654e6d4ddd1e,,,,,,Stimuli/19_150.jpg,Same,150,b,n,0,3.4347,45,0,45,0,1,,,,,,,,,,,,,,,,,,,,,,,,,,,,,,,,,,,,,,,,,,,,,,,,,
,,,,,,,,,,,,,,,666640831e2f8d963f8c528f,2025-01-22_02h41.48.695,VisualArraysMentalRotation_v4,2021.1.4,Win32,59.88023952,679054f2072d526265aabff2,67905ac76464654e6d4ddd1e,,,,,,Stimuli/27_50_R.jpg,Different,50,n,n,1,3.6689,46,0,46,0,1,,,,,,,,,,,,,,,,,,,,,,,,,,,,,,,,,,,,,,,,,,,,,,,,,
,,,,,,,,,,,,,,,666640831e2f8d963f8c528f,2025-01-22_02h41.48.695,VisualArraysMentalRotation_v4,2021.1.4,Win32,59.88023952,679054f2072d526265aabff2,67905ac76464654e6d4ddd1e,,,,,,Stimuli/43_150.jpg,Same,150,b,b,1,3.9002,47,0,47,0,1,,,,,,,,,,,,,,,,,,,,,,,,,,,,,,,,,,,,,,,,,,,,,,,,,
,,,,,,,,,,,,,,,666640831e2f8d963f8c528f,2025-01-22_02h41.48.695,VisualArraysMentalRotation_v4,2021.1.4,Win32,59.88023952,679054f2072d526265aabff2,67905ac76464654e6d4ddd1e,,,,,,Stimuli/16_0_R.jpg,Different,0,n,b,0,3.7301,48,0,48,0,1,,,,,,,,,,,,,,,,,,,,,,,,,,,,,,,,,,,,,,,,,,,,,,,,,
,,,,,,,,,,,,,,,666640831e2f8d963f8c528f,2025-01-22_02h41.48.695,VisualArraysMentalRotation_v4,2021.1.4,Win32,59.88023952,679054f2072d526265aabff2,67905ac76464654e6d4ddd1e,,,,,,Stimuli/43_0.jpg,Same,0,b,n,0,3.6161,49,0,49,0,1,,,,,,,,,,,,,,,,,,,,,,,,,,,,,,,,,,,,,,,,,,,,,,,,,
,,,,,,,,,,,,,,,666640831e2f8d963f8c528f,2025-01-22_02h41.48.695,VisualArraysMentalRotation_v4,2021.1.4,Win32,59.88023952,679054f2072d526265aabff2,67905ac76464654e6d4ddd1e,,,,,,Stimuli/32_50_R.jpg,Different,50,n,b,0,3.6373,50,0,50,0,1,,,,,,,,,,,,,,,,,,,,,,,,,,,,,,,,,,,,,,,,,,,,,,,,,
,,,,,,,,,,,,,,,666640831e2f8d963f8c528f,2025-01-22_02h41.48.695,VisualArraysMentalRotation_v4,2021.1.4,Win32,59.88023952,679054f2072d526265aabff2,67905ac76464654e6d4ddd1e,,,,,,Stimuli/32_100_R.jpg,Different,100,n,n,1,4.5956,51,0,51,0,1,,,,,,,,,,,,,,,,,,,,,,,,,,,,,,,,,,,,,,,,,,,,,,,,,
,,,,,,,,,,,,,,,666640831e2f8d963f8c528f,2025-01-22_02h41.48.695,VisualArraysMentalRotation_v4,2021.1.4,Win32,59.88023952,679054f2072d526265aabff2,67905ac76464654e6d4ddd1e,,,,,,Stimuli/21_150_R.jpg,Different,150,n,b,0,1.7189,52,0,52,0,1,,,,,,,,,,,,,,,,,,,,,,,,,,,,,,,,,,,,,,,,,,,,,,,,,
,,,,,,,,,,,,,,,666640831e2f8d963f8c528f,2025-01-22_02h41.48.695,VisualArraysMentalRotation_v4,2021.1.4,Win32,59.88023952,679054f2072d526265aabff2,67905ac76464654e6d4ddd1e,,,,,,Stimuli/21_50.jpg,Same,50,b,n,0,1.2933,53,0,53,0,1,,,,,,,,,,,,,,,,,,,,,,,,,,,,,,,,,,,,,,,,,,,,,,,,,
,,,,,,,,,,,,,,,666640831e2f8d963f8c528f,2025-01-22_02h41.48.695,VisualArraysMentalRotation_v4,2021.1.4,Win32,59.88023952,679054f2072d526265aabff2,67905ac76464654e6d4ddd1e,,,,,,Stimuli/32_0.jpg,Same,0,b,b,1,2.1517,54,0,54,0,1,,,,,,,,,,,,,,,,,,,,,,,,,,,,,,,,,,,,,,,,,,,,,,,,,
,,,,,,,,,,,,,,,666640831e2f8d963f8c528f,2025-01-22_02h41.48.695,VisualArraysMentalRotation_v4,2021.1.4,Win32,59.88023952,679054f2072d526265aabff2,67905ac76464654e6d4ddd1e,,,,,,Stimuli/38_100_R.jpg,Different,100,n,n,1,2.3733,55,0,55,0,1,,,,,,,,,,,,,,,,,,,,,,,,,,,,,,,,,,,,,,,,,,,,,,,,,
,,,,,,,,,,,,,,,666640831e2f8d963f8c528f,2025-01-22_02h41.48.695,VisualArraysMentalRotation_v4,2021.1.4,Win32,59.88023952,679054f2072d526265aabff2,67905ac76464654e6d4ddd1e,,,,,,Stimuli/28_0_R.jpg,Different,0,n,b,0,3.1093,56,0,56,0,1,,,,,,,,,,,,,,,,,,,,,,,,,,,,,,,,,,,,,,,,,,,,,,,,,
,,,,,,,,,,,,,,,666640831e2f8d963f8c528f,2025-01-22_02h41.48.695,VisualArraysMentalRotation_v4,2021.1.4,Win32,59.88023952,679054f2072d526265aabff2,67905ac76464654e6d4ddd1e,,,,,,Stimuli/19_100_R.jpg,Different,100,n,b,0,2.2351,57,0,57,0,1,,,,,,,,,,,,,,,,,,,,,,,,,,,,,,,,,,,,,,,,,,,,,,,,,
,,,,,,,,,,,,,,,666640831e2f8d963f8c528f,2025-01-22_02h41.48.695,VisualArraysMentalRotation_v4,2021.1.4,Win32,59.88023952,679054f2072d526265aabff2,67905ac76464654e6d4ddd1e,,,,,,Stimuli/27_150.jpg,Same,150,b,n,0,7.073,58,0,58,0,1,,,,,,,,,,,,,,,,,,,,,,,,,,,,,,,,,,,,,,,,,,,,,,,,,
,,,,,,,,,,,,,,,666640831e2f8d963f8c528f,2025-01-22_02h41.48.695,VisualArraysMentalRotation_v4,2021.1.4,Win32,59.88023952,679054f2072d526265aabff2,67905ac76464654e6d4ddd1e,,,,,,Stimuli/44_100.jpg,Same,100,b,b,1,4.6526,59,0,59,0,1,,,,,,,,,,,,,,,,,,,,,,,,,,,,,,,,,,,,,,,,,,,,,,,,,
,,,,,,,,,,,,,,,666640831e2f8d963f8c528f,2025-01-22_02h41.48.695,VisualArraysMentalRotation_v4,2021.1.4,Win32,59.88023952,679054f2072d526265aabff2,67905ac76464654e6d4ddd1e,,,,,,Stimuli/27_150_R.jpg,Different,150,n,b,0,4.5138,60,0,60,0,1,,,,,,,,,,,,,,,,,,,,,,,,,,,,,,,,,,,,,,,,,,,,,,,,,
,,,,,,,,,,,,,,,666640831e2f8d963f8c528f,2025-01-22_02h41.48.695,VisualArraysMentalRotation_v4,2021.1.4,Win32,59.88023952,679054f2072d526265aabff2,67905ac76464654e6d4ddd1e,,,,,,Stimuli/28_50.jpg,Same,50,b,b,1,3.4065,61,0,61,0,1,,,,,,,,,,,,,,,,,,,,,,,,,,,,,,,,,,,,,,,,,,,,,,,,,
,,,,,,,,,,,,,,,666640831e2f8d963f8c528f,2025-01-22_02h41.48.695,VisualArraysMentalRotation_v4,2021.1.4,Win32,59.88023952,679054f2072d526265aabff2,67905ac76464654e6d4ddd1e,,,,,,Stimuli/3_100.jpg,Same,100,b,b,1,3.4687,62,0,62,0,1,,,,,,,,,,,,,,,,,,,,,,,,,,,,,,,,,,,,,,,,,,,,,,,,,
,,,,,,,,,,,,,,,666640831e2f8d963f8c528f,2025-01-22_02h41.48.695,VisualArraysMentalRotation_v4,2021.1.4,Win32,59.88023952,679054f2072d526265aabff2,67905ac76464654e6d4ddd1e,,,,,,Stimuli/43_0_R.jpg,Different,0,n,b,0,3.0268,63,0,63,0,1,,,,,,,,,,,,,,,,,,,,,,,,,,,,,,,,,,,,,,,,,,,,,,,,,
,,,,,,,,,,,,,,,666640831e2f8d963f8c528f,2025-01-22_02h41.48.695,VisualArraysMentalRotation_v4,2021.1.4,Win32,59.88023952,679054f2072d526265aabff2,67905ac76464654e6d4ddd1e,,,,,,Stimuli/27_100.jpg,Same,100,b,n,0,3.6211,64,0,64,0,1,,,,,,,,,,,,,,,,,,,,,,,,,,,,,,,,,,,,,,,,,,,,,,,,,
,,,,,,,,,,,,,,,666640831e2f8d963f8c528f,2025-01-22_02h41.48.695,VisualArraysMentalRotation_v4,2021.1.4,Win32,59.88023952,679054f2072d526265aabff2,67905ac76464654e6d4ddd1e,,,,,,Stimuli/44_150.jpg,Same,150,b,n,0,3.8859,65,0,65,0,1,,,,,,,,,,,,,,,,,,,,,,,,,,,,,,,,,,,,,,,,,,,,,,,,,
,,,,,,,,,,,,,,,666640831e2f8d963f8c528f,2025-01-22_02h41.48.695,VisualArraysMentalRotation_v4,2021.1.4,Win32,59.88023952,679054f2072d526265aabff2,67905ac76464654e6d4ddd1e,,,,,,Stimuli/28_50_R.jpg,Different,50,n,b,0,2.7611,66,0,66,0,1,,,,,,,,,,,,,,,,,,,,,,,,,,,,,,,,,,,,,,,,,,,,,,,,,
,,,,,,,,,,,,,,,666640831e2f8d963f8c528f,2025-01-22_02h41.48.695,VisualArraysMentalRotation_v4,2021.1.4,Win32,59.88023952,679054f2072d526265aabff2,67905ac76464654e6d4ddd1e,,,,,,Stimuli/19_50.jpg,Same,50,b,b,1,4.2032,67,0,67,0,1,,,,,,,,,,,,,,,,,,,,,,,,,,,,,,,,,,,,,,,,,,,,,,,,,
,,,,,,,,,,,,,,,666640831e2f8d963f8c528f,2025-01-22_02h41.48.695,VisualArraysMentalRotation_v4,2021.1.4,Win32,59.88023952,679054f2072d526265aabff2,67905ac76464654e6d4ddd1e,,,,,,Stimuli/44_50.jpg,Same,50,b,b,1,4.8014,68,0,68,0,1,,,,,,,,,,,,,,,,,,,,,,,,,,,,,,,,,,,,,,,,,,,,,,,,,
,,,,,,,,,,,,,,,666640831e2f8d963f8c528f,2025-01-22_02h41.48.695,VisualArraysMentalRotation_v4,2021.1.4,Win32,59.88023952,679054f2072d526265aabff2,67905ac76464654e6d4ddd1e,,,,,,Stimuli/19_50_R.jpg,Different,50,n,n,1,3.8928,69,0,69,0,1,,,,,,,,,,,,,,,,,,,,,,,,,,,,,,,,,,,,,,,,,,,,,,,,,
,,,,,,,,,,,,,,,666640831e2f8d963f8c528f,2025-01-22_02h41.48.695,VisualArraysMentalRotation_v4,2021.1.4,Win32,59.88023952,679054f2072d526265aabff2,67905ac76464654e6d4ddd1e,,,,,,Stimuli/44_150_R.jpg,Different,150,n,n,1,3.203,70,0,70,0,1,,,,,,,,,,,,,,,,,,,,,,,,,,,,,,,,,,,,,,,,,,,,,,,,,
,,,,,,,,,,,,,,,666640831e2f8d963f8c528f,2025-01-22_02h41.48.695,VisualArraysMentalRotation_v4,2021.1.4,Win32,59.88023952,679054f2072d526265aabff2,67905ac76464654e6d4ddd1e,,,,,,Stimuli/19_0_R.jpg,Different,0,n,n,1,2.7215,71,0,71,0,1,,,,,,,,,,,,,,,,,,,,,,,,,,,,,,,,,,,,,,,,,,,,,,,,,
,,,,,,,,,,,,,,,666640831e2f8d963f8c528f,2025-01-22_02h41.48.695,VisualArraysMentalRotation_v4,2021.1.4,Win32,59.88023952,679054f2072d526265aabff2,67905ac76464654e6d4ddd1e,,,,,,Stimuli/38_50.jpg,Same,50,b,n,0,4.0689,72,0,72,0,1,,,,,,,,,,,,,,,,,,,,,,,,,,,,,,,,,,,,,,,,,,,,,,,,,
,,,,,,,,,,,,,,,666640831e2f8d963f8c528f,2025-01-22_02h41.48.695,VisualArraysMentalRotation_v4,2021.1.4,Win32,59.88023952,679054f2072d526265aabff2,67905ac76464654e6d4ddd1e,,,,,,Stimuli/22_50.jpg,Same,50,b,b,1,3.9696,73,0,73,0,1,,,,,,,,,,,,,,,,,,,,,,,,,,,,,,,,,,,,,,,,,,,,,,,,,
,,,,,,,,,,,,,,,666640831e2f8d963f8c528f,2025-01-22_02h41.48.695,VisualArraysMentalRotation_v4,2021.1.4,Win32,59.88023952,679054f2072d526265aabff2,67905ac76464654e6d4ddd1e,,,,,,Stimuli/22_0_R.jpg,Different,0,n,n,1,1.602,74,0,74,0,1,,,,,,,,,,,,,,,,,,,,,,,,,,,,,,,,,,,,,,,,,,,,,,,,,
,,,,,,,,,,,,,,,666640831e2f8d963f8c528f,2025-01-22_02h41.48.695,VisualArraysMentalRotation_v4,2021.1.4,Win32,59.88023952,679054f2072d526265aabff2,67905ac76464654e6d4ddd1e,,,,,,Stimuli/28_150.jpg,Same,150,b,b,1,5.6742,75,0,75,0,1,,,,,,,,,,,,,,,,,,,,,,,,,,,,,,,,,,,,,,,,,,,,,,,,,
,,,,,,,,,,,,,,,666640831e2f8d963f8c528f,2025-01-22_02h41.48.695,VisualArraysMentalRotation_v4,2021.1.4,Win32,59.88023952,679054f2072d526265aabff2,67905ac76464654e6d4ddd1e,,,,,,Stimuli/40_0.jpg,Same,0,b,b,1,4.5864,76,0,76,0,1,,,,,,,,,,,,,,,,,,,,,,,,,,,,,,,,,,,,,,,,,,,,,,,,,
,,,,,,,,,,,,,,,666640831e2f8d963f8c528f,2025-01-22_02h41.48.695,VisualArraysMentalRotation_v4,2021.1.4,Win32,59.88023952,679054f2072d526265aabff2,67905ac76464654e6d4ddd1e,,,,,,Stimuli/38_150.jpg,Same,150,b,b,1,3.8053,77,0,77,0,1,,,,,,,,,,,,,,,,,,,,,,,,,,,,,,,,,,,,,,,,,,,,,,,,,
,,,,,,,,,,,,,,,666640831e2f8d963f8c528f,2025-01-22_02h41.48.695,VisualArraysMentalRotation_v4,2021.1.4,Win32,59.88023952,679054f2072d526265aabff2,67905ac76464654e6d4ddd1e,,,,,,Stimuli/43_100_R.jpg,Different,100,n,n,1,5.4604,78,0,78,0,1,,,,,,,,,,,,,,,,,,,,,,,,,,,,,,,,,,,,,,,,,,,,,,,,,
,,,,,,,,,,,,,,,666640831e2f8d963f8c528f,2025-01-22_02h41.48.695,VisualArraysMentalRotation_v4,2021.1.4,Win32,59.88023952,679054f2072d526265aabff2,67905ac76464654e6d4ddd1e,,,,,,Stimuli/19_0.jpg,Same,0,b,b,1,3.0028,79,0,79,0,1,,,,,,,,,,,,,,,,,,,,,,,,,,,,,,,,,,,,,,,,,,,,,,,,,
,,,,,,,,,,,,,,,666640831e2f8d963f8c528f,2025-01-22_02h41.48.695,VisualArraysMentalRotation_v4,2021.1.4,Win32,59.88023952,679054f2072d526265aabff2,67905ac76464654e6d4ddd1e,,,,,,Stimuli/3_50_R.jpg,Different,50,n,b,0,4.6853,80,0,80,0,1,,,,,,,,,,,,,,,,,,,,,,,,,,,,,,,,,,,,,,,,,,,,,,,,,
,,,,,,,,,,,,,,,666640831e2f8d963f8c528f,2025-01-22_02h41.48.695,VisualArraysMentalRotation_v4,2021.1.4,Win32,59.88023952,679054f2072d526265aabff2,67905ac76464654e6d4ddd1e,,,,,,Stimuli/19_150_R.jpg,Different,150,n,n,1,2.5852,81,0,81,0,1,,,,,,,,,,,,,,,,,,,,,,,,,,,,,,,,,,,,,,,,,,,,,,,,,
,,,,,,,,,,,,,,,666640831e2f8d963f8c528f,2025-01-22_02h41.48.695,VisualArraysMentalRotation_v4,2021.1.4,Win32,59.88023952,679054f2072d526265aabff2,67905ac76464654e6d4ddd1e,,,,,,Stimuli/3_0.jpg,Same,0,b,b,1,2.581,82,0,82,0,1,,,,,,,,,,,,,,,,,,,,,,,,,,,,,,,,,,,,,,,,,,,,,,,,,
,,,,,,,,,,,,,,,666640831e2f8d963f8c528f,2025-01-22_02h41.48.695,VisualArraysMentalRotation_v4,2021.1.4,Win32,59.88023952,679054f2072d526265aabff2,67905ac76464654e6d4ddd1e,,,,,,Stimuli/3_150.jpg,Same,150,b,n,0,2.2719,83,0,83,0,1,,,,,,,,,,,,,,,,,,,,,,,,,,,,,,,,,,,,,,,,,,,,,,,,,
,,,,,,,,,,,,,,,666640831e2f8d963f8c528f,2025-01-22_02h41.48.695,VisualArraysMentalRotation_v4,2021.1.4,Win32,59.88023952,679054f2072d526265aabff2,67905ac76464654e6d4ddd1e,,,,,,Stimuli/40_150_R.jpg,Different,150,n,n,1,5.9229,84,0,84,0,1,,,,,,,,,,,,,,,,,,,,,,,,,,,,,,,,,,,,,,,,,,,,,,,,,
,,,,,,,,,,,,,,,666640831e2f8d963f8c528f,2025-01-22_02h41.48.695,VisualArraysMentalRotation_v4,2021.1.4,Win32,59.88023952,679054f2072d526265aabff2,67905ac76464654e6d4ddd1e,,,,,,Stimuli/16_100.jpg,Same,100,b,b,1,3.3358,85,0,85,0,1,,,,,,,,,,,,,,,,,,,,,,,,,,,,,,,,,,,,,,,,,,,,,,,,,
,,,,,,,,,,,,,,,666640831e2f8d963f8c528f,2025-01-22_02h41.48.695,VisualArraysMentalRotation_v4,2021.1.4,Win32,59.88023952,679054f2072d526265aabff2,67905ac76464654e6d4ddd1e,,,,,,Stimuli/44_50_R.jpg,Different,50,n,n,1,3.4212,86,0,86,0,1,,,,,,,,,,,,,,,,,,,,,,,,,,,,,,,,,,,,,,,,,,,,,,,,,
,,,,,,,,,,,,,,,666640831e2f8d963f8c528f,2025-01-22_02h41.48.695,VisualArraysMentalRotation_v4,2021.1.4,Win32,59.88023952,679054f2072d526265aabff2,67905ac76464654e6d4ddd1e,,,,,,Stimuli/22_0.jpg,Same,0,b,b,1,3.7686,87,0,87,0,1,,,,,,,,,,,,,,,,,,,,,,,,,,,,,,,,,,,,,,,,,,,,,,,,,
,,,,,,,,,,,,,,,666640831e2f8d963f8c528f,2025-01-22_02h41.48.695,VisualArraysMentalRotation_v4,2021.1.4,Win32,59.88023952,679054f2072d526265aabff2,67905ac76464654e6d4ddd1e,,,,,,Stimuli/3_150_R.jpg,Different,150,n,b,0,3.6522,88,0,88,0,1,,,,,,,,,,,,,,,,,,,,,,,,,,,,,,,,,,,,,,,,,,,,,,,,,
,,,,,,,,,,,,,,,666640831e2f8d963f8c528f,2025-01-22_02h41.48.695,VisualArraysMentalRotation_v4,2021.1.4,Win32,59.88023952,679054f2072d526265aabff2,67905ac76464654e6d4ddd1e,,,,,,Stimuli/22_100.jpg,Same,100,b,b,1,4.2208,89,0,89,0,1,,,,,,,,,,,,,,,,,,,,,,,,,,,,,,,,,,,,,,,,,,,,,,,,,
,,,,,,,,,,,,,,,666640831e2f8d963f8c528f,2025-01-22_02h41.48.695,VisualArraysMentalRotation_v4,2021.1.4,Win32,59.88023952,679054f2072d526265aabff2,67905ac76464654e6d4ddd1e,,,,,,Stimuli/28_100_R.jpg,Different,100,n,n,1,5.4691,90,0,90,0,1,,,,,,,,,,,,,,,,,,,,,,,,,,,,,,,,,,,,,,,,,,,,,,,,,
,,,,,,,,,,,,,,,666640831e2f8d963f8c528f,2025-01-22_02h41.48.695,VisualArraysMentalRotation_v4,2021.1.4,Win32,59.88023952,679054f2072d526265aabff2,67905ac76464654e6d4ddd1e,,,,,,Stimuli/16_100_R.jpg,Different,100,n,b,0,3.1356,91,0,91,0,1,,,,,,,,,,,,,,,,,,,,,,,,,,,,,,,,,,,,,,,,,,,,,,,,,
,,,,,,,,,,,,,,,666640831e2f8d963f8c528f,2025-01-22_02h41.48.695,VisualArraysMentalRotation_v4,2021.1.4,Win32,59.88023952,679054f2072d526265aabff2,67905ac76464654e6d4ddd1e,,,,,,Stimuli/40_0_R.jpg,Different,0,n,b,0,2.4855,92,0,92,0,1,,,,,,,,,,,,,,,,,,,,,,,,,,,,,,,,,,,,,,,,,,,,,,,,,
,,,,,,,,,,,,,,,666640831e2f8d963f8c528f,2025-01-22_02h41.48.695,VisualArraysMentalRotation_v4,2021.1.4,Win32,59.88023952,679054f2072d526265aabff2,67905ac76464654e6d4ddd1e,,,,,,Stimuli/16_150.jpg,Same,150,b,b,1,3.1452,93,0,93,0,1,,,,,,,,,,,,,,,,,,,,,,,,,,,,,,,,,,,,,,,,,,,,,,,,,
,,,,,,,,,,,,,,,666640831e2f8d963f8c528f,2025-01-22_02h41.48.695,VisualArraysMentalRotation_v4,2021.1.4,Win32,59.88023952,679054f2072d526265aabff2,67905ac76464654e6d4ddd1e,,,,,,Stimuli/40_50_R.jpg,Different,50,n,n,1,4.0017,94,0,94,0,1,,,,,,,,,,,,,,,,,,,,,,,,,,,,,,,,,,,,,,,,,,,,,,,,,
,,,,,,,,,,,,,,,666640831e2f8d963f8c528f,2025-01-22_02h41.48.695,VisualArraysMentalRotation_v4,2021.1.4,Win32,59.88023952,679054f2072d526265aabff2,67905ac76464654e6d4ddd1e,,,,,,Stimuli/40_100.jpg,Same,100,b,b,1,3.3687,95,0,95,0,1,,,,,,,,,,,,,,,,,,,,,,,,,,,,,,,,,,,,,,,,,,,,,,,,,
,,,,,,,,,,,,,,,666640831e2f8d963f8c528f,2025-01-22_02h41.48.695,VisualArraysMentalRotation_v4,2021.1.4,Win32,59.88023952,679054f2072d526265aabff2,67905ac76464654e6d4ddd1e,,,,,,,,,,,,,,,,,,0,0,0,0,1,,,,,,,,,,,,,,,,,,,,,,,,,,,,,,,,,,,,,,,,,,,,
,,,,,,,,,,,,,,,666640831e2f8d963f8c528f,2025-01-22_02h41.48.695,VisualArraysMentalRotation_v4,2021.1.4,Win32,59.88023952,679054f2072d526265aabff2,67905ac76464654e6d4ddd1e,,,,,,,,,,,,,,,,,,,,,,,0,0,0,0,1,0,1,,,,,,,,,,,,,,,,,,,,,,,,,,,,,,,,,,,,,
,,,,,,,,,,,,,,,666640831e2f8d963f8c528f,2025-01-22_02h41.48.695,VisualArraysMentalRotation_v4,2021.1.4,Win32,59.88023952,679054f2072d526265aabff2,67905ac76464654e6d4ddd1e,,,,,,,,,,,,,,,,,,,,,,,,,,,,,,"[-45,0,90,0,-45]","[-45,90,45,-45,0]",0.25,PracRed_2,"[-45,0,90,0,-45]","[-45,90,45,-45,0]",5,1,1.1686,0,0,0,0,1,RED,3,Same,5,1,,,,,,,,,,,,,,,,,,
,,,,,,,,,,,,,,,666640831e2f8d963f8c528f,2025-01-22_02h41.48.695,VisualArraysMentalRotation_v4,2021.1.4,Win32,59.88023952,679054f2072d526265aabff2,67905ac76464654e6d4ddd1e,,,,,,,,,,,,,,,,,,,,,,,,,,,,,,"[-45,0,90,45,90]","[0,45,45,-45,0]",0.25,PracRed_5,"[-45,0,90,45,90]","[0,45,45,-45,0]",5,1,0.9183,0,1,1,3,1,RED,5,Same,5,3,,,,,,,,,,,,,,,,,,
,,,,,,,,,,,,,,,666640831e2f8d963f8c528f,2025-01-22_02h41.48.695,VisualArraysMentalRotation_v4,2021.1.4,Win32,59.88023952,679054f2072d526265aabff2,67905ac76464654e6d4ddd1e,,,,,,,,,,,,,,,,,,,,,,,,,,,,,,"[-45,90,0,90,0]","[-45,-45,-45,0,90]",0.25,PracRed_2,"[-45,-45,0,90,0]","[-45,-45,-45,0,90]",5,0,1.1351,0,2,2,6,1,RED,5,Different,6,1,,,,,,,,,,,,,,,,,,
,,,,,,,,,,,,,,,666640831e2f8d963f8c528f,2025-01-22_02h41.48.695,VisualArraysMentalRotation_v4,2021.1.4,Win32,59.88023952,679054f2072d526265aabff2,67905ac76464654e6d4ddd1e,,,,,,,,,,,,,,,,,,,,,,,,,,,,,,"[90,45,-45,45,90]","[90,-45,90,90,90]",0.25,PracBlue_1,"[90,45,-45,45,90]","[0,-45,90,90,90]",6,1,0.9021,0,3,3,14,1,BLUE,5,Different,6,1,,,,,,,,,,,,,,,,,,
,,,,,,,,,,,,,,,666640831e2f8d963f8c528f,2025-01-22_02h41.48.695,VisualArraysMentalRotation_v4,2021.1.4,Win32,59.88023952,679054f2072d526265aabff2,67905ac76464654e6d4ddd1e,,,,,,,,,,,,,,,,,,,,,,,,,,,,,,"[-45,-45,45,45,0]","[-45,90,-45,-45,-45]",0.25,PracRed_1,"[45,-45,45,45,0]","[-45,90,-45,-45,-45]",6,1,0.8538,0,4,4,4,1,RED,3,Different,6,1,,,,,,,,,,,,,,,,,,
,,,,,,,,,,,,,,,666640831e2f8d963f8c528f,2025-01-22_02h41.48.695,VisualArraysMentalRotation_v4,2021.1.4,Win32,59.88023952,679054f2072d526265aabff2,67905ac76464654e6d4ddd1e,,,,,,,,,,,,,,,,,,,,,,,,,,,,,,"[90,45,90,-45,90]","[-45,45,90,90,-45]",0.25,PracBlue_1,"[90,45,90,-45,90]","[-45,45,90,90,-45]",5,1,0.7022,0,5,5,9,1,BLUE,3,Same,5,3,,,,,,,,,,,,,,,,,,
,,,,,,,,,,,,,,,666640831e2f8d963f8c528f,2025-01-22_02h41.48.695,VisualArraysMentalRotation_v4,2021.1.4,Win32,59.88023952,679054f2072d526265aabff2,67905ac76464654e6d4ddd1e,,,,,,,,,,,,,,,,,,,,,,,,,,,,,,"[-45,-45,45,0,0]","[45,-45,90,45,0]",0.25,PracBlue_3,"[-45,-45,45,0,0]","[45,-45,0,45,0]",6,1,0.8042,0,6,6,13,1,BLUE,3,Different,6,3,,,,,,,,,,,,,,,,,,
,,,,,,,,,,,,,,,666640831e2f8d963f8c528f,2025-01-22_02h41.48.695,VisualArraysMentalRotation_v4,2021.1.4,Win32,59.88023952,679054f2072d526265aabff2,67905ac76464654e6d4ddd1e,,,,,,,,,,,,,,,,,,,,,,,,,,,,,,"[45,45,-45,90,-45]","[45,45,45,0,90]",0.25,PracBlue_4,"[45,45,-45,90,-45]","[45,45,45,-45,90]",5,0,1.0524,0,7,7,15,1,BLUE,5,Different,6,3,,,,,,,,,,,,,,,,,,
,,,,,,,,,,,,,,,666640831e2f8d963f8c528f,2025-01-22_02h41.48.695,VisualArraysMentalRotation_v4,2021.1.4,Win32,59.88023952,679054f2072d526265aabff2,67905ac76464654e6d4ddd1e,,,,,,,,,,,,,,,,,,,,,,,,,,,,,,"[45,0,45,90,-45]","[90,90,0,90,45]",0.25,PracRed_1,"[0,0,45,90,-45]","[90,90,0,90,45]",6,1,0.9725,0,8,8,5,1,RED,3,Different,6,3,,,,,,,,,,,,,,,,,,
,,,,,,,,,,,,,,,666640831e2f8d963f8c528f,2025-01-22_02h41.48.695,VisualArraysMentalRotation_v4,2021.1.4,Win32,59.88023952,679054f2072d526265aabff2,67905ac76464654e6d4ddd1e,,,,,,,,,,,,,,,,,,,,,,,,,,,,,,"[45,0,-45,-45,45]","[45,0,90,-45,45]",0.25,PracBlue_1,"[45,0,-45,-45,45]","[45,0,90,-45,45]",5,1,0.7183,0,9,9,10,1,BLUE,5,Same,5,1,,,,,,,,,,,,,,,,,,
,,,,,,,,,,,,,,,666640831e2f8d963f8c528f,2025-01-22_02h41.48.695,VisualArraysMentalRotation_v4,2021.1.4,Win32,59.88023952,679054f2072d526265aabff2,67905ac76464654e6d4ddd1e,,,,,,,,,,,,,,,,,,,,,,,,,,,,,,"[0,0,0,45,90]","[45,-45,45,-45,45]",0.25,PracRed_5,"[0,0,0,45,0]","[45,-45,45,-45,45]",6,1,0.8746,0,10,10,7,1,RED,5,Different,6,3,,,,,,,,,,,,,,,,,,
,,,,,,,,,,,,,,,666640831e2f8d963f8c528f,2025-01-22_02h41.48.695,VisualArraysMentalRotation_v4,2021.1.4,Win32,59.88023952,679054f2072d526265aabff2,67905ac76464654e6d4ddd1e,,,,,,,,,,,,,,,,,,,,,,,,,,,,,,"[0,90,-45,45,90]","[45,0,90,45,-45]",0.25,PracBlue_3,"[0,90,-45,45,90]","[45,0,90,45,-45]",5,1,0.8019,0,11,11,11,1,BLUE,5,Same,5,3,,,,,,,,,,,,,,,,,,
,,,,,,,,,,,,,,,666640831e2f8d963f8c528f,2025-01-22_02h41.48.695,VisualArraysMentalRotation_v4,2021.1.4,Win32,59.88023952,679054f2072d526265aabff2,67905ac76464654e6d4ddd1e,,,,,,,,,,,,,,,,,,,,,,,,,,,,,,"[45,45,90,45,45]","[-45,-45,90,90,45]",0.25,PracRed_5,"[45,45,90,45,45]","[-45,-45,90,90,45]",5,1,0.6853,0,12,12,2,1,RED,5,Same,5,1,,,,,,,,,,,,,,,,,,
,,,,,,,,,,,,,,,666640831e2f8d963f8c528f,2025-01-22_02h41.48.695,VisualArraysMentalRotation_v4,2021.1.4,Win32,59.88023952,679054f2072d526265aabff2,67905ac76464654e6d4ddd1e,,,,,,,,,,,,,,,,,,,,,,,,,,,,,,"[45,90,90,0,90]","[0,0,-45,-45,0]",0.25,PracRed_3,"[45,90,90,0,90]","[0,0,-45,-45,0]",5,1,0.6109,0,13,13,1,1,RED,3,Same,5,3,,,,,,,,,,,,,,,,,,
,,,,,,,,,,,,,,,666640831e2f8d963f8c528f,2025-01-22_02h41.48.695,VisualArraysMentalRotation_v4,2021.1.4,Win32,59.88023952,679054f2072d526265aabff2,67905ac76464654e6d4ddd1e,,,,,,,,,,,,,,,,,,,,,,,,,,,,,,"[-45,-45,-45,0,-45]","[90,0,45,0,0]",0.25,PracBlue_3,"[-45,-45,-45,0,-45]","[90,0,-45,0,0]",5,0,0.8907,0,14,14,12,1,BLUE,3,Different,6,1,,,,,,,,,,,,,,,,,,
,,,,,,,,,,,,,,,666640831e2f8d963f8c528f,2025-01-22_02h41.48.695,VisualArraysMentalRotation_v4,2021.1.4,Win32,59.88023952,679054f2072d526265aabff2,67905ac76464654e6d4ddd1e,,,,,,,,,,,,,,,,,,,,,,,,,,,,,,"[-45,90,0,-45,90]","[-45,0,-45,90,-45]",0.25,PracBlue_1,"[-45,90,0,-45,90]","[-45,0,-45,90,-45]",5,1,0.5066,0,15,15,8,1,BLUE,3,Same,5,1,,,,,,,,,,,,,,,,,,
,,,,,,,,,,,,,,,666640831e2f8d963f8c528f,2025-01-22_02h41.48.695,VisualArraysMentalRotation_v4,2021.1.4,Win32,59.88023952,679054f2072d526265aabff2,67905ac76464654e6d4ddd1e,,,,,,,,,,,,,,,,,,,,,,,,,,,,,,,,,,,,,,,,,,,,,,,,,0,0,0,0,1,,,,,,,,,,,,,
,,,,,,,,,,,,,,,666640831e2f8d963f8c528f,2025-01-22_02h41.48.695,VisualArraysMentalRotation_v4,2021.1.4,Win32,59.88023952,679054f2072d526265aabff2,67905ac76464654e6d4ddd1e,,,,,,,,,,,,,,,,,,,,,,,,,,,,,,"[90,45,90,45,-45]","[45,90,-45,90,45]",0.25,PracRed_1,"[0,45,90,45,-45]","[45,90,-45,90,45]",6,1,0.6356,0,0,0,4,1,RED,3,Different,6,1,,,,,,,,,,,,,,,,,,
,,,,,,,,,,,,,,,666640831e2f8d963f8c528f,2025-01-22_02h41.48.695,VisualArraysMentalRotation_v4,2021.1.4,Win32,59.88023952,679054f2072d526265aabff2,67905ac76464654e6d4ddd1e,,,,,,,,,,,,,,,,,,,,,,,,,,,,,,"[45,90,0,-45,90]","[45,90,45,90,-45]",0.25,PracRed_5,"[45,90,0,-45,90]","[45,90,45,90,-45]",5,1,0.5021,0,1,1,2,1,RED,5,Same,5,1,,,,,,,,,,,,,,,,,,
,,,,,,,,,,,,,,,666640831e2f8d963f8c528f,2025-01-22_02h41.48.695,VisualArraysMentalRotation_v4,2021.1.4,Win32,59.88023952,679054f2072d526265aabff2,67905ac76464654e6d4ddd1e,,,,,,,,,,,,,,,,,,,,,,,,,,,,,,"[90,90,0,0,-45]","[0,0,90,0,90]",0.25,PracBlue_2,"[90,90,0,0,-45]","[0,45,90,0,90]",6,1,0.5685,0,2,2,12,1,BLUE,3,Different,6,1,,,,,,,,,,,,,,,,,,
,,,,,,,,,,,,,,,666640831e2f8d963f8c528f,2025-01-22_02h41.48.695,VisualArraysMentalRotation_v4,2021.1.4,Win32,59.88023952,679054f2072d526265aabff2,67905ac76464654e6d4ddd1e,,,,,,,,,,,,,,,,,,,,,,,,,,,,,,"[0,0,0,45,0]","[45,45,0,90,45]",0.25,PracBlue_1,"[0,0,0,45,0]","[45,45,0,90,45]",5,1,0.6272,0,3,3,9,1,BLUE,3,Same,5,3,,,,,,,,,,,,,,,,,,
,,,,,,,,,,,,,,,666640831e2f8d963f8c528f,2025-01-22_02h41.48.695,VisualArraysMentalRotation_v4,2021.1.4,Win32,59.88023952,679054f2072d526265aabff2,67905ac76464654e6d4ddd1e,,,,,,,,,,,,,,,,,,,,,,,,,,,,,,"[0,-45,0,0,90]","[0,90,0,90,45]",0.25,PracBlue_2,"[0,-45,0,0,90]","[0,90,0,90,45]",5,1,0.4742,0,4,4,8,1,BLUE,3,Same,5,1,,,,,,,,,,,,,,,,,,
,,,,,,,,,,,,,,,666640831e2f8d963f8c528f,2025-01-22_02h41.48.695,VisualArraysMentalRotation_v4,2021.1.4,Win32,59.88023952,679054f2072d526265aabff2,67905ac76464654e6d4ddd1e,,,,,,,,,,,,,,,,,,,,,,,,,,,,,,"[45,45,45,90,90]","[45,-45,90,45,-45]",0.25,PracBlue_3,"[45,45,45,90,90]","[45,-45,-45,45,-45]",6,1,0.8414,0,5,5,14,1,BLUE,5,Different,6,1,,,,,,,,,,,,,,,,,,
,,,,,,,,,,,,,,,666640831e2f8d963f8c528f,2025-01-22_02h41.48.695,VisualArraysMentalRotation_v4,2021.1.4,Win32,59.88023952,679054f2072d526265aabff2,67905ac76464654e6d4ddd1e,,,,,,,,,,,,,,,,,,,,,,,,,,,,,,"[-45,0,-45,0,-45]","[-45,45,0,0,90]",0.25,PracRed_3,"[-45,0,-45,0,-45]","[-45,45,0,0,90]",6,0,0.5738,0,6,6,3,1,RED,5,Same,5,3,,,,,,,,,,,,,,,,,,
,,,,,,,,,,,,,,,666640831e2f8d963f8c528f,2025-01-22_02h41.48.695,VisualArraysMentalRotation_v4,2021.1.4,Win32,59.88023952,679054f2072d526265aabff2,67905ac76464654e6d4ddd1e,,,,,,,,,,,,,,,,,,,,,,,,,,,,,,"[45,-45,45,0,-45]","[45,90,-45,45,90]",0.25,PracRed_1,"[-45,-45,45,0,-45]","[45,90,-45,45,90]",5,0,0.4634,0,7,7,6,1,RED,5,Different,6,1,,,,,,,,,,,,,,,,,,
,,,,,,,,,,,,,,,666640831e2f8d963f8c528f,2025-01-22_02h41.48.695,VisualArraysMentalRotation_v4,2021.1.4,Win32,59.88023952,679054f2072d526265aabff2,67905ac76464654e6d4ddd1e,,,,,,,,,,,,,,,,,,,,,,,,,,,,,,"[0,-45,90,45,45]","[-45,45,90,45,0]",0.25,PracRed_1,"[0,-45,90,45,45]","[-45,45,90,45,0]",6,0,0.7852,0,8,8,0,1,RED,3,Same,5,1,,,,,,,,,,,,,,,,,,
,,,,,,,,,,,,,,,666640831e2f8d963f8c528f,2025-01-22_02h41.48.695,VisualArraysMentalRotation_v4,2021.1.4,Win32,59.88023952,679054f2072d526265aabff2,67905ac76464654e6d4ddd1e,,,,,,,,,,,,,,,,,,,,,,,,,,,,,,"[90,-45,45,45,0]","[90,45,-45,90,-45]",0.25,PracRed_1,"[0,-45,45,45,0]","[90,45,-45,90,-45]",5,0,0.6608,0,9,9,5,1,RED,3,Different,6,3,,,,,,,,,,,,,,,,,,
,,,,,,,,,,,,,,,666640831e2f8d963f8c528f,2025-01-22_02h41.48.695,VisualArraysMentalRotation_v4,2021.1.4,Win32,59.88023952,679054f2072d526265aabff2,67905ac76464654e6d4ddd1e,,,,,,,,,,,,,,,,,,,,,,,,,,,,,,"[-45,45,45,-45,0]","[-45,-45,0,45,-45]",0.25,PracBlue_3,"[-45,45,45,-45,0]","[-45,-45,90,45,-45]",6,1,0.6518,0,10,10,13,1,BLUE,3,Different,6,3,,,,,,,,,,,,,,,,,,
,,,,,,,,,,,,,,,666640831e2f8d963f8c528f,2025-01-22_02h41.48.695,VisualArraysMentalRotation_v4,2021.1.4,Win32,59.88023952,679054f2072d526265aabff2,67905ac76464654e6d4ddd1e,,,,,,,,,,,,,,,,,,,,,,,,,,,,,,"[45,45,90,90,0]","[0,0,45,45,-45]",0.25,PracBlue_5,"[45,45,90,90,0]","[0,0,45,45,-45]",5,1,0.4853,0,11,11,10,1,BLUE,5,Same,5,1,,,,,,,,,,,,,,,,,,
,,,,,,,,,,,,,,,666640831e2f8d963f8c528f,2025-01-22_02h41.48.695,VisualArraysMentalRotation_v4,2021.1.4,Win32,59.88023952,679054f2072d526265aabff2,67905ac76464654e6d4ddd1e,,,,,,,,,,,,,,,,,,,,,,,,,,,,,,"[90,0,0,45,45]","[90,45,-45,0,0]",0.25,PracBlue_3,"[90,0,0,45,45]","[90,45,-45,0,0]",5,1,0.4685,0,12,12,11,1,BLUE,5,Same,5,3,,,,,,,,,,,,,,,,,,
,,,,,,,,,,,,,,,666640831e2f8d963f8c528f,2025-01-22_02h41.48.695,VisualArraysMentalRotation_v4,2021.1.4,Win32,59.88023952,679054f2072d526265aabff2,67905ac76464654e6d4ddd1e,,,,,,,,,,,,,,,,,,,,,,,,,,,,,,"[-45,45,90,90,45]","[-45,90,0,-45,45]",0.25,PracRed_4,"[-45,45,90,45,45]","[-45,90,0,-45,45]",5,0,0.5687,0,13,13,7,1,RED,5,Different,6,3,,,,,,,,,,,,,,,,,,
,,,,,,,,,,,,,,,666640831e2f8d963f8c528f,2025-01-22_02h41.48.695,VisualArraysMentalRotation_v4,2021.1.4,Win32,59.88023952,679054f2072d526265aabff2,67905ac76464654e6d4ddd1e,,,,,,,,,,,,,,,,,,,,,,,,,,,,,,"[45,0,45,45,0]","[90,90,0,0,90]",0.25,PracBlue_2,"[45,0,45,45,0]","[90,45,0,0,90]",6,1,0.5849,0,14,14,15,1,BLUE,5,Different,6,3,,,,,,,,,,,,,,,,,,
,,,,,,,,,,,,,,,666640831e2f8d963f8c528f,2025-01-22_02h41.48.695,VisualArraysMentalRotation_v4,2021.1.4,Win32,59.88023952,679054f2072d526265aabff2,67905ac76464654e6d4ddd1e,,,,,,,,,,,,,,,,,,,,,,,,,,,,,,"[45,45,-45,0,45]","[45,0,45,90,90]",0.25,PracRed_3,"[45,45,-45,0,45]","[45,0,45,90,90]",5,1,0.4918,0,15,15,1,1,RED,3,Same,5,3,,,,,,,,,,,,,,,,,,
,,,,,,,,,,,,,,,666640831e2f8d963f8c528f,2025-01-22_02h41.48.695,VisualArraysMentalRotation_v4,2021.1.4,Win32,59.88023952,679054f2072d526265aabff2,67905ac76464654e6d4ddd1e,,,,,,,,,,,,,,,,,,,,,,,,,,,,,,,,,,,,,,,,,,,,,,,,,1,0,1,0,1,,,,,,,,,,,,,
,,,,,,,,,,,,,,,666640831e2f8d963f8c528f,2025-01-22_02h41.48.695,VisualArraysMentalRotation_v4,2021.1.4,Win32,59.88023952,679054f2072d526265aabff2,67905ac76464654e6d4ddd1e,,,,,,,,,,,,,,,,,,,,,,,,,,,,,,"[45,0,90,0,45]","[0,0,-45,-45,-45]",,Red_5,"[45,0,90,0,90]","[0,0,-45,-45,-45]",,,,,,,,,RED,5,Different,6,3,,,,,,6,1,0.8017,0,0,0,7,1,,,,,
,,,,,,,,,,,,,,,666640831e2f8d963f8c528f,2025-01-22_02h41.48.695,VisualArraysMentalRotation_v4,2021.1.4,Win32,59.88023952,679054f2072d526265aabff2,67905ac76464654e6d4ddd1e,,,,,,,,,,,,,,,,,,,,,,,,,,,,,,"[45,90,0,-45,-45]","[45,90,-45,0,-45]",,Red_1,"[45,90,0,-45,-45]","[45,90,-45,0,-45]",,,,,,,,,RED,3,Same,5,1,,,,,,5,1,0.6353,0,1,1,0,1,,,,,
,,,,,,,,,,,,,,,666640831e2f8d963f8c528f,2025-01-22_02h41.48.695,VisualArraysMentalRotation_v4,2021.1.4,Win32,59.88023952,679054f2072d526265aabff2,67905ac76464654e6d4ddd1e,,,,,,,,,,,,,,,,,,,,,,,,,,,,,,"[-45,45,90,0,-45]","[90,90,0,-45,90]",,Blue_4,"[-45,45,90,0,-45]","[90,90,0,0,90]",,,,,,,,,BLUE,5,Different,6,1,,,,,,6,1,0.5907,0,2,2,14,1,,,,,
,,,,,,,,,,,,,,,666640831e2f8d963f8c528f,2025-01-22_02h41.48.695,VisualArraysMentalRotation_v4,2021.1.4,Win32,59.88023952,679054f2072d526265aabff2,67905ac76464654e6d4ddd1e,,,,,,,,,,,,,,,,,,,,,,,,,,,,,,"[-45,-45,45,-45,0]","[45,45,90,0,0]",,Blue_4,"[-45,-45,45,-45,0]","[45,45,90,0,0]",,,,,,,,,BLUE,5,Same,5,3,,,,,,6,0,0.7727,0,3,3,11,1,,,,,
,,,,,,,,,,,,,,,666640831e2f8d963f8c528f,2025-01-22_02h41.48.695,VisualArraysMentalRotation_v4,2021.1.4,Win32,59.88023952,679054f2072d526265aabff2,67905ac76464654e6d4ddd1e,,,,,,,,,,,,,,,,,,,,,,,,,,,,,,"[-45,45,45,-45,0]","[-45,0,-45,90,0]",,Blue_1,"[-45,45,45,-45,0]","[-45,0,-45,90,0]",,,,,,,,,BLUE,5,Same,5,1,,,,,,5,1,0.7683,0,4,4,10,1,,,,,
,,,,,,,,,,,,,,,666640831e2f8d963f8c528f,2025-01-22_02h41.48.695,VisualArraysMentalRotation_v4,2021.1.4,Win32,59.88023952,679054f2072d526265aabff2,67905ac76464654e6d4ddd1e,,,,,,,,,,,,,,,,,,,,,,,,,,,,,,"[0,90,45,-45,-45]","[45,-45,90,45,0]",,Blue_1,"[0,90,45,-45,-45]","[0,-45,90,45,0]",,,,,,,,,BLUE,3,Different,6,3,,,,,,5,0,0.6685,0,5,5,13,1,,,,,
,,,,,,,,,,,,,,,666640831e2f8d963f8c528f,2025-01-22_02h41.48.695,VisualArraysMentalRotation_v4,2021.1.4,Win32,59.88023952,679054f2072d526265aabff2,67905ac76464654e6d4ddd1e,,,,,,,,,,,,,,,,,,,,,,,,,,,,,,"[-45,0,-45,45,90]","[45,0,0,-45,45]",,Red_3,"[-45,0,-45,45,90]","[45,0,0,-45,45]",,,,,,,,,RED,3,Same,5,3,,,,,,5,1,0.6258,0,6,6,1,1,,,,,
,,,,,,,,,,,,,,,666640831e2f8d963f8c528f,2025-01-22_02h41.48.695,VisualArraysMentalRotation_v4,2021.1.4,Win32,59.88023952,679054f2072d526265aabff2,67905ac76464654e6d4ddd1e,,,,,,,,,,,,,,,,,,,,,,,,,,,,,,"[0,90,0,0,0]","[90,-45,0,-45,-45]",,Red_2,"[0,45,0,0,0]","[90,-45,0,-45,-45]",,,,,,,,,RED,3,Different,6,3,,,,,,6,1,0.9354,0,7,7,5,1,,,,,
,,,,,,,,,,,,,,,666640831e2f8d963f8c528f,2025-01-22_02h41.48.695,VisualArraysMentalRotation_v4,2021.1.4,Win32,59.88023952,679054f2072d526265aabff2,67905ac76464654e6d4ddd1e,,,,,,,,,,,,,,,,,,,,,,,,,,,,,,"[45,-45,45,-45,45]","[-45,90,0,90,45]",,Red_1,"[45,-45,45,-45,45]","[-45,90,0,90,45]",,,,,,,,,RED,5,Same,5,3,,,,,,5,1,0.7521,0,8,8,3,1,,,,,
,,,,,,,,,,,,,,,666640831e2f8d963f8c528f,2025-01-22_02h41.48.695,VisualArraysMentalRotation_v4,2021.1.4,Win32,59.88023952,679054f2072d526265aabff2,67905ac76464654e6d4ddd1e,,,,,,,,,,,,,,,,,,,,,,,,,,,,,,"[90,0,0,45,0]","[45,0,-45,90,90]",,Blue_2,"[90,0,0,45,0]","[45,90,-45,90,90]",,,,,,,,,BLUE,5,Different,6,3,,,,,,6,1,0.7364,0,9,9,15,1,,,,,
,,,,,,,,,,,,,,,666640831e2f8d963f8c528f,2025-01-22_02h41.48.695,VisualArraysMentalRotation_v4,2021.1.4,Win32,59.88023952,679054f2072d526265aabff2,67905ac76464654e6d4ddd1e,,,,,,,,,,,,,,,,,,,,,,,,,,,,,,"[90,-45,-45,-45,-45]","[90,45,90,-45,-45]",,Blue_2,"[90,-45,-45,-45,-45]","[90,45,90,-45,-45]",,,,,,,,,BLUE,3,Same,5,3,,,,,,5,1,0.4683,0,10,10,9,1,,,,,
,,,,,,,,,,,,,,,666640831e2f8d963f8c528f,2025-01-22_02h41.48.695,VisualArraysMentalRotation_v4,2021.1.4,Win32,59.88023952,679054f2072d526265aabff2,67905ac76464654e6d4ddd1e,,,,,,,,,,,,,,,,,,,,,,,,,,,,,,"[-45,0,45,0,0]","[-45,45,-45,-45,45]",,Blue_1,"[-45,0,45,0,0]","[45,45,-45,-45,45]",,,,,,,,,BLUE,3,Different,6,1,,,,,,6,1,0.7894,0,11,11,12,1,,,,,
,,,,,,,,,,,,,,,666640831e2f8d963f8c528f,2025-01-22_02h41.48.695,VisualArraysMentalRotation_v4,2021.1.4,Win32,59.88023952,679054f2072d526265aabff2,67905ac76464654e6d4ddd1e,,,,,,,,,,,,,,,,,,,,,,,,,,,,,,"[-45,90,-45,45,90]","[0,0,45,0,45]",,Red_2,"[-45,45,-45,45,90]","[0,0,45,0,45]",,,,,,,,,RED,5,Different,6,1,,,,,,6,1,0.9686,0,12,12,6,1,,,,,
,,,,,,,,,,,,,,,666640831e2f8d963f8c528f,2025-01-22_02h41.48.695,VisualArraysMentalRotation_v4,2021.1.4,Win32,59.88023952,679054f2072d526265aabff2,67905ac76464654e6d4ddd1e,,,,,,,,,,,,,,,,,,,,,,,,,,,,,,"[0,0,-45,-45,-45]","[90,-45,90,0,0]",,Red_2,"[0,-45,-45,-45,-45]","[90,-45,90,0,0]",,,,,,,,,RED,3,Different,6,1,,,,,,6,1,0.6855,0,13,13,4,1,,,,,
,,,,,,,,,,,,,,,666640831e2f8d963f8c528f,2025-01-22_02h41.48.695,VisualArraysMentalRotation_v4,2021.1.4,Win32,59.88023952,679054f2072d526265aabff2,67905ac76464654e6d4ddd1e,,,,,,,,,,,,,,,,,,,,,,,,,,,,,,"[-45,-45,-45,-45,45]","[-45,0,0,0,90]",,Blue_1,"[-45,-45,-45,-45,45]","[-45,0,0,0,90]",,,,,,,,,BLUE,3,Same,5,1,,,,,,5,1,0.5235,0,14,14,8,1,,,,,
,,,,,,,,,,,,,,,666640831e2f8d963f8c528f,2025-01-22_02h41.48.695,VisualArraysMentalRotation_v4,2021.1.4,Win32,59.88023952,679054f2072d526265aabff2,67905ac76464654e6d4ddd1e,,,,,,,,,,,,,,,,,,,,,,,,,,,,,,"[-45,-45,90,90,90]","[45,90,0,-45,0]",,Red_1,"[-45,-45,90,90,90]","[45,90,0,-45,0]",,,,,,,,,RED,5,Same,5,1,,,,,,5,1,0.8682,0,15,15,2,1,,,,,
,,,,,,,,,,,,,,,666640831e2f8d963f8c528f,2025-01-22_02h41.48.695,VisualArraysMentalRotation_v4,2021.1.4,Win32,59.88023952,679054f2072d526265aabff2,67905ac76464654e6d4ddd1e,,,,,,,,,,,,,,,,,,,,,,,,,,,,,,"[-45,-45,90,45,0]","[45,45,-45,90,-45]",,Red_5,"[-45,-45,90,45,0]","[45,45,-45,90,-45]",,,,,,,,,RED,5,Same,5,3,,,,,,5,1,1.3018,1,0,16,3,1,,,,,
,,,,,,,,,,,,,,,666640831e2f8d963f8c528f,2025-01-22_02h41.48.695,VisualArraysMentalRotation_v4,2021.1.4,Win32,59.88023952,679054f2072d526265aabff2,67905ac76464654e6d4ddd1e,,,,,,,,,,,,,,,,,,,,,,,,,,,,,,"[90,45,45,-45,90]","[45,45,45,-45,0]",,Blue_3,"[90,45,45,-45,90]","[45,45,45,-45,0]",,,,,,,,,BLUE,3,Same,5,3,,,,,,5,1,0.6519,1,1,17,9,1,,,,,
,,,,,,,,,,,,,,,666640831e2f8d963f8c528f,2025-01-22_02h41.48.695,VisualArraysMentalRotation_v4,2021.1.4,Win32,59.88023952,679054f2072d526265aabff2,67905ac76464654e6d4ddd1e,,,,,,,,,,,,,,,,,,,,,,,,,,,,,,"[0,90,45,45,0]","[-45,-45,90,-45,45]",,Blue_1,"[0,90,45,45,0]","[90,-45,90,-45,45]",,,,,,,,,BLUE,3,Different,6,3,,,,,,6,1,0.8439,1,2,18,13,1,,,,,
,,,,,,,,,,,,,,,666640831e2f8d963f8c528f,2025-01-22_02h41.48.695,VisualArraysMentalRotation_v4,2021.1.4,Win32,59.88023952,679054f2072d526265aabff2,67905ac76464654e6d4ddd1e,,,,,,,,,,,,,,,,,,,,,,,,,,,,,,"[45,-45,0,45,45]","[0,90,90,45,45]",,Blue_5,"[45,-45,0,45,45]","[0,90,90,45,-45]",,,,,,,,,BLUE,5,Different,6,3,,,,,,6,1,0.8349,1,3,19,15,1,,,,,
,,,,,,,,,,,,,,,666640831e2f8d963f8c528f,2025-01-22_02h41.48.695,VisualArraysMentalRotation_v4,2021.1.4,Win32,59.88023952,679054f2072d526265aabff2,67905ac76464654e6d4ddd1e,,,,,,,,,,,,,,,,,,,,,,,,,,,,,,"[-45,45,45,-45,90]","[45,45,90,-45,0]",,Red_3,"[-45,45,0,-45,90]","[45,45,90,-45,0]",,,,,,,,,RED,3,Different,6,3,,,,,,6,1,0.7035,1,4,20,5,1,,,,,
,,,,,,,,,,,,,,,666640831e2f8d963f8c528f,2025-01-22_02h41.48.695,VisualArraysMentalRotation_v4,2021.1.4,Win32,59.88023952,679054f2072d526265aabff2,67905ac76464654e6d4ddd1e,,,,,,,,,,,,,,,,,,,,,,,,,,,,,,"[0,-45,45,90,45]","[90,-45,-45,45,45]",,Red_2,"[0,-45,45,90,45]","[90,-45,-45,45,45]",,,,,,,,,RED,5,Same,5,1,,,,,,5,1,0.6049,1,5,21,2,1,,,,,
,,,,,,,,,,,,,,,666640831e2f8d963f8c528f,2025-01-22_02h41.48.695,VisualArraysMentalRotation_v4,2021.1.4,Win32,59.88023952,679054f2072d526265aabff2,67905ac76464654e6d4ddd1e,,,,,,,,,,,,,,,,,,,,,,,,,,,,,,"[-45,45,90,45,0]","[90,45,90,-45,90]",,Blue_2,"[-45,45,90,45,0]","[90,0,90,-45,90]",,,,,,,,,BLUE,3,Different,6,1,,,,,,6,1,0.6355,1,6,22,12,1,,,,,
,,,,,,,,,,,,,,,666640831e2f8d963f8c528f,2025-01-22_02h41.48.695,VisualArraysMentalRotation_v4,2021.1.4,Win32,59.88023952,679054f2072d526265aabff2,67905ac76464654e6d4ddd1e,,,,,,,,,,,,,,,,,,,,,,,,,,,,,,"[90,45,90,0,45]","[90,45,0,45,90]",,Red_3,"[90,45,-45,0,45]","[90,45,0,45,90]",,,,,,,,,RED,5,Different,6,3,,,,,,5,0,1.0019,1,7,23,7,1,,,,,
,,,,,,,,,,,,,,,666640831e2f8d963f8c528f,2025-01-22_02h41.48.695,VisualArraysMentalRotation_v4,2021.1.4,Win32,59.88023952,679054f2072d526265aabff2,67905ac76464654e6d4ddd1e,,,,,,,,,,,,,,,,,,,,,,,,,,,,,,"[0,45,0,-45,45]","[90,-45,45,0,0]",,Red_3,"[0,45,0,-45,45]","[90,-45,45,0,0]",,,,,,,,,RED,3,Same,5,3,,,,,,5,1,0.5186,1,8,24,1,1,,,,,
,,,,,,,,,,,,,,,666640831e2f8d963f8c528f,2025-01-22_02h41.48.695,VisualArraysMentalRotation_v4,2021.1.4,Win32,59.88023952,679054f2072d526265aabff2,67905ac76464654e6d4ddd1e,,,,,,,,,,,,,,,,,,,,,,,,,,,,,,"[90,45,90,90,-45]","[0,0,45,-45,-45]",,Red_1,"[0,45,90,90,-45]","[0,0,45,-45,-45]",,,,,,,,,RED,3,Different,6,1,,,,,,6,1,0.7351,1,9,25,4,1,,,,,
,,,,,,,,,,,,,,,666640831e2f8d963f8c528f,2025-01-22_02h41.48.695,VisualArraysMentalRotation_v4,2021.1.4,Win32,59.88023952,679054f2072d526265aabff2,67905ac76464654e6d4ddd1e,,,,,,,,,,,,,,,,,,,,,,,,,,,,,,"[90,45,-45,-45,0]","[45,45,45,-45,-45]",,Blue_1,"[90,45,-45,-45,0]","[45,45,45,-45,-45]",,,,,,,,,BLUE,3,Same,5,1,,,,,,5,1,0.5917,1,10,26,8,1,,,,,
,,,,,,,,,,,,,,,666640831e2f8d963f8c528f,2025-01-22_02h41.48.695,VisualArraysMentalRotation_v4,2021.1.4,Win32,59.88023952,679054f2072d526265aabff2,67905ac76464654e6d4ddd1e,,,,,,,,,,,,,,,,,,,,,,,,,,,,,,"[90,-45,45,0,-45]","[0,45,45,45,-45]",,Red_3,"[90,-45,45,0,-45]","[0,45,45,45,-45]",,,,,,,,,RED,3,Same,5,1,,,,,,5,1,0.5909,1,11,27,0,1,,,,,
,,,,,,,,,,,,,,,666640831e2f8d963f8c528f,2025-01-22_02h41.48.695,VisualArraysMentalRotation_v4,2021.1.4,Win32,59.88023952,679054f2072d526265aabff2,67905ac76464654e6d4ddd1e,,,,,,,,,,,,,,,,,,,,,,,,,,,,,,"[45,-45,0,90,45]","[-45,-45,45,-45,90]",,Blue_3,"[45,-45,0,90,45]","[-45,-45,0,-45,90]",,,,,,,,,BLUE,5,Different,6,1,,,,,,6,1,0.6348,1,12,28,14,1,,,,,
,,,,,,,,,,,,,,,666640831e2f8d963f8c528f,2025-01-22_02h41.48.695,VisualArraysMentalRotation_v4,2021.1.4,Win32,59.88023952,679054f2072d526265aabff2,67905ac76464654e6d4ddd1e,,,,,,,,,,,,,,,,,,,,,,,,,,,,,,"[45,45,-45,-45,90]","[45,90,45,-45,-45]",,Blue_3,"[45,45,-45,-45,90]","[45,90,45,-45,-45]",,,,,,,,,BLUE,5,Same,5,3,,,,,,5,1,0.4853,1,13,29,11,1,,,,,
,,,,,,,,,,,,,,,666640831e2f8d963f8c528f,2025-01-22_02h41.48.695,VisualArraysMentalRotation_v4,2021.1.4,Win32,59.88023952,679054f2072d526265aabff2,67905ac76464654e6d4ddd1e,,,,,,,,,,,,,,,,,,,,,,,,,,,,,,"[-45,45,90,0,-45]","[90,90,-45,90,45]",,Red_5,"[-45,45,90,0,0]","[90,90,-45,90,45]",,,,,,,,,RED,5,Different,6,1,,,,,,6,1,0.8521,1,14,30,6,1,,,,,
,,,,,,,,,,,,,,,666640831e2f8d963f8c528f,2025-01-22_02h41.48.695,VisualArraysMentalRotation_v4,2021.1.4,Win32,59.88023952,679054f2072d526265aabff2,67905ac76464654e6d4ddd1e,,,,,,,,,,,,,,,,,,,,,,,,,,,,,,"[0,45,-45,90,45]","[90,0,0,45,0]",,Blue_3,"[0,45,-45,90,45]","[90,0,0,45,0]",,,,,,,,,BLUE,5,Same,5,1,,,,,,5,1,0.7351,1,15,31,10,1,,,,,
,,,,,,,,,,,,,,,666640831e2f8d963f8c528f,2025-01-22_02h41.48.695,VisualArraysMentalRotation_v4,2021.1.4,Win32,59.88023952,679054f2072d526265aabff2,67905ac76464654e6d4ddd1e,,,,,,,,,,,,,,,,,,,,,,,,,,,,,,"[-45,-45,-45,0,0]","[-45,45,0,90,-45]",,Red_3,"[-45,-45,90,0,0]","[-45,45,0,90,-45]",,,,,,,,,RED,5,Different,6,3,,,,,,5,0,0.8592,2,0,32,7,1,,,,,
,,,,,,,,,,,,,,,666640831e2f8d963f8c528f,2025-01-22_02h41.48.695,VisualArraysMentalRotation_v4,2021.1.4,Win32,59.88023952,679054f2072d526265aabff2,67905ac76464654e6d4ddd1e,,,,,,,,,,,,,,,,,,,,,,,,,,,,,,"[90,90,-45,45,45]","[45,-45,90,90,90]",,Blue_2,"[90,90,-45,45,45]","[45,-45,90,90,90]",,,,,,,,,BLUE,3,Same,5,1,,,,,,5,1,0.6518,2,1,33,8,1,,,,,
,,,,,,,,,,,,,,,666640831e2f8d963f8c528f,2025-01-22_02h41.48.695,VisualArraysMentalRotation_v4,2021.1.4,Win32,59.88023952,679054f2072d526265aabff2,67905ac76464654e6d4ddd1e,,,,,,,,,,,,,,,,,,,,,,,,,,,,,,"[-45,90,0,0,45]","[-45,-45,45,0,-45]",,Blue_1,"[-45,90,0,0,45]","[90,-45,45,0,-45]",,,,,,,,,BLUE,3,Different,6,3,,,,,,6,1,0.635,2,2,34,13,1,,,,,
,,,,,,,,,,,,,,,666640831e2f8d963f8c528f,2025-01-22_02h41.48.695,VisualArraysMentalRotation_v4,2021.1.4,Win32,59.88023952,679054f2072d526265aabff2,67905ac76464654e6d4ddd1e,,,,,,,,,,,,,,,,,,,,,,,,,,,,,,"[0,0,0,-45,-45]","[-45,-45,45,90,90]",,Red_3,"[0,0,-45,-45,-45]","[-45,-45,45,90,90]",,,,,,,,,RED,3,Different,6,3,,,,,,5,0,0.6706,2,3,35,5,1,,,,,
,,,,,,,,,,,,,,,666640831e2f8d963f8c528f,2025-01-22_02h41.48.695,VisualArraysMentalRotation_v4,2021.1.4,Win32,59.88023952,679054f2072d526265aabff2,67905ac76464654e6d4ddd1e,,,,,,,,,,,,,,,,,,,,,,,,,,,,,,"[45,-45,45,90,-45]","[0,45,-45,90,45]",,Red_1,"[45,-45,45,90,-45]","[0,45,-45,90,45]",,,,,,,,,RED,3,Same,5,1,,,,,,5,1,1.0418,2,4,36,0,1,,,,,
,,,,,,,,,,,,,,,666640831e2f8d963f8c528f,2025-01-22_02h41.48.695,VisualArraysMentalRotation_v4,2021.1.4,Win32,59.88023952,679054f2072d526265aabff2,67905ac76464654e6d4ddd1e,,,,,,,,,,,,,,,,,,,,,,,,,,,,,,"[0,90,-45,90,-45]","[45,0,-45,-45,90]",,Red_1,"[-45,90,-45,90,-45]","[45,0,-45,-45,90]",,,,,,,,,RED,5,Different,6,1,,,,,,6,1,0.7355,2,5,37,6,1,,,,,
,,,,,,,,,,,,,,,666640831e2f8d963f8c528f,2025-01-22_02h41.48.695,VisualArraysMentalRotation_v4,2021.1.4,Win32,59.88023952,679054f2072d526265aabff2,67905ac76464654e6d4ddd1e,,,,,,,,,,,,,,,,,,,,,,,,,,,,,,"[0,-45,45,-45,45]","[45,90,0,-45,0]",,Red_4,"[0,-45,45,-45,45]","[45,90,0,-45,0]",,,,,,,,,RED,5,Same,5,3,,,,,,5,1,0.5467,2,6,38,3,1,,,,,
,,,,,,,,,,,,,,,666640831e2f8d963f8c528f,2025-01-22_02h41.48.695,VisualArraysMentalRotation_v4,2021.1.4,Win32,59.88023952,679054f2072d526265aabff2,67905ac76464654e6d4ddd1e,,,,,,,,,,,,,,,,,,,,,,,,,,,,,,"[-45,45,45,45,45]","[0,0,0,45,90]",,Red_1,"[-45,45,45,45,45]","[0,0,0,45,90]",,,,,,,,,RED,3,Same,5,3,,,,,,5,1,1.0025,2,7,39,1,1,,,,,
,,,,,,,,,,,,,,,666640831e2f8d963f8c528f,2025-01-22_02h41.48.695,VisualArraysMentalRotation_v4,2021.1.4,Win32,59.88023952,679054f2072d526265aabff2,67905ac76464654e6d4ddd1e,,,,,,,,,,,,,,,,,,,,,,,,,,,,,,"[90,0,90,45,0]","[0,0,0,90,90]",,Red_1,"[-45,0,90,45,0]","[0,0,0,90,90]",,,,,,,,,RED,3,Different,6,1,,,,,,6,1,1.2621,2,8,40,4,1,,,,,
,,,,,,,,,,,,,,,666640831e2f8d963f8c528f,2025-01-22_02h41.48.695,VisualArraysMentalRotation_v4,2021.1.4,Win32,59.88023952,679054f2072d526265aabff2,67905ac76464654e6d4ddd1e,,,,,,,,,,,,,,,,,,,,,,,,,,,,,,"[-45,-45,0,90,0]","[0,90,90,45,0]",,Blue_1,"[-45,-45,0,90,0]","[0,90,90,45,0]",,,,,,,,,BLUE,3,Same,5,3,,,,,,5,1,0.5016,2,9,41,9,1,,,,,
,,,,,,,,,,,,,,,666640831e2f8d963f8c528f,2025-01-22_02h41.48.695,VisualArraysMentalRotation_v4,2021.1.4,Win32,59.88023952,679054f2072d526265aabff2,67905ac76464654e6d4ddd1e,,,,,,,,,,,,,,,,,,,,,,,,,,,,,,"[0,90,45,-45,45]","[-45,45,0,45,90]",,Blue_2,"[0,90,45,-45,45]","[-45,45,0,45,90]",,,,,,,,,BLUE,5,Same,5,1,,,,,,6,0,1.069,2,10,42,10,1,,,,,
,,,,,,,,,,,,,,,666640831e2f8d963f8c528f,2025-01-22_02h41.48.695,VisualArraysMentalRotation_v4,2021.1.4,Win32,59.88023952,679054f2072d526265aabff2,67905ac76464654e6d4ddd1e,,,,,,,,,,,,,,,,,,,,,,,,,,,,,,"[0,90,45,-45,0]","[0,-45,90,45,90]",,Red_3,"[0,90,45,-45,0]","[0,-45,90,45,90]",,,,,,,,,RED,5,Same,5,1,,,,,,5,1,0.8857,2,11,43,2,1,,,,,
,,,,,,,,,,,,,,,666640831e2f8d963f8c528f,2025-01-22_02h41.48.695,VisualArraysMentalRotation_v4,2021.1.4,Win32,59.88023952,679054f2072d526265aabff2,67905ac76464654e6d4ddd1e,,,,,,,,,,,,,,,,,,,,,,,,,,,,,,"[90,0,90,0,0]","[45,-45,90,90,45]",,Blue_4,"[90,0,90,0,0]","[45,-45,90,0,45]",,,,,,,,,BLUE,5,Different,6,3,,,,,,5,0,1.2023,2,12,44,15,1,,,,,
,,,,,,,,,,,,,,,666640831e2f8d963f8c528f,2025-01-22_02h41.48.695,VisualArraysMentalRotation_v4,2021.1.4,Win32,59.88023952,679054f2072d526265aabff2,67905ac76464654e6d4ddd1e,,,,,,,,,,,,,,,,,,,,,,,,,,,,,,"[-45,90,90,0,-45]","[90,90,45,-45,45]",,Blue_4,"[-45,90,90,0,-45]","[90,90,45,45,45]",,,,,,,,,BLUE,5,Different,6,1,,,,,,6,1,1.2538,2,13,45,14,1,,,,,
,,,,,,,,,,,,,,,666640831e2f8d963f8c528f,2025-01-22_02h41.48.695,VisualArraysMentalRotation_v4,2021.1.4,Win32,59.88023952,679054f2072d526265aabff2,67905ac76464654e6d4ddd1e,,,,,,,,,,,,,,,,,,,,,,,,,,,,,,"[45,0,90,0,-45]","[-45,45,90,0,-45]",,Blue_1,"[45,0,90,0,-45]","[0,45,90,0,-45]",,,,,,,,,BLUE,3,Different,6,1,,,,,,6,1,0.9189,2,14,46,12,1,,,,,
,,,,,,,,,,,,,,,666640831e2f8d963f8c528f,2025-01-22_02h41.48.695,VisualArraysMentalRotation_v4,2021.1.4,Win32,59.88023952,679054f2072d526265aabff2,67905ac76464654e6d4ddd1e,,,,,,,,,,,,,,,,,,,,,,,,,,,,,,"[90,45,-45,45,45]","[45,45,0,90,90]",,Blue_2,"[90,45,-45,45,45]","[45,45,0,90,90]",,,,,,,,,BLUE,5,Same,5,3,,,,,,5,1,0.8235,2,15,47,11,1,,,,,
,,,,,,,,,,,,,,,666640831e2f8d963f8c528f,2025-01-22_02h41.48.695,VisualArraysMentalRotation_v4,2021.1.4,Win32,59.88023952,679054f2072d526265aabff2,67905ac76464654e6d4ddd1e,,,,,,,,,,,,,,,,,,,,,,,,,,,,,,"[45,-45,45,45,0]","[0,45,-45,-45,-45]",,Red_3,"[45,-45,90,45,0]","[0,45,-45,-45,-45]",,,,,,,,,RED,5,Different,6,1,,,,,,5,0,0.8683,3,0,48,6,1,,,,,
,,,,,,,,,,,,,,,666640831e2f8d963f8c528f,2025-01-22_02h41.48.695,VisualArraysMentalRotation_v4,2021.1.4,Win32,59.88023952,679054f2072d526265aabff2,67905ac76464654e6d4ddd1e,,,,,,,,,,,,,,,,,,,,,,,,,,,,,,"[45,0,0,0,45]","[90,45,90,90,45]",,Blue_2,"[45,0,0,0,45]","[90,90,90,90,45]",,,,,,,,,BLUE,3,Different,6,1,,,,,,6,1,0.8015,3,1,49,12,1,,,,,
,,,,,,,,,,,,,,,666640831e2f8d963f8c528f,2025-01-22_02h41.48.695,VisualArraysMentalRotation_v4,2021.1.4,Win32,59.88023952,679054f2072d526265aabff2,67905ac76464654e6d4ddd1e,,,,,,,,,,,,,,,,,,,,,,,,,,,,,,"[-45,45,-45,-45,0]","[0,-45,90,0,90]",,Red_1,"[90,45,-45,-45,0]","[0,-45,90,0,90]",,,,,,,,,RED,3,Different,6,3,,,,,,6,1,0.6683,3,2,50,5,1,,,,,
,,,,,,,,,,,,,,,666640831e2f8d963f8c528f,2025-01-22_02h41.48.695,VisualArraysMentalRotation_v4,2021.1.4,Win32,59.88023952,679054f2072d526265aabff2,67905ac76464654e6d4ddd1e,,,,,,,,,,,,,,,,,,,,,,,,,,,,,,"[90,0,90,-45,0]","[90,45,-45,-45,90]",,Blue_2,"[90,0,90,-45,0]","[90,0,-45,-45,90]",,,,,,,,,BLUE,5,Different,6,1,,,,,,6,1,1.0566,3,3,51,14,1,,,,,
,,,,,,,,,,,,,,,666640831e2f8d963f8c528f,2025-01-22_02h41.48.695,VisualArraysMentalRotation_v4,2021.1.4,Win32,59.88023952,679054f2072d526265aabff2,67905ac76464654e6d4ddd1e,,,,,,,,,,,,,,,,,,,,,,,,,,,,,,"[0,0,0,90,45]","[90,90,-45,45,-45]",,Blue_3,"[0,0,0,90,45]","[90,90,0,45,-45]",,,,,,,,,BLUE,3,Different,6,3,,,,,,6,1,0.5284,3,4,52,13,1,,,,,
,,,,,,,,,,,,,,,666640831e2f8d963f8c528f,2025-01-22_02h41.48.695,VisualArraysMentalRotation_v4,2021.1.4,Win32,59.88023952,679054f2072d526265aabff2,67905ac76464654e6d4ddd1e,,,,,,,,,,,,,,,,,,,,,,,,,,,,,,"[90,45,0,0,0]","[-45,45,45,45,45]",,Red_3,"[90,45,0,0,0]","[-45,45,45,45,45]",,,,,,,,,RED,5,Same,5,3,,,,,,5,1,0.8712,3,5,53,3,1,,,,,
,,,,,,,,,,,,,,,666640831e2f8d963f8c528f,2025-01-22_02h41.48.695,VisualArraysMentalRotation_v4,2021.1.4,Win32,59.88023952,679054f2072d526265aabff2,67905ac76464654e6d4ddd1e,,,,,,,,,,,,,,,,,,,,,,,,,,,,,,"[90,90,0,90,90]","[-45,-45,-45,-45,45]",,Red_3,"[90,90,0,90,90]","[-45,-45,-45,-45,45]",,,,,,,,,RED,3,Same,5,3,,,,,,5,1,0.7018,3,6,54,1,1,,,,,
,,,,,,,,,,,,,,,666640831e2f8d963f8c528f,2025-01-22_02h41.48.695,VisualArraysMentalRotation_v4,2021.1.4,Win32,59.88023952,679054f2072d526265aabff2,67905ac76464654e6d4ddd1e,,,,,,,,,,,,,,,,,,,,,,,,,,,,,,"[-45,-45,90,-45,-45]","[90,90,-45,90,0]",,Blue_2,"[-45,-45,90,-45,-45]","[90,90,-45,90,0]",,,,,,,,,BLUE,3,Same,5,1,,,,,,5,1,0.5684,3,7,55,8,1,,,,,
,,,,,,,,,,,,,,,666640831e2f8d963f8c528f,2025-01-22_02h41.48.695,VisualArraysMentalRotation_v4,2021.1.4,Win32,59.88023952,679054f2072d526265aabff2,67905ac76464654e6d4ddd1e,,,,,,,,,,,,,,,,,,,,,,,,,,,,,,"[-45,90,45,45,90]","[-45,-45,45,0,90]",,Red_2,"[-45,0,45,45,90]","[-45,-45,45,0,90]",,,,,,,,,RED,3,Different,6,1,,,,,,6,1,0.675,3,8,56,4,1,,,,,
,,,,,,,,,,,,,,,666640831e2f8d963f8c528f,2025-01-22_02h41.48.695,VisualArraysMentalRotation_v4,2021.1.4,Win32,59.88023952,679054f2072d526265aabff2,67905ac76464654e6d4ddd1e,,,,,,,,,,,,,,,,,,,,,,,,,,,,,,"[0,-45,-45,90,-45]","[90,45,45,90,-45]",,Blue_5,"[0,-45,-45,90,-45]","[90,45,45,90,45]",,,,,,,,,BLUE,5,Different,6,3,,,,,,6,1,0.6354,3,9,57,15,1,,,,,
,,,,,,,,,,,,,,,666640831e2f8d963f8c528f,2025-01-22_02h41.48.695,VisualArraysMentalRotation_v4,2021.1.4,Win32,59.88023952,679054f2072d526265aabff2,67905ac76464654e6d4ddd1e,,,,,,,,,,,,,,,,,,,,,,,,,,,,,,"[-45,-45,0,90,45]","[-45,-45,90,90,90]",,Red_3,"[-45,-45,0,90,45]","[-45,-45,90,90,90]",,,,,,,,,RED,5,Same,5,1,,,,,,6,0,0.885,3,10,58,2,1,,,,,
,,,,,,,,,,,,,,,666640831e2f8d963f8c528f,2025-01-22_02h41.48.695,VisualArraysMentalRotation_v4,2021.1.4,Win32,59.88023952,679054f2072d526265aabff2,67905ac76464654e6d4ddd1e,,,,,,,,,,,,,,,,,,,,,,,,,,,,,,"[0,90,45,0,0]","[90,90,-45,0,45]",,Blue_3,"[0,90,45,0,0]","[90,90,-45,0,45]",,,,,,,,,BLUE,5,Same,5,3,,,,,,5,1,0.8024,3,11,59,11,1,,,,,
,,,,,,,,,,,,,,,666640831e2f8d963f8c528f,2025-01-22_02h41.48.695,VisualArraysMentalRotation_v4,2021.1.4,Win32,59.88023952,679054f2072d526265aabff2,67905ac76464654e6d4ddd1e,,,,,,,,,,,,,,,,,,,,,,,,,,,,,,"[0,90,0,45,0]","[-45,-45,45,-45,0]",,Red_1,"[0,90,0,45,0]","[-45,-45,45,-45,0]",,,,,,,,,RED,3,Same,5,1,,,,,,5,1,0.6183,3,12,60,0,1,,,,,
,,,,,,,,,,,,,,,666640831e2f8d963f8c528f,2025-01-22_02h41.48.695,VisualArraysMentalRotation_v4,2021.1.4,Win32,59.88023952,679054f2072d526265aabff2,67905ac76464654e6d4ddd1e,,,,,,,,,,,,,,,,,,,,,,,,,,,,,,"[-45,-45,45,45,45]","[45,90,0,90,90]",,Blue_2,"[-45,-45,45,45,45]","[45,90,0,90,90]",,,,,,,,,BLUE,3,Same,5,3,,,,,,5,1,0.702,3,13,61,9,1,,,,,
,,,,,,,,,,,,,,,666640831e2f8d963f8c528f,2025-01-22_02h41.48.695,VisualArraysMentalRotation_v4,2021.1.4,Win32,59.88023952,679054f2072d526265aabff2,67905ac76464654e6d4ddd1e,,,,,,,,,,,,,,,,,,,,,,,,,,,,,,"[45,45,90,-45,0]","[0,45,-45,-45,-45]",,Red_5,"[45,45,90,-45,45]","[0,45,-45,-45,-45]",,,,,,,,,RED,5,Different,6,3,,,,,,5,0,0.8768,3,14,62,7,1,,,,,
,,,,,,,,,,,,,,,666640831e2f8d963f8c528f,2025-01-22_02h41.48.695,VisualArraysMentalRotation_v4,2021.1.4,Win32,59.88023952,679054f2072d526265aabff2,67905ac76464654e6d4ddd1e,,,,,,,,,,,,,,,,,,,,,,,,,,,,,,"[0,0,45,45,45]","[90,45,90,90,0]",,Blue_3,"[0,0,45,45,45]","[90,45,90,90,0]",,,,,,,,,BLUE,5,Same,5,1,,,,,,5,1,0.7705,3,15,63,10,1,,,,,
,,,,,,,,,,,,,,,666640831e2f8d963f8c528f,2025-01-22_02h41.48.695,VisualArraysMentalRotation_v4,2021.1.4,Win32,59.88023952,679054f2072d526265aabff2,67905ac76464654e6d4ddd1e,,,,,,,,,,,,,,,,,,,,,,,,,,,,,,"[0,90,90,0,45]","[-45,-45,90,-45,-45]",,Blue_3,"[0,90,90,0,45]","[-45,-45,0,-45,-45]",,,,,,,,,BLUE,3,Different,6,3,,,,,,6,1,0.7019,4,0,64,13,1,,,,,
,,,,,,,,,,,,,,,666640831e2f8d963f8c528f,2025-01-22_02h41.48.695,VisualArraysMentalRotation_v4,2021.1.4,Win32,59.88023952,679054f2072d526265aabff2,67905ac76464654e6d4ddd1e,,,,,,,,,,,,,,,,,,,,,,,,,,,,,,"[45,45,45,-45,0]","[45,0,45,90,90]",,Blue_2,"[45,45,45,-45,0]","[45,0,45,90,90]",,,,,,,,,BLUE,5,Same,5,3,,,,,,5,1,0.9266,4,1,65,11,1,,,,,
,,,,,,,,,,,,,,,666640831e2f8d963f8c528f,2025-01-22_02h41.48.695,VisualArraysMentalRotation_v4,2021.1.4,Win32,59.88023952,679054f2072d526265aabff2,67905ac76464654e6d4ddd1e,,,,,,,,,,,,,,,,,,,,,,,,,,,,,,"[90,0,0,-45,45]","[0,45,90,-45,-45]",,Blue_5,"[90,0,0,-45,45]","[0,45,90,-45,-45]",,,,,,,,,BLUE,5,Same,5,1,,,,,,5,1,0.6352,4,2,66,10,1,,,,,
,,,,,,,,,,,,,,,666640831e2f8d963f8c528f,2025-01-22_02h41.48.695,VisualArraysMentalRotation_v4,2021.1.4,Win32,59.88023952,679054f2072d526265aabff2,67905ac76464654e6d4ddd1e,,,,,,,,,,,,,,,,,,,,,,,,,,,,,,"[45,45,90,-45,45]","[-45,45,90,90,90]",,Red_1,"[90,45,90,-45,45]","[-45,45,90,90,90]",,,,,,,,,RED,5,Different,6,1,,,,,,6,1,0.735,4,3,67,6,1,,,,,
,,,,,,,,,,,,,,,666640831e2f8d963f8c528f,2025-01-22_02h41.48.695,VisualArraysMentalRotation_v4,2021.1.4,Win32,59.88023952,679054f2072d526265aabff2,67905ac76464654e6d4ddd1e,,,,,,,,,,,,,,,,,,,,,,,,,,,,,,"[45,90,0,-45,45]","[0,90,0,90,45]",,Red_1,"[-45,90,0,-45,45]","[0,90,0,90,45]",,,,,,,,,RED,5,Different,6,3,,,,,,6,1,0.9355,4,4,68,7,1,,,,,
,,,,,,,,,,,,,,,666640831e2f8d963f8c528f,2025-01-22_02h41.48.695,VisualArraysMentalRotation_v4,2021.1.4,Win32,59.88023952,679054f2072d526265aabff2,67905ac76464654e6d4ddd1e,,,,,,,,,,,,,,,,,,,,,,,,,,,,,,"[-45,0,0,0,0]","[0,90,-45,45,0]",,Red_2,"[-45,0,0,0,0]","[0,90,-45,45,0]",,,,,,,,,RED,3,Same,5,1,,,,,,5,1,0.724,4,5,69,0,1,,,,,
,,,,,,,,,,,,,,,666640831e2f8d963f8c528f,2025-01-22_02h41.48.695,VisualArraysMentalRotation_v4,2021.1.4,Win32,59.88023952,679054f2072d526265aabff2,67905ac76464654e6d4ddd1e,,,,,,,,,,,,,,,,,,,,,,,,,,,,,,"[90,90,45,0,0]","[90,45,45,0,45]",,Blue_1,"[90,90,45,0,0]","[90,45,45,0,45]",,,,,,,,,BLUE,3,Same,5,3,,,,,,5,1,0.669,4,6,70,9,1,,,,,
,,,,,,,,,,,,,,,666640831e2f8d963f8c528f,2025-01-22_02h41.48.695,VisualArraysMentalRotation_v4,2021.1.4,Win32,59.88023952,679054f2072d526265aabff2,67905ac76464654e6d4ddd1e,,,,,,,,,,,,,,,,,,,,,,,,,,,,,,"[90,0,-45,0,0]","[45,-45,-45,90,0]",,Blue_3,"[90,0,-45,0,0]","[45,-45,-45,90,0]",,,,,,,,,BLUE,3,Same,5,1,,,,,,5,1,0.6187,4,7,71,8,1,,,,,
,,,,,,,,,,,,,,,666640831e2f8d963f8c528f,2025-01-22_02h41.48.695,VisualArraysMentalRotation_v4,2021.1.4,Win32,59.88023952,679054f2072d526265aabff2,67905ac76464654e6d4ddd1e,,,,,,,,,,,,,,,,,,,,,,,,,,,,,,"[90,-45,0,-45,90]","[90,0,-45,90,0]",,Red_2,"[90,-45,0,-45,90]","[90,0,-45,90,0]",,,,,,,,,RED,5,Same,5,3,,,,,,5,1,0.6683,4,8,72,3,1,,,,,
,,,,,,,,,,,,,,,666640831e2f8d963f8c528f,2025-01-22_02h41.48.695,VisualArraysMentalRotation_v4,2021.1.4,Win32,59.88023952,679054f2072d526265aabff2,67905ac76464654e6d4ddd1e,,,,,,,,,,,,,,,,,,,,,,,,,,,,,,"[45,-45,-45,90,0]","[45,0,-45,90,45]",,Blue_1,"[45,-45,-45,90,0]","[-45,0,-45,90,45]",,,,,,,,,BLUE,3,Different,6,1,,,,,,6,1,1.0967,4,9,73,12,1,,,,,
,,,,,,,,,,,,,,,666640831e2f8d963f8c528f,2025-01-22_02h41.48.695,VisualArraysMentalRotation_v4,2021.1.4,Win32,59.88023952,679054f2072d526265aabff2,67905ac76464654e6d4ddd1e,,,,,,,,,,,,,,,,,,,,,,,,,,,,,,"[90,90,0,45,90]","[45,-45,-45,0,90]",,Red_3,"[90,90,0,45,90]","[45,-45,-45,0,90]",,,,,,,,,RED,3,Same,5,3,,,,,,5,1,0.5185,4,10,74,1,1,,,,,
,,,,,,,,,,,,,,,666640831e2f8d963f8c528f,2025-01-22_02h41.48.695,VisualArraysMentalRotation_v4,2021.1.4,Win32,59.88023952,679054f2072d526265aabff2,67905ac76464654e6d4ddd1e,,,,,,,,,,,,,,,,,,,,,,,,,,,,,,"[45,45,45,45,0]","[90,-45,-45,-45,45]",,Blue_3,"[45,45,45,45,0]","[90,-45,0,-45,45]",,,,,,,,,BLUE,5,Different,6,3,,,,,,6,1,1.0196,4,11,75,15,1,,,,,
,,,,,,,,,,,,,,,666640831e2f8d963f8c528f,2025-01-22_02h41.48.695,VisualArraysMentalRotation_v4,2021.1.4,Win32,59.88023952,679054f2072d526265aabff2,67905ac76464654e6d4ddd1e,,,,,,,,,,,,,,,,,,,,,,,,,,,,,,"[0,90,-45,45,-45]","[90,-45,-45,90,90]",,Red_1,"[90,90,-45,45,-45]","[90,-45,-45,90,90]",,,,,,,,,RED,3,Different,6,1,,,,,,6,1,1.3765,4,12,76,4,1,,,,,
,,,,,,,,,,,,,,,666640831e2f8d963f8c528f,2025-01-22_02h41.48.695,VisualArraysMentalRotation_v4,2021.1.4,Win32,59.88023952,679054f2072d526265aabff2,67905ac76464654e6d4ddd1e,,,,,,,,,,,,,,,,,,,,,,,,,,,,,,"[45,0,-45,-45,-45]","[-45,0,0,90,0]",,Red_3,"[45,0,90,-45,-45]","[-45,0,0,90,0]",,,,,,,,,RED,3,Different,6,3,,,,,,6,1,1.1181,4,13,77,5,1,,,,,
,,,,,,,,,,,,,,,666640831e2f8d963f8c528f,2025-01-22_02h41.48.695,VisualArraysMentalRotation_v4,2021.1.4,Win32,59.88023952,679054f2072d526265aabff2,67905ac76464654e6d4ddd1e,,,,,,,,,,,,,,,,,,,,,,,,,,,,,,"[90,45,-45,-45,0]","[-45,0,-45,90,0]",,Red_2,"[90,45,-45,-45,0]","[-45,0,-45,90,0]",,,,,,,,,RED,5,Same,5,1,,,,,,5,1,0.7772,4,14,78,2,1,,,,,
,,,,,,,,,,,,,,,666640831e2f8d963f8c528f,2025-01-22_02h41.48.695,VisualArraysMentalRotation_v4,2021.1.4,Win32,59.88023952,679054f2072d526265aabff2,67905ac76464654e6d4ddd1e,,,,,,,,,,,,,,,,,,,,,,,,,,,,,,"[45,90,90,90,0]","[45,45,-45,0,90]",,Blue_4,"[45,90,90,90,0]","[45,45,-45,45,90]",,,,,,,,,BLUE,5,Different,6,1,,,,,,5,0,1.0973,4,15,79,14,1,,,,,
,,,,,,,,,,,,,,,666640831e2f8d963f8c528f,2025-01-22_02h41.48.695,VisualArraysMentalRotation_v4,2021.1.4,Win32,59.88023952,679054f2072d526265aabff2,67905ac76464654e6d4ddd1e,,,,,,,,,,,,,,,,,,,,,,,,,,,,,,"[0,0,90,45,45]","[90,90,-45,90,45]",,Red_4,"[0,0,90,90,45]","[90,90,-45,90,45]",,,,,,,,,RED,5,Different,6,3,,,,,,5,0,0.9044,5,0,80,7,1,,,,,
,,,,,,,,,,,,,,,666640831e2f8d963f8c528f,2025-01-22_02h41.48.695,VisualArraysMentalRotation_v4,2021.1.4,Win32,59.88023952,679054f2072d526265aabff2,67905ac76464654e6d4ddd1e,,,,,,,,,,,,,,,,,,,,,,,,,,,,,,"[-45,0,45,-45,0]","[0,45,0,0,-45]",,Blue_3,"[-45,0,45,-45,0]","[0,45,0,0,-45]",,,,,,,,,BLUE,5,Same,5,3,,,,,,5,1,0.671,5,1,81,11,1,,,,,
,,,,,,,,,,,,,,,666640831e2f8d963f8c528f,2025-01-22_02h41.48.695,VisualArraysMentalRotation_v4,2021.1.4,Win32,59.88023952,679054f2072d526265aabff2,67905ac76464654e6d4ddd1e,,,,,,,,,,,,,,,,,,,,,,,,,,,,,,"[90,0,-45,0,0]","[45,45,0,45,90]",,Blue_3,"[90,0,-45,0,0]","[45,45,90,45,90]",,,,,,,,,BLUE,3,Different,6,3,,,,,,5,0,1.0685,5,2,82,13,1,,,,,
,,,,,,,,,,,,,,,666640831e2f8d963f8c528f,2025-01-22_02h41.48.695,VisualArraysMentalRotation_v4,2021.1.4,Win32,59.88023952,679054f2072d526265aabff2,67905ac76464654e6d4ddd1e,,,,,,,,,,,,,,,,,,,,,,,,,,,,,,"[45,-45,45,90,-45]","[0,0,0,-45,-45]",,Blue_2,"[45,-45,45,90,-45]","[0,-45,0,-45,-45]",,,,,,,,,BLUE,5,Different,6,3,,,,,,5,0,1.4955,5,3,83,15,1,,,,,
,,,,,,,,,,,,,,,666640831e2f8d963f8c528f,2025-01-22_02h41.48.695,VisualArraysMentalRotation_v4,2021.1.4,Win32,59.88023952,679054f2072d526265aabff2,67905ac76464654e6d4ddd1e,,,,,,,,,,,,,,,,,,,,,,,,,,,,,,"[90,90,90,0,45]","[45,90,90,45,-45]",,Blue_2,"[90,90,90,0,45]","[45,-45,90,45,-45]",,,,,,,,,BLUE,3,Different,6,1,,,,,,6,1,0.752,5,4,84,12,1,,,,,
,,,,,,,,,,,,,,,666640831e2f8d963f8c528f,2025-01-22_02h41.48.695,VisualArraysMentalRotation_v4,2021.1.4,Win32,59.88023952,679054f2072d526265aabff2,67905ac76464654e6d4ddd1e,,,,,,,,,,,,,,,,,,,,,,,,,,,,,,"[-45,45,0,0,0]","[-45,-45,45,90,-45]",,Red_3,"[-45,45,-45,0,0]","[-45,-45,45,90,-45]",,,,,,,,,RED,3,Different,6,3,,,,,,6,1,0.852,5,5,85,5,1,,,,,
,,,,,,,,,,,,,,,666640831e2f8d963f8c528f,2025-01-22_02h41.48.695,VisualArraysMentalRotation_v4,2021.1.4,Win32,59.88023952,679054f2072d526265aabff2,67905ac76464654e6d4ddd1e,,,,,,,,,,,,,,,,,,,,,,,,,,,,,,"[90,90,90,0,0]","[0,45,-45,45,90]",,Red_3,"[90,90,90,0,0]","[0,45,-45,45,90]",,,,,,,,,RED,3,Same,5,1,,,,,,5,1,0.789,5,6,86,0,1,,,,,
,,,,,,,,,,,,,,,666640831e2f8d963f8c528f,2025-01-22_02h41.48.695,VisualArraysMentalRotation_v4,2021.1.4,Win32,59.88023952,679054f2072d526265aabff2,67905ac76464654e6d4ddd1e,,,,,,,,,,,,,,,,,,,,,,,,,,,,,,"[90,-45,0,45,90]","[45,90,-45,90,45]",,Red_1,"[45,-45,0,45,90]","[45,90,-45,90,45]",,,,,,,,,RED,5,Different,6,1,,,,,,6,1,1.0354,5,7,87,6,1,,,,,
,,,,,,,,,,,,,,,666640831e2f8d963f8c528f,2025-01-22_02h41.48.695,VisualArraysMentalRotation_v4,2021.1.4,Win32,59.88023952,679054f2072d526265aabff2,67905ac76464654e6d4ddd1e,,,,,,,,,,,,,,,,,,,,,,,,,,,,,,"[45,90,-45,0,90]","[0,45,45,45,-45]",,Blue_2,"[45,90,-45,0,90]","[0,45,45,45,-45]",,,,,,,,,BLUE,5,Same,5,1,,,,,,5,1,0.818,5,8,88,10,1,,,,,
,,,,,,,,,,,,,,,666640831e2f8d963f8c528f,2025-01-22_02h41.48.695,VisualArraysMentalRotation_v4,2021.1.4,Win32,59.88023952,679054f2072d526265aabff2,67905ac76464654e6d4ddd1e,,,,,,,,,,,,,,,,,,,,,,,,,,,,,,"[90,0,0,-45,90]","[-45,0,-45,0,-45]",,Blue_3,"[90,0,0,-45,90]","[-45,0,-45,0,-45]",,,,,,,,,BLUE,3,Same,5,3,,,,,,5,1,0.6384,5,9,89,9,1,,,,,
,,,,,,,,,,,,,,,666640831e2f8d963f8c528f,2025-01-22_02h41.48.695,VisualArraysMentalRotation_v4,2021.1.4,Win32,59.88023952,679054f2072d526265aabff2,67905ac76464654e6d4ddd1e,,,,,,,,,,,,,,,,,,,,,,,,,,,,,,"[-45,90,45,90,45]","[90,45,-45,-45,45]",,Blue_1,"[-45,90,45,90,45]","[45,45,-45,-45,45]",,,,,,,,,BLUE,5,Different,6,1,,,,,,6,1,0.7233,5,10,90,14,1,,,,,
,,,,,,,,,,,,,,,666640831e2f8d963f8c528f,2025-01-22_02h41.48.695,VisualArraysMentalRotation_v4,2021.1.4,Win32,59.88023952,679054f2072d526265aabff2,67905ac76464654e6d4ddd1e,,,,,,,,,,,,,,,,,,,,,,,,,,,,,,"[-45,0,0,45,45]","[45,0,45,0,-45]",,Red_1,"[90,0,0,45,45]","[45,0,45,0,-45]",,,,,,,,,RED,3,Different,6,1,,,,,,6,1,0.6518,5,11,91,4,1,,,,,
,,,,,,,,,,,,,,,666640831e2f8d963f8c528f,2025-01-22_02h41.48.695,VisualArraysMentalRotation_v4,2021.1.4,Win32,59.88023952,679054f2072d526265aabff2,67905ac76464654e6d4ddd1e,,,,,,,,,,,,,,,,,,,,,,,,,,,,,,"[-45,0,-45,45,90]","[-45,45,0,-45,0]",,Red_2,"[-45,0,-45,45,90]","[-45,45,0,-45,0]",,,,,,,,,RED,3,Same,5,3,,,,,,5,1,0.736,5,12,92,1,1,,,,,
,,,,,,,,,,,,,,,666640831e2f8d963f8c528f,2025-01-22_02h41.48.695,VisualArraysMentalRotation_v4,2021.1.4,Win32,59.88023952,679054f2072d526265aabff2,67905ac76464654e6d4ddd1e,,,,,,,,,,,,,,,,,,,,,,,,,,,,,,"[-45,90,0,90,0]","[0,90,0,0,45]",,Blue_2,"[-45,90,0,90,0]","[0,90,0,0,45]",,,,,,,,,BLUE,3,Same,5,1,,,,,,5,1,0.7689,5,13,93,8,1,,,,,
,,,,,,,,,,,,,,,666640831e2f8d963f8c528f,2025-01-22_02h41.48.695,VisualArraysMentalRotation_v4,2021.1.4,Win32,59.88023952,679054f2072d526265aabff2,67905ac76464654e6d4ddd1e,,,,,,,,,,,,,,,,,,,,,,,,,,,,,,"[-45,-45,-45,90,45]","[-45,45,-45,-45,90]",,Red_4,"[-45,-45,-45,90,45]","[-45,45,-45,-45,90]",,,,,,,,,RED,5,Same,5,3,,,,,,5,1,0.7356,5,14,94,3,1,,,,,
,,,,,,,,,,,,,,,666640831e2f8d963f8c528f,2025-01-22_02h41.48.695,VisualArraysMentalRotation_v4,2021.1.4,Win32,59.88023952,679054f2072d526265aabff2,67905ac76464654e6d4ddd1e,,,,,,,,,,,,,,,,,,,,,,,,,,,,,,"[45,90,0,45,90]","[90,45,0,45,45]",,Red_4,"[45,90,0,45,90]","[90,45,0,45,45]",,,,,,,,,RED,5,Same,5,1,,,,,,5,1,0.7519,5,15,95,2,1,,,,,
,,,,,,,,,,,,,,,666640831e2f8d963f8c528f,2025-01-22_02h41.48.695,VisualArraysMentalRotation_v4,2021.1.4,Win32,59.88023952,679054f2072d526265aabff2,67905ac76464654e6d4ddd1e,,,,,,,,,,,,,,,,,,,,,,,,,,,,,,"[45,45,90,45,-45]","[45,-45,90,0,45]",,Blue_2,"[45,45,90,45,-45]","[45,-45,90,0,45]",,,,,,,,,BLUE,5,Same,5,3,,,,,,5,1,0.552,6,0,96,11,1,,,,,
,,,,,,,,,,,,,,,666640831e2f8d963f8c528f,2025-01-22_02h41.48.695,VisualArraysMentalRotation_v4,2021.1.4,Win32,59.88023952,679054f2072d526265aabff2,67905ac76464654e6d4ddd1e,,,,,,,,,,,,,,,,,,,,,,,,,,,,,,"[45,90,0,0,45]","[-45,90,-45,45,90]",,Blue_2,"[45,90,0,0,45]","[-45,-45,-45,45,90]",,,,,,,,,BLUE,5,Different,6,1,,,,,,6,1,0.6202,6,1,97,14,1,,,,,
,,,,,,,,,,,,,,,666640831e2f8d963f8c528f,2025-01-22_02h41.48.695,VisualArraysMentalRotation_v4,2021.1.4,Win32,59.88023952,679054f2072d526265aabff2,67905ac76464654e6d4ddd1e,,,,,,,,,,,,,,,,,,,,,,,,,,,,,,"[90,0,45,90,45]","[45,45,-45,45,90]",,Red_3,"[90,0,90,90,45]","[45,45,-45,45,90]",,,,,,,,,RED,5,Different,6,1,,,,,,6,1,0.9518,6,2,98,6,1,,,,,
,,,,,,,,,,,,,,,666640831e2f8d963f8c528f,2025-01-22_02h41.48.695,VisualArraysMentalRotation_v4,2021.1.4,Win32,59.88023952,679054f2072d526265aabff2,67905ac76464654e6d4ddd1e,,,,,,,,,,,,,,,,,,,,,,,,,,,,,,"[45,90,45,0,-45]","[-45,0,0,90,90]",,Red_3,"[45,90,45,0,-45]","[-45,0,0,90,90]",,,,,,,,,RED,3,Same,5,3,,,,,,5,1,0.6849,6,3,99,1,1,,,,,
,,,,,,,,,,,,,,,666640831e2f8d963f8c528f,2025-01-22_02h41.48.695,VisualArraysMentalRotation_v4,2021.1.4,Win32,59.88023952,679054f2072d526265aabff2,67905ac76464654e6d4ddd1e,,,,,,,,,,,,,,,,,,,,,,,,,,,,,,"[45,0,90,0,-45]","[-45,-45,0,90,0]",,Red_2,"[45,0,90,0,-45]","[-45,-45,0,90,0]",,,,,,,,,RED,5,Same,5,3,,,,,,5,1,0.5666,6,4,100,3,1,,,,,
,,,,,,,,,,,,,,,666640831e2f8d963f8c528f,2025-01-22_02h41.48.695,VisualArraysMentalRotation_v4,2021.1.4,Win32,59.88023952,679054f2072d526265aabff2,67905ac76464654e6d4ddd1e,,,,,,,,,,,,,,,,,,,,,,,,,,,,,,"[-45,90,0,90,0]","[0,90,90,45,45]",,Red_3,"[-45,90,-45,90,0]","[0,90,90,45,45]",,,,,,,,,RED,3,Different,6,3,,,,,,6,1,0.6522,6,5,101,5,1,,,,,
,,,,,,,,,,,,,,,666640831e2f8d963f8c528f,2025-01-22_02h41.48.695,VisualArraysMentalRotation_v4,2021.1.4,Win32,59.88023952,679054f2072d526265aabff2,67905ac76464654e6d4ddd1e,,,,,,,,,,,,,,,,,,,,,,,,,,,,,,"[45,0,45,45,45]","[0,0,-45,45,45]",,Blue_2,"[45,0,45,45,45]","[0,0,-45,45,45]",,,,,,,,,BLUE,3,Same,5,3,,,,,,5,1,0.6684,6,6,102,9,1,,,,,
,,,,,,,,,,,,,,,666640831e2f8d963f8c528f,2025-01-22_02h41.48.695,VisualArraysMentalRotation_v4,2021.1.4,Win32,59.88023952,679054f2072d526265aabff2,67905ac76464654e6d4ddd1e,,,,,,,,,,,,,,,,,,,,,,,,,,,,,,"[-45,0,-45,45,0]","[0,-45,90,-45,90]",,Blue_3,"[-45,0,-45,45,0]","[0,-45,90,-45,90]",,,,,,,,,BLUE,3,Same,5,1,,,,,,5,1,0.6189,6,7,103,8,1,,,,,
,,,,,,,,,,,,,,,666640831e2f8d963f8c528f,2025-01-22_02h41.48.695,VisualArraysMentalRotation_v4,2021.1.4,Win32,59.88023952,679054f2072d526265aabff2,67905ac76464654e6d4ddd1e,,,,,,,,,,,,,,,,,,,,,,,,,,,,,,"[90,90,45,-45,-45]","[0,-45,0,0,90]",,Blue_3,"[90,90,45,-45,-45]","[0,-45,-45,0,90]",,,,,,,,,BLUE,3,Different,6,1,,,,,,5,0,0.6018,6,8,104,12,1,,,,,
,,,,,,,,,,,,,,,666640831e2f8d963f8c528f,2025-01-22_02h41.48.695,VisualArraysMentalRotation_v4,2021.1.4,Win32,59.88023952,679054f2072d526265aabff2,67905ac76464654e6d4ddd1e,,,,,,,,,,,,,,,,,,,,,,,,,,,,,,"[90,45,-45,90,0]","[-45,-45,90,-45,0]",,Blue_3,"[90,45,-45,90,0]","[-45,-45,90,-45,0]",,,,,,,,,BLUE,5,Same,5,1,,,,,,5,1,0.7352,6,9,105,10,1,,,,,
,,,,,,,,,,,,,,,666640831e2f8d963f8c528f,2025-01-22_02h41.48.695,VisualArraysMentalRotation_v4,2021.1.4,Win32,59.88023952,679054f2072d526265aabff2,67905ac76464654e6d4ddd1e,,,,,,,,,,,,,,,,,,,,,,,,,,,,,,"[45,90,0,-45,-45]","[0,45,-45,45,45]",,Blue_2,"[45,90,0,-45,-45]","[0,0,-45,45,45]",,,,,,,,,BLUE,3,Different,6,3,,,,,,5,0,0.6519,6,10,106,13,1,,,,,
,,,,,,,,,,,,,,,666640831e2f8d963f8c528f,2025-01-22_02h41.48.695,VisualArraysMentalRotation_v4,2021.1.4,Win32,59.88023952,679054f2072d526265aabff2,67905ac76464654e6d4ddd1e,,,,,,,,,,,,,,,,,,,,,,,,,,,,,,"[0,-45,-45,0,45]","[-45,45,-45,0,-45]",,Red_1,"[45,-45,-45,0,45]","[-45,45,-45,0,-45]",,,,,,,,,RED,3,Different,6,1,,,,,,6,1,0.6499,6,11,107,4,1,,,,,
,,,,,,,,,,,,,,,666640831e2f8d963f8c528f,2025-01-22_02h41.48.695,VisualArraysMentalRotation_v4,2021.1.4,Win32,59.88023952,679054f2072d526265aabff2,67905ac76464654e6d4ddd1e,,,,,,,,,,,,,,,,,,,,,,,,,,,,,,"[0,90,-45,45,90]","[90,45,-45,-45,45]",,Red_2,"[0,90,-45,45,90]","[90,45,-45,-45,45]",,,,,,,,,RED,3,Same,5,1,,,,,,5,1,0.6183,6,12,108,0,1,,,,,
,,,,,,,,,,,,,,,666640831e2f8d963f8c528f,2025-01-22_02h41.48.695,VisualArraysMentalRotation_v4,2021.1.4,Win32,59.88023952,679054f2072d526265aabff2,67905ac76464654e6d4ddd1e,,,,,,,,,,,,,,,,,,,,,,,,,,,,,,"[0,-45,45,90,0]","[0,0,0,-45,-45]",,Blue_2,"[0,-45,45,90,0]","[0,-45,0,-45,-45]",,,,,,,,,BLUE,5,Different,6,3,,,,,,6,1,0.6199,6,13,109,15,1,,,,,
,,,,,,,,,,,,,,,666640831e2f8d963f8c528f,2025-01-22_02h41.48.695,VisualArraysMentalRotation_v4,2021.1.4,Win32,59.88023952,679054f2072d526265aabff2,67905ac76464654e6d4ddd1e,,,,,,,,,,,,,,,,,,,,,,,,,,,,,,"[0,45,0,0,90]","[45,-45,45,45,90]",,Red_2,"[0,0,0,0,90]","[45,-45,45,45,90]",,,,,,,,,RED,5,Different,6,3,,,,,,6,1,0.7349,6,14,110,7,1,,,,,
,,,,,,,,,,,,,,,666640831e2f8d963f8c528f,2025-01-22_02h41.48.695,VisualArraysMentalRotation_v4,2021.1.4,Win32,59.88023952,679054f2072d526265aabff2,67905ac76464654e6d4ddd1e,,,,,,,,,,,,,,,,,,,,,,,,,,,,,,"[-45,45,0,-45,-45]","[-45,0,-45,-45,0]",,Red_1,"[-45,45,0,-45,-45]","[-45,0,-45,-45,0]",,,,,,,,,RED,5,Same,5,1,,,,,,5,1,0.6353,6,15,111,2,1,,,,,
,,,,,,,,,,,,,,,666640831e2f8d963f8c528f,2025-01-22_02h41.48.695,VisualArraysMentalRotation_v4,2021.1.4,Win32,59.88023952,679054f2072d526265aabff2,67905ac76464654e6d4ddd1e,,,,,,,,,,,,,,,,,,,,,,,,,,,,,,,,,,,,,,,,,,,,,,,,,,,,,,,,,,,,,,0,0,0,0,1
,,,,,,,,,,,,,,,666640831e2f8d963f8c528f,2025-01-22_02h41.48.695,VisualArraysMentalRotation_v4,2021.1.4,Win32,59.88023952,679054f2072d526265aabff2,67905ac76464654e6d4ddd1e,,,,,,,,,,,,,,,,,,,,,,,0,1,1,1,1,1,0,,,,,,,,,,,,,,,,,,,,,,,,,,,,,,,,,,,,,
