TaskOrder,consent_final_key_resp.keys,consent_final_key_resp.rt,MRTPracResponse.keys,MRTPracResponse.corr,MRTPracResponse.rt,MRTPracticeTrials.thisRepN,MRTPracticeTrials.thisTrialN,MRTPracticeTrials.thisN,MRTPracticeTrials.thisIndex,MRTPracticeTrials.ran,PracStimulus,PracDegRotation,PracType,MRTPracCorrectAns,PROLIFIC_PID,date,expName,psychopyVersion,OS,frameRate,STUDY_ID,SESSION_ID,MRTStimulus,MRTType,MRTDegRotation,MRTCorrectAns,MRTTestResponse.keys,MRTTestResponse.corr,MRTTestResponse.rt,MRTTestTrials.thisRepN,MRTTestTrials.thisTrialN,MRTTestTrials.thisN,MRTTestTrials.thisIndex,MRTTestTrials.ran,MRT_Task.thisRepN,MRT_Task.thisTrialN,MRT_Task.thisN,MRT_Task.thisIndex,MRT_Task.ran,TasksLoop.thisRepN,TasksLoop.thisTrialN,TasksLoop.thisN,TasksLoop.thisIndex,TasksLoop.ran,nRepsVA,nRepsMRT,Red Orientations,Blue Orientations,VA_array_dur,Target Rectangle,New Red Orientations,New Blue Orientations,VA_PracResponse.keys,VA_PracResponse.corr,VA_PracResponse.rt,PracTrials.thisRepN,PracTrials.thisTrialN,PracTrials.thisN,PracTrials.thisIndex,PracTrials.ran,VA_Target,VA_TargetNumber,VA_Orientation,VA_Answer,VA_DelayDur,VA_PracTrialsSpeed.thisRepN,VA_PracTrialsSpeed.thisTrialN,VA_PracTrialsSpeed.thisN,VA_PracTrialsSpeed.thisIndex,VA_PracTrialsSpeed.ran,VA_TestResponse.keys,VA_TestResponse.corr,VA_TestResponse.rt,VA_TestTrials.thisRepN,VA_TestTrials.thisTrialN,VA_TestTrials.thisN,VA_TestTrials.thisIndex,VA_TestTrials.ran,VA_Task.thisRepN,VA_Task.thisTrialN,VA_Task.thisN,VA_Task.thisIndex,VA_Task.ran
2,y,24.0734,b,0,3.1275,0,0,0,6,1,PracticeStim/30_100_R.jpg,100,Different,n,676e81c9c452593cbf114baf,2025-01-22_04h38.36.419,VisualArraysMentalRotation_v4,2021.1.4,Win32,60.97560976,679054f2072d526265aabff2,67906dd95c76a3ccdce9baf6,,,,,,,,,,,,,,,,,,,,,,,,,,,,,,,,,,,,,,,,,,,,,,,,,,,,,,,,,,,,,
,,,b,1,3.1027,0,1,1,4,1,PracticeStim/25_150.jpg,150,Same,b,676e81c9c452593cbf114baf,2025-01-22_04h38.36.419,VisualArraysMentalRotation_v4,2021.1.4,Win32,60.97560976,679054f2072d526265aabff2,67906dd95c76a3ccdce9baf6,,,,,,,,,,,,,,,,,,,,,,,,,,,,,,,,,,,,,,,,,,,,,,,,,,,,,,,,,,,,,
,,,n,1,3.1421,0,2,2,0,1,PracticeStim/7_100_R.jpg,100,Different,n,676e81c9c452593cbf114baf,2025-01-22_04h38.36.419,VisualArraysMentalRotation_v4,2021.1.4,Win32,60.97560976,679054f2072d526265aabff2,67906dd95c76a3ccdce9baf6,,,,,,,,,,,,,,,,,,,,,,,,,,,,,,,,,,,,,,,,,,,,,,,,,,,,,,,,,,,,,
,,,n,1,3.0431,0,3,3,7,1,PracticeStim/31_50_R.jpg,50,Different,n,676e81c9c452593cbf114baf,2025-01-22_04h38.36.419,VisualArraysMentalRotation_v4,2021.1.4,Win32,60.97560976,679054f2072d526265aabff2,67906dd95c76a3ccdce9baf6,,,,,,,,,,,,,,,,,,,,,,,,,,,,,,,,,,,,,,,,,,,,,,,,,,,,,,,,,,,,,
,,,b,1,4.1342,0,4,4,10,1,PracticeStim/41_150.jpg,150,Same,b,676e81c9c452593cbf114baf,2025-01-22_04h38.36.419,VisualArraysMentalRotation_v4,2021.1.4,Win32,60.97560976,679054f2072d526265aabff2,67906dd95c76a3ccdce9baf6,,,,,,,,,,,,,,,,,,,,,,,,,,,,,,,,,,,,,,,,,,,,,,,,,,,,,,,,,,,,,
,,,n,0,2.1149,0,5,5,3,1,PracticeStim/18_150.jpg,150,Same,b,676e81c9c452593cbf114baf,2025-01-22_04h38.36.419,VisualArraysMentalRotation_v4,2021.1.4,Win32,60.97560976,679054f2072d526265aabff2,67906dd95c76a3ccdce9baf6,,,,,,,,,,,,,,,,,,,,,,,,,,,,,,,,,,,,,,,,,,,,,,,,,,,,,,,,,,,,,
,,,b,1,1.2424,0,6,6,2,1,PracticeStim/17_50.jpg,50,Same,b,676e81c9c452593cbf114baf,2025-01-22_04h38.36.419,VisualArraysMentalRotation_v4,2021.1.4,Win32,60.97560976,679054f2072d526265aabff2,67906dd95c76a3ccdce9baf6,,,,,,,,,,,,,,,,,,,,,,,,,,,,,,,,,,,,,,,,,,,,,,,,,,,,,,,,,,,,,
,,,n,1,4.1933,0,7,7,1,1,PracticeStim/9_100_R.jpg,100,Different,n,676e81c9c452593cbf114baf,2025-01-22_04h38.36.419,VisualArraysMentalRotation_v4,2021.1.4,Win32,60.97560976,679054f2072d526265aabff2,67906dd95c76a3ccdce9baf6,,,,,,,,,,,,,,,,,,,,,,,,,,,,,,,,,,,,,,,,,,,,,,,,,,,,,,,,,,,,,
,,,b,1,3.6127,0,8,8,5,1,PracticeStim/26_150.jpg,150,Same,b,676e81c9c452593cbf114baf,2025-01-22_04h38.36.419,VisualArraysMentalRotation_v4,2021.1.4,Win32,60.97560976,679054f2072d526265aabff2,67906dd95c76a3ccdce9baf6,,,,,,,,,,,,,,,,,,,,,,,,,,,,,,,,,,,,,,,,,,,,,,,,,,,,,,,,,,,,,
,,,n,1,4.8432,0,9,9,9,1,PracticeStim/36_100_R.jpg,100,Different,n,676e81c9c452593cbf114baf,2025-01-22_04h38.36.419,VisualArraysMentalRotation_v4,2021.1.4,Win32,60.97560976,679054f2072d526265aabff2,67906dd95c76a3ccdce9baf6,,,,,,,,,,,,,,,,,,,,,,,,,,,,,,,,,,,,,,,,,,,,,,,,,,,,,,,,,,,,,
,,,n,1,4.1212,0,10,10,8,1,PracticeStim/33_50_R.jpg,50,Different,n,676e81c9c452593cbf114baf,2025-01-22_04h38.36.419,VisualArraysMentalRotation_v4,2021.1.4,Win32,60.97560976,679054f2072d526265aabff2,67906dd95c76a3ccdce9baf6,,,,,,,,,,,,,,,,,,,,,,,,,,,,,,,,,,,,,,,,,,,,,,,,,,,,,,,,,,,,,
,,,b,1,3.7729,0,11,11,11,1,PracticeStim/42_50.jpg,50,Same,b,676e81c9c452593cbf114baf,2025-01-22_04h38.36.419,VisualArraysMentalRotation_v4,2021.1.4,Win32,60.97560976,679054f2072d526265aabff2,67906dd95c76a3ccdce9baf6,,,,,,,,,,,,,,,,,,,,,,,,,,,,,,,,,,,,,,,,,,,,,,,,,,,,,,,,,,,,,
,,,,,,,,,,,,,,,676e81c9c452593cbf114baf,2025-01-22_04h38.36.419,VisualArraysMentalRotation_v4,2021.1.4,Win32,60.97560976,679054f2072d526265aabff2,67906dd95c76a3ccdce9baf6,Stimuli/22_150_R.jpg,Different,150,n,b,0,2.52,0,0,0,0,1,,,,,,,,,,,,,,,,,,,,,,,,,,,,,,,,,,,,,,,,,,,,,,,,,
,,,,,,,,,,,,,,,676e81c9c452593cbf114baf,2025-01-22_04h38.36.419,VisualArraysMentalRotation_v4,2021.1.4,Win32,60.97560976,679054f2072d526265aabff2,67906dd95c76a3ccdce9baf6,Stimuli/16_50.jpg,Same,50,b,b,1,2.7256,1,0,1,0,1,,,,,,,,,,,,,,,,,,,,,,,,,,,,,,,,,,,,,,,,,,,,,,,,,
,,,,,,,,,,,,,,,676e81c9c452593cbf114baf,2025-01-22_04h38.36.419,VisualArraysMentalRotation_v4,2021.1.4,Win32,60.97560976,679054f2072d526265aabff2,67906dd95c76a3ccdce9baf6,Stimuli/21_100_R.jpg,Different,100,n,n,1,2.7876,2,0,2,0,1,,,,,,,,,,,,,,,,,,,,,,,,,,,,,,,,,,,,,,,,,,,,,,,,,
,,,,,,,,,,,,,,,676e81c9c452593cbf114baf,2025-01-22_04h38.36.419,VisualArraysMentalRotation_v4,2021.1.4,Win32,60.97560976,679054f2072d526265aabff2,67906dd95c76a3ccdce9baf6,Stimuli/16_100.jpg,Same,100,b,n,0,2.8539,3,0,3,0,1,,,,,,,,,,,,,,,,,,,,,,,,,,,,,,,,,,,,,,,,,,,,,,,,,
,,,,,,,,,,,,,,,676e81c9c452593cbf114baf,2025-01-22_04h38.36.419,VisualArraysMentalRotation_v4,2021.1.4,Win32,60.97560976,679054f2072d526265aabff2,67906dd95c76a3ccdce9baf6,Stimuli/19_100_R.jpg,Different,100,n,n,1,3.6596,4,0,4,0,1,,,,,,,,,,,,,,,,,,,,,,,,,,,,,,,,,,,,,,,,,,,,,,,,,
,,,,,,,,,,,,,,,676e81c9c452593cbf114baf,2025-01-22_04h38.36.419,VisualArraysMentalRotation_v4,2021.1.4,Win32,60.97560976,679054f2072d526265aabff2,67906dd95c76a3ccdce9baf6,Stimuli/22_0_R.jpg,Different,0,n,n,1,2.9498,5,0,5,0,1,,,,,,,,,,,,,,,,,,,,,,,,,,,,,,,,,,,,,,,,,,,,,,,,,
,,,,,,,,,,,,,,,676e81c9c452593cbf114baf,2025-01-22_04h38.36.419,VisualArraysMentalRotation_v4,2021.1.4,Win32,60.97560976,679054f2072d526265aabff2,67906dd95c76a3ccdce9baf6,Stimuli/19_100.jpg,Same,100,b,b,1,1.9186,6,0,6,0,1,,,,,,,,,,,,,,,,,,,,,,,,,,,,,,,,,,,,,,,,,,,,,,,,,
,,,,,,,,,,,,,,,676e81c9c452593cbf114baf,2025-01-22_04h38.36.419,VisualArraysMentalRotation_v4,2021.1.4,Win32,60.97560976,679054f2072d526265aabff2,67906dd95c76a3ccdce9baf6,Stimuli/19_0.jpg,Same,0,b,b,1,1.3899,7,0,7,0,1,,,,,,,,,,,,,,,,,,,,,,,,,,,,,,,,,,,,,,,,,,,,,,,,,
,,,,,,,,,,,,,,,676e81c9c452593cbf114baf,2025-01-22_04h38.36.419,VisualArraysMentalRotation_v4,2021.1.4,Win32,60.97560976,679054f2072d526265aabff2,67906dd95c76a3ccdce9baf6,Stimuli/27_50_R.jpg,Different,50,n,n,1,3.3457,8,0,8,0,1,,,,,,,,,,,,,,,,,,,,,,,,,,,,,,,,,,,,,,,,,,,,,,,,,
,,,,,,,,,,,,,,,676e81c9c452593cbf114baf,2025-01-22_04h38.36.419,VisualArraysMentalRotation_v4,2021.1.4,Win32,60.97560976,679054f2072d526265aabff2,67906dd95c76a3ccdce9baf6,Stimuli/38_50.jpg,Same,50,b,n,0,4.1517,9,0,9,0,1,,,,,,,,,,,,,,,,,,,,,,,,,,,,,,,,,,,,,,,,,,,,,,,,,
,,,,,,,,,,,,,,,676e81c9c452593cbf114baf,2025-01-22_04h38.36.419,VisualArraysMentalRotation_v4,2021.1.4,Win32,60.97560976,679054f2072d526265aabff2,67906dd95c76a3ccdce9baf6,Stimuli/16_100_R.jpg,Different,100,n,n,1,5.4513,10,0,10,0,1,,,,,,,,,,,,,,,,,,,,,,,,,,,,,,,,,,,,,,,,,,,,,,,,,
,,,,,,,,,,,,,,,676e81c9c452593cbf114baf,2025-01-22_04h38.36.419,VisualArraysMentalRotation_v4,2021.1.4,Win32,60.97560976,679054f2072d526265aabff2,67906dd95c76a3ccdce9baf6,Stimuli/28_50.jpg,Same,50,b,b,1,2.6533,11,0,11,0,1,,,,,,,,,,,,,,,,,,,,,,,,,,,,,,,,,,,,,,,,,,,,,,,,,
,,,,,,,,,,,,,,,676e81c9c452593cbf114baf,2025-01-22_04h38.36.419,VisualArraysMentalRotation_v4,2021.1.4,Win32,60.97560976,679054f2072d526265aabff2,67906dd95c76a3ccdce9baf6,Stimuli/44_50_R.jpg,Different,50,n,n,1,2.4423,12,0,12,0,1,,,,,,,,,,,,,,,,,,,,,,,,,,,,,,,,,,,,,,,,,,,,,,,,,
,,,,,,,,,,,,,,,676e81c9c452593cbf114baf,2025-01-22_04h38.36.419,VisualArraysMentalRotation_v4,2021.1.4,Win32,60.97560976,679054f2072d526265aabff2,67906dd95c76a3ccdce9baf6,Stimuli/38_0.jpg,Same,0,b,b,1,1.0031,13,0,13,0,1,,,,,,,,,,,,,,,,,,,,,,,,,,,,,,,,,,,,,,,,,,,,,,,,,
,,,,,,,,,,,,,,,676e81c9c452593cbf114baf,2025-01-22_04h38.36.419,VisualArraysMentalRotation_v4,2021.1.4,Win32,60.97560976,679054f2072d526265aabff2,67906dd95c76a3ccdce9baf6,Stimuli/32_100_R.jpg,Different,100,n,n,1,3.0322,14,0,14,0,1,,,,,,,,,,,,,,,,,,,,,,,,,,,,,,,,,,,,,,,,,,,,,,,,,
,,,,,,,,,,,,,,,676e81c9c452593cbf114baf,2025-01-22_04h38.36.419,VisualArraysMentalRotation_v4,2021.1.4,Win32,60.97560976,679054f2072d526265aabff2,67906dd95c76a3ccdce9baf6,Stimuli/27_0_R.jpg,Different,0,n,n,1,1.9638,15,0,15,0,1,,,,,,,,,,,,,,,,,,,,,,,,,,,,,,,,,,,,,,,,,,,,,,,,,
,,,,,,,,,,,,,,,676e81c9c452593cbf114baf,2025-01-22_04h38.36.419,VisualArraysMentalRotation_v4,2021.1.4,Win32,60.97560976,679054f2072d526265aabff2,67906dd95c76a3ccdce9baf6,Stimuli/38_100.jpg,Same,100,b,b,1,2.4002,16,0,16,0,1,,,,,,,,,,,,,,,,,,,,,,,,,,,,,,,,,,,,,,,,,,,,,,,,,
,,,,,,,,,,,,,,,676e81c9c452593cbf114baf,2025-01-22_04h38.36.419,VisualArraysMentalRotation_v4,2021.1.4,Win32,60.97560976,679054f2072d526265aabff2,67906dd95c76a3ccdce9baf6,Stimuli/32_50_R.jpg,Different,50,n,n,1,4.2505,17,0,17,0,1,,,,,,,,,,,,,,,,,,,,,,,,,,,,,,,,,,,,,,,,,,,,,,,,,
,,,,,,,,,,,,,,,676e81c9c452593cbf114baf,2025-01-22_04h38.36.419,VisualArraysMentalRotation_v4,2021.1.4,Win32,60.97560976,679054f2072d526265aabff2,67906dd95c76a3ccdce9baf6,Stimuli/3_0_R.jpg,Different,0,n,n,1,2.8928,18,0,18,0,1,,,,,,,,,,,,,,,,,,,,,,,,,,,,,,,,,,,,,,,,,,,,,,,,,
,,,,,,,,,,,,,,,676e81c9c452593cbf114baf,2025-01-22_04h38.36.419,VisualArraysMentalRotation_v4,2021.1.4,Win32,60.97560976,679054f2072d526265aabff2,67906dd95c76a3ccdce9baf6,Stimuli/19_150_R.jpg,Different,150,n,b,0,3.02,19,0,19,0,1,,,,,,,,,,,,,,,,,,,,,,,,,,,,,,,,,,,,,,,,,,,,,,,,,
,,,,,,,,,,,,,,,676e81c9c452593cbf114baf,2025-01-22_04h38.36.419,VisualArraysMentalRotation_v4,2021.1.4,Win32,60.97560976,679054f2072d526265aabff2,67906dd95c76a3ccdce9baf6,Stimuli/28_100.jpg,Same,100,b,b,1,2.0257,20,0,20,0,1,,,,,,,,,,,,,,,,,,,,,,,,,,,,,,,,,,,,,,,,,,,,,,,,,
,,,,,,,,,,,,,,,676e81c9c452593cbf114baf,2025-01-22_04h38.36.419,VisualArraysMentalRotation_v4,2021.1.4,Win32,60.97560976,679054f2072d526265aabff2,67906dd95c76a3ccdce9baf6,Stimuli/38_50_R.jpg,Different,50,n,n,1,2.4633,21,0,21,0,1,,,,,,,,,,,,,,,,,,,,,,,,,,,,,,,,,,,,,,,,,,,,,,,,,
,,,,,,,,,,,,,,,676e81c9c452593cbf114baf,2025-01-22_04h38.36.419,VisualArraysMentalRotation_v4,2021.1.4,Win32,60.97560976,679054f2072d526265aabff2,67906dd95c76a3ccdce9baf6,Stimuli/19_50.jpg,Same,50,b,n,0,4.7632,22,0,22,0,1,,,,,,,,,,,,,,,,,,,,,,,,,,,,,,,,,,,,,,,,,,,,,,,,,
,,,,,,,,,,,,,,,676e81c9c452593cbf114baf,2025-01-22_04h38.36.419,VisualArraysMentalRotation_v4,2021.1.4,Win32,60.97560976,679054f2072d526265aabff2,67906dd95c76a3ccdce9baf6,Stimuli/21_150.jpg,Same,150,b,b,1,2.9932,23,0,23,0,1,,,,,,,,,,,,,,,,,,,,,,,,,,,,,,,,,,,,,,,,,,,,,,,,,
,,,,,,,,,,,,,,,676e81c9c452593cbf114baf,2025-01-22_04h38.36.419,VisualArraysMentalRotation_v4,2021.1.4,Win32,60.97560976,679054f2072d526265aabff2,67906dd95c76a3ccdce9baf6,Stimuli/28_50_R.jpg,Different,50,n,n,1,3.183,24,0,24,0,1,,,,,,,,,,,,,,,,,,,,,,,,,,,,,,,,,,,,,,,,,,,,,,,,,
,,,,,,,,,,,,,,,676e81c9c452593cbf114baf,2025-01-22_04h38.36.419,VisualArraysMentalRotation_v4,2021.1.4,Win32,60.97560976,679054f2072d526265aabff2,67906dd95c76a3ccdce9baf6,Stimuli/32_0.jpg,Same,0,b,b,1,3.8289,25,0,25,0,1,,,,,,,,,,,,,,,,,,,,,,,,,,,,,,,,,,,,,,,,,,,,,,,,,
,,,,,,,,,,,,,,,676e81c9c452593cbf114baf,2025-01-22_04h38.36.419,VisualArraysMentalRotation_v4,2021.1.4,Win32,60.97560976,679054f2072d526265aabff2,67906dd95c76a3ccdce9baf6,Stimuli/22_0.jpg,Same,0,b,n,0,4.8859,26,0,26,0,1,,,,,,,,,,,,,,,,,,,,,,,,,,,,,,,,,,,,,,,,,,,,,,,,,
,,,,,,,,,,,,,,,676e81c9c452593cbf114baf,2025-01-22_04h38.36.419,VisualArraysMentalRotation_v4,2021.1.4,Win32,60.97560976,679054f2072d526265aabff2,67906dd95c76a3ccdce9baf6,Stimuli/28_150.jpg,Same,150,b,b,1,2.7068,27,0,27,0,1,,,,,,,,,,,,,,,,,,,,,,,,,,,,,,,,,,,,,,,,,,,,,,,,,
,,,,,,,,,,,,,,,676e81c9c452593cbf114baf,2025-01-22_04h38.36.419,VisualArraysMentalRotation_v4,2021.1.4,Win32,60.97560976,679054f2072d526265aabff2,67906dd95c76a3ccdce9baf6,Stimuli/40_150_R.jpg,Different,150,n,n,1,4.6604,28,0,28,0,1,,,,,,,,,,,,,,,,,,,,,,,,,,,,,,,,,,,,,,,,,,,,,,,,,
,,,,,,,,,,,,,,,676e81c9c452593cbf114baf,2025-01-22_04h38.36.419,VisualArraysMentalRotation_v4,2021.1.4,Win32,60.97560976,679054f2072d526265aabff2,67906dd95c76a3ccdce9baf6,Stimuli/16_150.jpg,Same,150,b,b,1,2.4961,29,0,29,0,1,,,,,,,,,,,,,,,,,,,,,,,,,,,,,,,,,,,,,,,,,,,,,,,,,
,,,,,,,,,,,,,,,676e81c9c452593cbf114baf,2025-01-22_04h38.36.419,VisualArraysMentalRotation_v4,2021.1.4,Win32,60.97560976,679054f2072d526265aabff2,67906dd95c76a3ccdce9baf6,Stimuli/16_150_R.jpg,Different,150,n,n,1,5.5939,30,0,30,0,1,,,,,,,,,,,,,,,,,,,,,,,,,,,,,,,,,,,,,,,,,,,,,,,,,
,,,,,,,,,,,,,,,676e81c9c452593cbf114baf,2025-01-22_04h38.36.419,VisualArraysMentalRotation_v4,2021.1.4,Win32,60.97560976,679054f2072d526265aabff2,67906dd95c76a3ccdce9baf6,Stimuli/32_150.jpg,Same,150,b,b,1,3.9228,31,0,31,0,1,,,,,,,,,,,,,,,,,,,,,,,,,,,,,,,,,,,,,,,,,,,,,,,,,
,,,,,,,,,,,,,,,676e81c9c452593cbf114baf,2025-01-22_04h38.36.419,VisualArraysMentalRotation_v4,2021.1.4,Win32,60.97560976,679054f2072d526265aabff2,67906dd95c76a3ccdce9baf6,Stimuli/21_50.jpg,Same,50,b,n,0,7.0602,32,0,32,0,1,,,,,,,,,,,,,,,,,,,,,,,,,,,,,,,,,,,,,,,,,,,,,,,,,
,,,,,,,,,,,,,,,676e81c9c452593cbf114baf,2025-01-22_04h38.36.419,VisualArraysMentalRotation_v4,2021.1.4,Win32,60.97560976,679054f2072d526265aabff2,67906dd95c76a3ccdce9baf6,Stimuli/43_150.jpg,Same,150,b,b,1,3.2767,33,0,33,0,1,,,,,,,,,,,,,,,,,,,,,,,,,,,,,,,,,,,,,,,,,,,,,,,,,
,,,,,,,,,,,,,,,676e81c9c452593cbf114baf,2025-01-22_04h38.36.419,VisualArraysMentalRotation_v4,2021.1.4,Win32,60.97560976,679054f2072d526265aabff2,67906dd95c76a3ccdce9baf6,Stimuli/43_100_R.jpg,Different,100,n,n,1,4.5946,34,0,34,0,1,,,,,,,,,,,,,,,,,,,,,,,,,,,,,,,,,,,,,,,,,,,,,,,,,
,,,,,,,,,,,,,,,676e81c9c452593cbf114baf,2025-01-22_04h38.36.419,VisualArraysMentalRotation_v4,2021.1.4,Win32,60.97560976,679054f2072d526265aabff2,67906dd95c76a3ccdce9baf6,Stimuli/3_0.jpg,Same,0,b,b,1,1.9798,35,0,35,0,1,,,,,,,,,,,,,,,,,,,,,,,,,,,,,,,,,,,,,,,,,,,,,,,,,
,,,,,,,,,,,,,,,676e81c9c452593cbf114baf,2025-01-22_04h38.36.419,VisualArraysMentalRotation_v4,2021.1.4,Win32,60.97560976,679054f2072d526265aabff2,67906dd95c76a3ccdce9baf6,Stimuli/19_50_R.jpg,Different,50,n,n,1,5.4213,36,0,36,0,1,,,,,,,,,,,,,,,,,,,,,,,,,,,,,,,,,,,,,,,,,,,,,,,,,
,,,,,,,,,,,,,,,676e81c9c452593cbf114baf,2025-01-22_04h38.36.419,VisualArraysMentalRotation_v4,2021.1.4,Win32,60.97560976,679054f2072d526265aabff2,67906dd95c76a3ccdce9baf6,Stimuli/3_50.jpg,Same,50,b,b,1,2.7654,37,0,37,0,1,,,,,,,,,,,,,,,,,,,,,,,,,,,,,,,,,,,,,,,,,,,,,,,,,
,,,,,,,,,,,,,,,676e81c9c452593cbf114baf,2025-01-22_04h38.36.419,VisualArraysMentalRotation_v4,2021.1.4,Win32,60.97560976,679054f2072d526265aabff2,67906dd95c76a3ccdce9baf6,Stimuli/27_150.jpg,Same,150,b,n,0,4.867,38,0,38,0,1,,,,,,,,,,,,,,,,,,,,,,,,,,,,,,,,,,,,,,,,,,,,,,,,,
,,,,,,,,,,,,,,,676e81c9c452593cbf114baf,2025-01-22_04h38.36.419,VisualArraysMentalRotation_v4,2021.1.4,Win32,60.97560976,679054f2072d526265aabff2,67906dd95c76a3ccdce9baf6,Stimuli/40_0_R.jpg,Different,0,n,b,0,3.7623,39,0,39,0,1,,,,,,,,,,,,,,,,,,,,,,,,,,,,,,,,,,,,,,,,,,,,,,,,,
,,,,,,,,,,,,,,,676e81c9c452593cbf114baf,2025-01-22_04h38.36.419,VisualArraysMentalRotation_v4,2021.1.4,Win32,60.97560976,679054f2072d526265aabff2,67906dd95c76a3ccdce9baf6,Stimuli/27_150_R.jpg,Different,150,n,b,0,4.7902,40,0,40,0,1,,,,,,,,,,,,,,,,,,,,,,,,,,,,,,,,,,,,,,,,,,,,,,,,,
,,,,,,,,,,,,,,,676e81c9c452593cbf114baf,2025-01-22_04h38.36.419,VisualArraysMentalRotation_v4,2021.1.4,Win32,60.97560976,679054f2072d526265aabff2,67906dd95c76a3ccdce9baf6,Stimuli/38_100_R.jpg,Different,100,n,n,1,5.1588,41,0,41,0,1,,,,,,,,,,,,,,,,,,,,,,,,,,,,,,,,,,,,,,,,,,,,,,,,,
,,,,,,,,,,,,,,,676e81c9c452593cbf114baf,2025-01-22_04h38.36.419,VisualArraysMentalRotation_v4,2021.1.4,Win32,60.97560976,679054f2072d526265aabff2,67906dd95c76a3ccdce9baf6,Stimuli/22_100.jpg,Same,100,b,b,1,3.2772,42,0,42,0,1,,,,,,,,,,,,,,,,,,,,,,,,,,,,,,,,,,,,,,,,,,,,,,,,,
,,,,,,,,,,,,,,,676e81c9c452593cbf114baf,2025-01-22_04h38.36.419,VisualArraysMentalRotation_v4,2021.1.4,Win32,60.97560976,679054f2072d526265aabff2,67906dd95c76a3ccdce9baf6,Stimuli/21_100.jpg,Same,100,b,b,1,4.4852,43,0,43,0,1,,,,,,,,,,,,,,,,,,,,,,,,,,,,,,,,,,,,,,,,,,,,,,,,,
,,,,,,,,,,,,,,,676e81c9c452593cbf114baf,2025-01-22_04h38.36.419,VisualArraysMentalRotation_v4,2021.1.4,Win32,60.97560976,679054f2072d526265aabff2,67906dd95c76a3ccdce9baf6,Stimuli/21_0.jpg,Same,0,b,b,1,3.6671,44,0,44,0,1,,,,,,,,,,,,,,,,,,,,,,,,,,,,,,,,,,,,,,,,,,,,,,,,,
,,,,,,,,,,,,,,,676e81c9c452593cbf114baf,2025-01-22_04h38.36.419,VisualArraysMentalRotation_v4,2021.1.4,Win32,60.97560976,679054f2072d526265aabff2,67906dd95c76a3ccdce9baf6,Stimuli/28_0_R.jpg,Different,0,n,n,1,3.5535,45,0,45,0,1,,,,,,,,,,,,,,,,,,,,,,,,,,,,,,,,,,,,,,,,,,,,,,,,,
,,,,,,,,,,,,,,,676e81c9c452593cbf114baf,2025-01-22_04h38.36.419,VisualArraysMentalRotation_v4,2021.1.4,Win32,60.97560976,679054f2072d526265aabff2,67906dd95c76a3ccdce9baf6,Stimuli/19_0_R.jpg,Different,0,n,b,0,1.1619,46,0,46,0,1,,,,,,,,,,,,,,,,,,,,,,,,,,,,,,,,,,,,,,,,,,,,,,,,,
,,,,,,,,,,,,,,,676e81c9c452593cbf114baf,2025-01-22_04h38.36.419,VisualArraysMentalRotation_v4,2021.1.4,Win32,60.97560976,679054f2072d526265aabff2,67906dd95c76a3ccdce9baf6,Stimuli/38_150_R.jpg,Different,150,n,,0,,47,0,47,0,1,,,,,,,,,,,,,,,,,,,,,,,,,,,,,,,,,,,,,,,,,,,,,,,,,
,,,,,,,,,,,,,,,676e81c9c452593cbf114baf,2025-01-22_04h38.36.419,VisualArraysMentalRotation_v4,2021.1.4,Win32,60.97560976,679054f2072d526265aabff2,67906dd95c76a3ccdce9baf6,Stimuli/21_150_R.jpg,Different,150,n,n,1,0.0032,48,0,48,0,1,,,,,,,,,,,,,,,,,,,,,,,,,,,,,,,,,,,,,,,,,,,,,,,,,
,,,,,,,,,,,,,,,676e81c9c452593cbf114baf,2025-01-22_04h38.36.419,VisualArraysMentalRotation_v4,2021.1.4,Win32,60.97560976,679054f2072d526265aabff2,67906dd95c76a3ccdce9baf6,Stimuli/43_0_R.jpg,Different,0,n,n,1,5.8362,49,0,49,0,1,,,,,,,,,,,,,,,,,,,,,,,,,,,,,,,,,,,,,,,,,,,,,,,,,
,,,,,,,,,,,,,,,676e81c9c452593cbf114baf,2025-01-22_04h38.36.419,VisualArraysMentalRotation_v4,2021.1.4,Win32,60.97560976,679054f2072d526265aabff2,67906dd95c76a3ccdce9baf6,Stimuli/3_150.jpg,Same,150,b,b,1,6.6368,50,0,50,0,1,,,,,,,,,,,,,,,,,,,,,,,,,,,,,,,,,,,,,,,,,,,,,,,,,
,,,,,,,,,,,,,,,676e81c9c452593cbf114baf,2025-01-22_04h38.36.419,VisualArraysMentalRotation_v4,2021.1.4,Win32,60.97560976,679054f2072d526265aabff2,67906dd95c76a3ccdce9baf6,Stimuli/16_50_R.jpg,Different,50,n,n,1,4.2348,51,0,51,0,1,,,,,,,,,,,,,,,,,,,,,,,,,,,,,,,,,,,,,,,,,,,,,,,,,
,,,,,,,,,,,,,,,676e81c9c452593cbf114baf,2025-01-22_04h38.36.419,VisualArraysMentalRotation_v4,2021.1.4,Win32,60.97560976,679054f2072d526265aabff2,67906dd95c76a3ccdce9baf6,Stimuli/32_50.jpg,Same,50,b,b,1,2.5147,52,0,52,0,1,,,,,,,,,,,,,,,,,,,,,,,,,,,,,,,,,,,,,,,,,,,,,,,,,
,,,,,,,,,,,,,,,676e81c9c452593cbf114baf,2025-01-22_04h38.36.419,VisualArraysMentalRotation_v4,2021.1.4,Win32,60.97560976,679054f2072d526265aabff2,67906dd95c76a3ccdce9baf6,Stimuli/19_150.jpg,Same,150,b,b,1,5.0801,53,0,53,0,1,,,,,,,,,,,,,,,,,,,,,,,,,,,,,,,,,,,,,,,,,,,,,,,,,
,,,,,,,,,,,,,,,676e81c9c452593cbf114baf,2025-01-22_04h38.36.419,VisualArraysMentalRotation_v4,2021.1.4,Win32,60.97560976,679054f2072d526265aabff2,67906dd95c76a3ccdce9baf6,Stimuli/43_50_R.jpg,Different,50,n,n,1,2.0518,54,0,54,0,1,,,,,,,,,,,,,,,,,,,,,,,,,,,,,,,,,,,,,,,,,,,,,,,,,
,,,,,,,,,,,,,,,676e81c9c452593cbf114baf,2025-01-22_04h38.36.419,VisualArraysMentalRotation_v4,2021.1.4,Win32,60.97560976,679054f2072d526265aabff2,67906dd95c76a3ccdce9baf6,Stimuli/43_100.jpg,Same,100,b,b,1,6.34,55,0,55,0,1,,,,,,,,,,,,,,,,,,,,,,,,,,,,,,,,,,,,,,,,,,,,,,,,,
,,,,,,,,,,,,,,,676e81c9c452593cbf114baf,2025-01-22_04h38.36.419,VisualArraysMentalRotation_v4,2021.1.4,Win32,60.97560976,679054f2072d526265aabff2,67906dd95c76a3ccdce9baf6,Stimuli/21_50_R.jpg,Different,50,n,n,1,3.3805,56,0,56,0,1,,,,,,,,,,,,,,,,,,,,,,,,,,,,,,,,,,,,,,,,,,,,,,,,,
,,,,,,,,,,,,,,,676e81c9c452593cbf114baf,2025-01-22_04h38.36.419,VisualArraysMentalRotation_v4,2021.1.4,Win32,60.97560976,679054f2072d526265aabff2,67906dd95c76a3ccdce9baf6,Stimuli/40_150.jpg,Same,150,b,b,1,3.1105,57,0,57,0,1,,,,,,,,,,,,,,,,,,,,,,,,,,,,,,,,,,,,,,,,,,,,,,,,,
,,,,,,,,,,,,,,,676e81c9c452593cbf114baf,2025-01-22_04h38.36.419,VisualArraysMentalRotation_v4,2021.1.4,Win32,60.97560976,679054f2072d526265aabff2,67906dd95c76a3ccdce9baf6,Stimuli/44_150_R.jpg,Different,150,n,n,1,3.9276,58,0,58,0,1,,,,,,,,,,,,,,,,,,,,,,,,,,,,,,,,,,,,,,,,,,,,,,,,,
,,,,,,,,,,,,,,,676e81c9c452593cbf114baf,2025-01-22_04h38.36.419,VisualArraysMentalRotation_v4,2021.1.4,Win32,60.97560976,679054f2072d526265aabff2,67906dd95c76a3ccdce9baf6,Stimuli/44_100.jpg,Same,100,b,b,1,3.433,59,0,59,0,1,,,,,,,,,,,,,,,,,,,,,,,,,,,,,,,,,,,,,,,,,,,,,,,,,
,,,,,,,,,,,,,,,676e81c9c452593cbf114baf,2025-01-22_04h38.36.419,VisualArraysMentalRotation_v4,2021.1.4,Win32,60.97560976,679054f2072d526265aabff2,67906dd95c76a3ccdce9baf6,Stimuli/40_50.jpg,Same,50,b,b,1,5.1999,60,0,60,0,1,,,,,,,,,,,,,,,,,,,,,,,,,,,,,,,,,,,,,,,,,,,,,,,,,
,,,,,,,,,,,,,,,676e81c9c452593cbf114baf,2025-01-22_04h38.36.419,VisualArraysMentalRotation_v4,2021.1.4,Win32,60.97560976,679054f2072d526265aabff2,67906dd95c76a3ccdce9baf6,Stimuli/32_100.jpg,Same,100,b,b,1,4.2553,61,0,61,0,1,,,,,,,,,,,,,,,,,,,,,,,,,,,,,,,,,,,,,,,,,,,,,,,,,
,,,,,,,,,,,,,,,676e81c9c452593cbf114baf,2025-01-22_04h38.36.419,VisualArraysMentalRotation_v4,2021.1.4,Win32,60.97560976,679054f2072d526265aabff2,67906dd95c76a3ccdce9baf6,Stimuli/16_0_R.jpg,Different,0,n,n,1,2.3015,62,0,62,0,1,,,,,,,,,,,,,,,,,,,,,,,,,,,,,,,,,,,,,,,,,,,,,,,,,
,,,,,,,,,,,,,,,676e81c9c452593cbf114baf,2025-01-22_04h38.36.419,VisualArraysMentalRotation_v4,2021.1.4,Win32,60.97560976,679054f2072d526265aabff2,67906dd95c76a3ccdce9baf6,Stimuli/44_150.jpg,Same,150,b,b,1,1.633,63,0,63,0,1,,,,,,,,,,,,,,,,,,,,,,,,,,,,,,,,,,,,,,,,,,,,,,,,,
,,,,,,,,,,,,,,,676e81c9c452593cbf114baf,2025-01-22_04h38.36.419,VisualArraysMentalRotation_v4,2021.1.4,Win32,60.97560976,679054f2072d526265aabff2,67906dd95c76a3ccdce9baf6,Stimuli/22_50_R.jpg,Different,50,n,n,1,2.2977,64,0,64,0,1,,,,,,,,,,,,,,,,,,,,,,,,,,,,,,,,,,,,,,,,,,,,,,,,,
,,,,,,,,,,,,,,,676e81c9c452593cbf114baf,2025-01-22_04h38.36.419,VisualArraysMentalRotation_v4,2021.1.4,Win32,60.97560976,679054f2072d526265aabff2,67906dd95c76a3ccdce9baf6,Stimuli/27_100_R.jpg,Different,100,n,n,1,5.0094,65,0,65,0,1,,,,,,,,,,,,,,,,,,,,,,,,,,,,,,,,,,,,,,,,,,,,,,,,,
,,,,,,,,,,,,,,,676e81c9c452593cbf114baf,2025-01-22_04h38.36.419,VisualArraysMentalRotation_v4,2021.1.4,Win32,60.97560976,679054f2072d526265aabff2,67906dd95c76a3ccdce9baf6,Stimuli/16_0.jpg,Same,0,b,b,1,1.5894,66,0,66,0,1,,,,,,,,,,,,,,,,,,,,,,,,,,,,,,,,,,,,,,,,,,,,,,,,,
,,,,,,,,,,,,,,,676e81c9c452593cbf114baf,2025-01-22_04h38.36.419,VisualArraysMentalRotation_v4,2021.1.4,Win32,60.97560976,679054f2072d526265aabff2,67906dd95c76a3ccdce9baf6,Stimuli/32_150_R.jpg,Different,150,n,b,0,2.446,67,0,67,0,1,,,,,,,,,,,,,,,,,,,,,,,,,,,,,,,,,,,,,,,,,,,,,,,,,
,,,,,,,,,,,,,,,676e81c9c452593cbf114baf,2025-01-22_04h38.36.419,VisualArraysMentalRotation_v4,2021.1.4,Win32,60.97560976,679054f2072d526265aabff2,67906dd95c76a3ccdce9baf6,Stimuli/43_50.jpg,Same,50,b,b,1,3.4196,68,0,68,0,1,,,,,,,,,,,,,,,,,,,,,,,,,,,,,,,,,,,,,,,,,,,,,,,,,
,,,,,,,,,,,,,,,676e81c9c452593cbf114baf,2025-01-22_04h38.36.419,VisualArraysMentalRotation_v4,2021.1.4,Win32,60.97560976,679054f2072d526265aabff2,67906dd95c76a3ccdce9baf6,Stimuli/40_100.jpg,Same,100,b,b,1,1.898,69,0,69,0,1,,,,,,,,,,,,,,,,,,,,,,,,,,,,,,,,,,,,,,,,,,,,,,,,,
,,,,,,,,,,,,,,,676e81c9c452593cbf114baf,2025-01-22_04h38.36.419,VisualArraysMentalRotation_v4,2021.1.4,Win32,60.97560976,679054f2072d526265aabff2,67906dd95c76a3ccdce9baf6,Stimuli/3_150_R.jpg,Different,150,n,n,1,5.2158,70,0,70,0,1,,,,,,,,,,,,,,,,,,,,,,,,,,,,,,,,,,,,,,,,,,,,,,,,,
,,,,,,,,,,,,,,,676e81c9c452593cbf114baf,2025-01-22_04h38.36.419,VisualArraysMentalRotation_v4,2021.1.4,Win32,60.97560976,679054f2072d526265aabff2,67906dd95c76a3ccdce9baf6,Stimuli/40_50_R.jpg,Different,50,n,n,1,5.1738,71,0,71,0,1,,,,,,,,,,,,,,,,,,,,,,,,,,,,,,,,,,,,,,,,,,,,,,,,,
,,,,,,,,,,,,,,,676e81c9c452593cbf114baf,2025-01-22_04h38.36.419,VisualArraysMentalRotation_v4,2021.1.4,Win32,60.97560976,679054f2072d526265aabff2,67906dd95c76a3ccdce9baf6,Stimuli/28_100_R.jpg,Different,100,n,n,1,3.4588,72,0,72,0,1,,,,,,,,,,,,,,,,,,,,,,,,,,,,,,,,,,,,,,,,,,,,,,,,,
,,,,,,,,,,,,,,,676e81c9c452593cbf114baf,2025-01-22_04h38.36.419,VisualArraysMentalRotation_v4,2021.1.4,Win32,60.97560976,679054f2072d526265aabff2,67906dd95c76a3ccdce9baf6,Stimuli/27_100.jpg,Same,100,b,b,1,4.2435,73,0,73,0,1,,,,,,,,,,,,,,,,,,,,,,,,,,,,,,,,,,,,,,,,,,,,,,,,,
,,,,,,,,,,,,,,,676e81c9c452593cbf114baf,2025-01-22_04h38.36.419,VisualArraysMentalRotation_v4,2021.1.4,Win32,60.97560976,679054f2072d526265aabff2,67906dd95c76a3ccdce9baf6,Stimuli/44_100_R.jpg,Different,100,n,n,1,5.4001,74,0,74,0,1,,,,,,,,,,,,,,,,,,,,,,,,,,,,,,,,,,,,,,,,,,,,,,,,,
,,,,,,,,,,,,,,,676e81c9c452593cbf114baf,2025-01-22_04h38.36.419,VisualArraysMentalRotation_v4,2021.1.4,Win32,60.97560976,679054f2072d526265aabff2,67906dd95c76a3ccdce9baf6,Stimuli/44_0_R.jpg,Different,0,n,n,1,4.6483,75,0,75,0,1,,,,,,,,,,,,,,,,,,,,,,,,,,,,,,,,,,,,,,,,,,,,,,,,,
,,,,,,,,,,,,,,,676e81c9c452593cbf114baf,2025-01-22_04h38.36.419,VisualArraysMentalRotation_v4,2021.1.4,Win32,60.97560976,679054f2072d526265aabff2,67906dd95c76a3ccdce9baf6,Stimuli/43_0.jpg,Same,0,b,b,1,1.9835,76,0,76,0,1,,,,,,,,,,,,,,,,,,,,,,,,,,,,,,,,,,,,,,,,,,,,,,,,,
,,,,,,,,,,,,,,,676e81c9c452593cbf114baf,2025-01-22_04h38.36.419,VisualArraysMentalRotation_v4,2021.1.4,Win32,60.97560976,679054f2072d526265aabff2,67906dd95c76a3ccdce9baf6,Stimuli/40_0.jpg,Same,0,b,b,1,4.1048,77,0,77,0,1,,,,,,,,,,,,,,,,,,,,,,,,,,,,,,,,,,,,,,,,,,,,,,,,,
,,,,,,,,,,,,,,,676e81c9c452593cbf114baf,2025-01-22_04h38.36.419,VisualArraysMentalRotation_v4,2021.1.4,Win32,60.97560976,679054f2072d526265aabff2,67906dd95c76a3ccdce9baf6,Stimuli/21_0_R.jpg,Different,0,n,n,1,1.8855,78,0,78,0,1,,,,,,,,,,,,,,,,,,,,,,,,,,,,,,,,,,,,,,,,,,,,,,,,,
,,,,,,,,,,,,,,,676e81c9c452593cbf114baf,2025-01-22_04h38.36.419,VisualArraysMentalRotation_v4,2021.1.4,Win32,60.97560976,679054f2072d526265aabff2,67906dd95c76a3ccdce9baf6,Stimuli/38_0_R.jpg,Different,0,n,n,1,4.7358,79,0,79,0,1,,,,,,,,,,,,,,,,,,,,,,,,,,,,,,,,,,,,,,,,,,,,,,,,,
,,,,,,,,,,,,,,,676e81c9c452593cbf114baf,2025-01-22_04h38.36.419,VisualArraysMentalRotation_v4,2021.1.4,Win32,60.97560976,679054f2072d526265aabff2,67906dd95c76a3ccdce9baf6,Stimuli/27_0.jpg,Same,0,b,b,1,3.1538,80,0,80,0,1,,,,,,,,,,,,,,,,,,,,,,,,,,,,,,,,,,,,,,,,,,,,,,,,,
,,,,,,,,,,,,,,,676e81c9c452593cbf114baf,2025-01-22_04h38.36.419,VisualArraysMentalRotation_v4,2021.1.4,Win32,60.97560976,679054f2072d526265aabff2,67906dd95c76a3ccdce9baf6,Stimuli/3_50_R.jpg,Different,50,n,n,1,5.4271,81,0,81,0,1,,,,,,,,,,,,,,,,,,,,,,,,,,,,,,,,,,,,,,,,,,,,,,,,,
,,,,,,,,,,,,,,,676e81c9c452593cbf114baf,2025-01-22_04h38.36.419,VisualArraysMentalRotation_v4,2021.1.4,Win32,60.97560976,679054f2072d526265aabff2,67906dd95c76a3ccdce9baf6,Stimuli/38_150.jpg,Same,150,b,b,1,3.8055,82,0,82,0,1,,,,,,,,,,,,,,,,,,,,,,,,,,,,,,,,,,,,,,,,,,,,,,,,,
,,,,,,,,,,,,,,,676e81c9c452593cbf114baf,2025-01-22_04h38.36.419,VisualArraysMentalRotation_v4,2021.1.4,Win32,60.97560976,679054f2072d526265aabff2,67906dd95c76a3ccdce9baf6,Stimuli/40_100_R.jpg,Different,100,n,n,1,5.0964,83,0,83,0,1,,,,,,,,,,,,,,,,,,,,,,,,,,,,,,,,,,,,,,,,,,,,,,,,,
,,,,,,,,,,,,,,,676e81c9c452593cbf114baf,2025-01-22_04h38.36.419,VisualArraysMentalRotation_v4,2021.1.4,Win32,60.97560976,679054f2072d526265aabff2,67906dd95c76a3ccdce9baf6,Stimuli/28_0.jpg,Same,0,b,b,1,3.224,84,0,84,0,1,,,,,,,,,,,,,,,,,,,,,,,,,,,,,,,,,,,,,,,,,,,,,,,,,
,,,,,,,,,,,,,,,676e81c9c452593cbf114baf,2025-01-22_04h38.36.419,VisualArraysMentalRotation_v4,2021.1.4,Win32,60.97560976,679054f2072d526265aabff2,67906dd95c76a3ccdce9baf6,Stimuli/32_0_R.jpg,Different,0,n,b,0,5.7516,85,0,85,0,1,,,,,,,,,,,,,,,,,,,,,,,,,,,,,,,,,,,,,,,,,,,,,,,,,
,,,,,,,,,,,,,,,676e81c9c452593cbf114baf,2025-01-22_04h38.36.419,VisualArraysMentalRotation_v4,2021.1.4,Win32,60.97560976,679054f2072d526265aabff2,67906dd95c76a3ccdce9baf6,Stimuli/27_50.jpg,Same,50,b,n,0,4.4575,86,0,86,0,1,,,,,,,,,,,,,,,,,,,,,,,,,,,,,,,,,,,,,,,,,,,,,,,,,
,,,,,,,,,,,,,,,676e81c9c452593cbf114baf,2025-01-22_04h38.36.419,VisualArraysMentalRotation_v4,2021.1.4,Win32,60.97560976,679054f2072d526265aabff2,67906dd95c76a3ccdce9baf6,Stimuli/43_150_R.jpg,Different,150,n,n,1,4.1329,87,0,87,0,1,,,,,,,,,,,,,,,,,,,,,,,,,,,,,,,,,,,,,,,,,,,,,,,,,
,,,,,,,,,,,,,,,676e81c9c452593cbf114baf,2025-01-22_04h38.36.419,VisualArraysMentalRotation_v4,2021.1.4,Win32,60.97560976,679054f2072d526265aabff2,67906dd95c76a3ccdce9baf6,Stimuli/22_50.jpg,Same,50,b,b,1,3.7847,88,0,88,0,1,,,,,,,,,,,,,,,,,,,,,,,,,,,,,,,,,,,,,,,,,,,,,,,,,
,,,,,,,,,,,,,,,676e81c9c452593cbf114baf,2025-01-22_04h38.36.419,VisualArraysMentalRotation_v4,2021.1.4,Win32,60.97560976,679054f2072d526265aabff2,67906dd95c76a3ccdce9baf6,Stimuli/44_0.jpg,Same,0,b,b,1,0.8541,89,0,89,0,1,,,,,,,,,,,,,,,,,,,,,,,,,,,,,,,,,,,,,,,,,,,,,,,,,
,,,,,,,,,,,,,,,676e81c9c452593cbf114baf,2025-01-22_04h38.36.419,VisualArraysMentalRotation_v4,2021.1.4,Win32,60.97560976,679054f2072d526265aabff2,67906dd95c76a3ccdce9baf6,Stimuli/44_50.jpg,Same,50,b,b,1,1.5698,90,0,90,0,1,,,,,,,,,,,,,,,,,,,,,,,,,,,,,,,,,,,,,,,,,,,,,,,,,
,,,,,,,,,,,,,,,676e81c9c452593cbf114baf,2025-01-22_04h38.36.419,VisualArraysMentalRotation_v4,2021.1.4,Win32,60.97560976,679054f2072d526265aabff2,67906dd95c76a3ccdce9baf6,Stimuli/28_150_R.jpg,Different,150,n,b,0,3.4074,91,0,91,0,1,,,,,,,,,,,,,,,,,,,,,,,,,,,,,,,,,,,,,,,,,,,,,,,,,
,,,,,,,,,,,,,,,676e81c9c452593cbf114baf,2025-01-22_04h38.36.419,VisualArraysMentalRotation_v4,2021.1.4,Win32,60.97560976,679054f2072d526265aabff2,67906dd95c76a3ccdce9baf6,Stimuli/22_150.jpg,Same,150,b,b,1,3.7144,92,0,92,0,1,,,,,,,,,,,,,,,,,,,,,,,,,,,,,,,,,,,,,,,,,,,,,,,,,
,,,,,,,,,,,,,,,676e81c9c452593cbf114baf,2025-01-22_04h38.36.419,VisualArraysMentalRotation_v4,2021.1.4,Win32,60.97560976,679054f2072d526265aabff2,67906dd95c76a3ccdce9baf6,Stimuli/3_100_R.jpg,Different,100,n,n,1,3.8221,93,0,93,0,1,,,,,,,,,,,,,,,,,,,,,,,,,,,,,,,,,,,,,,,,,,,,,,,,,
,,,,,,,,,,,,,,,676e81c9c452593cbf114baf,2025-01-22_04h38.36.419,VisualArraysMentalRotation_v4,2021.1.4,Win32,60.97560976,679054f2072d526265aabff2,67906dd95c76a3ccdce9baf6,Stimuli/22_100_R.jpg,Different,100,n,n,1,4.3333,94,0,94,0,1,,,,,,,,,,,,,,,,,,,,,,,,,,,,,,,,,,,,,,,,,,,,,,,,,
,,,,,,,,,,,,,,,676e81c9c452593cbf114baf,2025-01-22_04h38.36.419,VisualArraysMentalRotation_v4,2021.1.4,Win32,60.97560976,679054f2072d526265aabff2,67906dd95c76a3ccdce9baf6,Stimuli/3_100.jpg,Same,100,b,b,1,3.5787,95,0,95,0,1,,,,,,,,,,,,,,,,,,,,,,,,,,,,,,,,,,,,,,,,,,,,,,,,,
,,,,,,,,,,,,,,,676e81c9c452593cbf114baf,2025-01-22_04h38.36.419,VisualArraysMentalRotation_v4,2021.1.4,Win32,60.97560976,679054f2072d526265aabff2,67906dd95c76a3ccdce9baf6,,,,,,,,,,,,,0,0,0,0,1,,,,,,,,,,,,,,,,,,,,,,,,,,,,,,,,,,,,,,,,,,,,
,,,,,,,,,,,,,,,676e81c9c452593cbf114baf,2025-01-22_04h38.36.419,VisualArraysMentalRotation_v4,2021.1.4,Win32,60.97560976,679054f2072d526265aabff2,67906dd95c76a3ccdce9baf6,,,,,,,,,,,,,,,,,,0,0,0,0,1,0,1,,,,,,,,,,,,,,,,,,,,,,,,,,,,,,,,,,,,,
,,,,,,,,,,,,,,,676e81c9c452593cbf114baf,2025-01-22_04h38.36.419,VisualArraysMentalRotation_v4,2021.1.4,Win32,60.97560976,679054f2072d526265aabff2,67906dd95c76a3ccdce9baf6,,,,,,,,,,,,,,,,,,,,,,,,,"[45,0,-45,-45,0]","[0,90,-45,0,-45]",0.25,PracBlue_1,"[45,0,-45,-45,0]","[0,90,-45,0,-45]",5,1,1.4104,0,0,0,8,1,BLUE,3,Same,5,1,,,,,,,,,,,,,,,,,,
,,,,,,,,,,,,,,,676e81c9c452593cbf114baf,2025-01-22_04h38.36.419,VisualArraysMentalRotation_v4,2021.1.4,Win32,60.97560976,679054f2072d526265aabff2,67906dd95c76a3ccdce9baf6,,,,,,,,,,,,,,,,,,,,,,,,,"[-45,0,45,0,90]","[0,-45,-45,0,45]",0.25,PracBlue_5,"[-45,0,45,0,90]","[0,-45,-45,0,-45]",6,1,1.2532,0,1,1,14,1,BLUE,5,Different,6,1,,,,,,,,,,,,,,,,,,
,,,,,,,,,,,,,,,676e81c9c452593cbf114baf,2025-01-22_04h38.36.419,VisualArraysMentalRotation_v4,2021.1.4,Win32,60.97560976,679054f2072d526265aabff2,67906dd95c76a3ccdce9baf6,,,,,,,,,,,,,,,,,,,,,,,,,"[0,-45,0,0,45]","[-45,90,-45,90,-45]",0.25,PracBlue_2,"[0,-45,0,0,45]","[-45,90,-45,90,-45]",5,1,0.8283,0,2,2,10,1,BLUE,5,Same,5,1,,,,,,,,,,,,,,,,,,
,,,,,,,,,,,,,,,676e81c9c452593cbf114baf,2025-01-22_04h38.36.419,VisualArraysMentalRotation_v4,2021.1.4,Win32,60.97560976,679054f2072d526265aabff2,67906dd95c76a3ccdce9baf6,,,,,,,,,,,,,,,,,,,,,,,,,"[-45,90,45,0,0]","[45,-45,0,45,90]",0.25,PracBlue_3,"[-45,90,45,0,0]","[45,-45,45,45,90]",6,1,1.1187,0,3,3,15,1,BLUE,5,Different,6,3,,,,,,,,,,,,,,,,,,
,,,,,,,,,,,,,,,676e81c9c452593cbf114baf,2025-01-22_04h38.36.419,VisualArraysMentalRotation_v4,2021.1.4,Win32,60.97560976,679054f2072d526265aabff2,67906dd95c76a3ccdce9baf6,,,,,,,,,,,,,,,,,,,,,,,,,"[90,0,-45,-45,0]","[-45,90,45,45,0]",0.25,PracRed_4,"[90,0,-45,-45,0]","[-45,90,45,45,0]",5,1,1.1644,0,4,4,2,1,RED,5,Same,5,1,,,,,,,,,,,,,,,,,,
,,,,,,,,,,,,,,,676e81c9c452593cbf114baf,2025-01-22_04h38.36.419,VisualArraysMentalRotation_v4,2021.1.4,Win32,60.97560976,679054f2072d526265aabff2,67906dd95c76a3ccdce9baf6,,,,,,,,,,,,,,,,,,,,,,,,,"[-45,0,90,45,45]","[45,90,90,90,-45]",0.25,PracRed_2,"[-45,0,90,45,45]","[45,90,90,90,-45]",5,1,1.7544,0,5,5,3,1,RED,5,Same,5,3,,,,,,,,,,,,,,,,,,
,,,,,,,,,,,,,,,676e81c9c452593cbf114baf,2025-01-22_04h38.36.419,VisualArraysMentalRotation_v4,2021.1.4,Win32,60.97560976,679054f2072d526265aabff2,67906dd95c76a3ccdce9baf6,,,,,,,,,,,,,,,,,,,,,,,,,"[90,0,0,90,0]","[45,45,0,-45,-45]",0.25,PracRed_1,"[0,0,0,90,0]","[45,45,0,-45,-45]",6,1,1.086,0,6,6,4,1,RED,3,Different,6,1,,,,,,,,,,,,,,,,,,
,,,,,,,,,,,,,,,676e81c9c452593cbf114baf,2025-01-22_04h38.36.419,VisualArraysMentalRotation_v4,2021.1.4,Win32,60.97560976,679054f2072d526265aabff2,67906dd95c76a3ccdce9baf6,,,,,,,,,,,,,,,,,,,,,,,,,"[-45,-45,45,-45,-45]","[90,45,45,0,0]",0.25,PracRed_1,"[45,-45,45,-45,-45]","[90,45,45,0,0]",6,1,1.0436,0,7,7,5,1,RED,3,Different,6,3,,,,,,,,,,,,,,,,,,
,,,,,,,,,,,,,,,676e81c9c452593cbf114baf,2025-01-22_04h38.36.419,VisualArraysMentalRotation_v4,2021.1.4,Win32,60.97560976,679054f2072d526265aabff2,67906dd95c76a3ccdce9baf6,,,,,,,,,,,,,,,,,,,,,,,,,"[90,45,90,45,0]","[90,45,-45,45,0]",0.25,PracRed_1,"[90,45,90,45,0]","[90,45,-45,45,0]",5,1,1.001,0,8,8,0,1,RED,3,Same,5,1,,,,,,,,,,,,,,,,,,
,,,,,,,,,,,,,,,676e81c9c452593cbf114baf,2025-01-22_04h38.36.419,VisualArraysMentalRotation_v4,2021.1.4,Win32,60.97560976,679054f2072d526265aabff2,67906dd95c76a3ccdce9baf6,,,,,,,,,,,,,,,,,,,,,,,,,"[0,0,0,0,-45]","[45,-45,90,90,90]",0.25,PracBlue_3,"[0,0,0,0,-45]","[45,-45,90,90,90]",6,0,1.0008,0,9,9,9,1,BLUE,3,Same,5,3,,,,,,,,,,,,,,,,,,
,,,,,,,,,,,,,,,676e81c9c452593cbf114baf,2025-01-22_04h38.36.419,VisualArraysMentalRotation_v4,2021.1.4,Win32,60.97560976,679054f2072d526265aabff2,67906dd95c76a3ccdce9baf6,,,,,,,,,,,,,,,,,,,,,,,,,"[0,45,-45,-45,45]","[0,-45,-45,90,45]",0.25,PracRed_2,"[0,0,-45,-45,45]","[0,-45,-45,90,45]",6,1,1.1717,0,10,10,7,1,RED,5,Different,6,3,,,,,,,,,,,,,,,,,,
,,,,,,,,,,,,,,,676e81c9c452593cbf114baf,2025-01-22_04h38.36.419,VisualArraysMentalRotation_v4,2021.1.4,Win32,60.97560976,679054f2072d526265aabff2,67906dd95c76a3ccdce9baf6,,,,,,,,,,,,,,,,,,,,,,,,,"[90,45,90,90,0]","[0,-45,-45,0,0]",0.25,PracBlue_2,"[90,45,90,90,0]","[0,45,-45,0,0]",5,0,1.0108,0,11,11,13,1,BLUE,3,Different,6,3,,,,,,,,,,,,,,,,,,
,,,,,,,,,,,,,,,676e81c9c452593cbf114baf,2025-01-22_04h38.36.419,VisualArraysMentalRotation_v4,2021.1.4,Win32,60.97560976,679054f2072d526265aabff2,67906dd95c76a3ccdce9baf6,,,,,,,,,,,,,,,,,,,,,,,,,"[45,-45,90,-45,-45]","[90,45,0,0,45]",0.25,PracBlue_5,"[45,-45,90,-45,-45]","[90,45,0,0,45]",5,1,0.913,0,12,12,11,1,BLUE,5,Same,5,3,,,,,,,,,,,,,,,,,,
,,,,,,,,,,,,,,,676e81c9c452593cbf114baf,2025-01-22_04h38.36.419,VisualArraysMentalRotation_v4,2021.1.4,Win32,60.97560976,679054f2072d526265aabff2,67906dd95c76a3ccdce9baf6,,,,,,,,,,,,,,,,,,,,,,,,,"[90,45,45,90,-45]","[90,0,45,45,0]",0.25,PracBlue_1,"[90,45,45,90,-45]","[-45,0,45,45,0]",5,0,1.4363,0,13,13,12,1,BLUE,3,Different,6,1,,,,,,,,,,,,,,,,,,
,,,,,,,,,,,,,,,676e81c9c452593cbf114baf,2025-01-22_04h38.36.419,VisualArraysMentalRotation_v4,2021.1.4,Win32,60.97560976,679054f2072d526265aabff2,67906dd95c76a3ccdce9baf6,,,,,,,,,,,,,,,,,,,,,,,,,"[45,45,0,90,45]","[90,90,45,-45,0]",0.25,PracRed_1,"[45,45,0,90,45]","[90,90,45,-45,0]",6,0,1.0414,0,14,14,1,1,RED,3,Same,5,3,,,,,,,,,,,,,,,,,,
,,,,,,,,,,,,,,,676e81c9c452593cbf114baf,2025-01-22_04h38.36.419,VisualArraysMentalRotation_v4,2021.1.4,Win32,60.97560976,679054f2072d526265aabff2,67906dd95c76a3ccdce9baf6,,,,,,,,,,,,,,,,,,,,,,,,,"[90,90,-45,0,90]","[45,90,90,90,-45]",0.25,PracRed_1,"[45,90,-45,0,90]","[45,90,90,90,-45]",6,1,1.0688,0,15,15,6,1,RED,5,Different,6,1,,,,,,,,,,,,,,,,,,
,,,,,,,,,,,,,,,676e81c9c452593cbf114baf,2025-01-22_04h38.36.419,VisualArraysMentalRotation_v4,2021.1.4,Win32,60.97560976,679054f2072d526265aabff2,67906dd95c76a3ccdce9baf6,,,,,,,,,,,,,,,,,,,,,,,,,,,,,,,,,,,,,,,,,,,,0,0,0,0,1,,,,,,,,,,,,,
,,,,,,,,,,,,,,,676e81c9c452593cbf114baf,2025-01-22_04h38.36.419,VisualArraysMentalRotation_v4,2021.1.4,Win32,60.97560976,679054f2072d526265aabff2,67906dd95c76a3ccdce9baf6,,,,,,,,,,,,,,,,,,,,,,,,,"[45,-45,-45,90,45]","[90,-45,0,90,-45]",0.25,PracBlue_2,"[45,-45,-45,90,45]","[90,0,0,90,-45]",5,0,5.5329,0,0,0,12,1,BLUE,3,Different,6,1,,,,,,,,,,,,,,,,,,
,,,,,,,,,,,,,,,676e81c9c452593cbf114baf,2025-01-22_04h38.36.419,VisualArraysMentalRotation_v4,2021.1.4,Win32,60.97560976,679054f2072d526265aabff2,67906dd95c76a3ccdce9baf6,,,,,,,,,,,,,,,,,,,,,,,,,"[90,-45,45,0,45]","[45,45,90,0,0]",0.25,PracRed_3,"[90,-45,45,0,45]","[45,45,90,0,0]",5,1,1.0164,0,1,1,0,1,RED,3,Same,5,1,,,,,,,,,,,,,,,,,,
,,,,,,,,,,,,,,,676e81c9c452593cbf114baf,2025-01-22_04h38.36.419,VisualArraysMentalRotation_v4,2021.1.4,Win32,60.97560976,679054f2072d526265aabff2,67906dd95c76a3ccdce9baf6,,,,,,,,,,,,,,,,,,,,,,,,,"[-45,0,-45,-45,-45]","[90,-45,0,45,-45]",0.25,PracRed_2,"[-45,0,-45,-45,-45]","[90,-45,0,45,-45]",6,0,1.2196,0,2,2,3,1,RED,5,Same,5,3,,,,,,,,,,,,,,,,,,
,,,,,,,,,,,,,,,676e81c9c452593cbf114baf,2025-01-22_04h38.36.419,VisualArraysMentalRotation_v4,2021.1.4,Win32,60.97560976,679054f2072d526265aabff2,67906dd95c76a3ccdce9baf6,,,,,,,,,,,,,,,,,,,,,,,,,"[-45,90,45,45,90]","[-45,-45,0,0,90]",0.25,PracBlue_4,"[-45,90,45,45,90]","[-45,-45,0,0,90]",5,1,0.7362,0,3,3,10,1,BLUE,5,Same,5,1,,,,,,,,,,,,,,,,,,
,,,,,,,,,,,,,,,676e81c9c452593cbf114baf,2025-01-22_04h38.36.419,VisualArraysMentalRotation_v4,2021.1.4,Win32,60.97560976,679054f2072d526265aabff2,67906dd95c76a3ccdce9baf6,,,,,,,,,,,,,,,,,,,,,,,,,"[-45,-45,45,0,-45]","[0,0,-45,45,-45]",0.25,PracBlue_1,"[-45,-45,45,0,-45]","[0,0,-45,45,-45]",5,1,0.4695,0,4,4,11,1,BLUE,5,Same,5,3,,,,,,,,,,,,,,,,,,
,,,,,,,,,,,,,,,676e81c9c452593cbf114baf,2025-01-22_04h38.36.419,VisualArraysMentalRotation_v4,2021.1.4,Win32,60.97560976,679054f2072d526265aabff2,67906dd95c76a3ccdce9baf6,,,,,,,,,,,,,,,,,,,,,,,,,"[-45,90,0,0,0]","[90,45,0,0,90]",0.25,PracBlue_2,"[-45,90,0,0,0]","[90,45,0,0,90]",5,1,0.8554,0,5,5,8,1,BLUE,3,Same,5,1,,,,,,,,,,,,,,,,,,
,,,,,,,,,,,,,,,676e81c9c452593cbf114baf,2025-01-22_04h38.36.419,VisualArraysMentalRotation_v4,2021.1.4,Win32,60.97560976,679054f2072d526265aabff2,67906dd95c76a3ccdce9baf6,,,,,,,,,,,,,,,,,,,,,,,,,"[45,45,90,0,0]","[0,0,90,-45,45]",0.25,PracRed_4,"[45,45,90,90,0]","[0,0,90,-45,45]",5,0,1.1288,0,6,6,7,1,RED,5,Different,6,3,,,,,,,,,,,,,,,,,,
,,,,,,,,,,,,,,,676e81c9c452593cbf114baf,2025-01-22_04h38.36.419,VisualArraysMentalRotation_v4,2021.1.4,Win32,60.97560976,679054f2072d526265aabff2,67906dd95c76a3ccdce9baf6,,,,,,,,,,,,,,,,,,,,,,,,,"[45,0,45,0,0]","[-45,0,-45,0,90]",0.25,PracRed_2,"[45,-45,45,0,0]","[-45,0,-45,0,90]",5,0,2.3317,0,7,7,5,1,RED,3,Different,6,3,,,,,,,,,,,,,,,,,,
,,,,,,,,,,,,,,,676e81c9c452593cbf114baf,2025-01-22_04h38.36.419,VisualArraysMentalRotation_v4,2021.1.4,Win32,60.97560976,679054f2072d526265aabff2,67906dd95c76a3ccdce9baf6,,,,,,,,,,,,,,,,,,,,,,,,,"[90,0,90,90,0]","[0,0,-45,0,0]",0.25,PracBlue_1,"[90,0,90,90,0]","[45,0,-45,0,0]",5,0,0.0512,0,8,8,13,1,BLUE,3,Different,6,3,,,,,,,,,,,,,,,,,,
,,,,,,,,,,,,,,,676e81c9c452593cbf114baf,2025-01-22_04h38.36.419,VisualArraysMentalRotation_v4,2021.1.4,Win32,60.97560976,679054f2072d526265aabff2,67906dd95c76a3ccdce9baf6,,,,,,,,,,,,,,,,,,,,,,,,,"[45,0,90,-45,0]","[45,-45,0,45,-45]",0.25,PracBlue_5,"[45,0,90,-45,0]","[45,-45,0,45,90]",5,0,0.6576,0,9,9,14,1,BLUE,5,Different,6,1,,,,,,,,,,,,,,,,,,
,,,,,,,,,,,,,,,676e81c9c452593cbf114baf,2025-01-22_04h38.36.419,VisualArraysMentalRotation_v4,2021.1.4,Win32,60.97560976,679054f2072d526265aabff2,67906dd95c76a3ccdce9baf6,,,,,,,,,,,,,,,,,,,,,,,,,"[90,45,0,-45,0]","[90,45,-45,90,90]",0.25,PracRed_1,"[90,45,0,-45,0]","[90,45,-45,90,90]",5,1,1.1946,0,10,10,2,1,RED,5,Same,5,1,,,,,,,,,,,,,,,,,,
,,,,,,,,,,,,,,,676e81c9c452593cbf114baf,2025-01-22_04h38.36.419,VisualArraysMentalRotation_v4,2021.1.4,Win32,60.97560976,679054f2072d526265aabff2,67906dd95c76a3ccdce9baf6,,,,,,,,,,,,,,,,,,,,,,,,,"[90,90,45,90,45]","[0,45,90,0,0]",0.25,PracBlue_3,"[90,90,45,90,45]","[0,45,-45,0,0]",5,0,1.2251,0,11,11,15,1,BLUE,5,Different,6,3,,,,,,,,,,,,,,,,,,
,,,,,,,,,,,,,,,676e81c9c452593cbf114baf,2025-01-22_04h38.36.419,VisualArraysMentalRotation_v4,2021.1.4,Win32,60.97560976,679054f2072d526265aabff2,67906dd95c76a3ccdce9baf6,,,,,,,,,,,,,,,,,,,,,,,,,"[45,-45,90,90,45]","[90,45,90,90,0]",0.25,PracBlue_1,"[45,-45,90,90,45]","[90,45,90,90,0]",5,1,1.3897,0,12,12,9,1,BLUE,3,Same,5,3,,,,,,,,,,,,,,,,,,
,,,,,,,,,,,,,,,676e81c9c452593cbf114baf,2025-01-22_04h38.36.419,VisualArraysMentalRotation_v4,2021.1.4,Win32,60.97560976,679054f2072d526265aabff2,67906dd95c76a3ccdce9baf6,,,,,,,,,,,,,,,,,,,,,,,,,"[90,90,0,45,90]","[45,90,45,-45,0]",0.25,PracRed_4,"[90,90,0,0,90]","[45,90,45,-45,0]",5,0,1.7717,0,13,13,6,1,RED,5,Different,6,1,,,,,,,,,,,,,,,,,,
,,,,,,,,,,,,,,,676e81c9c452593cbf114baf,2025-01-22_04h38.36.419,VisualArraysMentalRotation_v4,2021.1.4,Win32,60.97560976,679054f2072d526265aabff2,67906dd95c76a3ccdce9baf6,,,,,,,,,,,,,,,,,,,,,,,,,"[45,-45,90,45,45]","[45,45,45,-45,90]",0.25,PracRed_2,"[45,-45,90,45,45]","[45,45,45,-45,90]",5,1,1.2621,0,14,14,1,1,RED,3,Same,5,3,,,,,,,,,,,,,,,,,,
,,,,,,,,,,,,,,,676e81c9c452593cbf114baf,2025-01-22_04h38.36.419,VisualArraysMentalRotation_v4,2021.1.4,Win32,60.97560976,679054f2072d526265aabff2,67906dd95c76a3ccdce9baf6,,,,,,,,,,,,,,,,,,,,,,,,,"[0,45,45,-45,90]","[-45,45,-45,90,0]",0.25,PracRed_2,"[0,0,45,-45,90]","[-45,45,-45,90,0]",5,0,0.8037,0,15,15,4,1,RED,3,Different,6,1,,,,,,,,,,,,,,,,,,
,,,,,,,,,,,,,,,676e81c9c452593cbf114baf,2025-01-22_04h38.36.419,VisualArraysMentalRotation_v4,2021.1.4,Win32,60.97560976,679054f2072d526265aabff2,67906dd95c76a3ccdce9baf6,,,,,,,,,,,,,,,,,,,,,,,,,,,,,,,,,,,,,,,,,,,,1,0,1,0,1,,,,,,,,,,,,,
,,,,,,,,,,,,,,,676e81c9c452593cbf114baf,2025-01-22_04h38.36.419,VisualArraysMentalRotation_v4,2021.1.4,Win32,60.97560976,679054f2072d526265aabff2,67906dd95c76a3ccdce9baf6,,,,,,,,,,,,,,,,,,,,,,,,,"[0,-45,0,-45,45]","[45,90,-45,90,0]",,Red_3,"[0,-45,0,-45,45]","[45,90,-45,90,0]",,,,,,,,,RED,3,Same,5,3,,,,,,5,1,0.993,0,0,0,1,1,,,,,
,,,,,,,,,,,,,,,676e81c9c452593cbf114baf,2025-01-22_04h38.36.419,VisualArraysMentalRotation_v4,2021.1.4,Win32,60.97560976,679054f2072d526265aabff2,67906dd95c76a3ccdce9baf6,,,,,,,,,,,,,,,,,,,,,,,,,"[-45,-45,0,90,0]","[45,45,90,90,-45]",,Blue_2,"[-45,-45,0,90,0]","[45,0,90,90,-45]",,,,,,,,,BLUE,5,Different,6,1,,,,,,5,0,1.0023,0,1,1,14,1,,,,,
,,,,,,,,,,,,,,,676e81c9c452593cbf114baf,2025-01-22_04h38.36.419,VisualArraysMentalRotation_v4,2021.1.4,Win32,60.97560976,679054f2072d526265aabff2,67906dd95c76a3ccdce9baf6,,,,,,,,,,,,,,,,,,,,,,,,,"[-45,45,0,45,90]","[0,45,90,45,90]",,Blue_1,"[-45,45,0,45,90]","[0,45,90,45,90]",,,,,,,,,BLUE,5,Same,5,1,,,,,,5,1,1.1562,0,2,2,10,1,,,,,
,,,,,,,,,,,,,,,676e81c9c452593cbf114baf,2025-01-22_04h38.36.419,VisualArraysMentalRotation_v4,2021.1.4,Win32,60.97560976,679054f2072d526265aabff2,67906dd95c76a3ccdce9baf6,,,,,,,,,,,,,,,,,,,,,,,,,"[90,-45,90,45,-45]","[-45,45,-45,90,0]",,Red_3,"[90,-45,-45,45,-45]","[-45,45,-45,90,0]",,,,,,,,,RED,5,Different,6,3,,,,,,6,1,1.2413,0,3,3,7,1,,,,,
,,,,,,,,,,,,,,,676e81c9c452593cbf114baf,2025-01-22_04h38.36.419,VisualArraysMentalRotation_v4,2021.1.4,Win32,60.97560976,679054f2072d526265aabff2,67906dd95c76a3ccdce9baf6,,,,,,,,,,,,,,,,,,,,,,,,,"[90,0,45,0,0]","[90,90,-45,0,0]",,Red_1,"[45,0,45,0,0]","[90,90,-45,0,0]",,,,,,,,,RED,3,Different,6,1,,,,,,6,1,1.2191,0,4,4,4,1,,,,,
,,,,,,,,,,,,,,,676e81c9c452593cbf114baf,2025-01-22_04h38.36.419,VisualArraysMentalRotation_v4,2021.1.4,Win32,60.97560976,679054f2072d526265aabff2,67906dd95c76a3ccdce9baf6,,,,,,,,,,,,,,,,,,,,,,,,,"[90,90,-45,-45,-45]","[-45,45,45,-45,90]",,Blue_2,"[90,90,-45,-45,-45]","[-45,45,45,-45,90]",,,,,,,,,BLUE,3,Same,5,1,,,,,,5,1,2.008,0,5,5,8,1,,,,,
,,,,,,,,,,,,,,,676e81c9c452593cbf114baf,2025-01-22_04h38.36.419,VisualArraysMentalRotation_v4,2021.1.4,Win32,60.97560976,679054f2072d526265aabff2,67906dd95c76a3ccdce9baf6,,,,,,,,,,,,,,,,,,,,,,,,,"[-45,0,0,0,-45]","[0,-45,-45,-45,45]",,Blue_3,"[-45,0,0,0,-45]","[0,-45,45,-45,45]",,,,,,,,,BLUE,5,Different,6,3,,,,,,5,0,1.228,0,6,6,15,1,,,,,
,,,,,,,,,,,,,,,676e81c9c452593cbf114baf,2025-01-22_04h38.36.419,VisualArraysMentalRotation_v4,2021.1.4,Win32,60.97560976,679054f2072d526265aabff2,67906dd95c76a3ccdce9baf6,,,,,,,,,,,,,,,,,,,,,,,,,"[90,-45,90,45,90]","[45,90,45,-45,90]",,Blue_2,"[90,-45,90,45,90]","[45,0,45,-45,90]",,,,,,,,,BLUE,3,Different,6,3,,,,,,6,1,1.2001,0,7,7,13,1,,,,,
,,,,,,,,,,,,,,,676e81c9c452593cbf114baf,2025-01-22_04h38.36.419,VisualArraysMentalRotation_v4,2021.1.4,Win32,60.97560976,679054f2072d526265aabff2,67906dd95c76a3ccdce9baf6,,,,,,,,,,,,,,,,,,,,,,,,,"[0,45,45,90,45]","[90,-45,90,45,-45]",,Red_3,"[0,45,45,90,45]","[90,-45,90,45,-45]",,,,,,,,,RED,5,Same,5,3,,,,,,5,1,2.4855,0,8,8,3,1,,,,,
,,,,,,,,,,,,,,,676e81c9c452593cbf114baf,2025-01-22_04h38.36.419,VisualArraysMentalRotation_v4,2021.1.4,Win32,60.97560976,679054f2072d526265aabff2,67906dd95c76a3ccdce9baf6,,,,,,,,,,,,,,,,,,,,,,,,,"[45,-45,90,45,90]","[90,-45,90,45,-45]",,Blue_1,"[45,-45,90,45,90]","[0,-45,90,45,-45]",,,,,,,,,BLUE,3,Different,6,1,,,,,,6,1,2.0021,0,9,9,12,1,,,,,
,,,,,,,,,,,,,,,676e81c9c452593cbf114baf,2025-01-22_04h38.36.419,VisualArraysMentalRotation_v4,2021.1.4,Win32,60.97560976,679054f2072d526265aabff2,67906dd95c76a3ccdce9baf6,,,,,,,,,,,,,,,,,,,,,,,,,"[-45,45,45,90,90]","[45,45,90,90,45]",,Red_1,"[-45,45,45,90,90]","[45,45,90,90,45]",,,,,,,,,RED,5,Same,5,1,,,,,,5,1,1.2356,0,10,10,2,1,,,,,
,,,,,,,,,,,,,,,676e81c9c452593cbf114baf,2025-01-22_04h38.36.419,VisualArraysMentalRotation_v4,2021.1.4,Win32,60.97560976,679054f2072d526265aabff2,67906dd95c76a3ccdce9baf6,,,,,,,,,,,,,,,,,,,,,,,,,"[0,-45,90,90,90]","[90,90,-45,-45,0]",,Red_1,"[45,-45,90,90,90]","[90,90,-45,-45,0]",,,,,,,,,RED,3,Different,6,3,,,,,,6,1,4.3513,0,11,11,5,1,,,,,
,,,,,,,,,,,,,,,676e81c9c452593cbf114baf,2025-01-22_04h38.36.419,VisualArraysMentalRotation_v4,2021.1.4,Win32,60.97560976,679054f2072d526265aabff2,67906dd95c76a3ccdce9baf6,,,,,,,,,,,,,,,,,,,,,,,,,"[0,90,-45,90,90]","[-45,0,45,90,90]",,Red_2,"[0,45,-45,90,90]","[-45,0,45,90,90]",,,,,,,,,RED,5,Different,6,1,,,,,,5,0,1.7354,0,12,12,6,1,,,,,
,,,,,,,,,,,,,,,676e81c9c452593cbf114baf,2025-01-22_04h38.36.419,VisualArraysMentalRotation_v4,2021.1.4,Win32,60.97560976,679054f2072d526265aabff2,67906dd95c76a3ccdce9baf6,,,,,,,,,,,,,,,,,,,,,,,,,"[0,0,-45,0,90]","[-45,45,-45,45,90]",,Blue_1,"[0,0,-45,0,90]","[-45,45,-45,45,90]",,,,,,,,,BLUE,5,Same,5,3,,,,,,6,0,1.4689,0,13,13,11,1,,,,,
,,,,,,,,,,,,,,,676e81c9c452593cbf114baf,2025-01-22_04h38.36.419,VisualArraysMentalRotation_v4,2021.1.4,Win32,60.97560976,679054f2072d526265aabff2,67906dd95c76a3ccdce9baf6,,,,,,,,,,,,,,,,,,,,,,,,,"[0,90,-45,-45,90]","[0,-45,-45,90,-45]",,Blue_1,"[0,90,-45,-45,90]","[0,-45,-45,90,-45]",,,,,,,,,BLUE,3,Same,5,3,,,,,,5,1,1.6933,0,14,14,9,1,,,,,
,,,,,,,,,,,,,,,676e81c9c452593cbf114baf,2025-01-22_04h38.36.419,VisualArraysMentalRotation_v4,2021.1.4,Win32,60.97560976,679054f2072d526265aabff2,67906dd95c76a3ccdce9baf6,,,,,,,,,,,,,,,,,,,,,,,,,"[45,-45,90,90,0]","[90,0,90,45,90]",,Red_2,"[45,-45,90,90,0]","[90,0,90,45,90]",,,,,,,,,RED,3,Same,5,1,,,,,,6,0,1.4355,0,15,15,0,1,,,,,
,,,,,,,,,,,,,,,676e81c9c452593cbf114baf,2025-01-22_04h38.36.419,VisualArraysMentalRotation_v4,2021.1.4,Win32,60.97560976,679054f2072d526265aabff2,67906dd95c76a3ccdce9baf6,,,,,,,,,,,,,,,,,,,,,,,,,"[-45,0,-45,45,-45]","[0,90,90,90,-45]",,Blue_5,"[-45,0,-45,45,-45]","[0,90,90,90,-45]",,,,,,,,,BLUE,5,Same,5,1,,,,,,5,1,1.6685,1,0,16,10,1,,,,,
,,,,,,,,,,,,,,,676e81c9c452593cbf114baf,2025-01-22_04h38.36.419,VisualArraysMentalRotation_v4,2021.1.4,Win32,60.97560976,679054f2072d526265aabff2,67906dd95c76a3ccdce9baf6,,,,,,,,,,,,,,,,,,,,,,,,,"[0,45,90,-45,-45]","[0,0,0,-45,45]",,Blue_4,"[0,45,90,-45,-45]","[0,0,0,45,45]",,,,,,,,,BLUE,5,Different,6,1,,,,,,5,0,1.8369,1,1,17,14,1,,,,,
,,,,,,,,,,,,,,,676e81c9c452593cbf114baf,2025-01-22_04h38.36.419,VisualArraysMentalRotation_v4,2021.1.4,Win32,60.97560976,679054f2072d526265aabff2,67906dd95c76a3ccdce9baf6,,,,,,,,,,,,,,,,,,,,,,,,,"[45,-45,45,-45,90]","[-45,0,90,90,-45]",,Red_4,"[45,-45,45,-45,90]","[-45,0,90,90,-45]",,,,,,,,,RED,5,Same,5,3,,,,,,6,0,1.9183,1,2,18,3,1,,,,,
,,,,,,,,,,,,,,,676e81c9c452593cbf114baf,2025-01-22_04h38.36.419,VisualArraysMentalRotation_v4,2021.1.4,Win32,60.97560976,679054f2072d526265aabff2,67906dd95c76a3ccdce9baf6,,,,,,,,,,,,,,,,,,,,,,,,,"[0,0,45,0,0]","[90,90,-45,0,-45]",,Blue_1,"[0,0,45,0,0]","[45,90,-45,0,-45]",,,,,,,,,BLUE,3,Different,6,1,,,,,,6,1,1.5525,1,3,19,12,1,,,,,
,,,,,,,,,,,,,,,676e81c9c452593cbf114baf,2025-01-22_04h38.36.419,VisualArraysMentalRotation_v4,2021.1.4,Win32,60.97560976,679054f2072d526265aabff2,67906dd95c76a3ccdce9baf6,,,,,,,,,,,,,,,,,,,,,,,,,"[-45,0,90,0,0]","[0,0,-45,45,45]",,Red_2,"[-45,90,90,0,0]","[0,0,-45,45,45]",,,,,,,,,RED,3,Different,6,3,,,,,,6,1,1.9832,1,4,20,5,1,,,,,
,,,,,,,,,,,,,,,676e81c9c452593cbf114baf,2025-01-22_04h38.36.419,VisualArraysMentalRotation_v4,2021.1.4,Win32,60.97560976,679054f2072d526265aabff2,67906dd95c76a3ccdce9baf6,,,,,,,,,,,,,,,,,,,,,,,,,"[-45,45,-45,0,-45]","[45,0,0,-45,-45]",,Red_4,"[-45,45,-45,90,-45]","[45,0,0,-45,-45]",,,,,,,,,RED,5,Different,6,3,,,,,,6,1,1.6188,1,5,21,7,1,,,,,
,,,,,,,,,,,,,,,676e81c9c452593cbf114baf,2025-01-22_04h38.36.419,VisualArraysMentalRotation_v4,2021.1.4,Win32,60.97560976,679054f2072d526265aabff2,67906dd95c76a3ccdce9baf6,,,,,,,,,,,,,,,,,,,,,,,,,"[0,45,45,0,0]","[0,45,90,45,0]",,Red_3,"[0,45,90,0,0]","[0,45,90,45,0]",,,,,,,,,RED,5,Different,6,1,,,,,,6,1,1.5191,1,6,22,6,1,,,,,
,,,,,,,,,,,,,,,676e81c9c452593cbf114baf,2025-01-22_04h38.36.419,VisualArraysMentalRotation_v4,2021.1.4,Win32,60.97560976,679054f2072d526265aabff2,67906dd95c76a3ccdce9baf6,,,,,,,,,,,,,,,,,,,,,,,,,"[90,0,90,45,45]","[0,45,0,0,45]",,Red_3,"[90,0,-45,45,45]","[0,45,0,0,45]",,,,,,,,,RED,3,Different,6,1,,,,,,5,0,2.8619,1,7,23,4,1,,,,,
,,,,,,,,,,,,,,,676e81c9c452593cbf114baf,2025-01-22_04h38.36.419,VisualArraysMentalRotation_v4,2021.1.4,Win32,60.97560976,679054f2072d526265aabff2,67906dd95c76a3ccdce9baf6,,,,,,,,,,,,,,,,,,,,,,,,,"[-45,0,45,45,-45]","[45,45,45,90,-45]",,Blue_1,"[-45,0,45,45,-45]","[45,45,45,90,-45]",,,,,,,,,BLUE,3,Same,5,1,,,,,,5,1,1.4365,1,8,24,8,1,,,,,
,,,,,,,,,,,,,,,676e81c9c452593cbf114baf,2025-01-22_04h38.36.419,VisualArraysMentalRotation_v4,2021.1.4,Win32,60.97560976,679054f2072d526265aabff2,67906dd95c76a3ccdce9baf6,,,,,,,,,,,,,,,,,,,,,,,,,"[-45,0,90,-45,0]","[0,0,90,-45,90]",,Red_2,"[-45,0,90,-45,0]","[0,0,90,-45,90]",,,,,,,,,RED,3,Same,5,3,,,,,,5,1,1.6011,1,9,25,1,1,,,,,
,,,,,,,,,,,,,,,676e81c9c452593cbf114baf,2025-01-22_04h38.36.419,VisualArraysMentalRotation_v4,2021.1.4,Win32,60.97560976,679054f2072d526265aabff2,67906dd95c76a3ccdce9baf6,,,,,,,,,,,,,,,,,,,,,,,,,"[90,-45,0,90,-45]","[45,45,90,-45,90]",,Red_1,"[90,-45,0,90,-45]","[45,45,90,-45,90]",,,,,,,,,RED,3,Same,5,1,,,,,,5,1,1.5937,1,10,26,0,1,,,,,
,,,,,,,,,,,,,,,676e81c9c452593cbf114baf,2025-01-22_04h38.36.419,VisualArraysMentalRotation_v4,2021.1.4,Win32,60.97560976,679054f2072d526265aabff2,67906dd95c76a3ccdce9baf6,,,,,,,,,,,,,,,,,,,,,,,,,"[45,45,0,45,90]","[0,-45,-45,-45,45]",,Red_4,"[45,45,0,45,90]","[0,-45,-45,-45,45]",,,,,,,,,RED,5,Same,5,1,,,,,,6,0,2.955,1,11,27,2,1,,,,,
,,,,,,,,,,,,,,,676e81c9c452593cbf114baf,2025-01-22_04h38.36.419,VisualArraysMentalRotation_v4,2021.1.4,Win32,60.97560976,679054f2072d526265aabff2,67906dd95c76a3ccdce9baf6,,,,,,,,,,,,,,,,,,,,,,,,,"[45,0,45,90,0]","[0,0,45,45,90]",,Blue_2,"[45,0,45,90,0]","[0,0,45,45,90]",,,,,,,,,BLUE,3,Same,5,3,,,,,,5,1,1.4276,1,12,28,9,1,,,,,
,,,,,,,,,,,,,,,676e81c9c452593cbf114baf,2025-01-22_04h38.36.419,VisualArraysMentalRotation_v4,2021.1.4,Win32,60.97560976,679054f2072d526265aabff2,67906dd95c76a3ccdce9baf6,,,,,,,,,,,,,,,,,,,,,,,,,"[45,90,0,-45,0]","[90,-45,-45,-45,-45]",,Blue_2,"[45,90,0,-45,0]","[90,45,-45,-45,-45]",,,,,,,,,BLUE,3,Different,6,3,,,,,,6,1,2.8503,1,13,29,13,1,,,,,
,,,,,,,,,,,,,,,676e81c9c452593cbf114baf,2025-01-22_04h38.36.419,VisualArraysMentalRotation_v4,2021.1.4,Win32,60.97560976,679054f2072d526265aabff2,67906dd95c76a3ccdce9baf6,,,,,,,,,,,,,,,,,,,,,,,,,"[0,-45,90,45,90]","[45,90,0,-45,45]",,Blue_4,"[0,-45,90,45,90]","[45,90,0,-45,45]",,,,,,,,,BLUE,5,Same,5,3,,,,,,5,1,1.2438,1,14,30,11,1,,,,,
,,,,,,,,,,,,,,,676e81c9c452593cbf114baf,2025-01-22_04h38.36.419,VisualArraysMentalRotation_v4,2021.1.4,Win32,60.97560976,679054f2072d526265aabff2,67906dd95c76a3ccdce9baf6,,,,,,,,,,,,,,,,,,,,,,,,,"[90,0,0,45,45]","[90,0,45,45,90]",,Blue_1,"[90,0,0,45,45]","[45,0,45,45,90]",,,,,,,,,BLUE,5,Different,6,3,,,,,,5,0,1.9014,1,15,31,15,1,,,,,
,,,,,,,,,,,,,,,676e81c9c452593cbf114baf,2025-01-22_04h38.36.419,VisualArraysMentalRotation_v4,2021.1.4,Win32,60.97560976,679054f2072d526265aabff2,67906dd95c76a3ccdce9baf6,,,,,,,,,,,,,,,,,,,,,,,,,"[45,-45,0,0,45]","[0,0,45,0,45]",,Red_5,"[45,-45,0,0,-45]","[0,0,45,0,45]",,,,,,,,,RED,5,Different,6,3,,,,,,5,0,1.8348,2,0,32,7,1,,,,,
,,,,,,,,,,,,,,,676e81c9c452593cbf114baf,2025-01-22_04h38.36.419,VisualArraysMentalRotation_v4,2021.1.4,Win32,60.97560976,679054f2072d526265aabff2,67906dd95c76a3ccdce9baf6,,,,,,,,,,,,,,,,,,,,,,,,,"[45,-45,90,0,45]","[-45,90,-45,45,0]",,Red_1,"[45,-45,90,0,45]","[-45,90,-45,45,0]",,,,,,,,,RED,5,Same,5,1,,,,,,5,1,8.8954,2,1,33,2,1,,,,,
,,,,,,,,,,,,,,,676e81c9c452593cbf114baf,2025-01-22_04h38.36.419,VisualArraysMentalRotation_v4,2021.1.4,Win32,60.97560976,679054f2072d526265aabff2,67906dd95c76a3ccdce9baf6,,,,,,,,,,,,,,,,,,,,,,,,,"[0,-45,-45,-45,-45]","[-45,90,45,-45,-45]",,Red_1,"[-45,-45,-45,-45,-45]","[-45,90,45,-45,-45]",,,,,,,,,RED,5,Different,6,1,,,,,,6,1,2.7923,2,2,34,6,1,,,,,
,,,,,,,,,,,,,,,676e81c9c452593cbf114baf,2025-01-22_04h38.36.419,VisualArraysMentalRotation_v4,2021.1.4,Win32,60.97560976,679054f2072d526265aabff2,67906dd95c76a3ccdce9baf6,,,,,,,,,,,,,,,,,,,,,,,,,"[90,0,45,-45,45]","[45,90,-45,-45,90]",,Blue_1,"[90,0,45,-45,45]","[45,90,-45,-45,90]",,,,,,,,,BLUE,3,Same,5,3,,,,,,5,1,1.1436,2,3,35,9,1,,,,,
,,,,,,,,,,,,,,,676e81c9c452593cbf114baf,2025-01-22_04h38.36.419,VisualArraysMentalRotation_v4,2021.1.4,Win32,60.97560976,679054f2072d526265aabff2,67906dd95c76a3ccdce9baf6,,,,,,,,,,,,,,,,,,,,,,,,,"[45,45,45,0,90]","[-45,90,45,0,45]",,Blue_1,"[45,45,45,0,90]","[45,90,45,0,45]",,,,,,,,,BLUE,3,Different,6,3,,,,,,5,0,1.2359,2,4,36,13,1,,,,,
,,,,,,,,,,,,,,,676e81c9c452593cbf114baf,2025-01-22_04h38.36.419,VisualArraysMentalRotation_v4,2021.1.4,Win32,60.97560976,679054f2072d526265aabff2,67906dd95c76a3ccdce9baf6,,,,,,,,,,,,,,,,,,,,,,,,,"[90,90,-45,45,0]","[0,45,-45,90,0]",,Blue_4,"[90,90,-45,45,0]","[0,45,-45,90,0]",,,,,,,,,BLUE,5,Same,5,1,,,,,,5,1,1.4449,2,5,37,10,1,,,,,
,,,,,,,,,,,,,,,676e81c9c452593cbf114baf,2025-01-22_04h38.36.419,VisualArraysMentalRotation_v4,2021.1.4,Win32,60.97560976,679054f2072d526265aabff2,67906dd95c76a3ccdce9baf6,,,,,,,,,,,,,,,,,,,,,,,,,"[0,0,-45,0,45]","[90,-45,45,90,-45]",,Blue_1,"[0,0,-45,0,45]","[45,-45,45,90,-45]",,,,,,,,,BLUE,5,Different,6,1,,,,,,5,0,1.822,2,6,38,14,1,,,,,
,,,,,,,,,,,,,,,676e81c9c452593cbf114baf,2025-01-22_04h38.36.419,VisualArraysMentalRotation_v4,2021.1.4,Win32,60.97560976,679054f2072d526265aabff2,67906dd95c76a3ccdce9baf6,,,,,,,,,,,,,,,,,,,,,,,,,"[0,90,-45,45,0]","[45,45,45,90,90]",,Red_1,"[0,90,-45,45,0]","[45,45,45,90,90]",,,,,,,,,RED,5,Same,5,3,,,,,,5,1,3.9666,2,7,39,3,1,,,,,
,,,,,,,,,,,,,,,676e81c9c452593cbf114baf,2025-01-22_04h38.36.419,VisualArraysMentalRotation_v4,2021.1.4,Win32,60.97560976,679054f2072d526265aabff2,67906dd95c76a3ccdce9baf6,,,,,,,,,,,,,,,,,,,,,,,,,"[90,-45,0,90,90]","[-45,90,-45,90,45]",,Red_3,"[90,-45,0,90,90]","[-45,90,-45,90,45]",,,,,,,,,RED,3,Same,5,3,,,,,,5,1,1.3965,2,8,40,1,1,,,,,
,,,,,,,,,,,,,,,676e81c9c452593cbf114baf,2025-01-22_04h38.36.419,VisualArraysMentalRotation_v4,2021.1.4,Win32,60.97560976,679054f2072d526265aabff2,67906dd95c76a3ccdce9baf6,,,,,,,,,,,,,,,,,,,,,,,,,"[0,0,0,-45,45]","[-45,90,90,90,0]",,Red_1,"[0,0,0,-45,45]","[-45,90,90,90,0]",,,,,,,,,RED,3,Same,5,1,,,,,,5,1,1.144,2,9,41,0,1,,,,,
,,,,,,,,,,,,,,,676e81c9c452593cbf114baf,2025-01-22_04h38.36.419,VisualArraysMentalRotation_v4,2021.1.4,Win32,60.97560976,679054f2072d526265aabff2,67906dd95c76a3ccdce9baf6,,,,,,,,,,,,,,,,,,,,,,,,,"[45,-45,0,0,-45]","[-45,45,0,0,90]",,Blue_2,"[45,-45,0,0,-45]","[-45,0,0,0,90]",,,,,,,,,BLUE,3,Different,6,1,,,,,,5,0,3.2716,2,10,42,12,1,,,,,
,,,,,,,,,,,,,,,676e81c9c452593cbf114baf,2025-01-22_04h38.36.419,VisualArraysMentalRotation_v4,2021.1.4,Win32,60.97560976,679054f2072d526265aabff2,67906dd95c76a3ccdce9baf6,,,,,,,,,,,,,,,,,,,,,,,,,"[-45,0,90,0,90]","[0,90,45,90,-45]",,Blue_3,"[-45,0,90,0,90]","[0,90,45,90,-45]",,,,,,,,,BLUE,3,Same,5,1,,,,,,6,0,1.515,2,11,43,8,1,,,,,
,,,,,,,,,,,,,,,676e81c9c452593cbf114baf,2025-01-22_04h38.36.419,VisualArraysMentalRotation_v4,2021.1.4,Win32,60.97560976,679054f2072d526265aabff2,67906dd95c76a3ccdce9baf6,,,,,,,,,,,,,,,,,,,,,,,,,"[0,45,90,90,-45]","[90,-45,90,90,0]",,Blue_5,"[0,45,90,90,-45]","[90,-45,90,90,45]",,,,,,,,,BLUE,5,Different,6,3,,,,,,5,0,1.8187,2,12,44,15,1,,,,,
,,,,,,,,,,,,,,,676e81c9c452593cbf114baf,2025-01-22_04h38.36.419,VisualArraysMentalRotation_v4,2021.1.4,Win32,60.97560976,679054f2072d526265aabff2,67906dd95c76a3ccdce9baf6,,,,,,,,,,,,,,,,,,,,,,,,,"[90,45,90,90,90]","[45,0,0,-45,90]",,Red_2,"[90,90,90,90,90]","[45,0,0,-45,90]",,,,,,,,,RED,3,Different,6,1,,,,,,5,0,1.6369,2,13,45,4,1,,,,,
,,,,,,,,,,,,,,,676e81c9c452593cbf114baf,2025-01-22_04h38.36.419,VisualArraysMentalRotation_v4,2021.1.4,Win32,60.97560976,679054f2072d526265aabff2,67906dd95c76a3ccdce9baf6,,,,,,,,,,,,,,,,,,,,,,,,,"[-45,-45,0,0,0]","[45,0,0,0,-45]",,Blue_1,"[-45,-45,0,0,0]","[45,0,0,0,-45]",,,,,,,,,BLUE,5,Same,5,3,,,,,,5,1,1.7196,2,14,46,11,1,,,,,
,,,,,,,,,,,,,,,676e81c9c452593cbf114baf,2025-01-22_04h38.36.419,VisualArraysMentalRotation_v4,2021.1.4,Win32,60.97560976,679054f2072d526265aabff2,67906dd95c76a3ccdce9baf6,,,,,,,,,,,,,,,,,,,,,,,,,"[0,-45,0,90,45]","[45,90,-45,-45,90]",,Red_1,"[45,-45,0,90,45]","[45,90,-45,-45,90]",,,,,,,,,RED,3,Different,6,3,,,,,,5,0,2.2186,2,15,47,5,1,,,,,
,,,,,,,,,,,,,,,676e81c9c452593cbf114baf,2025-01-22_04h38.36.419,VisualArraysMentalRotation_v4,2021.1.4,Win32,60.97560976,679054f2072d526265aabff2,67906dd95c76a3ccdce9baf6,,,,,,,,,,,,,,,,,,,,,,,,,"[0,90,45,90,0]","[0,-45,0,0,-45]",,Blue_1,"[0,90,45,90,0]","[0,-45,0,0,-45]",,,,,,,,,BLUE,3,Same,5,3,,,,,,5,1,1.0679,3,0,48,9,1,,,,,
,,,,,,,,,,,,,,,676e81c9c452593cbf114baf,2025-01-22_04h38.36.419,VisualArraysMentalRotation_v4,2021.1.4,Win32,60.97560976,679054f2072d526265aabff2,67906dd95c76a3ccdce9baf6,,,,,,,,,,,,,,,,,,,,,,,,,"[-45,-45,45,0,-45]","[45,0,-45,90,90]",,Red_5,"[-45,-45,45,0,-45]","[45,0,-45,90,90]",,,,,,,,,RED,5,Same,5,1,,,,,,6,0,1.1192,3,1,49,2,1,,,,,
,,,,,,,,,,,,,,,676e81c9c452593cbf114baf,2025-01-22_04h38.36.419,VisualArraysMentalRotation_v4,2021.1.4,Win32,60.97560976,679054f2072d526265aabff2,67906dd95c76a3ccdce9baf6,,,,,,,,,,,,,,,,,,,,,,,,,"[45,45,45,0,-45]","[-45,0,-45,0,90]",,Blue_4,"[45,45,45,0,-45]","[-45,0,-45,0,90]",,,,,,,,,BLUE,5,Same,5,1,,,,,,5,1,1.0765,3,2,50,10,1,,,,,
,,,,,,,,,,,,,,,676e81c9c452593cbf114baf,2025-01-22_04h38.36.419,VisualArraysMentalRotation_v4,2021.1.4,Win32,60.97560976,679054f2072d526265aabff2,67906dd95c76a3ccdce9baf6,,,,,,,,,,,,,,,,,,,,,,,,,"[45,90,-45,-45,45]","[90,-45,-45,-45,-45]",,Red_2,"[45,45,-45,-45,45]","[90,-45,-45,-45,-45]",,,,,,,,,RED,3,Different,6,3,,,,,,5,0,4.1682,3,3,51,5,1,,,,,
,,,,,,,,,,,,,,,676e81c9c452593cbf114baf,2025-01-22_04h38.36.419,VisualArraysMentalRotation_v4,2021.1.4,Win32,60.97560976,679054f2072d526265aabff2,67906dd95c76a3ccdce9baf6,,,,,,,,,,,,,,,,,,,,,,,,,"[90,0,-45,45,-45]","[45,45,45,0,-45]",,Red_4,"[90,0,-45,90,-45]","[45,45,45,0,-45]",,,,,,,,,RED,5,Different,6,3,,,,,,5,0,0.8723,3,4,52,7,1,,,,,
,,,,,,,,,,,,,,,676e81c9c452593cbf114baf,2025-01-22_04h38.36.419,VisualArraysMentalRotation_v4,2021.1.4,Win32,60.97560976,679054f2072d526265aabff2,67906dd95c76a3ccdce9baf6,,,,,,,,,,,,,,,,,,,,,,,,,"[-45,0,90,45,-45]","[-45,45,-45,90,45]",,Red_1,"[90,0,90,45,-45]","[-45,45,-45,90,45]",,,,,,,,,RED,5,Different,6,1,,,,,,5,0,1.9522,3,5,53,6,1,,,,,
,,,,,,,,,,,,,,,676e81c9c452593cbf114baf,2025-01-22_04h38.36.419,VisualArraysMentalRotation_v4,2021.1.4,Win32,60.97560976,679054f2072d526265aabff2,67906dd95c76a3ccdce9baf6,,,,,,,,,,,,,,,,,,,,,,,,,"[0,90,90,45,45]","[-45,45,-45,90,-45]",,Blue_1,"[0,90,90,45,45]","[-45,45,-45,90,-45]",,,,,,,,,BLUE,3,Same,5,1,,,,,,6,0,0.9374,3,6,54,8,1,,,,,
,,,,,,,,,,,,,,,676e81c9c452593cbf114baf,2025-01-22_04h38.36.419,VisualArraysMentalRotation_v4,2021.1.4,Win32,60.97560976,679054f2072d526265aabff2,67906dd95c76a3ccdce9baf6,,,,,,,,,,,,,,,,,,,,,,,,,"[-45,45,45,90,90]","[0,90,-45,0,-45]",,Red_1,"[-45,45,45,90,90]","[0,90,-45,0,-45]",,,,,,,,,RED,3,Same,5,1,,,,,,6,0,1.0476,3,7,55,0,1,,,,,
,,,,,,,,,,,,,,,676e81c9c452593cbf114baf,2025-01-22_04h38.36.419,VisualArraysMentalRotation_v4,2021.1.4,Win32,60.97560976,679054f2072d526265aabff2,67906dd95c76a3ccdce9baf6,,,,,,,,,,,,,,,,,,,,,,,,,"[0,90,45,0,90]","[0,-45,-45,90,0]",,Blue_3,"[0,90,45,0,90]","[0,-45,45,90,0]",,,,,,,,,BLUE,3,Different,6,3,,,,,,5,0,0.8359,3,8,56,13,1,,,,,
,,,,,,,,,,,,,,,676e81c9c452593cbf114baf,2025-01-22_04h38.36.419,VisualArraysMentalRotation_v4,2021.1.4,Win32,60.97560976,679054f2072d526265aabff2,67906dd95c76a3ccdce9baf6,,,,,,,,,,,,,,,,,,,,,,,,,"[-45,0,45,90,45]","[45,45,-45,45,45]",,Blue_5,"[-45,0,45,90,45]","[45,45,-45,45,-45]",,,,,,,,,BLUE,5,Different,6,1,,,,,,5,0,1.6519,3,9,57,14,1,,,,,
,,,,,,,,,,,,,,,676e81c9c452593cbf114baf,2025-01-22_04h38.36.419,VisualArraysMentalRotation_v4,2021.1.4,Win32,60.97560976,679054f2072d526265aabff2,67906dd95c76a3ccdce9baf6,,,,,,,,,,,,,,,,,,,,,,,,,"[45,-45,0,90,90]","[45,90,90,0,90]",,Red_3,"[45,-45,0,90,90]","[45,90,90,0,90]",,,,,,,,,RED,3,Same,5,3,,,,,,5,1,1.3203,3,10,58,1,1,,,,,
,,,,,,,,,,,,,,,676e81c9c452593cbf114baf,2025-01-22_04h38.36.419,VisualArraysMentalRotation_v4,2021.1.4,Win32,60.97560976,679054f2072d526265aabff2,67906dd95c76a3ccdce9baf6,,,,,,,,,,,,,,,,,,,,,,,,,"[-45,-45,0,-45,-45]","[-45,45,45,45,90]",,Blue_1,"[-45,-45,0,-45,-45]","[0,45,45,45,90]",,,,,,,,,BLUE,3,Different,6,1,,,,,,5,0,2.367,3,11,59,12,1,,,,,
,,,,,,,,,,,,,,,676e81c9c452593cbf114baf,2025-01-22_04h38.36.419,VisualArraysMentalRotation_v4,2021.1.4,Win32,60.97560976,679054f2072d526265aabff2,67906dd95c76a3ccdce9baf6,,,,,,,,,,,,,,,,,,,,,,,,,"[-45,-45,-45,90,-45]","[45,90,90,-45,45]",,Red_2,"[-45,-45,-45,90,-45]","[45,90,90,-45,45]",,,,,,,,,RED,5,Same,5,3,,,,,,5,1,1.2859,3,12,60,3,1,,,,,
,,,,,,,,,,,,,,,676e81c9c452593cbf114baf,2025-01-22_04h38.36.419,VisualArraysMentalRotation_v4,2021.1.4,Win32,60.97560976,679054f2072d526265aabff2,67906dd95c76a3ccdce9baf6,,,,,,,,,,,,,,,,,,,,,,,,,"[0,0,0,-45,0]","[45,0,45,90,0]",,Blue_4,"[0,0,0,-45,0]","[45,0,45,0,0]",,,,,,,,,BLUE,5,Different,6,3,,,,,,6,1,3.1745,3,13,61,15,1,,,,,
,,,,,,,,,,,,,,,676e81c9c452593cbf114baf,2025-01-22_04h38.36.419,VisualArraysMentalRotation_v4,2021.1.4,Win32,60.97560976,679054f2072d526265aabff2,67906dd95c76a3ccdce9baf6,,,,,,,,,,,,,,,,,,,,,,,,,"[90,-45,0,45,-45]","[0,90,0,0,90]",,Blue_3,"[90,-45,0,45,-45]","[0,90,0,0,90]",,,,,,,,,BLUE,5,Same,5,3,,,,,,5,1,1.8692,3,14,62,11,1,,,,,
,,,,,,,,,,,,,,,676e81c9c452593cbf114baf,2025-01-22_04h38.36.419,VisualArraysMentalRotation_v4,2021.1.4,Win32,60.97560976,679054f2072d526265aabff2,67906dd95c76a3ccdce9baf6,,,,,,,,,,,,,,,,,,,,,,,,,"[-45,0,0,45,90]","[0,-45,0,0,90]",,Red_1,"[0,0,0,45,90]","[0,-45,0,0,90]",,,,,,,,,RED,3,Different,6,1,,,,,,6,1,1.5696,3,15,63,4,1,,,,,
,,,,,,,,,,,,,,,676e81c9c452593cbf114baf,2025-01-22_04h38.36.419,VisualArraysMentalRotation_v4,2021.1.4,Win32,60.97560976,679054f2072d526265aabff2,67906dd95c76a3ccdce9baf6,,,,,,,,,,,,,,,,,,,,,,,,,"[45,90,45,45,90]","[-45,90,90,0,45]",,Red_3,"[45,90,90,45,90]","[-45,90,90,0,45]",,,,,,,,,RED,3,Different,6,1,,,,,,5,0,1.3354,4,0,64,4,1,,,,,
,,,,,,,,,,,,,,,676e81c9c452593cbf114baf,2025-01-22_04h38.36.419,VisualArraysMentalRotation_v4,2021.1.4,Win32,60.97560976,679054f2072d526265aabff2,67906dd95c76a3ccdce9baf6,,,,,,,,,,,,,,,,,,,,,,,,,"[-45,45,0,0,45]","[90,90,45,0,90]",,Blue_5,"[-45,45,0,0,45]","[90,90,45,0,0]",,,,,,,,,BLUE,5,Different,6,3,,,,,,5,0,1.0516,4,1,65,15,1,,,,,
,,,,,,,,,,,,,,,676e81c9c452593cbf114baf,2025-01-22_04h38.36.419,VisualArraysMentalRotation_v4,2021.1.4,Win32,60.97560976,679054f2072d526265aabff2,67906dd95c76a3ccdce9baf6,,,,,,,,,,,,,,,,,,,,,,,,,"[45,-45,-45,0,90]","[90,90,90,0,-45]",,Red_2,"[45,-45,-45,0,90]","[90,90,90,0,-45]",,,,,,,,,RED,3,Same,5,3,,,,,,5,1,1.5027,4,2,66,1,1,,,,,
,,,,,,,,,,,,,,,676e81c9c452593cbf114baf,2025-01-22_04h38.36.419,VisualArraysMentalRotation_v4,2021.1.4,Win32,60.97560976,679054f2072d526265aabff2,67906dd95c76a3ccdce9baf6,,,,,,,,,,,,,,,,,,,,,,,,,"[45,0,-45,-45,45]","[-45,-45,90,45,0]",,Blue_5,"[45,0,-45,-45,45]","[-45,-45,90,45,0]",,,,,,,,,BLUE,5,Same,5,1,,,,,,5,1,1.1186,4,3,67,10,1,,,,,
,,,,,,,,,,,,,,,676e81c9c452593cbf114baf,2025-01-22_04h38.36.419,VisualArraysMentalRotation_v4,2021.1.4,Win32,60.97560976,679054f2072d526265aabff2,67906dd95c76a3ccdce9baf6,,,,,,,,,,,,,,,,,,,,,,,,,"[45,45,45,90,-45]","[-45,-45,45,0,90]",,Red_5,"[45,45,45,90,0]","[-45,-45,45,0,90]",,,,,,,,,RED,5,Different,6,1,,,,,,5,0,1.4856,4,4,68,6,1,,,,,
,,,,,,,,,,,,,,,676e81c9c452593cbf114baf,2025-01-22_04h38.36.419,VisualArraysMentalRotation_v4,2021.1.4,Win32,60.97560976,679054f2072d526265aabff2,67906dd95c76a3ccdce9baf6,,,,,,,,,,,,,,,,,,,,,,,,,"[-45,0,0,0,90]","[90,45,90,0,45]",,Blue_5,"[-45,0,0,0,90]","[90,45,90,0,45]",,,,,,,,,BLUE,5,Same,5,3,,,,,,5,1,1.3695,4,5,69,11,1,,,,,
,,,,,,,,,,,,,,,676e81c9c452593cbf114baf,2025-01-22_04h38.36.419,VisualArraysMentalRotation_v4,2021.1.4,Win32,60.97560976,679054f2072d526265aabff2,67906dd95c76a3ccdce9baf6,,,,,,,,,,,,,,,,,,,,,,,,,"[45,90,0,45,-45]","[-45,45,45,-45,45]",,Red_1,"[45,90,0,45,-45]","[-45,45,45,-45,45]",,,,,,,,,RED,5,Same,5,3,,,,,,5,1,1.4692,4,6,70,3,1,,,,,
,,,,,,,,,,,,,,,676e81c9c452593cbf114baf,2025-01-22_04h38.36.419,VisualArraysMentalRotation_v4,2021.1.4,Win32,60.97560976,679054f2072d526265aabff2,67906dd95c76a3ccdce9baf6,,,,,,,,,,,,,,,,,,,,,,,,,"[90,90,-45,-45,0]","[90,-45,45,-45,-45]",,Blue_2,"[90,90,-45,-45,0]","[90,90,45,-45,-45]",,,,,,,,,BLUE,3,Different,6,1,,,,,,5,0,1.6507,4,7,71,12,1,,,,,
,,,,,,,,,,,,,,,676e81c9c452593cbf114baf,2025-01-22_04h38.36.419,VisualArraysMentalRotation_v4,2021.1.4,Win32,60.97560976,679054f2072d526265aabff2,67906dd95c76a3ccdce9baf6,,,,,,,,,,,,,,,,,,,,,,,,,"[-45,90,-45,90,0]","[-45,0,-45,45,45]",,Blue_3,"[-45,90,-45,90,0]","[-45,0,-45,45,45]",,,,,,,,,BLUE,3,Same,5,3,,,,,,5,1,1.7705,4,8,72,9,1,,,,,
,,,,,,,,,,,,,,,676e81c9c452593cbf114baf,2025-01-22_04h38.36.419,VisualArraysMentalRotation_v4,2021.1.4,Win32,60.97560976,679054f2072d526265aabff2,67906dd95c76a3ccdce9baf6,,,,,,,,,,,,,,,,,,,,,,,,,"[-45,0,45,0,90]","[45,45,0,-45,-45]",,Blue_2,"[-45,0,45,0,90]","[45,0,0,-45,-45]",,,,,,,,,BLUE,3,Different,6,3,,,,,,6,1,2.8901,4,9,73,13,1,,,,,
,,,,,,,,,,,,,,,676e81c9c452593cbf114baf,2025-01-22_04h38.36.419,VisualArraysMentalRotation_v4,2021.1.4,Win32,60.97560976,679054f2072d526265aabff2,67906dd95c76a3ccdce9baf6,,,,,,,,,,,,,,,,,,,,,,,,,"[0,0,0,90,90]","[90,90,45,-45,-45]",,Red_3,"[0,0,0,90,90]","[90,90,45,-45,-45]",,,,,,,,,RED,3,Same,5,1,,,,,,5,1,1.6223,4,10,74,0,1,,,,,
,,,,,,,,,,,,,,,676e81c9c452593cbf114baf,2025-01-22_04h38.36.419,VisualArraysMentalRotation_v4,2021.1.4,Win32,60.97560976,679054f2072d526265aabff2,67906dd95c76a3ccdce9baf6,,,,,,,,,,,,,,,,,,,,,,,,,"[45,45,45,90,0]","[0,-45,90,-45,45]",,Blue_2,"[45,45,45,90,0]","[0,45,90,-45,45]",,,,,,,,,BLUE,5,Different,6,1,,,,,,5,0,1.3601,4,11,75,14,1,,,,,
,,,,,,,,,,,,,,,676e81c9c452593cbf114baf,2025-01-22_04h38.36.419,VisualArraysMentalRotation_v4,2021.1.4,Win32,60.97560976,679054f2072d526265aabff2,67906dd95c76a3ccdce9baf6,,,,,,,,,,,,,,,,,,,,,,,,,"[90,45,0,-45,45]","[45,-45,0,-45,45]",,Red_5,"[90,45,0,-45,0]","[45,-45,0,-45,45]",,,,,,,,,RED,5,Different,6,3,,,,,,5,0,1.5931,4,12,76,7,1,,,,,
,,,,,,,,,,,,,,,676e81c9c452593cbf114baf,2025-01-22_04h38.36.419,VisualArraysMentalRotation_v4,2021.1.4,Win32,60.97560976,679054f2072d526265aabff2,67906dd95c76a3ccdce9baf6,,,,,,,,,,,,,,,,,,,,,,,,,"[90,90,45,-45,45]","[-45,-45,45,90,90]",,Red_2,"[90,90,45,-45,45]","[-45,-45,45,90,90]",,,,,,,,,RED,5,Same,5,1,,,,,,5,1,1.652,4,13,77,2,1,,,,,
,,,,,,,,,,,,,,,676e81c9c452593cbf114baf,2025-01-22_04h38.36.419,VisualArraysMentalRotation_v4,2021.1.4,Win32,60.97560976,679054f2072d526265aabff2,67906dd95c76a3ccdce9baf6,,,,,,,,,,,,,,,,,,,,,,,,,"[-45,-45,90,-45,90]","[90,-45,90,90,45]",,Red_1,"[0,-45,90,-45,90]","[90,-45,90,90,45]",,,,,,,,,RED,3,Different,6,3,,,,,,6,1,1.9128,4,14,78,5,1,,,,,
,,,,,,,,,,,,,,,676e81c9c452593cbf114baf,2025-01-22_04h38.36.419,VisualArraysMentalRotation_v4,2021.1.4,Win32,60.97560976,679054f2072d526265aabff2,67906dd95c76a3ccdce9baf6,,,,,,,,,,,,,,,,,,,,,,,,,"[90,-45,45,-45,90]","[0,45,90,-45,-45]",,Blue_2,"[90,-45,45,-45,90]","[0,45,90,-45,-45]",,,,,,,,,BLUE,3,Same,5,1,,,,,,6,0,2.3685,4,15,79,8,1,,,,,
,,,,,,,,,,,,,,,676e81c9c452593cbf114baf,2025-01-22_04h38.36.419,VisualArraysMentalRotation_v4,2021.1.4,Win32,60.97560976,679054f2072d526265aabff2,67906dd95c76a3ccdce9baf6,,,,,,,,,,,,,,,,,,,,,,,,,"[90,-45,45,-45,-45]","[90,0,45,45,90]",,Red_2,"[90,90,45,-45,-45]","[90,0,45,45,90]",,,,,,,,,RED,3,Different,6,3,,,,,,6,1,1.6371,5,0,80,5,1,,,,,
,,,,,,,,,,,,,,,676e81c9c452593cbf114baf,2025-01-22_04h38.36.419,VisualArraysMentalRotation_v4,2021.1.4,Win32,60.97560976,679054f2072d526265aabff2,67906dd95c76a3ccdce9baf6,,,,,,,,,,,,,,,,,,,,,,,,,"[-45,90,-45,45,0]","[0,-45,0,45,45]",,Red_3,"[-45,90,-45,45,0]","[0,-45,0,45,45]",,,,,,,,,RED,3,Same,5,1,,,,,,6,0,2.4587,5,1,81,0,1,,,,,
,,,,,,,,,,,,,,,676e81c9c452593cbf114baf,2025-01-22_04h38.36.419,VisualArraysMentalRotation_v4,2021.1.4,Win32,60.97560976,679054f2072d526265aabff2,67906dd95c76a3ccdce9baf6,,,,,,,,,,,,,,,,,,,,,,,,,"[90,45,45,45,45]","[-45,45,-45,90,45]",,Red_3,"[90,45,-45,45,45]","[-45,45,-45,90,45]",,,,,,,,,RED,5,Different,6,1,,,,,,6,1,1.4854,5,2,82,6,1,,,,,
,,,,,,,,,,,,,,,676e81c9c452593cbf114baf,2025-01-22_04h38.36.419,VisualArraysMentalRotation_v4,2021.1.4,Win32,60.97560976,679054f2072d526265aabff2,67906dd95c76a3ccdce9baf6,,,,,,,,,,,,,,,,,,,,,,,,,"[90,45,45,90,90]","[45,0,-45,90,-45]",,Blue_3,"[90,45,45,90,90]","[45,0,45,90,-45]",,,,,,,,,BLUE,5,Different,6,3,,,,,,6,1,1.8135,5,3,83,15,1,,,,,
,,,,,,,,,,,,,,,676e81c9c452593cbf114baf,2025-01-22_04h38.36.419,VisualArraysMentalRotation_v4,2021.1.4,Win32,60.97560976,679054f2072d526265aabff2,67906dd95c76a3ccdce9baf6,,,,,,,,,,,,,,,,,,,,,,,,,"[45,0,90,90,-45]","[45,45,0,0,90]",,Blue_1,"[45,0,90,90,-45]","[-45,45,0,0,90]",,,,,,,,,BLUE,3,Different,6,1,,,,,,6,1,1.4248,5,4,84,12,1,,,,,
,,,,,,,,,,,,,,,676e81c9c452593cbf114baf,2025-01-22_04h38.36.419,VisualArraysMentalRotation_v4,2021.1.4,Win32,60.97560976,679054f2072d526265aabff2,67906dd95c76a3ccdce9baf6,,,,,,,,,,,,,,,,,,,,,,,,,"[0,45,45,45,-45]","[45,-45,-45,90,-45]",,Red_1,"[-45,45,45,45,-45]","[45,-45,-45,90,-45]",,,,,,,,,RED,5,Different,6,3,,,,,,5,0,1.9759,5,5,85,7,1,,,,,
,,,,,,,,,,,,,,,676e81c9c452593cbf114baf,2025-01-22_04h38.36.419,VisualArraysMentalRotation_v4,2021.1.4,Win32,60.97560976,679054f2072d526265aabff2,67906dd95c76a3ccdce9baf6,,,,,,,,,,,,,,,,,,,,,,,,,"[0,-45,0,0,90]","[-45,90,90,90,90]",,Red_2,"[0,-45,0,0,90]","[-45,90,90,90,90]",,,,,,,,,RED,5,Same,5,1,,,,,,6,0,3.1203,5,6,86,2,1,,,,,
,,,,,,,,,,,,,,,676e81c9c452593cbf114baf,2025-01-22_04h38.36.419,VisualArraysMentalRotation_v4,2021.1.4,Win32,60.97560976,679054f2072d526265aabff2,67906dd95c76a3ccdce9baf6,,,,,,,,,,,,,,,,,,,,,,,,,"[-45,45,45,0,-45]","[90,0,90,90,0]",,Blue_4,"[-45,45,45,0,-45]","[90,0,90,90,0]",,,,,,,,,BLUE,5,Same,5,3,,,,,,5,1,1.6183,5,7,87,11,1,,,,,
,,,,,,,,,,,,,,,676e81c9c452593cbf114baf,2025-01-22_04h38.36.419,VisualArraysMentalRotation_v4,2021.1.4,Win32,60.97560976,679054f2072d526265aabff2,67906dd95c76a3ccdce9baf6,,,,,,,,,,,,,,,,,,,,,,,,,"[45,0,90,90,-45]","[45,45,45,-45,-45]",,Blue_4,"[45,0,90,90,-45]","[45,45,45,0,-45]",,,,,,,,,BLUE,5,Different,6,1,,,,,,5,0,1.4861,5,8,88,14,1,,,,,
,,,,,,,,,,,,,,,676e81c9c452593cbf114baf,2025-01-22_04h38.36.419,VisualArraysMentalRotation_v4,2021.1.4,Win32,60.97560976,679054f2072d526265aabff2,67906dd95c76a3ccdce9baf6,,,,,,,,,,,,,,,,,,,,,,,,,"[90,90,45,-45,90]","[90,90,90,-45,0]",,Red_2,"[90,90,45,-45,90]","[90,90,90,-45,0]",,,,,,,,,RED,3,Same,5,3,,,,,,5,1,1.3542,5,9,89,1,1,,,,,
,,,,,,,,,,,,,,,676e81c9c452593cbf114baf,2025-01-22_04h38.36.419,VisualArraysMentalRotation_v4,2021.1.4,Win32,60.97560976,679054f2072d526265aabff2,67906dd95c76a3ccdce9baf6,,,,,,,,,,,,,,,,,,,,,,,,,"[0,45,0,-45,90]","[90,45,45,0,0]",,Blue_3,"[0,45,0,-45,90]","[90,45,45,0,0]",,,,,,,,,BLUE,5,Same,5,1,,,,,,5,1,3.378,5,10,90,10,1,,,,,
,,,,,,,,,,,,,,,676e81c9c452593cbf114baf,2025-01-22_04h38.36.419,VisualArraysMentalRotation_v4,2021.1.4,Win32,60.97560976,679054f2072d526265aabff2,67906dd95c76a3ccdce9baf6,,,,,,,,,,,,,,,,,,,,,,,,,"[-45,90,90,-45,45]","[-45,90,90,45,90]",,Blue_2,"[-45,90,90,-45,45]","[-45,90,90,45,90]",,,,,,,,,BLUE,3,Same,5,3,,,,,,6,0,2.1195,5,11,91,9,1,,,,,
,,,,,,,,,,,,,,,676e81c9c452593cbf114baf,2025-01-22_04h38.36.419,VisualArraysMentalRotation_v4,2021.1.4,Win32,60.97560976,679054f2072d526265aabff2,67906dd95c76a3ccdce9baf6,,,,,,,,,,,,,,,,,,,,,,,,,"[0,45,-45,90,-45]","[90,45,45,90,-45]",,Red_1,"[0,45,-45,90,-45]","[90,45,45,90,-45]",,,,,,,,,RED,5,Same,5,3,,,,,,5,1,2.409,5,12,92,3,1,,,,,
,,,,,,,,,,,,,,,676e81c9c452593cbf114baf,2025-01-22_04h38.36.419,VisualArraysMentalRotation_v4,2021.1.4,Win32,60.97560976,679054f2072d526265aabff2,67906dd95c76a3ccdce9baf6,,,,,,,,,,,,,,,,,,,,,,,,,"[-45,0,0,-45,45]","[45,45,45,90,45]",,Blue_2,"[-45,0,0,-45,45]","[45,45,45,90,45]",,,,,,,,,BLUE,3,Same,5,1,,,,,,5,1,2.3201,5,13,93,8,1,,,,,
,,,,,,,,,,,,,,,676e81c9c452593cbf114baf,2025-01-22_04h38.36.419,VisualArraysMentalRotation_v4,2021.1.4,Win32,60.97560976,679054f2072d526265aabff2,67906dd95c76a3ccdce9baf6,,,,,,,,,,,,,,,,,,,,,,,,,"[0,-45,0,45,0]","[45,90,0,-45,45]",,Blue_1,"[0,-45,0,45,0]","[-45,90,0,-45,45]",,,,,,,,,BLUE,3,Different,6,3,,,,,,6,1,1.4009,5,14,94,13,1,,,,,
,,,,,,,,,,,,,,,676e81c9c452593cbf114baf,2025-01-22_04h38.36.419,VisualArraysMentalRotation_v4,2021.1.4,Win32,60.97560976,679054f2072d526265aabff2,67906dd95c76a3ccdce9baf6,,,,,,,,,,,,,,,,,,,,,,,,,"[45,45,-45,90,-45]","[90,-45,-45,90,45]",,Red_2,"[45,0,-45,90,-45]","[90,-45,-45,90,45]",,,,,,,,,RED,3,Different,6,1,,,,,,5,0,1.7855,5,15,95,4,1,,,,,
,,,,,,,,,,,,,,,676e81c9c452593cbf114baf,2025-01-22_04h38.36.419,VisualArraysMentalRotation_v4,2021.1.4,Win32,60.97560976,679054f2072d526265aabff2,67906dd95c76a3ccdce9baf6,,,,,,,,,,,,,,,,,,,,,,,,,"[90,-45,90,0,45]","[-45,90,-45,-45,45]",,Red_2,"[90,-45,90,0,45]","[-45,90,-45,-45,45]",,,,,,,,,RED,3,Same,5,1,,,,,,5,1,1.4711,6,0,96,0,1,,,,,
,,,,,,,,,,,,,,,676e81c9c452593cbf114baf,2025-01-22_04h38.36.419,VisualArraysMentalRotation_v4,2021.1.4,Win32,60.97560976,679054f2072d526265aabff2,67906dd95c76a3ccdce9baf6,,,,,,,,,,,,,,,,,,,,,,,,,"[45,0,-45,-45,45]","[-45,0,0,45,-45]",,Blue_4,"[45,0,-45,-45,45]","[-45,0,0,45,-45]",,,,,,,,,BLUE,5,Same,5,3,,,,,,6,0,1.6844,6,1,97,11,1,,,,,
,,,,,,,,,,,,,,,676e81c9c452593cbf114baf,2025-01-22_04h38.36.419,VisualArraysMentalRotation_v4,2021.1.4,Win32,60.97560976,679054f2072d526265aabff2,67906dd95c76a3ccdce9baf6,,,,,,,,,,,,,,,,,,,,,,,,,"[90,45,-45,0,-45]","[90,-45,90,0,45]",,Blue_3,"[90,45,-45,0,-45]","[90,-45,90,0,45]",,,,,,,,,BLUE,3,Same,5,1,,,,,,5,1,1.3233,6,2,98,8,1,,,,,
,,,,,,,,,,,,,,,676e81c9c452593cbf114baf,2025-01-22_04h38.36.419,VisualArraysMentalRotation_v4,2021.1.4,Win32,60.97560976,679054f2072d526265aabff2,67906dd95c76a3ccdce9baf6,,,,,,,,,,,,,,,,,,,,,,,,,"[45,45,-45,0,45]","[0,-45,0,45,45]",,Red_1,"[90,45,-45,0,45]","[0,-45,0,45,45]",,,,,,,,,RED,5,Different,6,3,,,,,,5,0,2.2033,6,3,99,7,1,,,,,
,,,,,,,,,,,,,,,676e81c9c452593cbf114baf,2025-01-22_04h38.36.419,VisualArraysMentalRotation_v4,2021.1.4,Win32,60.97560976,679054f2072d526265aabff2,67906dd95c76a3ccdce9baf6,,,,,,,,,,,,,,,,,,,,,,,,,"[-45,45,-45,0,90]","[45,90,-45,90,0]",,Blue_2,"[-45,45,-45,0,90]","[45,45,-45,90,0]",,,,,,,,,BLUE,3,Different,6,3,,,,,,6,1,2.6471,6,4,100,13,1,,,,,
,,,,,,,,,,,,,,,676e81c9c452593cbf114baf,2025-01-22_04h38.36.419,VisualArraysMentalRotation_v4,2021.1.4,Win32,60.97560976,679054f2072d526265aabff2,67906dd95c76a3ccdce9baf6,,,,,,,,,,,,,,,,,,,,,,,,,"[90,90,90,0,90]","[90,45,45,90,-45]",,Red_4,"[90,90,90,0,90]","[90,45,45,90,-45]",,,,,,,,,RED,5,Same,5,1,,,,,,5,1,1.9338,6,5,101,2,1,,,,,
,,,,,,,,,,,,,,,676e81c9c452593cbf114baf,2025-01-22_04h38.36.419,VisualArraysMentalRotation_v4,2021.1.4,Win32,60.97560976,679054f2072d526265aabff2,67906dd95c76a3ccdce9baf6,,,,,,,,,,,,,,,,,,,,,,,,,"[0,0,90,90,-45]","[45,90,90,45,90]",,Blue_3,"[0,0,90,90,-45]","[45,90,-45,45,90]",,,,,,,,,BLUE,3,Different,6,1,,,,,,6,1,1.4854,6,6,102,12,1,,,,,
,,,,,,,,,,,,,,,676e81c9c452593cbf114baf,2025-01-22_04h38.36.419,VisualArraysMentalRotation_v4,2021.1.4,Win32,60.97560976,679054f2072d526265aabff2,67906dd95c76a3ccdce9baf6,,,,,,,,,,,,,,,,,,,,,,,,,"[0,90,45,0,-45]","[45,45,0,90,90]",,Blue_1,"[0,90,45,0,-45]","[45,45,0,90,90]",,,,,,,,,BLUE,5,Same,5,1,,,,,,5,1,3.1221,6,7,103,10,1,,,,,
,,,,,,,,,,,,,,,676e81c9c452593cbf114baf,2025-01-22_04h38.36.419,VisualArraysMentalRotation_v4,2021.1.4,Win32,60.97560976,679054f2072d526265aabff2,67906dd95c76a3ccdce9baf6,,,,,,,,,,,,,,,,,,,,,,,,,"[90,-45,90,90,90]","[-45,-45,0,45,-45]",,Blue_4,"[90,-45,90,90,90]","[-45,-45,0,-45,-45]",,,,,,,,,BLUE,5,Different,6,1,,,,,,5,0,0.0025,6,8,104,14,1,,,,,
,,,,,,,,,,,,,,,676e81c9c452593cbf114baf,2025-01-22_04h38.36.419,VisualArraysMentalRotation_v4,2021.1.4,Win32,60.97560976,679054f2072d526265aabff2,67906dd95c76a3ccdce9baf6,,,,,,,,,,,,,,,,,,,,,,,,,"[45,0,45,-45,90]","[0,90,-45,90,0]",,Blue_2,"[45,0,45,-45,90]","[0,45,-45,90,0]",,,,,,,,,BLUE,5,Different,6,3,,,,,,5,0,1.2263,6,9,105,15,1,,,,,
,,,,,,,,,,,,,,,676e81c9c452593cbf114baf,2025-01-22_04h38.36.419,VisualArraysMentalRotation_v4,2021.1.4,Win32,60.97560976,679054f2072d526265aabff2,67906dd95c76a3ccdce9baf6,,,,,,,,,,,,,,,,,,,,,,,,,"[90,90,90,45,0]","[45,0,0,0,45]",,Red_3,"[90,90,-45,45,0]","[45,0,0,0,45]",,,,,,,,,RED,3,Different,6,1,,,,,,5,0,1.3766,6,10,106,4,1,,,,,
,,,,,,,,,,,,,,,676e81c9c452593cbf114baf,2025-01-22_04h38.36.419,VisualArraysMentalRotation_v4,2021.1.4,Win32,60.97560976,679054f2072d526265aabff2,67906dd95c76a3ccdce9baf6,,,,,,,,,,,,,,,,,,,,,,,,,"[0,90,-45,0,45]","[0,90,45,45,45]",,Red_5,"[0,90,-45,0,-45]","[0,90,45,45,45]",,,,,,,,,RED,5,Different,6,1,,,,,,6,1,1.2825,6,11,107,6,1,,,,,
,,,,,,,,,,,,,,,676e81c9c452593cbf114baf,2025-01-22_04h38.36.419,VisualArraysMentalRotation_v4,2021.1.4,Win32,60.97560976,679054f2072d526265aabff2,67906dd95c76a3ccdce9baf6,,,,,,,,,,,,,,,,,,,,,,,,,"[90,-45,-45,90,0]","[45,-45,90,0,90]",,Red_3,"[90,-45,-45,90,0]","[45,-45,90,0,90]",,,,,,,,,RED,5,Same,5,3,,,,,,5,1,1.1078,6,12,108,3,1,,,,,
,,,,,,,,,,,,,,,676e81c9c452593cbf114baf,2025-01-22_04h38.36.419,VisualArraysMentalRotation_v4,2021.1.4,Win32,60.97560976,679054f2072d526265aabff2,67906dd95c76a3ccdce9baf6,,,,,,,,,,,,,,,,,,,,,,,,,"[-45,90,45,0,90]","[45,-45,90,90,45]",,Blue_3,"[-45,90,45,0,90]","[45,-45,90,90,45]",,,,,,,,,BLUE,3,Same,5,3,,,,,,5,1,1.2579,6,13,109,9,1,,,,,
,,,,,,,,,,,,,,,676e81c9c452593cbf114baf,2025-01-22_04h38.36.419,VisualArraysMentalRotation_v4,2021.1.4,Win32,60.97560976,679054f2072d526265aabff2,67906dd95c76a3ccdce9baf6,,,,,,,,,,,,,,,,,,,,,,,,,"[-45,-45,90,-45,90]","[45,90,90,90,90]",,Red_1,"[90,-45,90,-45,90]","[45,90,90,90,90]",,,,,,,,,RED,3,Different,6,3,,,,,,5,0,2.852,6,14,110,5,1,,,,,
,,,,,,,,,,,,,,,676e81c9c452593cbf114baf,2025-01-22_04h38.36.419,VisualArraysMentalRotation_v4,2021.1.4,Win32,60.97560976,679054f2072d526265aabff2,67906dd95c76a3ccdce9baf6,,,,,,,,,,,,,,,,,,,,,,,,,"[90,90,45,0,-45]","[45,90,0,0,0]",,Red_3,"[90,90,45,0,-45]","[45,90,0,0,0]",,,,,,,,,RED,3,Same,5,3,,,,,,5,1,1.7776,6,15,111,1,1,,,,,
,,,,,,,,,,,,,,,676e81c9c452593cbf114baf,2025-01-22_04h38.36.419,VisualArraysMentalRotation_v4,2021.1.4,Win32,60.97560976,679054f2072d526265aabff2,67906dd95c76a3ccdce9baf6,,,,,,,,,,,,,,,,,,,,,,,,,,,,,,,,,,,,,,,,,,,,,,,,,,,,,,,,,0,0,0,0,1
,,,,,,,,,,,,,,,676e81c9c452593cbf114baf,2025-01-22_04h38.36.419,VisualArraysMentalRotation_v4,2021.1.4,Win32,60.97560976,679054f2072d526265aabff2,67906dd95c76a3ccdce9baf6,,,,,,,,,,,,,,,,,,0,1,1,1,1,1,0,,,,,,,,,,,,,,,,,,,,,,,,,,,,,,,,,,,,,
