TaskOrder,consent_final_key_resp.keys,consent_final_key_resp.rt,MRTPracResponse.keys,MRTPracResponse.corr,MRTPracticeTrials.thisRepN,MRTPracticeTrials.thisTrialN,MRTPracticeTrials.thisN,MRTPracticeTrials.thisIndex,MRTPracticeTrials.ran,PracStimulus,PracDegRotation,PracType,MRTPracCorrectAns,PROLIFIC_PID,date,expName,psychopyVersion,OS,frameRate,STUDY_ID,SESSION_ID,MRTPracResponse.rt,MRT_prac_blocks.thisRepN,MRT_prac_blocks.thisTrialN,MRT_prac_blocks.thisN,MRT_prac_blocks.thisIndex,MRT_prac_blocks.ran,MRTStimulus,MRTType,MRTDegRotation,MRTCorrectAns,MRTTestResponse.keys,MRTTestResponse.corr,MRTTestResponse.rt,MRTTestTrials.thisRepN,MRTTestTrials.thisTrialN,MRTTestTrials.thisN,MRTTestTrials.thisIndex,MRTTestTrials.ran,MRT_Task.thisRepN,MRT_Task.thisTrialN,MRT_Task.thisN,MRT_Task.thisIndex,MRT_Task.ran,TasksLoop.thisRepN,TasksLoop.thisTrialN,TasksLoop.thisN,TasksLoop.thisIndex,TasksLoop.ran,nRepsVA,nRepsMRT,Red Orientations,Blue Orientations,VA_array_dur,Target Rectangle,New Red Orientations,New Blue Orientations,VA_PracResponse.keys,VA_PracResponse.corr,VA_PracResponse.rt,PracTrials.thisRepN,PracTrials.thisTrialN,PracTrials.thisN,PracTrials.thisIndex,PracTrials.ran,VA_Target,VA_TargetNumber,VA_Orientation,VA_Answer,VA_DelayDur,VA_PracTrialsSpeed.thisRepN,VA_PracTrialsSpeed.thisTrialN,VA_PracTrialsSpeed.thisN,VA_PracTrialsSpeed.thisIndex,VA_PracTrialsSpeed.ran,VA_TestResponse.keys,VA_TestResponse.corr,VA_TestResponse.rt,VA_TestTrials.thisRepN,VA_TestTrials.thisTrialN,VA_TestTrials.thisN,VA_TestTrials.thisIndex,VA_TestTrials.ran,VA_Task.thisRepN,VA_Task.thisTrialN,VA_Task.thisN,VA_Task.thisIndex,VA_Task.ran
2,y,20.5747,,0,0,0,0,0,1,PracticeStim/7_100_R.jpg,100,Different,n,6766dee165ff1cc0f8decea0,2025-01-21_23h24.49.349,VisualArraysMentalRotation_v4,2021.1.4,Win32,59.52380952,679054f2072d526265aabff2,679072a134e38ac1f2d6d7e8,,,,,,,,,,,,,,,,,,,,,,,,,,,,,,,,,,,,,,,,,,,,,,,,,,,,,,,,,,,,,,,,,,,
,,,b,0,0,1,1,6,1,PracticeStim/30_100_R.jpg,100,Different,n,6766dee165ff1cc0f8decea0,2025-01-21_23h24.49.349,VisualArraysMentalRotation_v4,2021.1.4,Win32,59.52380952,679054f2072d526265aabff2,679072a134e38ac1f2d6d7e8,6.0135,,,,,,,,,,,,,,,,,,,,,,,,,,,,,,,,,,,,,,,,,,,,,,,,,,,,,,,,,,,,,,,,,,
,,,b,0,0,2,2,9,1,PracticeStim/36_100_R.jpg,100,Different,n,6766dee165ff1cc0f8decea0,2025-01-21_23h24.49.349,VisualArraysMentalRotation_v4,2021.1.4,Win32,59.52380952,679054f2072d526265aabff2,679072a134e38ac1f2d6d7e8,6.9792,,,,,,,,,,,,,,,,,,,,,,,,,,,,,,,,,,,,,,,,,,,,,,,,,,,,,,,,,,,,,,,,,,
,,,b,0,0,3,3,1,1,PracticeStim/9_100_R.jpg,100,Different,n,6766dee165ff1cc0f8decea0,2025-01-21_23h24.49.349,VisualArraysMentalRotation_v4,2021.1.4,Win32,59.52380952,679054f2072d526265aabff2,679072a134e38ac1f2d6d7e8,6.5817,,,,,,,,,,,,,,,,,,,,,,,,,,,,,,,,,,,,,,,,,,,,,,,,,,,,,,,,,,,,,,,,,,
,,,n,0,0,4,4,5,1,PracticeStim/26_150.jpg,150,Same,b,6766dee165ff1cc0f8decea0,2025-01-21_23h24.49.349,VisualArraysMentalRotation_v4,2021.1.4,Win32,59.52380952,679054f2072d526265aabff2,679072a134e38ac1f2d6d7e8,5.2127,,,,,,,,,,,,,,,,,,,,,,,,,,,,,,,,,,,,,,,,,,,,,,,,,,,,,,,,,,,,,,,,,,
,,,b,0,0,5,5,7,1,PracticeStim/31_50_R.jpg,50,Different,n,6766dee165ff1cc0f8decea0,2025-01-21_23h24.49.349,VisualArraysMentalRotation_v4,2021.1.4,Win32,59.52380952,679054f2072d526265aabff2,679072a134e38ac1f2d6d7e8,5.3269,,,,,,,,,,,,,,,,,,,,,,,,,,,,,,,,,,,,,,,,,,,,,,,,,,,,,,,,,,,,,,,,,,
,,,,0,0,6,6,3,1,PracticeStim/18_150.jpg,150,Same,b,6766dee165ff1cc0f8decea0,2025-01-21_23h24.49.349,VisualArraysMentalRotation_v4,2021.1.4,Win32,59.52380952,679054f2072d526265aabff2,679072a134e38ac1f2d6d7e8,,,,,,,,,,,,,,,,,,,,,,,,,,,,,,,,,,,,,,,,,,,,,,,,,,,,,,,,,,,,,,,,,,,
,,,n,1,0,7,7,8,1,PracticeStim/33_50_R.jpg,50,Different,n,6766dee165ff1cc0f8decea0,2025-01-21_23h24.49.349,VisualArraysMentalRotation_v4,2021.1.4,Win32,59.52380952,679054f2072d526265aabff2,679072a134e38ac1f2d6d7e8,4.1814,,,,,,,,,,,,,,,,,,,,,,,,,,,,,,,,,,,,,,,,,,,,,,,,,,,,,,,,,,,,,,,,,,
,,,n,0,0,8,8,10,1,PracticeStim/41_150.jpg,150,Same,b,6766dee165ff1cc0f8decea0,2025-01-21_23h24.49.349,VisualArraysMentalRotation_v4,2021.1.4,Win32,59.52380952,679054f2072d526265aabff2,679072a134e38ac1f2d6d7e8,3.649,,,,,,,,,,,,,,,,,,,,,,,,,,,,,,,,,,,,,,,,,,,,,,,,,,,,,,,,,,,,,,,,,,
,,,b,1,0,9,9,11,1,PracticeStim/42_50.jpg,50,Same,b,6766dee165ff1cc0f8decea0,2025-01-21_23h24.49.349,VisualArraysMentalRotation_v4,2021.1.4,Win32,59.52380952,679054f2072d526265aabff2,679072a134e38ac1f2d6d7e8,6.1804,,,,,,,,,,,,,,,,,,,,,,,,,,,,,,,,,,,,,,,,,,,,,,,,,,,,,,,,,,,,,,,,,,
,,,n,0,0,10,10,4,1,PracticeStim/25_150.jpg,150,Same,b,6766dee165ff1cc0f8decea0,2025-01-21_23h24.49.349,VisualArraysMentalRotation_v4,2021.1.4,Win32,59.52380952,679054f2072d526265aabff2,679072a134e38ac1f2d6d7e8,4.4732,,,,,,,,,,,,,,,,,,,,,,,,,,,,,,,,,,,,,,,,,,,,,,,,,,,,,,,,,,,,,,,,,,
,,,b,1,0,11,11,2,1,PracticeStim/17_50.jpg,50,Same,b,6766dee165ff1cc0f8decea0,2025-01-21_23h24.49.349,VisualArraysMentalRotation_v4,2021.1.4,Win32,59.52380952,679054f2072d526265aabff2,679072a134e38ac1f2d6d7e8,6.2029,,,,,,,,,,,,,,,,,,,,,,,,,,,,,,,,,,,,,,,,,,,,,,,,,,,,,,,,,,,,,,,,,,
,,,,,,,,,,,,,,6766dee165ff1cc0f8decea0,2025-01-21_23h24.49.349,VisualArraysMentalRotation_v4,2021.1.4,Win32,59.52380952,679054f2072d526265aabff2,679072a134e38ac1f2d6d7e8,,0,0,0,0,1,,,,,,,,,,,,,,,,,,,,,,,,,,,,,,,,,,,,,,,,,,,,,,,,,,,,,,,,,,,,,
,,,b,1,0,0,0,11,1,PracticeStim/42_50.jpg,50,Same,b,6766dee165ff1cc0f8decea0,2025-01-21_23h24.49.349,VisualArraysMentalRotation_v4,2021.1.4,Win32,59.52380952,679054f2072d526265aabff2,679072a134e38ac1f2d6d7e8,4.8987,,,,,,,,,,,,,,,,,,,,,,,,,,,,,,,,,,,,,,,,,,,,,,,,,,,,,,,,,,,,,,,,,,
,,,b,1,0,1,1,2,1,PracticeStim/17_50.jpg,50,Same,b,6766dee165ff1cc0f8decea0,2025-01-21_23h24.49.349,VisualArraysMentalRotation_v4,2021.1.4,Win32,59.52380952,679054f2072d526265aabff2,679072a134e38ac1f2d6d7e8,3.8454,,,,,,,,,,,,,,,,,,,,,,,,,,,,,,,,,,,,,,,,,,,,,,,,,,,,,,,,,,,,,,,,,,
,,,b,1,0,2,2,3,1,PracticeStim/18_150.jpg,150,Same,b,6766dee165ff1cc0f8decea0,2025-01-21_23h24.49.349,VisualArraysMentalRotation_v4,2021.1.4,Win32,59.52380952,679054f2072d526265aabff2,679072a134e38ac1f2d6d7e8,3.3444,,,,,,,,,,,,,,,,,,,,,,,,,,,,,,,,,,,,,,,,,,,,,,,,,,,,,,,,,,,,,,,,,,
,,,n,1,0,3,3,0,1,PracticeStim/7_100_R.jpg,100,Different,n,6766dee165ff1cc0f8decea0,2025-01-21_23h24.49.349,VisualArraysMentalRotation_v4,2021.1.4,Win32,59.52380952,679054f2072d526265aabff2,679072a134e38ac1f2d6d7e8,3.692,,,,,,,,,,,,,,,,,,,,,,,,,,,,,,,,,,,,,,,,,,,,,,,,,,,,,,,,,,,,,,,,,,
,,,b,1,0,4,4,4,1,PracticeStim/25_150.jpg,150,Same,b,6766dee165ff1cc0f8decea0,2025-01-21_23h24.49.349,VisualArraysMentalRotation_v4,2021.1.4,Win32,59.52380952,679054f2072d526265aabff2,679072a134e38ac1f2d6d7e8,4.6812,,,,,,,,,,,,,,,,,,,,,,,,,,,,,,,,,,,,,,,,,,,,,,,,,,,,,,,,,,,,,,,,,,
,,,b,0,0,5,5,6,1,PracticeStim/30_100_R.jpg,100,Different,n,6766dee165ff1cc0f8decea0,2025-01-21_23h24.49.349,VisualArraysMentalRotation_v4,2021.1.4,Win32,59.52380952,679054f2072d526265aabff2,679072a134e38ac1f2d6d7e8,4.4663,,,,,,,,,,,,,,,,,,,,,,,,,,,,,,,,,,,,,,,,,,,,,,,,,,,,,,,,,,,,,,,,,,
,,,n,0,0,6,6,10,1,PracticeStim/41_150.jpg,150,Same,b,6766dee165ff1cc0f8decea0,2025-01-21_23h24.49.349,VisualArraysMentalRotation_v4,2021.1.4,Win32,59.52380952,679054f2072d526265aabff2,679072a134e38ac1f2d6d7e8,3.2463,,,,,,,,,,,,,,,,,,,,,,,,,,,,,,,,,,,,,,,,,,,,,,,,,,,,,,,,,,,,,,,,,,
,,,,0,0,7,7,5,1,PracticeStim/26_150.jpg,150,Same,b,6766dee165ff1cc0f8decea0,2025-01-21_23h24.49.349,VisualArraysMentalRotation_v4,2021.1.4,Win32,59.52380952,679054f2072d526265aabff2,679072a134e38ac1f2d6d7e8,,,,,,,,,,,,,,,,,,,,,,,,,,,,,,,,,,,,,,,,,,,,,,,,,,,,,,,,,,,,,,,,,,,
,,,n,1,0,8,8,8,1,PracticeStim/33_50_R.jpg,50,Different,n,6766dee165ff1cc0f8decea0,2025-01-21_23h24.49.349,VisualArraysMentalRotation_v4,2021.1.4,Win32,59.52380952,679054f2072d526265aabff2,679072a134e38ac1f2d6d7e8,5.2686,,,,,,,,,,,,,,,,,,,,,,,,,,,,,,,,,,,,,,,,,,,,,,,,,,,,,,,,,,,,,,,,,,
,,,n,1,0,9,9,7,1,PracticeStim/31_50_R.jpg,50,Different,n,6766dee165ff1cc0f8decea0,2025-01-21_23h24.49.349,VisualArraysMentalRotation_v4,2021.1.4,Win32,59.52380952,679054f2072d526265aabff2,679072a134e38ac1f2d6d7e8,6.1483,,,,,,,,,,,,,,,,,,,,,,,,,,,,,,,,,,,,,,,,,,,,,,,,,,,,,,,,,,,,,,,,,,
,,,n,1,0,10,10,1,1,PracticeStim/9_100_R.jpg,100,Different,n,6766dee165ff1cc0f8decea0,2025-01-21_23h24.49.349,VisualArraysMentalRotation_v4,2021.1.4,Win32,59.52380952,679054f2072d526265aabff2,679072a134e38ac1f2d6d7e8,4.4998,,,,,,,,,,,,,,,,,,,,,,,,,,,,,,,,,,,,,,,,,,,,,,,,,,,,,,,,,,,,,,,,,,
,,,b,0,0,11,11,9,1,PracticeStim/36_100_R.jpg,100,Different,n,6766dee165ff1cc0f8decea0,2025-01-21_23h24.49.349,VisualArraysMentalRotation_v4,2021.1.4,Win32,59.52380952,679054f2072d526265aabff2,679072a134e38ac1f2d6d7e8,6.1412,,,,,,,,,,,,,,,,,,,,,,,,,,,,,,,,,,,,,,,,,,,,,,,,,,,,,,,,,,,,,,,,,,
,,,,,,,,,,,,,,6766dee165ff1cc0f8decea0,2025-01-21_23h24.49.349,VisualArraysMentalRotation_v4,2021.1.4,Win32,59.52380952,679054f2072d526265aabff2,679072a134e38ac1f2d6d7e8,,1,0,1,0,1,,,,,,,,,,,,,,,,,,,,,,,,,,,,,,,,,,,,,,,,,,,,,,,,,,,,,,,,,,,,,
,,,n,1,0,0,0,1,1,PracticeStim/9_100_R.jpg,100,Different,n,6766dee165ff1cc0f8decea0,2025-01-21_23h24.49.349,VisualArraysMentalRotation_v4,2021.1.4,Win32,59.52380952,679054f2072d526265aabff2,679072a134e38ac1f2d6d7e8,4.8966,,,,,,,,,,,,,,,,,,,,,,,,,,,,,,,,,,,,,,,,,,,,,,,,,,,,,,,,,,,,,,,,,,
,,,n,1,0,1,1,8,1,PracticeStim/33_50_R.jpg,50,Different,n,6766dee165ff1cc0f8decea0,2025-01-21_23h24.49.349,VisualArraysMentalRotation_v4,2021.1.4,Win32,59.52380952,679054f2072d526265aabff2,679072a134e38ac1f2d6d7e8,4.4029,,,,,,,,,,,,,,,,,,,,,,,,,,,,,,,,,,,,,,,,,,,,,,,,,,,,,,,,,,,,,,,,,,
,,,n,1,0,2,2,0,1,PracticeStim/7_100_R.jpg,100,Different,n,6766dee165ff1cc0f8decea0,2025-01-21_23h24.49.349,VisualArraysMentalRotation_v4,2021.1.4,Win32,59.52380952,679054f2072d526265aabff2,679072a134e38ac1f2d6d7e8,4.1899,,,,,,,,,,,,,,,,,,,,,,,,,,,,,,,,,,,,,,,,,,,,,,,,,,,,,,,,,,,,,,,,,,
,,,n,1,0,3,3,9,1,PracticeStim/36_100_R.jpg,100,Different,n,6766dee165ff1cc0f8decea0,2025-01-21_23h24.49.349,VisualArraysMentalRotation_v4,2021.1.4,Win32,59.52380952,679054f2072d526265aabff2,679072a134e38ac1f2d6d7e8,2.7147,,,,,,,,,,,,,,,,,,,,,,,,,,,,,,,,,,,,,,,,,,,,,,,,,,,,,,,,,,,,,,,,,,
,,,n,1,0,4,4,7,1,PracticeStim/31_50_R.jpg,50,Different,n,6766dee165ff1cc0f8decea0,2025-01-21_23h24.49.349,VisualArraysMentalRotation_v4,2021.1.4,Win32,59.52380952,679054f2072d526265aabff2,679072a134e38ac1f2d6d7e8,3.3552,,,,,,,,,,,,,,,,,,,,,,,,,,,,,,,,,,,,,,,,,,,,,,,,,,,,,,,,,,,,,,,,,,
,,,b,1,0,5,5,2,1,PracticeStim/17_50.jpg,50,Same,b,6766dee165ff1cc0f8decea0,2025-01-21_23h24.49.349,VisualArraysMentalRotation_v4,2021.1.4,Win32,59.52380952,679054f2072d526265aabff2,679072a134e38ac1f2d6d7e8,3.9546,,,,,,,,,,,,,,,,,,,,,,,,,,,,,,,,,,,,,,,,,,,,,,,,,,,,,,,,,,,,,,,,,,
,,,b,0,0,6,6,6,1,PracticeStim/30_100_R.jpg,100,Different,n,6766dee165ff1cc0f8decea0,2025-01-21_23h24.49.349,VisualArraysMentalRotation_v4,2021.1.4,Win32,59.52380952,679054f2072d526265aabff2,679072a134e38ac1f2d6d7e8,3.7794,,,,,,,,,,,,,,,,,,,,,,,,,,,,,,,,,,,,,,,,,,,,,,,,,,,,,,,,,,,,,,,,,,
,,,n,0,0,7,7,11,1,PracticeStim/42_50.jpg,50,Same,b,6766dee165ff1cc0f8decea0,2025-01-21_23h24.49.349,VisualArraysMentalRotation_v4,2021.1.4,Win32,59.52380952,679054f2072d526265aabff2,679072a134e38ac1f2d6d7e8,6.3883,,,,,,,,,,,,,,,,,,,,,,,,,,,,,,,,,,,,,,,,,,,,,,,,,,,,,,,,,,,,,,,,,,
,,,b,1,0,8,8,4,1,PracticeStim/25_150.jpg,150,Same,b,6766dee165ff1cc0f8decea0,2025-01-21_23h24.49.349,VisualArraysMentalRotation_v4,2021.1.4,Win32,59.52380952,679054f2072d526265aabff2,679072a134e38ac1f2d6d7e8,4.8365,,,,,,,,,,,,,,,,,,,,,,,,,,,,,,,,,,,,,,,,,,,,,,,,,,,,,,,,,,,,,,,,,,
,,,b,1,0,9,9,3,1,PracticeStim/18_150.jpg,150,Same,b,6766dee165ff1cc0f8decea0,2025-01-21_23h24.49.349,VisualArraysMentalRotation_v4,2021.1.4,Win32,59.52380952,679054f2072d526265aabff2,679072a134e38ac1f2d6d7e8,3.4121,,,,,,,,,,,,,,,,,,,,,,,,,,,,,,,,,,,,,,,,,,,,,,,,,,,,,,,,,,,,,,,,,,
,,,,0,0,10,10,10,1,PracticeStim/41_150.jpg,150,Same,b,6766dee165ff1cc0f8decea0,2025-01-21_23h24.49.349,VisualArraysMentalRotation_v4,2021.1.4,Win32,59.52380952,679054f2072d526265aabff2,679072a134e38ac1f2d6d7e8,,,,,,,,,,,,,,,,,,,,,,,,,,,,,,,,,,,,,,,,,,,,,,,,,,,,,,,,,,,,,,,,,,,
,,,b,1,0,11,11,5,1,PracticeStim/26_150.jpg,150,Same,b,6766dee165ff1cc0f8decea0,2025-01-21_23h24.49.349,VisualArraysMentalRotation_v4,2021.1.4,Win32,59.52380952,679054f2072d526265aabff2,679072a134e38ac1f2d6d7e8,4.1247,,,,,,,,,,,,,,,,,,,,,,,,,,,,,,,,,,,,,,,,,,,,,,,,,,,,,,,,,,,,,,,,,,
,,,,,,,,,,,,,,6766dee165ff1cc0f8decea0,2025-01-21_23h24.49.349,VisualArraysMentalRotation_v4,2021.1.4,Win32,59.52380952,679054f2072d526265aabff2,679072a134e38ac1f2d6d7e8,,,,,,,Stimuli/44_0.jpg,Same,0,b,b,1,3.4967,0,0,0,0,1,,,,,,,,,,,,,,,,,,,,,,,,,,,,,,,,,,,,,,,,,,,,,,,,,
,,,,,,,,,,,,,,6766dee165ff1cc0f8decea0,2025-01-21_23h24.49.349,VisualArraysMentalRotation_v4,2021.1.4,Win32,59.52380952,679054f2072d526265aabff2,679072a134e38ac1f2d6d7e8,,,,,,,Stimuli/43_0_R.jpg,Different,0,n,n,1,3.277,1,0,1,0,1,,,,,,,,,,,,,,,,,,,,,,,,,,,,,,,,,,,,,,,,,,,,,,,,,
,,,,,,,,,,,,,,6766dee165ff1cc0f8decea0,2025-01-21_23h24.49.349,VisualArraysMentalRotation_v4,2021.1.4,Win32,59.52380952,679054f2072d526265aabff2,679072a134e38ac1f2d6d7e8,,,,,,,Stimuli/38_150_R.jpg,Different,150,n,b,0,2.9955,2,0,2,0,1,,,,,,,,,,,,,,,,,,,,,,,,,,,,,,,,,,,,,,,,,,,,,,,,,
,,,,,,,,,,,,,,6766dee165ff1cc0f8decea0,2025-01-21_23h24.49.349,VisualArraysMentalRotation_v4,2021.1.4,Win32,59.52380952,679054f2072d526265aabff2,679072a134e38ac1f2d6d7e8,,,,,,,Stimuli/40_50_R.jpg,Different,50,n,b,0,4.1137,3,0,3,0,1,,,,,,,,,,,,,,,,,,,,,,,,,,,,,,,,,,,,,,,,,,,,,,,,,
,,,,,,,,,,,,,,6766dee165ff1cc0f8decea0,2025-01-21_23h24.49.349,VisualArraysMentalRotation_v4,2021.1.4,Win32,59.52380952,679054f2072d526265aabff2,679072a134e38ac1f2d6d7e8,,,,,,,Stimuli/43_150.jpg,Same,150,b,b,1,4.8327,4,0,4,0,1,,,,,,,,,,,,,,,,,,,,,,,,,,,,,,,,,,,,,,,,,,,,,,,,,
,,,,,,,,,,,,,,6766dee165ff1cc0f8decea0,2025-01-21_23h24.49.349,VisualArraysMentalRotation_v4,2021.1.4,Win32,59.52380952,679054f2072d526265aabff2,679072a134e38ac1f2d6d7e8,,,,,,,Stimuli/3_0_R.jpg,Different,0,n,n,1,2.8159,5,0,5,0,1,,,,,,,,,,,,,,,,,,,,,,,,,,,,,,,,,,,,,,,,,,,,,,,,,
,,,,,,,,,,,,,,6766dee165ff1cc0f8decea0,2025-01-21_23h24.49.349,VisualArraysMentalRotation_v4,2021.1.4,Win32,59.52380952,679054f2072d526265aabff2,679072a134e38ac1f2d6d7e8,,,,,,,Stimuli/3_150.jpg,Same,150,b,b,1,4.6739,6,0,6,0,1,,,,,,,,,,,,,,,,,,,,,,,,,,,,,,,,,,,,,,,,,,,,,,,,,
,,,,,,,,,,,,,,6766dee165ff1cc0f8decea0,2025-01-21_23h24.49.349,VisualArraysMentalRotation_v4,2021.1.4,Win32,59.52380952,679054f2072d526265aabff2,679072a134e38ac1f2d6d7e8,,,,,,,Stimuli/32_50.jpg,Same,50,b,b,1,5.4106,7,0,7,0,1,,,,,,,,,,,,,,,,,,,,,,,,,,,,,,,,,,,,,,,,,,,,,,,,,
,,,,,,,,,,,,,,6766dee165ff1cc0f8decea0,2025-01-21_23h24.49.349,VisualArraysMentalRotation_v4,2021.1.4,Win32,59.52380952,679054f2072d526265aabff2,679072a134e38ac1f2d6d7e8,,,,,,,Stimuli/32_0_R.jpg,Different,0,n,n,1,4.7891,8,0,8,0,1,,,,,,,,,,,,,,,,,,,,,,,,,,,,,,,,,,,,,,,,,,,,,,,,,
,,,,,,,,,,,,,,6766dee165ff1cc0f8decea0,2025-01-21_23h24.49.349,VisualArraysMentalRotation_v4,2021.1.4,Win32,59.52380952,679054f2072d526265aabff2,679072a134e38ac1f2d6d7e8,,,,,,,Stimuli/19_100.jpg,Same,100,b,b,1,3.246,9,0,9,0,1,,,,,,,,,,,,,,,,,,,,,,,,,,,,,,,,,,,,,,,,,,,,,,,,,
,,,,,,,,,,,,,,6766dee165ff1cc0f8decea0,2025-01-21_23h24.49.349,VisualArraysMentalRotation_v4,2021.1.4,Win32,59.52380952,679054f2072d526265aabff2,679072a134e38ac1f2d6d7e8,,,,,,,Stimuli/22_0.jpg,Same,0,b,b,1,2.8798,10,0,10,0,1,,,,,,,,,,,,,,,,,,,,,,,,,,,,,,,,,,,,,,,,,,,,,,,,,
,,,,,,,,,,,,,,6766dee165ff1cc0f8decea0,2025-01-21_23h24.49.349,VisualArraysMentalRotation_v4,2021.1.4,Win32,59.52380952,679054f2072d526265aabff2,679072a134e38ac1f2d6d7e8,,,,,,,Stimuli/19_150_R.jpg,Different,150,n,n,1,5.24,11,0,11,0,1,,,,,,,,,,,,,,,,,,,,,,,,,,,,,,,,,,,,,,,,,,,,,,,,,
,,,,,,,,,,,,,,6766dee165ff1cc0f8decea0,2025-01-21_23h24.49.349,VisualArraysMentalRotation_v4,2021.1.4,Win32,59.52380952,679054f2072d526265aabff2,679072a134e38ac1f2d6d7e8,,,,,,,Stimuli/43_0.jpg,Same,0,b,b,1,2.3001,12,0,12,0,1,,,,,,,,,,,,,,,,,,,,,,,,,,,,,,,,,,,,,,,,,,,,,,,,,
,,,,,,,,,,,,,,6766dee165ff1cc0f8decea0,2025-01-21_23h24.49.349,VisualArraysMentalRotation_v4,2021.1.4,Win32,59.52380952,679054f2072d526265aabff2,679072a134e38ac1f2d6d7e8,,,,,,,Stimuli/22_0_R.jpg,Different,0,n,n,1,4.3625,13,0,13,0,1,,,,,,,,,,,,,,,,,,,,,,,,,,,,,,,,,,,,,,,,,,,,,,,,,
,,,,,,,,,,,,,,6766dee165ff1cc0f8decea0,2025-01-21_23h24.49.349,VisualArraysMentalRotation_v4,2021.1.4,Win32,59.52380952,679054f2072d526265aabff2,679072a134e38ac1f2d6d7e8,,,,,,,Stimuli/43_100_R.jpg,Different,100,n,b,0,3.3972,14,0,14,0,1,,,,,,,,,,,,,,,,,,,,,,,,,,,,,,,,,,,,,,,,,,,,,,,,,
,,,,,,,,,,,,,,6766dee165ff1cc0f8decea0,2025-01-21_23h24.49.349,VisualArraysMentalRotation_v4,2021.1.4,Win32,59.52380952,679054f2072d526265aabff2,679072a134e38ac1f2d6d7e8,,,,,,,Stimuli/3_0.jpg,Same,0,b,b,1,2.3597,15,0,15,0,1,,,,,,,,,,,,,,,,,,,,,,,,,,,,,,,,,,,,,,,,,,,,,,,,,
,,,,,,,,,,,,,,6766dee165ff1cc0f8decea0,2025-01-21_23h24.49.349,VisualArraysMentalRotation_v4,2021.1.4,Win32,59.52380952,679054f2072d526265aabff2,679072a134e38ac1f2d6d7e8,,,,,,,Stimuli/3_150_R.jpg,Different,150,n,n,1,6.841,16,0,16,0,1,,,,,,,,,,,,,,,,,,,,,,,,,,,,,,,,,,,,,,,,,,,,,,,,,
,,,,,,,,,,,,,,6766dee165ff1cc0f8decea0,2025-01-21_23h24.49.349,VisualArraysMentalRotation_v4,2021.1.4,Win32,59.52380952,679054f2072d526265aabff2,679072a134e38ac1f2d6d7e8,,,,,,,Stimuli/19_50.jpg,Same,50,b,b,1,6.5823,17,0,17,0,1,,,,,,,,,,,,,,,,,,,,,,,,,,,,,,,,,,,,,,,,,,,,,,,,,
,,,,,,,,,,,,,,6766dee165ff1cc0f8decea0,2025-01-21_23h24.49.349,VisualArraysMentalRotation_v4,2021.1.4,Win32,59.52380952,679054f2072d526265aabff2,679072a134e38ac1f2d6d7e8,,,,,,,Stimuli/43_100.jpg,Same,100,b,b,1,6.2122,18,0,18,0,1,,,,,,,,,,,,,,,,,,,,,,,,,,,,,,,,,,,,,,,,,,,,,,,,,
,,,,,,,,,,,,,,6766dee165ff1cc0f8decea0,2025-01-21_23h24.49.349,VisualArraysMentalRotation_v4,2021.1.4,Win32,59.52380952,679054f2072d526265aabff2,679072a134e38ac1f2d6d7e8,,,,,,,Stimuli/44_150_R.jpg,Different,150,n,b,0,5.0768,19,0,19,0,1,,,,,,,,,,,,,,,,,,,,,,,,,,,,,,,,,,,,,,,,,,,,,,,,,
,,,,,,,,,,,,,,6766dee165ff1cc0f8decea0,2025-01-21_23h24.49.349,VisualArraysMentalRotation_v4,2021.1.4,Win32,59.52380952,679054f2072d526265aabff2,679072a134e38ac1f2d6d7e8,,,,,,,Stimuli/38_150.jpg,Same,150,b,b,1,2.312,20,0,20,0,1,,,,,,,,,,,,,,,,,,,,,,,,,,,,,,,,,,,,,,,,,,,,,,,,,
,,,,,,,,,,,,,,6766dee165ff1cc0f8decea0,2025-01-21_23h24.49.349,VisualArraysMentalRotation_v4,2021.1.4,Win32,59.52380952,679054f2072d526265aabff2,679072a134e38ac1f2d6d7e8,,,,,,,Stimuli/40_100_R.jpg,Different,100,n,,0,,21,0,21,0,1,,,,,,,,,,,,,,,,,,,,,,,,,,,,,,,,,,,,,,,,,,,,,,,,,
,,,,,,,,,,,,,,6766dee165ff1cc0f8decea0,2025-01-21_23h24.49.349,VisualArraysMentalRotation_v4,2021.1.4,Win32,59.52380952,679054f2072d526265aabff2,679072a134e38ac1f2d6d7e8,,,,,,,Stimuli/19_150.jpg,Same,150,b,b,1,3.4273,22,0,22,0,1,,,,,,,,,,,,,,,,,,,,,,,,,,,,,,,,,,,,,,,,,,,,,,,,,
,,,,,,,,,,,,,,6766dee165ff1cc0f8decea0,2025-01-21_23h24.49.349,VisualArraysMentalRotation_v4,2021.1.4,Win32,59.52380952,679054f2072d526265aabff2,679072a134e38ac1f2d6d7e8,,,,,,,Stimuli/16_150.jpg,Same,150,b,b,1,3.4669,23,0,23,0,1,,,,,,,,,,,,,,,,,,,,,,,,,,,,,,,,,,,,,,,,,,,,,,,,,
,,,,,,,,,,,,,,6766dee165ff1cc0f8decea0,2025-01-21_23h24.49.349,VisualArraysMentalRotation_v4,2021.1.4,Win32,59.52380952,679054f2072d526265aabff2,679072a134e38ac1f2d6d7e8,,,,,,,Stimuli/44_50_R.jpg,Different,50,n,n,1,2.7881,24,0,24,0,1,,,,,,,,,,,,,,,,,,,,,,,,,,,,,,,,,,,,,,,,,,,,,,,,,
,,,,,,,,,,,,,,6766dee165ff1cc0f8decea0,2025-01-21_23h24.49.349,VisualArraysMentalRotation_v4,2021.1.4,Win32,59.52380952,679054f2072d526265aabff2,679072a134e38ac1f2d6d7e8,,,,,,,Stimuli/38_50.jpg,Same,50,b,b,1,4.7679,25,0,25,0,1,,,,,,,,,,,,,,,,,,,,,,,,,,,,,,,,,,,,,,,,,,,,,,,,,
,,,,,,,,,,,,,,6766dee165ff1cc0f8decea0,2025-01-21_23h24.49.349,VisualArraysMentalRotation_v4,2021.1.4,Win32,59.52380952,679054f2072d526265aabff2,679072a134e38ac1f2d6d7e8,,,,,,,Stimuli/38_50_R.jpg,Different,50,n,n,1,3.3819,26,0,26,0,1,,,,,,,,,,,,,,,,,,,,,,,,,,,,,,,,,,,,,,,,,,,,,,,,,
,,,,,,,,,,,,,,6766dee165ff1cc0f8decea0,2025-01-21_23h24.49.349,VisualArraysMentalRotation_v4,2021.1.4,Win32,59.52380952,679054f2072d526265aabff2,679072a134e38ac1f2d6d7e8,,,,,,,Stimuli/3_50_R.jpg,Different,50,n,b,0,2.3573,27,0,27,0,1,,,,,,,,,,,,,,,,,,,,,,,,,,,,,,,,,,,,,,,,,,,,,,,,,
,,,,,,,,,,,,,,6766dee165ff1cc0f8decea0,2025-01-21_23h24.49.349,VisualArraysMentalRotation_v4,2021.1.4,Win32,59.52380952,679054f2072d526265aabff2,679072a134e38ac1f2d6d7e8,,,,,,,Stimuli/40_150.jpg,Same,150,b,b,1,7.0782,28,0,28,0,1,,,,,,,,,,,,,,,,,,,,,,,,,,,,,,,,,,,,,,,,,,,,,,,,,
,,,,,,,,,,,,,,6766dee165ff1cc0f8decea0,2025-01-21_23h24.49.349,VisualArraysMentalRotation_v4,2021.1.4,Win32,59.52380952,679054f2072d526265aabff2,679072a134e38ac1f2d6d7e8,,,,,,,Stimuli/16_50_R.jpg,Different,50,n,n,1,4.1143,29,0,29,0,1,,,,,,,,,,,,,,,,,,,,,,,,,,,,,,,,,,,,,,,,,,,,,,,,,
,,,,,,,,,,,,,,6766dee165ff1cc0f8decea0,2025-01-21_23h24.49.349,VisualArraysMentalRotation_v4,2021.1.4,Win32,59.52380952,679054f2072d526265aabff2,679072a134e38ac1f2d6d7e8,,,,,,,Stimuli/19_0.jpg,Same,0,b,b,1,1.7159,30,0,30,0,1,,,,,,,,,,,,,,,,,,,,,,,,,,,,,,,,,,,,,,,,,,,,,,,,,
,,,,,,,,,,,,,,6766dee165ff1cc0f8decea0,2025-01-21_23h24.49.349,VisualArraysMentalRotation_v4,2021.1.4,Win32,59.52380952,679054f2072d526265aabff2,679072a134e38ac1f2d6d7e8,,,,,,,Stimuli/19_100_R.jpg,Different,100,n,n,1,3.0502,31,0,31,0,1,,,,,,,,,,,,,,,,,,,,,,,,,,,,,,,,,,,,,,,,,,,,,,,,,
,,,,,,,,,,,,,,6766dee165ff1cc0f8decea0,2025-01-21_23h24.49.349,VisualArraysMentalRotation_v4,2021.1.4,Win32,59.52380952,679054f2072d526265aabff2,679072a134e38ac1f2d6d7e8,,,,,,,Stimuli/44_50.jpg,Same,50,b,b,1,4.1065,32,0,32,0,1,,,,,,,,,,,,,,,,,,,,,,,,,,,,,,,,,,,,,,,,,,,,,,,,,
,,,,,,,,,,,,,,6766dee165ff1cc0f8decea0,2025-01-21_23h24.49.349,VisualArraysMentalRotation_v4,2021.1.4,Win32,59.52380952,679054f2072d526265aabff2,679072a134e38ac1f2d6d7e8,,,,,,,Stimuli/32_100.jpg,Same,100,b,b,1,4.3068,33,0,33,0,1,,,,,,,,,,,,,,,,,,,,,,,,,,,,,,,,,,,,,,,,,,,,,,,,,
,,,,,,,,,,,,,,6766dee165ff1cc0f8decea0,2025-01-21_23h24.49.349,VisualArraysMentalRotation_v4,2021.1.4,Win32,59.52380952,679054f2072d526265aabff2,679072a134e38ac1f2d6d7e8,,,,,,,Stimuli/27_100_R.jpg,Different,100,n,n,1,5.1446,34,0,34,0,1,,,,,,,,,,,,,,,,,,,,,,,,,,,,,,,,,,,,,,,,,,,,,,,,,
,,,,,,,,,,,,,,6766dee165ff1cc0f8decea0,2025-01-21_23h24.49.349,VisualArraysMentalRotation_v4,2021.1.4,Win32,59.52380952,679054f2072d526265aabff2,679072a134e38ac1f2d6d7e8,,,,,,,Stimuli/22_100.jpg,Same,100,b,b,1,2.8804,35,0,35,0,1,,,,,,,,,,,,,,,,,,,,,,,,,,,,,,,,,,,,,,,,,,,,,,,,,
,,,,,,,,,,,,,,6766dee165ff1cc0f8decea0,2025-01-21_23h24.49.349,VisualArraysMentalRotation_v4,2021.1.4,Win32,59.52380952,679054f2072d526265aabff2,679072a134e38ac1f2d6d7e8,,,,,,,Stimuli/16_50.jpg,Same,50,b,b,1,2.8742,36,0,36,0,1,,,,,,,,,,,,,,,,,,,,,,,,,,,,,,,,,,,,,,,,,,,,,,,,,
,,,,,,,,,,,,,,6766dee165ff1cc0f8decea0,2025-01-21_23h24.49.349,VisualArraysMentalRotation_v4,2021.1.4,Win32,59.52380952,679054f2072d526265aabff2,679072a134e38ac1f2d6d7e8,,,,,,,Stimuli/22_150_R.jpg,Different,150,n,n,1,3.9783,37,0,37,0,1,,,,,,,,,,,,,,,,,,,,,,,,,,,,,,,,,,,,,,,,,,,,,,,,,
,,,,,,,,,,,,,,6766dee165ff1cc0f8decea0,2025-01-21_23h24.49.349,VisualArraysMentalRotation_v4,2021.1.4,Win32,59.52380952,679054f2072d526265aabff2,679072a134e38ac1f2d6d7e8,,,,,,,Stimuli/38_100_R.jpg,Different,100,n,n,1,3.9232,38,0,38,0,1,,,,,,,,,,,,,,,,,,,,,,,,,,,,,,,,,,,,,,,,,,,,,,,,,
,,,,,,,,,,,,,,6766dee165ff1cc0f8decea0,2025-01-21_23h24.49.349,VisualArraysMentalRotation_v4,2021.1.4,Win32,59.52380952,679054f2072d526265aabff2,679072a134e38ac1f2d6d7e8,,,,,,,Stimuli/40_0_R.jpg,Different,0,n,n,1,5.01,39,0,39,0,1,,,,,,,,,,,,,,,,,,,,,,,,,,,,,,,,,,,,,,,,,,,,,,,,,
,,,,,,,,,,,,,,6766dee165ff1cc0f8decea0,2025-01-21_23h24.49.349,VisualArraysMentalRotation_v4,2021.1.4,Win32,59.52380952,679054f2072d526265aabff2,679072a134e38ac1f2d6d7e8,,,,,,,Stimuli/21_100.jpg,Same,100,b,b,1,2.2243,40,0,40,0,1,,,,,,,,,,,,,,,,,,,,,,,,,,,,,,,,,,,,,,,,,,,,,,,,,
,,,,,,,,,,,,,,6766dee165ff1cc0f8decea0,2025-01-21_23h24.49.349,VisualArraysMentalRotation_v4,2021.1.4,Win32,59.52380952,679054f2072d526265aabff2,679072a134e38ac1f2d6d7e8,,,,,,,Stimuli/21_0.jpg,Same,0,b,b,1,1.5566,41,0,41,0,1,,,,,,,,,,,,,,,,,,,,,,,,,,,,,,,,,,,,,,,,,,,,,,,,,
,,,,,,,,,,,,,,6766dee165ff1cc0f8decea0,2025-01-21_23h24.49.349,VisualArraysMentalRotation_v4,2021.1.4,Win32,59.52380952,679054f2072d526265aabff2,679072a134e38ac1f2d6d7e8,,,,,,,Stimuli/3_100.jpg,Same,100,b,b,1,5.9817,42,0,42,0,1,,,,,,,,,,,,,,,,,,,,,,,,,,,,,,,,,,,,,,,,,,,,,,,,,
,,,,,,,,,,,,,,6766dee165ff1cc0f8decea0,2025-01-21_23h24.49.349,VisualArraysMentalRotation_v4,2021.1.4,Win32,59.52380952,679054f2072d526265aabff2,679072a134e38ac1f2d6d7e8,,,,,,,Stimuli/16_100_R.jpg,Different,100,n,n,1,3.7063,43,0,43,0,1,,,,,,,,,,,,,,,,,,,,,,,,,,,,,,,,,,,,,,,,,,,,,,,,,
,,,,,,,,,,,,,,6766dee165ff1cc0f8decea0,2025-01-21_23h24.49.349,VisualArraysMentalRotation_v4,2021.1.4,Win32,59.52380952,679054f2072d526265aabff2,679072a134e38ac1f2d6d7e8,,,,,,,Stimuli/27_50_R.jpg,Different,50,n,n,1,4.2655,44,0,44,0,1,,,,,,,,,,,,,,,,,,,,,,,,,,,,,,,,,,,,,,,,,,,,,,,,,
,,,,,,,,,,,,,,6766dee165ff1cc0f8decea0,2025-01-21_23h24.49.349,VisualArraysMentalRotation_v4,2021.1.4,Win32,59.52380952,679054f2072d526265aabff2,679072a134e38ac1f2d6d7e8,,,,,,,Stimuli/32_150_R.jpg,Different,150,n,b,0,2.3241,45,0,45,0,1,,,,,,,,,,,,,,,,,,,,,,,,,,,,,,,,,,,,,,,,,,,,,,,,,
,,,,,,,,,,,,,,6766dee165ff1cc0f8decea0,2025-01-21_23h24.49.349,VisualArraysMentalRotation_v4,2021.1.4,Win32,59.52380952,679054f2072d526265aabff2,679072a134e38ac1f2d6d7e8,,,,,,,Stimuli/22_50.jpg,Same,50,b,b,1,3.2071,46,0,46,0,1,,,,,,,,,,,,,,,,,,,,,,,,,,,,,,,,,,,,,,,,,,,,,,,,,
,,,,,,,,,,,,,,6766dee165ff1cc0f8decea0,2025-01-21_23h24.49.349,VisualArraysMentalRotation_v4,2021.1.4,Win32,59.52380952,679054f2072d526265aabff2,679072a134e38ac1f2d6d7e8,,,,,,,Stimuli/44_0_R.jpg,Different,0,n,n,1,3.1672,47,0,47,0,1,,,,,,,,,,,,,,,,,,,,,,,,,,,,,,,,,,,,,,,,,,,,,,,,,
,,,,,,,,,,,,,,6766dee165ff1cc0f8decea0,2025-01-21_23h24.49.349,VisualArraysMentalRotation_v4,2021.1.4,Win32,59.52380952,679054f2072d526265aabff2,679072a134e38ac1f2d6d7e8,,,,,,,Stimuli/43_150_R.jpg,Different,150,n,n,1,5.1403,48,0,48,0,1,,,,,,,,,,,,,,,,,,,,,,,,,,,,,,,,,,,,,,,,,,,,,,,,,
,,,,,,,,,,,,,,6766dee165ff1cc0f8decea0,2025-01-21_23h24.49.349,VisualArraysMentalRotation_v4,2021.1.4,Win32,59.52380952,679054f2072d526265aabff2,679072a134e38ac1f2d6d7e8,,,,,,,Stimuli/32_100_R.jpg,Different,100,n,n,1,4.4638,49,0,49,0,1,,,,,,,,,,,,,,,,,,,,,,,,,,,,,,,,,,,,,,,,,,,,,,,,,
,,,,,,,,,,,,,,6766dee165ff1cc0f8decea0,2025-01-21_23h24.49.349,VisualArraysMentalRotation_v4,2021.1.4,Win32,59.52380952,679054f2072d526265aabff2,679072a134e38ac1f2d6d7e8,,,,,,,Stimuli/32_150.jpg,Same,150,b,b,1,2.3173,50,0,50,0,1,,,,,,,,,,,,,,,,,,,,,,,,,,,,,,,,,,,,,,,,,,,,,,,,,
,,,,,,,,,,,,,,6766dee165ff1cc0f8decea0,2025-01-21_23h24.49.349,VisualArraysMentalRotation_v4,2021.1.4,Win32,59.52380952,679054f2072d526265aabff2,679072a134e38ac1f2d6d7e8,,,,,,,Stimuli/3_100_R.jpg,Different,100,n,n,1,4.5083,51,0,51,0,1,,,,,,,,,,,,,,,,,,,,,,,,,,,,,,,,,,,,,,,,,,,,,,,,,
,,,,,,,,,,,,,,6766dee165ff1cc0f8decea0,2025-01-21_23h24.49.349,VisualArraysMentalRotation_v4,2021.1.4,Win32,59.52380952,679054f2072d526265aabff2,679072a134e38ac1f2d6d7e8,,,,,,,Stimuli/44_150.jpg,Same,150,b,b,1,3.1844,52,0,52,0,1,,,,,,,,,,,,,,,,,,,,,,,,,,,,,,,,,,,,,,,,,,,,,,,,,
,,,,,,,,,,,,,,6766dee165ff1cc0f8decea0,2025-01-21_23h24.49.349,VisualArraysMentalRotation_v4,2021.1.4,Win32,59.52380952,679054f2072d526265aabff2,679072a134e38ac1f2d6d7e8,,,,,,,Stimuli/22_100_R.jpg,Different,100,n,n,1,2.4569,53,0,53,0,1,,,,,,,,,,,,,,,,,,,,,,,,,,,,,,,,,,,,,,,,,,,,,,,,,
,,,,,,,,,,,,,,6766dee165ff1cc0f8decea0,2025-01-21_23h24.49.349,VisualArraysMentalRotation_v4,2021.1.4,Win32,59.52380952,679054f2072d526265aabff2,679072a134e38ac1f2d6d7e8,,,,,,,Stimuli/21_50_R.jpg,Different,50,n,n,1,2.8076,54,0,54,0,1,,,,,,,,,,,,,,,,,,,,,,,,,,,,,,,,,,,,,,,,,,,,,,,,,
,,,,,,,,,,,,,,6766dee165ff1cc0f8decea0,2025-01-21_23h24.49.349,VisualArraysMentalRotation_v4,2021.1.4,Win32,59.52380952,679054f2072d526265aabff2,679072a134e38ac1f2d6d7e8,,,,,,,Stimuli/16_0_R.jpg,Different,0,n,n,1,1.7814,55,0,55,0,1,,,,,,,,,,,,,,,,,,,,,,,,,,,,,,,,,,,,,,,,,,,,,,,,,
,,,,,,,,,,,,,,6766dee165ff1cc0f8decea0,2025-01-21_23h24.49.349,VisualArraysMentalRotation_v4,2021.1.4,Win32,59.52380952,679054f2072d526265aabff2,679072a134e38ac1f2d6d7e8,,,,,,,Stimuli/16_0.jpg,Same,0,b,b,1,1.1677,56,0,56,0,1,,,,,,,,,,,,,,,,,,,,,,,,,,,,,,,,,,,,,,,,,,,,,,,,,
,,,,,,,,,,,,,,6766dee165ff1cc0f8decea0,2025-01-21_23h24.49.349,VisualArraysMentalRotation_v4,2021.1.4,Win32,59.52380952,679054f2072d526265aabff2,679072a134e38ac1f2d6d7e8,,,,,,,Stimuli/32_0.jpg,Same,0,b,b,1,1.7604,57,0,57,0,1,,,,,,,,,,,,,,,,,,,,,,,,,,,,,,,,,,,,,,,,,,,,,,,,,
,,,,,,,,,,,,,,6766dee165ff1cc0f8decea0,2025-01-21_23h24.49.349,VisualArraysMentalRotation_v4,2021.1.4,Win32,59.52380952,679054f2072d526265aabff2,679072a134e38ac1f2d6d7e8,,,,,,,Stimuli/3_50.jpg,Same,50,b,b,1,2.9332,58,0,58,0,1,,,,,,,,,,,,,,,,,,,,,,,,,,,,,,,,,,,,,,,,,,,,,,,,,
,,,,,,,,,,,,,,6766dee165ff1cc0f8decea0,2025-01-21_23h24.49.349,VisualArraysMentalRotation_v4,2021.1.4,Win32,59.52380952,679054f2072d526265aabff2,679072a134e38ac1f2d6d7e8,,,,,,,Stimuli/19_0_R.jpg,Different,0,n,n,1,1.7663,59,0,59,0,1,,,,,,,,,,,,,,,,,,,,,,,,,,,,,,,,,,,,,,,,,,,,,,,,,
,,,,,,,,,,,,,,6766dee165ff1cc0f8decea0,2025-01-21_23h24.49.349,VisualArraysMentalRotation_v4,2021.1.4,Win32,59.52380952,679054f2072d526265aabff2,679072a134e38ac1f2d6d7e8,,,,,,,Stimuli/40_0.jpg,Same,0,b,b,1,2.2567,60,0,60,0,1,,,,,,,,,,,,,,,,,,,,,,,,,,,,,,,,,,,,,,,,,,,,,,,,,
,,,,,,,,,,,,,,6766dee165ff1cc0f8decea0,2025-01-21_23h24.49.349,VisualArraysMentalRotation_v4,2021.1.4,Win32,59.52380952,679054f2072d526265aabff2,679072a134e38ac1f2d6d7e8,,,,,,,Stimuli/40_150_R.jpg,Different,150,n,b,0,6.5989,61,0,61,0,1,,,,,,,,,,,,,,,,,,,,,,,,,,,,,,,,,,,,,,,,,,,,,,,,,
,,,,,,,,,,,,,,6766dee165ff1cc0f8decea0,2025-01-21_23h24.49.349,VisualArraysMentalRotation_v4,2021.1.4,Win32,59.52380952,679054f2072d526265aabff2,679072a134e38ac1f2d6d7e8,,,,,,,Stimuli/28_50.jpg,Same,50,b,b,1,3.1178,62,0,62,0,1,,,,,,,,,,,,,,,,,,,,,,,,,,,,,,,,,,,,,,,,,,,,,,,,,
,,,,,,,,,,,,,,6766dee165ff1cc0f8decea0,2025-01-21_23h24.49.349,VisualArraysMentalRotation_v4,2021.1.4,Win32,59.52380952,679054f2072d526265aabff2,679072a134e38ac1f2d6d7e8,,,,,,,Stimuli/21_150.jpg,Same,150,b,b,1,2.6095,63,0,63,0,1,,,,,,,,,,,,,,,,,,,,,,,,,,,,,,,,,,,,,,,,,,,,,,,,,
,,,,,,,,,,,,,,6766dee165ff1cc0f8decea0,2025-01-21_23h24.49.349,VisualArraysMentalRotation_v4,2021.1.4,Win32,59.52380952,679054f2072d526265aabff2,679072a134e38ac1f2d6d7e8,,,,,,,Stimuli/16_100.jpg,Same,100,b,b,1,1.6928,64,0,64,0,1,,,,,,,,,,,,,,,,,,,,,,,,,,,,,,,,,,,,,,,,,,,,,,,,,
,,,,,,,,,,,,,,6766dee165ff1cc0f8decea0,2025-01-21_23h24.49.349,VisualArraysMentalRotation_v4,2021.1.4,Win32,59.52380952,679054f2072d526265aabff2,679072a134e38ac1f2d6d7e8,,,,,,,Stimuli/27_0_R.jpg,Different,0,n,n,1,3.3651,65,0,65,0,1,,,,,,,,,,,,,,,,,,,,,,,,,,,,,,,,,,,,,,,,,,,,,,,,,
,,,,,,,,,,,,,,6766dee165ff1cc0f8decea0,2025-01-21_23h24.49.349,VisualArraysMentalRotation_v4,2021.1.4,Win32,59.52380952,679054f2072d526265aabff2,679072a134e38ac1f2d6d7e8,,,,,,,Stimuli/40_100.jpg,Same,100,b,b,1,3.6421,66,0,66,0,1,,,,,,,,,,,,,,,,,,,,,,,,,,,,,,,,,,,,,,,,,,,,,,,,,
,,,,,,,,,,,,,,6766dee165ff1cc0f8decea0,2025-01-21_23h24.49.349,VisualArraysMentalRotation_v4,2021.1.4,Win32,59.52380952,679054f2072d526265aabff2,679072a134e38ac1f2d6d7e8,,,,,,,Stimuli/27_150.jpg,Same,150,b,b,1,2.6685,67,0,67,0,1,,,,,,,,,,,,,,,,,,,,,,,,,,,,,,,,,,,,,,,,,,,,,,,,,
,,,,,,,,,,,,,,6766dee165ff1cc0f8decea0,2025-01-21_23h24.49.349,VisualArraysMentalRotation_v4,2021.1.4,Win32,59.52380952,679054f2072d526265aabff2,679072a134e38ac1f2d6d7e8,,,,,,,Stimuli/19_50_R.jpg,Different,50,n,n,1,2.1985,68,0,68,0,1,,,,,,,,,,,,,,,,,,,,,,,,,,,,,,,,,,,,,,,,,,,,,,,,,
,,,,,,,,,,,,,,6766dee165ff1cc0f8decea0,2025-01-21_23h24.49.349,VisualArraysMentalRotation_v4,2021.1.4,Win32,59.52380952,679054f2072d526265aabff2,679072a134e38ac1f2d6d7e8,,,,,,,Stimuli/28_100.jpg,Same,100,b,b,1,3.9035,69,0,69,0,1,,,,,,,,,,,,,,,,,,,,,,,,,,,,,,,,,,,,,,,,,,,,,,,,,
,,,,,,,,,,,,,,6766dee165ff1cc0f8decea0,2025-01-21_23h24.49.349,VisualArraysMentalRotation_v4,2021.1.4,Win32,59.52380952,679054f2072d526265aabff2,679072a134e38ac1f2d6d7e8,,,,,,,Stimuli/27_150_R.jpg,Different,150,n,n,1,3.4587,70,0,70,0,1,,,,,,,,,,,,,,,,,,,,,,,,,,,,,,,,,,,,,,,,,,,,,,,,,
,,,,,,,,,,,,,,6766dee165ff1cc0f8decea0,2025-01-21_23h24.49.349,VisualArraysMentalRotation_v4,2021.1.4,Win32,59.52380952,679054f2072d526265aabff2,679072a134e38ac1f2d6d7e8,,,,,,,Stimuli/21_150_R.jpg,Different,150,n,n,1,2.4524,71,0,71,0,1,,,,,,,,,,,,,,,,,,,,,,,,,,,,,,,,,,,,,,,,,,,,,,,,,
,,,,,,,,,,,,,,6766dee165ff1cc0f8decea0,2025-01-21_23h24.49.349,VisualArraysMentalRotation_v4,2021.1.4,Win32,59.52380952,679054f2072d526265aabff2,679072a134e38ac1f2d6d7e8,,,,,,,Stimuli/43_50_R.jpg,Different,50,n,n,1,3.2938,72,0,72,0,1,,,,,,,,,,,,,,,,,,,,,,,,,,,,,,,,,,,,,,,,,,,,,,,,,
,,,,,,,,,,,,,,6766dee165ff1cc0f8decea0,2025-01-21_23h24.49.349,VisualArraysMentalRotation_v4,2021.1.4,Win32,59.52380952,679054f2072d526265aabff2,679072a134e38ac1f2d6d7e8,,,,,,,Stimuli/38_0.jpg,Same,0,b,b,1,1.4996,73,0,73,0,1,,,,,,,,,,,,,,,,,,,,,,,,,,,,,,,,,,,,,,,,,,,,,,,,,
,,,,,,,,,,,,,,6766dee165ff1cc0f8decea0,2025-01-21_23h24.49.349,VisualArraysMentalRotation_v4,2021.1.4,Win32,59.52380952,679054f2072d526265aabff2,679072a134e38ac1f2d6d7e8,,,,,,,Stimuli/21_100_R.jpg,Different,100,n,n,1,3.1597,74,0,74,0,1,,,,,,,,,,,,,,,,,,,,,,,,,,,,,,,,,,,,,,,,,,,,,,,,,
,,,,,,,,,,,,,,6766dee165ff1cc0f8decea0,2025-01-21_23h24.49.349,VisualArraysMentalRotation_v4,2021.1.4,Win32,59.52380952,679054f2072d526265aabff2,679072a134e38ac1f2d6d7e8,,,,,,,Stimuli/27_0.jpg,Same,0,b,b,1,1.3402,75,0,75,0,1,,,,,,,,,,,,,,,,,,,,,,,,,,,,,,,,,,,,,,,,,,,,,,,,,
,,,,,,,,,,,,,,6766dee165ff1cc0f8decea0,2025-01-21_23h24.49.349,VisualArraysMentalRotation_v4,2021.1.4,Win32,59.52380952,679054f2072d526265aabff2,679072a134e38ac1f2d6d7e8,,,,,,,Stimuli/27_100.jpg,Same,100,b,b,1,2.0243,76,0,76,0,1,,,,,,,,,,,,,,,,,,,,,,,,,,,,,,,,,,,,,,,,,,,,,,,,,
,,,,,,,,,,,,,,6766dee165ff1cc0f8decea0,2025-01-21_23h24.49.349,VisualArraysMentalRotation_v4,2021.1.4,Win32,59.52380952,679054f2072d526265aabff2,679072a134e38ac1f2d6d7e8,,,,,,,Stimuli/22_50_R.jpg,Different,50,n,n,1,2.5428,77,0,77,0,1,,,,,,,,,,,,,,,,,,,,,,,,,,,,,,,,,,,,,,,,,,,,,,,,,
,,,,,,,,,,,,,,6766dee165ff1cc0f8decea0,2025-01-21_23h24.49.349,VisualArraysMentalRotation_v4,2021.1.4,Win32,59.52380952,679054f2072d526265aabff2,679072a134e38ac1f2d6d7e8,,,,,,,Stimuli/21_50.jpg,Same,50,b,b,1,2.3564,78,0,78,0,1,,,,,,,,,,,,,,,,,,,,,,,,,,,,,,,,,,,,,,,,,,,,,,,,,
,,,,,,,,,,,,,,6766dee165ff1cc0f8decea0,2025-01-21_23h24.49.349,VisualArraysMentalRotation_v4,2021.1.4,Win32,59.52380952,679054f2072d526265aabff2,679072a134e38ac1f2d6d7e8,,,,,,,Stimuli/22_150.jpg,Same,150,b,b,1,2.1517,79,0,79,0,1,,,,,,,,,,,,,,,,,,,,,,,,,,,,,,,,,,,,,,,,,,,,,,,,,
,,,,,,,,,,,,,,6766dee165ff1cc0f8decea0,2025-01-21_23h24.49.349,VisualArraysMentalRotation_v4,2021.1.4,Win32,59.52380952,679054f2072d526265aabff2,679072a134e38ac1f2d6d7e8,,,,,,,Stimuli/44_100_R.jpg,Different,100,n,n,1,2.0491,80,0,80,0,1,,,,,,,,,,,,,,,,,,,,,,,,,,,,,,,,,,,,,,,,,,,,,,,,,
,,,,,,,,,,,,,,6766dee165ff1cc0f8decea0,2025-01-21_23h24.49.349,VisualArraysMentalRotation_v4,2021.1.4,Win32,59.52380952,679054f2072d526265aabff2,679072a134e38ac1f2d6d7e8,,,,,,,Stimuli/44_100.jpg,Same,100,b,b,1,3.8577,81,0,81,0,1,,,,,,,,,,,,,,,,,,,,,,,,,,,,,,,,,,,,,,,,,,,,,,,,,
,,,,,,,,,,,,,,6766dee165ff1cc0f8decea0,2025-01-21_23h24.49.349,VisualArraysMentalRotation_v4,2021.1.4,Win32,59.52380952,679054f2072d526265aabff2,679072a134e38ac1f2d6d7e8,,,,,,,Stimuli/16_150_R.jpg,Different,150,n,n,1,1.445,82,0,82,0,1,,,,,,,,,,,,,,,,,,,,,,,,,,,,,,,,,,,,,,,,,,,,,,,,,
,,,,,,,,,,,,,,6766dee165ff1cc0f8decea0,2025-01-21_23h24.49.349,VisualArraysMentalRotation_v4,2021.1.4,Win32,59.52380952,679054f2072d526265aabff2,679072a134e38ac1f2d6d7e8,,,,,,,Stimuli/28_0_R.jpg,Different,0,n,n,1,1.6273,83,0,83,0,1,,,,,,,,,,,,,,,,,,,,,,,,,,,,,,,,,,,,,,,,,,,,,,,,,
,,,,,,,,,,,,,,6766dee165ff1cc0f8decea0,2025-01-21_23h24.49.349,VisualArraysMentalRotation_v4,2021.1.4,Win32,59.52380952,679054f2072d526265aabff2,679072a134e38ac1f2d6d7e8,,,,,,,Stimuli/28_50_R.jpg,Different,50,n,n,1,1.5345,84,0,84,0,1,,,,,,,,,,,,,,,,,,,,,,,,,,,,,,,,,,,,,,,,,,,,,,,,,
,,,,,,,,,,,,,,6766dee165ff1cc0f8decea0,2025-01-21_23h24.49.349,VisualArraysMentalRotation_v4,2021.1.4,Win32,59.52380952,679054f2072d526265aabff2,679072a134e38ac1f2d6d7e8,,,,,,,Stimuli/40_50.jpg,Same,50,b,b,1,5.3067,85,0,85,0,1,,,,,,,,,,,,,,,,,,,,,,,,,,,,,,,,,,,,,,,,,,,,,,,,,
,,,,,,,,,,,,,,6766dee165ff1cc0f8decea0,2025-01-21_23h24.49.349,VisualArraysMentalRotation_v4,2021.1.4,Win32,59.52380952,679054f2072d526265aabff2,679072a134e38ac1f2d6d7e8,,,,,,,Stimuli/27_50.jpg,Same,50,b,b,1,3.2372,86,0,86,0,1,,,,,,,,,,,,,,,,,,,,,,,,,,,,,,,,,,,,,,,,,,,,,,,,,
,,,,,,,,,,,,,,6766dee165ff1cc0f8decea0,2025-01-21_23h24.49.349,VisualArraysMentalRotation_v4,2021.1.4,Win32,59.52380952,679054f2072d526265aabff2,679072a134e38ac1f2d6d7e8,,,,,,,Stimuli/38_0_R.jpg,Different,0,n,n,1,1.4613,87,0,87,0,1,,,,,,,,,,,,,,,,,,,,,,,,,,,,,,,,,,,,,,,,,,,,,,,,,
,,,,,,,,,,,,,,6766dee165ff1cc0f8decea0,2025-01-21_23h24.49.349,VisualArraysMentalRotation_v4,2021.1.4,Win32,59.52380952,679054f2072d526265aabff2,679072a134e38ac1f2d6d7e8,,,,,,,Stimuli/32_50_R.jpg,Different,50,n,n,1,2.0338,88,0,88,0,1,,,,,,,,,,,,,,,,,,,,,,,,,,,,,,,,,,,,,,,,,,,,,,,,,
,,,,,,,,,,,,,,6766dee165ff1cc0f8decea0,2025-01-21_23h24.49.349,VisualArraysMentalRotation_v4,2021.1.4,Win32,59.52380952,679054f2072d526265aabff2,679072a134e38ac1f2d6d7e8,,,,,,,Stimuli/43_50.jpg,Same,50,b,b,1,2.0678,89,0,89,0,1,,,,,,,,,,,,,,,,,,,,,,,,,,,,,,,,,,,,,,,,,,,,,,,,,
,,,,,,,,,,,,,,6766dee165ff1cc0f8decea0,2025-01-21_23h24.49.349,VisualArraysMentalRotation_v4,2021.1.4,Win32,59.52380952,679054f2072d526265aabff2,679072a134e38ac1f2d6d7e8,,,,,,,Stimuli/21_0_R.jpg,Different,0,n,n,1,2.6582,90,0,90,0,1,,,,,,,,,,,,,,,,,,,,,,,,,,,,,,,,,,,,,,,,,,,,,,,,,
,,,,,,,,,,,,,,6766dee165ff1cc0f8decea0,2025-01-21_23h24.49.349,VisualArraysMentalRotation_v4,2021.1.4,Win32,59.52380952,679054f2072d526265aabff2,679072a134e38ac1f2d6d7e8,,,,,,,Stimuli/28_100_R.jpg,Different,100,n,b,0,2.0924,91,0,91,0,1,,,,,,,,,,,,,,,,,,,,,,,,,,,,,,,,,,,,,,,,,,,,,,,,,
,,,,,,,,,,,,,,6766dee165ff1cc0f8decea0,2025-01-21_23h24.49.349,VisualArraysMentalRotation_v4,2021.1.4,Win32,59.52380952,679054f2072d526265aabff2,679072a134e38ac1f2d6d7e8,,,,,,,Stimuli/28_0.jpg,Same,0,b,b,1,1.101,92,0,92,0,1,,,,,,,,,,,,,,,,,,,,,,,,,,,,,,,,,,,,,,,,,,,,,,,,,
,,,,,,,,,,,,,,6766dee165ff1cc0f8decea0,2025-01-21_23h24.49.349,VisualArraysMentalRotation_v4,2021.1.4,Win32,59.52380952,679054f2072d526265aabff2,679072a134e38ac1f2d6d7e8,,,,,,,Stimuli/38_100.jpg,Same,100,b,b,1,2.3405,93,0,93,0,1,,,,,,,,,,,,,,,,,,,,,,,,,,,,,,,,,,,,,,,,,,,,,,,,,
,,,,,,,,,,,,,,6766dee165ff1cc0f8decea0,2025-01-21_23h24.49.349,VisualArraysMentalRotation_v4,2021.1.4,Win32,59.52380952,679054f2072d526265aabff2,679072a134e38ac1f2d6d7e8,,,,,,,Stimuli/28_150.jpg,Same,150,b,b,1,3.2627,94,0,94,0,1,,,,,,,,,,,,,,,,,,,,,,,,,,,,,,,,,,,,,,,,,,,,,,,,,
,,,,,,,,,,,,,,6766dee165ff1cc0f8decea0,2025-01-21_23h24.49.349,VisualArraysMentalRotation_v4,2021.1.4,Win32,59.52380952,679054f2072d526265aabff2,679072a134e38ac1f2d6d7e8,,,,,,,Stimuli/28_150_R.jpg,Different,150,n,n,1,2.4571,95,0,95,0,1,,,,,,,,,,,,,,,,,,,,,,,,,,,,,,,,,,,,,,,,,,,,,,,,,
,,,,,,,,,,,,,,6766dee165ff1cc0f8decea0,2025-01-21_23h24.49.349,VisualArraysMentalRotation_v4,2021.1.4,Win32,59.52380952,679054f2072d526265aabff2,679072a134e38ac1f2d6d7e8,,,,,,,,,,,,,,,,,,,0,0,0,0,1,,,,,,,,,,,,,,,,,,,,,,,,,,,,,,,,,,,,,,,,,,,,
,,,,,,,,,,,,,,6766dee165ff1cc0f8decea0,2025-01-21_23h24.49.349,VisualArraysMentalRotation_v4,2021.1.4,Win32,59.52380952,679054f2072d526265aabff2,679072a134e38ac1f2d6d7e8,,,,,,,,,,,,,,,,,,,,,,,,0,0,0,0,1,0,1,,,,,,,,,,,,,,,,,,,,,,,,,,,,,,,,,,,,,
,,,,,,,,,,,,,,6766dee165ff1cc0f8decea0,2025-01-21_23h24.49.349,VisualArraysMentalRotation_v4,2021.1.4,Win32,59.52380952,679054f2072d526265aabff2,679072a134e38ac1f2d6d7e8,,,,,,,,,,,,,,,,,,,,,,,,,,,,,,,"[-45,0,90,0,90]","[90,90,45,90,-45]",0.25,PracRed_1,"[-45,0,90,0,90]","[90,90,45,90,-45]",5,1,8.1155,0,0,0,1,1,RED,3,Same,5,3,,,,,,,,,,,,,,,,,,
,,,,,,,,,,,,,,6766dee165ff1cc0f8decea0,2025-01-21_23h24.49.349,VisualArraysMentalRotation_v4,2021.1.4,Win32,59.52380952,679054f2072d526265aabff2,679072a134e38ac1f2d6d7e8,,,,,,,,,,,,,,,,,,,,,,,,,,,,,,,"[0,-45,-45,90,90]","[-45,90,90,90,90]",0.25,PracRed_3,"[0,-45,90,90,90]","[-45,90,90,90,90]",5,0,1.0679,0,1,1,6,1,RED,5,Different,6,1,,,,,,,,,,,,,,,,,,
,,,,,,,,,,,,,,6766dee165ff1cc0f8decea0,2025-01-21_23h24.49.349,VisualArraysMentalRotation_v4,2021.1.4,Win32,59.52380952,679054f2072d526265aabff2,679072a134e38ac1f2d6d7e8,,,,,,,,,,,,,,,,,,,,,,,,,,,,,,,"[45,-45,90,45,-45]","[-45,0,-45,45,0]",0.25,PracRed_2,"[45,90,90,45,-45]","[-45,0,-45,45,0]",5,0,1.0079,0,2,2,7,1,RED,5,Different,6,3,,,,,,,,,,,,,,,,,,
,,,,,,,,,,,,,,6766dee165ff1cc0f8decea0,2025-01-21_23h24.49.349,VisualArraysMentalRotation_v4,2021.1.4,Win32,59.52380952,679054f2072d526265aabff2,679072a134e38ac1f2d6d7e8,,,,,,,,,,,,,,,,,,,,,,,,,,,,,,,"[45,-45,45,45,45]","[0,90,-45,-45,-45]",0.25,PracBlue_3,"[45,-45,45,45,45]","[0,90,-45,-45,-45]",6,0,1.6759,0,3,3,8,1,BLUE,3,Same,5,1,,,,,,,,,,,,,,,,,,
,,,,,,,,,,,,,,6766dee165ff1cc0f8decea0,2025-01-21_23h24.49.349,VisualArraysMentalRotation_v4,2021.1.4,Win32,59.52380952,679054f2072d526265aabff2,679072a134e38ac1f2d6d7e8,,,,,,,,,,,,,,,,,,,,,,,,,,,,,,,"[-45,45,0,-45,90]","[-45,0,45,-45,0]",0.25,PracRed_2,"[-45,45,0,-45,90]","[-45,0,45,-45,0]",5,1,1.0891,0,4,4,2,1,RED,5,Same,5,1,,,,,,,,,,,,,,,,,,
,,,,,,,,,,,,,,6766dee165ff1cc0f8decea0,2025-01-21_23h24.49.349,VisualArraysMentalRotation_v4,2021.1.4,Win32,59.52380952,679054f2072d526265aabff2,679072a134e38ac1f2d6d7e8,,,,,,,,,,,,,,,,,,,,,,,,,,,,,,,"[45,0,-45,-45,-45]","[-45,45,0,90,45]",0.25,PracRed_2,"[45,-45,-45,-45,-45]","[-45,45,0,90,45]",5,0,0.6788,0,5,5,4,1,RED,3,Different,6,1,,,,,,,,,,,,,,,,,,
,,,,,,,,,,,,,,6766dee165ff1cc0f8decea0,2025-01-21_23h24.49.349,VisualArraysMentalRotation_v4,2021.1.4,Win32,59.52380952,679054f2072d526265aabff2,679072a134e38ac1f2d6d7e8,,,,,,,,,,,,,,,,,,,,,,,,,,,,,,,"[45,90,90,0,-45]","[0,90,90,0,-45]",0.25,PracRed_3,"[45,90,90,0,-45]","[0,90,90,0,-45]",5,1,0.8602,0,6,6,3,1,RED,5,Same,5,3,,,,,,,,,,,,,,,,,,
,,,,,,,,,,,,,,6766dee165ff1cc0f8decea0,2025-01-21_23h24.49.349,VisualArraysMentalRotation_v4,2021.1.4,Win32,59.52380952,679054f2072d526265aabff2,679072a134e38ac1f2d6d7e8,,,,,,,,,,,,,,,,,,,,,,,,,,,,,,,"[90,0,90,90,0]","[45,45,0,-45,45]",0.25,PracRed_3,"[90,0,0,90,0]","[45,45,0,-45,45]",5,0,0.7563,0,7,7,5,1,RED,3,Different,6,3,,,,,,,,,,,,,,,,,,
,,,,,,,,,,,,,,6766dee165ff1cc0f8decea0,2025-01-21_23h24.49.349,VisualArraysMentalRotation_v4,2021.1.4,Win32,59.52380952,679054f2072d526265aabff2,679072a134e38ac1f2d6d7e8,,,,,,,,,,,,,,,,,,,,,,,,,,,,,,,"[0,90,90,45,-45]","[45,90,45,-45,45]",0.25,PracBlue_1,"[0,90,90,45,-45]","[-45,90,45,-45,45]",5,0,0.6997,0,8,8,13,1,BLUE,3,Different,6,3,,,,,,,,,,,,,,,,,,
,,,,,,,,,,,,,,6766dee165ff1cc0f8decea0,2025-01-21_23h24.49.349,VisualArraysMentalRotation_v4,2021.1.4,Win32,59.52380952,679054f2072d526265aabff2,679072a134e38ac1f2d6d7e8,,,,,,,,,,,,,,,,,,,,,,,,,,,,,,,"[-45,-45,0,45,45]","[90,0,-45,45,90]",0.25,PracBlue_3,"[-45,-45,0,45,45]","[90,0,90,45,90]",5,0,0.6758,0,9,9,15,1,BLUE,5,Different,6,3,,,,,,,,,,,,,,,,,,
,,,,,,,,,,,,,,6766dee165ff1cc0f8decea0,2025-01-21_23h24.49.349,VisualArraysMentalRotation_v4,2021.1.4,Win32,59.52380952,679054f2072d526265aabff2,679072a134e38ac1f2d6d7e8,,,,,,,,,,,,,,,,,,,,,,,,,,,,,,,"[0,90,-45,90,-45]","[0,90,0,90,90]",0.25,PracBlue_2,"[0,90,-45,90,-45]","[0,90,0,90,90]",5,1,0.7084,0,10,10,10,1,BLUE,5,Same,5,1,,,,,,,,,,,,,,,,,,
,,,,,,,,,,,,,,6766dee165ff1cc0f8decea0,2025-01-21_23h24.49.349,VisualArraysMentalRotation_v4,2021.1.4,Win32,59.52380952,679054f2072d526265aabff2,679072a134e38ac1f2d6d7e8,,,,,,,,,,,,,,,,,,,,,,,,,,,,,,,"[90,45,90,0,45]","[90,45,45,-45,90]",0.25,PracBlue_2,"[90,45,90,0,45]","[90,-45,45,-45,90]",6,1,0.767,0,11,11,12,1,BLUE,3,Different,6,1,,,,,,,,,,,,,,,,,,
,,,,,,,,,,,,,,6766dee165ff1cc0f8decea0,2025-01-21_23h24.49.349,VisualArraysMentalRotation_v4,2021.1.4,Win32,59.52380952,679054f2072d526265aabff2,679072a134e38ac1f2d6d7e8,,,,,,,,,,,,,,,,,,,,,,,,,,,,,,,"[45,-45,0,-45,45]","[90,-45,90,0,0]",0.25,PracBlue_4,"[45,-45,0,-45,45]","[90,-45,90,0,0]",5,1,0.8798,0,12,12,11,1,BLUE,5,Same,5,3,,,,,,,,,,,,,,,,,,
,,,,,,,,,,,,,,6766dee165ff1cc0f8decea0,2025-01-21_23h24.49.349,VisualArraysMentalRotation_v4,2021.1.4,Win32,59.52380952,679054f2072d526265aabff2,679072a134e38ac1f2d6d7e8,,,,,,,,,,,,,,,,,,,,,,,,,,,,,,,"[90,0,90,0,0]","[90,0,-45,90,90]",0.25,PracRed_2,"[90,0,90,0,0]","[90,0,-45,90,90]",5,1,0.6994,0,13,13,0,1,RED,3,Same,5,1,,,,,,,,,,,,,,,,,,
,,,,,,,,,,,,,,6766dee165ff1cc0f8decea0,2025-01-21_23h24.49.349,VisualArraysMentalRotation_v4,2021.1.4,Win32,59.52380952,679054f2072d526265aabff2,679072a134e38ac1f2d6d7e8,,,,,,,,,,,,,,,,,,,,,,,,,,,,,,,"[0,45,-45,-45,-45]","[45,90,45,0,0]",0.25,PracBlue_3,"[0,45,-45,-45,-45]","[45,90,45,0,0]",5,1,0.612,0,14,14,9,1,BLUE,3,Same,5,3,,,,,,,,,,,,,,,,,,
,,,,,,,,,,,,,,6766dee165ff1cc0f8decea0,2025-01-21_23h24.49.349,VisualArraysMentalRotation_v4,2021.1.4,Win32,59.52380952,679054f2072d526265aabff2,679072a134e38ac1f2d6d7e8,,,,,,,,,,,,,,,,,,,,,,,,,,,,,,,"[0,90,90,45,45]","[90,45,0,-45,-45]",0.25,PracBlue_4,"[0,90,90,45,45]","[90,45,0,90,-45]",5,0,0.5767,0,15,15,14,1,BLUE,5,Different,6,1,,,,,,,,,,,,,,,,,,
,,,,,,,,,,,,,,6766dee165ff1cc0f8decea0,2025-01-21_23h24.49.349,VisualArraysMentalRotation_v4,2021.1.4,Win32,59.52380952,679054f2072d526265aabff2,679072a134e38ac1f2d6d7e8,,,,,,,,,,,,,,,,,,,,,,,,,,,,,,,,,,,,,,,,,,,,,,,,,,0,0,0,0,1,,,,,,,,,,,,,
,,,,,,,,,,,,,,6766dee165ff1cc0f8decea0,2025-01-21_23h24.49.349,VisualArraysMentalRotation_v4,2021.1.4,Win32,59.52380952,679054f2072d526265aabff2,679072a134e38ac1f2d6d7e8,,,,,,,,,,,,,,,,,,,,,,,,,,,,,,,"[-45,90,0,45,-45]","[-45,90,90,45,-45]",0.25,PracRed_5,"[-45,90,0,45,-45]","[-45,90,90,45,-45]",5,1,0.5925,0,0,0,2,1,RED,5,Same,5,1,,,,,,,,,,,,,,,,,,
,,,,,,,,,,,,,,6766dee165ff1cc0f8decea0,2025-01-21_23h24.49.349,VisualArraysMentalRotation_v4,2021.1.4,Win32,59.52380952,679054f2072d526265aabff2,679072a134e38ac1f2d6d7e8,,,,,,,,,,,,,,,,,,,,,,,,,,,,,,,"[0,0,90,90,0]","[-45,90,0,-45,45]",0.25,PracBlue_2,"[0,0,90,90,0]","[-45,0,0,-45,45]",5,0,0.6831,0,1,1,14,1,BLUE,5,Different,6,1,,,,,,,,,,,,,,,,,,
,,,,,,,,,,,,,,6766dee165ff1cc0f8decea0,2025-01-21_23h24.49.349,VisualArraysMentalRotation_v4,2021.1.4,Win32,59.52380952,679054f2072d526265aabff2,679072a134e38ac1f2d6d7e8,,,,,,,,,,,,,,,,,,,,,,,,,,,,,,,"[-45,0,45,45,-45]","[90,90,90,-45,0]",0.25,PracBlue_2,"[-45,0,45,45,-45]","[90,90,90,-45,0]",5,1,0.6678,0,2,2,11,1,BLUE,5,Same,5,3,,,,,,,,,,,,,,,,,,
,,,,,,,,,,,,,,6766dee165ff1cc0f8decea0,2025-01-21_23h24.49.349,VisualArraysMentalRotation_v4,2021.1.4,Win32,59.52380952,679054f2072d526265aabff2,679072a134e38ac1f2d6d7e8,,,,,,,,,,,,,,,,,,,,,,,,,,,,,,,"[-45,0,-45,45,90]","[90,45,0,90,-45]",0.25,PracRed_2,"[-45,45,-45,45,90]","[90,45,0,90,-45]",6,1,1.1,0,3,3,4,1,RED,3,Different,6,1,,,,,,,,,,,,,,,,,,
,,,,,,,,,,,,,,6766dee165ff1cc0f8decea0,2025-01-21_23h24.49.349,VisualArraysMentalRotation_v4,2021.1.4,Win32,59.52380952,679054f2072d526265aabff2,679072a134e38ac1f2d6d7e8,,,,,,,,,,,,,,,,,,,,,,,,,,,,,,,"[-45,-45,-45,45,45]","[0,-45,45,90,-45]",0.25,PracBlue_1,"[-45,-45,-45,45,45]","[0,-45,45,90,-45]",5,1,0.6929,0,4,4,8,1,BLUE,3,Same,5,1,,,,,,,,,,,,,,,,,,
,,,,,,,,,,,,,,6766dee165ff1cc0f8decea0,2025-01-21_23h24.49.349,VisualArraysMentalRotation_v4,2021.1.4,Win32,59.52380952,679054f2072d526265aabff2,679072a134e38ac1f2d6d7e8,,,,,,,,,,,,,,,,,,,,,,,,,,,,,,,"[-45,90,90,0,90]","[0,0,0,-45,0]",0.25,PracRed_1,"[-45,90,90,0,90]","[0,0,0,-45,0]",5,1,0.6084,0,5,5,1,1,RED,3,Same,5,3,,,,,,,,,,,,,,,,,,
,,,,,,,,,,,,,,6766dee165ff1cc0f8decea0,2025-01-21_23h24.49.349,VisualArraysMentalRotation_v4,2021.1.4,Win32,59.52380952,679054f2072d526265aabff2,679072a134e38ac1f2d6d7e8,,,,,,,,,,,,,,,,,,,,,,,,,,,,,,,"[0,90,0,0,-45]","[45,0,-45,0,45]",0.25,PracBlue_1,"[0,90,0,0,-45]","[90,0,-45,0,45]",5,0,0.6052,0,6,6,12,1,BLUE,3,Different,6,1,,,,,,,,,,,,,,,,,,
,,,,,,,,,,,,,,6766dee165ff1cc0f8decea0,2025-01-21_23h24.49.349,VisualArraysMentalRotation_v4,2021.1.4,Win32,59.52380952,679054f2072d526265aabff2,679072a134e38ac1f2d6d7e8,,,,,,,,,,,,,,,,,,,,,,,,,,,,,,,"[-45,0,45,90,45]","[45,-45,-45,45,-45]",0.25,PracBlue_2,"[-45,0,45,90,45]","[45,90,-45,45,-45]",5,0,0.5933,0,7,7,15,1,BLUE,5,Different,6,3,,,,,,,,,,,,,,,,,,
,,,,,,,,,,,,,,6766dee165ff1cc0f8decea0,2025-01-21_23h24.49.349,VisualArraysMentalRotation_v4,2021.1.4,Win32,59.52380952,679054f2072d526265aabff2,679072a134e38ac1f2d6d7e8,,,,,,,,,,,,,,,,,,,,,,,,,,,,,,,"[0,0,0,-45,45]","[45,45,0,-45,45]",0.25,PracBlue_1,"[0,0,0,-45,45]","[45,45,0,-45,45]",5,1,0.6497,0,8,8,9,1,BLUE,3,Same,5,3,,,,,,,,,,,,,,,,,,
,,,,,,,,,,,,,,6766dee165ff1cc0f8decea0,2025-01-21_23h24.49.349,VisualArraysMentalRotation_v4,2021.1.4,Win32,59.52380952,679054f2072d526265aabff2,679072a134e38ac1f2d6d7e8,,,,,,,,,,,,,,,,,,,,,,,,,,,,,,,"[90,45,-45,0,-45]","[0,0,-45,0,-45]",0.25,PracRed_4,"[90,45,-45,0,-45]","[0,0,-45,0,-45]",5,1,1.2837,0,9,9,3,1,RED,5,Same,5,3,,,,,,,,,,,,,,,,,,
,,,,,,,,,,,,,,6766dee165ff1cc0f8decea0,2025-01-21_23h24.49.349,VisualArraysMentalRotation_v4,2021.1.4,Win32,59.52380952,679054f2072d526265aabff2,679072a134e38ac1f2d6d7e8,,,,,,,,,,,,,,,,,,,,,,,,,,,,,,,"[90,45,45,90,45]","[-45,45,90,-45,90]",0.25,PracRed_2,"[90,45,45,90,45]","[-45,45,90,-45,90]",5,1,0.6838,0,10,10,0,1,RED,3,Same,5,1,,,,,,,,,,,,,,,,,,
,,,,,,,,,,,,,,6766dee165ff1cc0f8decea0,2025-01-21_23h24.49.349,VisualArraysMentalRotation_v4,2021.1.4,Win32,59.52380952,679054f2072d526265aabff2,679072a134e38ac1f2d6d7e8,,,,,,,,,,,,,,,,,,,,,,,,,,,,,,,"[45,-45,90,90,90]","[0,45,0,-45,90]",0.25,PracRed_1,"[90,-45,90,90,90]","[0,45,0,-45,90]",5,0,0.8756,0,11,11,6,1,RED,5,Different,6,1,,,,,,,,,,,,,,,,,,
,,,,,,,,,,,,,,6766dee165ff1cc0f8decea0,2025-01-21_23h24.49.349,VisualArraysMentalRotation_v4,2021.1.4,Win32,59.52380952,679054f2072d526265aabff2,679072a134e38ac1f2d6d7e8,,,,,,,,,,,,,,,,,,,,,,,,,,,,,,,"[-45,45,0,0,0]","[-45,45,-45,0,-45]",0.25,PracRed_1,"[90,45,0,0,0]","[-45,45,-45,0,-45]",6,1,1.4795,0,12,12,7,1,RED,5,Different,6,3,,,,,,,,,,,,,,,,,,
,,,,,,,,,,,,,,6766dee165ff1cc0f8decea0,2025-01-21_23h24.49.349,VisualArraysMentalRotation_v4,2021.1.4,Win32,59.52380952,679054f2072d526265aabff2,679072a134e38ac1f2d6d7e8,,,,,,,,,,,,,,,,,,,,,,,,,,,,,,,"[-45,-45,-45,90,45]","[-45,45,90,0,90]",0.25,PracRed_2,"[-45,45,-45,90,45]","[-45,45,90,0,90]",6,1,1.5061,0,13,13,5,1,RED,3,Different,6,3,,,,,,,,,,,,,,,,,,
,,,,,,,,,,,,,,6766dee165ff1cc0f8decea0,2025-01-21_23h24.49.349,VisualArraysMentalRotation_v4,2021.1.4,Win32,59.52380952,679054f2072d526265aabff2,679072a134e38ac1f2d6d7e8,,,,,,,,,,,,,,,,,,,,,,,,,,,,,,,"[-45,-45,45,45,0]","[45,0,-45,90,-45]",0.25,PracBlue_5,"[-45,-45,45,45,0]","[45,0,-45,90,-45]",5,1,0.8089,0,14,14,10,1,BLUE,5,Same,5,1,,,,,,,,,,,,,,,,,,
,,,,,,,,,,,,,,6766dee165ff1cc0f8decea0,2025-01-21_23h24.49.349,VisualArraysMentalRotation_v4,2021.1.4,Win32,59.52380952,679054f2072d526265aabff2,679072a134e38ac1f2d6d7e8,,,,,,,,,,,,,,,,,,,,,,,,,,,,,,,"[45,0,45,90,0]","[0,0,45,0,0]",0.25,PracBlue_1,"[45,0,45,90,0]","[45,0,45,0,0]",5,0,0.6067,0,15,15,13,1,BLUE,3,Different,6,3,,,,,,,,,,,,,,,,,,
,,,,,,,,,,,,,,6766dee165ff1cc0f8decea0,2025-01-21_23h24.49.349,VisualArraysMentalRotation_v4,2021.1.4,Win32,59.52380952,679054f2072d526265aabff2,679072a134e38ac1f2d6d7e8,,,,,,,,,,,,,,,,,,,,,,,,,,,,,,,,,,,,,,,,,,,,,,,,,,1,0,1,0,1,,,,,,,,,,,,,
,,,,,,,,,,,,,,6766dee165ff1cc0f8decea0,2025-01-21_23h24.49.349,VisualArraysMentalRotation_v4,2021.1.4,Win32,59.52380952,679054f2072d526265aabff2,679072a134e38ac1f2d6d7e8,,,,,,,,,,,,,,,,,,,,,,,,,,,,,,,"[0,45,90,0,-45]","[0,0,0,90,90]",,Red_2,"[0,45,90,0,-45]","[0,0,0,90,90]",,,,,,,,,RED,5,Same,5,1,,,,,,5,1,0.5979,0,0,0,2,1,,,,,
,,,,,,,,,,,,,,6766dee165ff1cc0f8decea0,2025-01-21_23h24.49.349,VisualArraysMentalRotation_v4,2021.1.4,Win32,59.52380952,679054f2072d526265aabff2,679072a134e38ac1f2d6d7e8,,,,,,,,,,,,,,,,,,,,,,,,,,,,,,,"[-45,90,90,0,45]","[90,90,45,45,90]",,Blue_3,"[-45,90,90,0,45]","[90,90,45,45,90]",,,,,,,,,BLUE,3,Same,5,3,,,,,,5,1,1.1769,0,1,1,9,1,,,,,
,,,,,,,,,,,,,,6766dee165ff1cc0f8decea0,2025-01-21_23h24.49.349,VisualArraysMentalRotation_v4,2021.1.4,Win32,59.52380952,679054f2072d526265aabff2,679072a134e38ac1f2d6d7e8,,,,,,,,,,,,,,,,,,,,,,,,,,,,,,,"[-45,-45,0,-45,45]","[45,90,45,-45,45]",,Red_1,"[90,-45,0,-45,45]","[45,90,45,-45,45]",,,,,,,,,RED,5,Different,6,3,,,,,,5,0,0.6208,0,2,2,7,1,,,,,
,,,,,,,,,,,,,,6766dee165ff1cc0f8decea0,2025-01-21_23h24.49.349,VisualArraysMentalRotation_v4,2021.1.4,Win32,59.52380952,679054f2072d526265aabff2,679072a134e38ac1f2d6d7e8,,,,,,,,,,,,,,,,,,,,,,,,,,,,,,,"[0,45,90,-45,0]","[-45,45,0,45,90]",,Blue_3,"[0,45,90,-45,0]","[-45,45,45,45,90]",,,,,,,,,BLUE,3,Different,6,3,,,,,,5,0,0.9839,0,3,3,13,1,,,,,
,,,,,,,,,,,,,,6766dee165ff1cc0f8decea0,2025-01-21_23h24.49.349,VisualArraysMentalRotation_v4,2021.1.4,Win32,59.52380952,679054f2072d526265aabff2,679072a134e38ac1f2d6d7e8,,,,,,,,,,,,,,,,,,,,,,,,,,,,,,,"[0,0,45,0,90]","[45,-45,90,90,90]",,Red_4,"[0,0,45,0,90]","[45,-45,90,90,90]",,,,,,,,,RED,5,Same,5,3,,,,,,5,1,0.7172,0,4,4,3,1,,,,,
,,,,,,,,,,,,,,6766dee165ff1cc0f8decea0,2025-01-21_23h24.49.349,VisualArraysMentalRotation_v4,2021.1.4,Win32,59.52380952,679054f2072d526265aabff2,679072a134e38ac1f2d6d7e8,,,,,,,,,,,,,,,,,,,,,,,,,,,,,,,"[90,90,0,45,90]","[90,90,-45,0,-45]",,Red_2,"[90,45,0,45,90]","[90,90,-45,0,-45]",,,,,,,,,RED,5,Different,6,1,,,,,,5,0,1.572,0,5,5,6,1,,,,,
,,,,,,,,,,,,,,6766dee165ff1cc0f8decea0,2025-01-21_23h24.49.349,VisualArraysMentalRotation_v4,2021.1.4,Win32,59.52380952,679054f2072d526265aabff2,679072a134e38ac1f2d6d7e8,,,,,,,,,,,,,,,,,,,,,,,,,,,,,,,"[90,90,-45,0,0]","[-45,-45,90,0,0]",,Blue_1,"[90,90,-45,0,0]","[0,-45,90,0,0]",,,,,,,,,BLUE,3,Different,6,1,,,,,,5,0,1.367,0,6,6,12,1,,,,,
,,,,,,,,,,,,,,6766dee165ff1cc0f8decea0,2025-01-21_23h24.49.349,VisualArraysMentalRotation_v4,2021.1.4,Win32,59.52380952,679054f2072d526265aabff2,679072a134e38ac1f2d6d7e8,,,,,,,,,,,,,,,,,,,,,,,,,,,,,,,"[45,-45,45,45,0]","[0,90,0,90,0]",,Blue_1,"[45,-45,45,45,0]","[0,90,0,90,0]",,,,,,,,,BLUE,3,Same,5,1,,,,,,6,0,1.6283,0,7,7,8,1,,,,,
,,,,,,,,,,,,,,6766dee165ff1cc0f8decea0,2025-01-21_23h24.49.349,VisualArraysMentalRotation_v4,2021.1.4,Win32,59.52380952,679054f2072d526265aabff2,679072a134e38ac1f2d6d7e8,,,,,,,,,,,,,,,,,,,,,,,,,,,,,,,"[-45,-45,-45,0,-45]","[90,45,-45,90,-45]",,Blue_3,"[-45,-45,-45,0,-45]","[90,45,0,90,-45]",,,,,,,,,BLUE,5,Different,6,1,,,,,,5,0,0.8172,0,8,8,14,1,,,,,
,,,,,,,,,,,,,,6766dee165ff1cc0f8decea0,2025-01-21_23h24.49.349,VisualArraysMentalRotation_v4,2021.1.4,Win32,59.52380952,679054f2072d526265aabff2,679072a134e38ac1f2d6d7e8,,,,,,,,,,,,,,,,,,,,,,,,,,,,,,,"[90,-45,0,45,90]","[45,-45,45,-45,45]",,Blue_5,"[90,-45,0,45,90]","[45,-45,45,-45,45]",,,,,,,,,BLUE,5,Same,5,3,,,,,,6,0,1.7552,0,9,9,11,1,,,,,
,,,,,,,,,,,,,,6766dee165ff1cc0f8decea0,2025-01-21_23h24.49.349,VisualArraysMentalRotation_v4,2021.1.4,Win32,59.52380952,679054f2072d526265aabff2,679072a134e38ac1f2d6d7e8,,,,,,,,,,,,,,,,,,,,,,,,,,,,,,,"[90,90,45,90,45]","[-45,0,45,90,45]",,Red_1,"[-45,90,45,90,45]","[-45,0,45,90,45]",,,,,,,,,RED,3,Different,6,3,,,,,,6,1,1.1336,0,10,10,5,1,,,,,
,,,,,,,,,,,,,,6766dee165ff1cc0f8decea0,2025-01-21_23h24.49.349,VisualArraysMentalRotation_v4,2021.1.4,Win32,59.52380952,679054f2072d526265aabff2,679072a134e38ac1f2d6d7e8,,,,,,,,,,,,,,,,,,,,,,,,,,,,,,,"[90,45,0,90,45]","[90,0,45,90,-45]",,Blue_3,"[90,45,0,90,45]","[90,0,0,90,-45]",,,,,,,,,BLUE,5,Different,6,3,,,,,,5,0,1.8838,0,11,11,15,1,,,,,
,,,,,,,,,,,,,,6766dee165ff1cc0f8decea0,2025-01-21_23h24.49.349,VisualArraysMentalRotation_v4,2021.1.4,Win32,59.52380952,679054f2072d526265aabff2,679072a134e38ac1f2d6d7e8,,,,,,,,,,,,,,,,,,,,,,,,,,,,,,,"[-45,45,-45,-45,0]","[-45,45,0,-45,0]",,Red_3,"[-45,45,-45,-45,0]","[-45,45,0,-45,0]",,,,,,,,,RED,3,Same,5,3,,,,,,6,0,0.6602,0,12,12,1,1,,,,,
,,,,,,,,,,,,,,6766dee165ff1cc0f8decea0,2025-01-21_23h24.49.349,VisualArraysMentalRotation_v4,2021.1.4,Win32,59.52380952,679054f2072d526265aabff2,679072a134e38ac1f2d6d7e8,,,,,,,,,,,,,,,,,,,,,,,,,,,,,,,"[45,90,0,90,45]","[45,0,-45,-45,0]",,Blue_2,"[45,90,0,90,45]","[45,0,-45,-45,0]",,,,,,,,,BLUE,5,Same,5,1,,,,,,5,1,0.9003,0,13,13,10,1,,,,,
,,,,,,,,,,,,,,6766dee165ff1cc0f8decea0,2025-01-21_23h24.49.349,VisualArraysMentalRotation_v4,2021.1.4,Win32,59.52380952,679054f2072d526265aabff2,679072a134e38ac1f2d6d7e8,,,,,,,,,,,,,,,,,,,,,,,,,,,,,,,"[0,45,0,0,90]","[-45,90,45,90,0]",,Red_1,"[0,45,0,0,90]","[-45,90,45,90,0]",,,,,,,,,RED,3,Same,5,1,,,,,,5,1,3.5914,0,14,14,0,1,,,,,
,,,,,,,,,,,,,,6766dee165ff1cc0f8decea0,2025-01-21_23h24.49.349,VisualArraysMentalRotation_v4,2021.1.4,Win32,59.52380952,679054f2072d526265aabff2,679072a134e38ac1f2d6d7e8,,,,,,,,,,,,,,,,,,,,,,,,,,,,,,,"[45,90,45,0,90]","[45,45,90,45,-45]",,Red_3,"[45,90,-45,0,90]","[45,45,90,45,-45]",,,,,,,,,RED,3,Different,6,1,,,,,,6,1,1.079,0,15,15,4,1,,,,,
,,,,,,,,,,,,,,6766dee165ff1cc0f8decea0,2025-01-21_23h24.49.349,VisualArraysMentalRotation_v4,2021.1.4,Win32,59.52380952,679054f2072d526265aabff2,679072a134e38ac1f2d6d7e8,,,,,,,,,,,,,,,,,,,,,,,,,,,,,,,"[45,90,0,45,-45]","[45,0,-45,90,-45]",,Blue_2,"[45,90,0,45,-45]","[45,0,-45,90,-45]",,,,,,,,,BLUE,3,Same,5,3,,,,,,5,1,1.1669,1,0,16,9,1,,,,,
,,,,,,,,,,,,,,6766dee165ff1cc0f8decea0,2025-01-21_23h24.49.349,VisualArraysMentalRotation_v4,2021.1.4,Win32,59.52380952,679054f2072d526265aabff2,679072a134e38ac1f2d6d7e8,,,,,,,,,,,,,,,,,,,,,,,,,,,,,,,"[90,-45,0,90,0]","[45,90,0,45,-45]",,Blue_3,"[90,-45,0,90,0]","[45,90,0,45,-45]",,,,,,,,,BLUE,3,Same,5,1,,,,,,5,1,0.8256,1,1,17,8,1,,,,,
,,,,,,,,,,,,,,6766dee165ff1cc0f8decea0,2025-01-21_23h24.49.349,VisualArraysMentalRotation_v4,2021.1.4,Win32,59.52380952,679054f2072d526265aabff2,679072a134e38ac1f2d6d7e8,,,,,,,,,,,,,,,,,,,,,,,,,,,,,,,"[90,0,0,-45,90]","[45,45,0,90,45]",,Red_1,"[45,0,0,-45,90]","[45,45,0,90,45]",,,,,,,,,RED,5,Different,6,1,,,,,,5,0,2.75,1,2,18,6,1,,,,,
,,,,,,,,,,,,,,6766dee165ff1cc0f8decea0,2025-01-21_23h24.49.349,VisualArraysMentalRotation_v4,2021.1.4,Win32,59.52380952,679054f2072d526265aabff2,679072a134e38ac1f2d6d7e8,,,,,,,,,,,,,,,,,,,,,,,,,,,,,,,"[-45,-45,90,45,90]","[-45,90,45,-45,-45]",,Red_1,"[-45,-45,90,45,90]","[-45,90,45,-45,-45]",,,,,,,,,RED,5,Same,5,1,,,,,,5,1,1.5942,1,3,19,2,1,,,,,
,,,,,,,,,,,,,,6766dee165ff1cc0f8decea0,2025-01-21_23h24.49.349,VisualArraysMentalRotation_v4,2021.1.4,Win32,59.52380952,679054f2072d526265aabff2,679072a134e38ac1f2d6d7e8,,,,,,,,,,,,,,,,,,,,,,,,,,,,,,,"[0,-45,-45,-45,45]","[90,45,-45,90,45]",,Red_3,"[0,-45,-45,-45,45]","[90,45,-45,90,45]",,,,,,,,,RED,5,Same,5,3,,,,,,5,1,0.8845,1,4,20,3,1,,,,,
,,,,,,,,,,,,,,6766dee165ff1cc0f8decea0,2025-01-21_23h24.49.349,VisualArraysMentalRotation_v4,2021.1.4,Win32,59.52380952,679054f2072d526265aabff2,679072a134e38ac1f2d6d7e8,,,,,,,,,,,,,,,,,,,,,,,,,,,,,,,"[45,90,45,90,45]","[45,45,0,-45,45]",,Red_3,"[45,90,45,90,45]","[45,45,0,-45,45]",,,,,,,,,RED,3,Same,5,1,,,,,,5,1,1.3839,1,5,21,0,1,,,,,
,,,,,,,,,,,,,,6766dee165ff1cc0f8decea0,2025-01-21_23h24.49.349,VisualArraysMentalRotation_v4,2021.1.4,Win32,59.52380952,679054f2072d526265aabff2,679072a134e38ac1f2d6d7e8,,,,,,,,,,,,,,,,,,,,,,,,,,,,,,,"[0,90,-45,45,90]","[0,45,90,90,-45]",,Red_2,"[0,0,-45,45,90]","[0,45,90,90,-45]",,,,,,,,,RED,3,Different,6,1,,,,,,5,0,0.5628,1,6,22,4,1,,,,,
,,,,,,,,,,,,,,6766dee165ff1cc0f8decea0,2025-01-21_23h24.49.349,VisualArraysMentalRotation_v4,2021.1.4,Win32,59.52380952,679054f2072d526265aabff2,679072a134e38ac1f2d6d7e8,,,,,,,,,,,,,,,,,,,,,,,,,,,,,,,"[90,0,0,-45,-45]","[90,90,-45,-45,45]",,Blue_5,"[90,0,0,-45,-45]","[90,90,-45,-45,45]",,,,,,,,,BLUE,5,Same,5,3,,,,,,5,1,0.7391,1,7,23,11,1,,,,,
,,,,,,,,,,,,,,6766dee165ff1cc0f8decea0,2025-01-21_23h24.49.349,VisualArraysMentalRotation_v4,2021.1.4,Win32,59.52380952,679054f2072d526265aabff2,679072a134e38ac1f2d6d7e8,,,,,,,,,,,,,,,,,,,,,,,,,,,,,,,"[0,90,45,0,-45]","[-45,-45,45,45,0]",,Blue_2,"[0,90,45,0,-45]","[-45,-45,45,45,0]",,,,,,,,,BLUE,5,Same,5,1,,,,,,5,1,0.9338,1,8,24,10,1,,,,,
,,,,,,,,,,,,,,6766dee165ff1cc0f8decea0,2025-01-21_23h24.49.349,VisualArraysMentalRotation_v4,2021.1.4,Win32,59.52380952,679054f2072d526265aabff2,679072a134e38ac1f2d6d7e8,,,,,,,,,,,,,,,,,,,,,,,,,,,,,,,"[-45,0,0,0,90]","[-45,0,-45,-45,45]",,Blue_3,"[-45,0,0,0,90]","[-45,0,90,-45,45]",,,,,,,,,BLUE,3,Different,6,3,,,,,,5,0,0.7192,1,9,25,13,1,,,,,
,,,,,,,,,,,,,,6766dee165ff1cc0f8decea0,2025-01-21_23h24.49.349,VisualArraysMentalRotation_v4,2021.1.4,Win32,59.52380952,679054f2072d526265aabff2,679072a134e38ac1f2d6d7e8,,,,,,,,,,,,,,,,,,,,,,,,,,,,,,,"[-45,45,0,-45,0]","[0,0,0,0,-45]",,Blue_1,"[-45,45,0,-45,0]","[45,0,0,0,-45]",,,,,,,,,BLUE,5,Different,6,1,,,,,,6,1,1.275,1,10,26,14,1,,,,,
,,,,,,,,,,,,,,6766dee165ff1cc0f8decea0,2025-01-21_23h24.49.349,VisualArraysMentalRotation_v4,2021.1.4,Win32,59.52380952,679054f2072d526265aabff2,679072a134e38ac1f2d6d7e8,,,,,,,,,,,,,,,,,,,,,,,,,,,,,,,"[0,45,90,45,45]","[-45,45,45,45,90]",,Blue_3,"[0,45,90,45,45]","[-45,45,90,45,90]",,,,,,,,,BLUE,3,Different,6,1,,,,,,5,0,0.84,1,11,27,12,1,,,,,
,,,,,,,,,,,,,,6766dee165ff1cc0f8decea0,2025-01-21_23h24.49.349,VisualArraysMentalRotation_v4,2021.1.4,Win32,59.52380952,679054f2072d526265aabff2,679072a134e38ac1f2d6d7e8,,,,,,,,,,,,,,,,,,,,,,,,,,,,,,,"[-45,45,-45,90,45]","[45,45,90,-45,-45]",,Red_3,"[-45,45,-45,90,45]","[45,45,90,-45,-45]",,,,,,,,,RED,3,Same,5,3,,,,,,5,1,0.7344,1,12,28,1,1,,,,,
,,,,,,,,,,,,,,6766dee165ff1cc0f8decea0,2025-01-21_23h24.49.349,VisualArraysMentalRotation_v4,2021.1.4,Win32,59.52380952,679054f2072d526265aabff2,679072a134e38ac1f2d6d7e8,,,,,,,,,,,,,,,,,,,,,,,,,,,,,,,"[-45,0,-45,-45,45]","[0,45,0,-45,90]",,Blue_3,"[-45,0,-45,-45,45]","[0,45,45,-45,90]",,,,,,,,,BLUE,5,Different,6,3,,,,,,6,1,0.7358,1,13,29,15,1,,,,,
,,,,,,,,,,,,,,6766dee165ff1cc0f8decea0,2025-01-21_23h24.49.349,VisualArraysMentalRotation_v4,2021.1.4,Win32,59.52380952,679054f2072d526265aabff2,679072a134e38ac1f2d6d7e8,,,,,,,,,,,,,,,,,,,,,,,,,,,,,,,"[45,90,90,-45,90]","[90,-45,90,90,0]",,Red_3,"[45,90,0,-45,90]","[90,-45,90,90,0]",,,,,,,,,RED,5,Different,6,3,,,,,,6,1,0.7416,1,14,30,7,1,,,,,
,,,,,,,,,,,,,,6766dee165ff1cc0f8decea0,2025-01-21_23h24.49.349,VisualArraysMentalRotation_v4,2021.1.4,Win32,59.52380952,679054f2072d526265aabff2,679072a134e38ac1f2d6d7e8,,,,,,,,,,,,,,,,,,,,,,,,,,,,,,,"[0,45,-45,-45,45]","[0,0,45,45,90]",,Red_3,"[0,45,90,-45,45]","[0,0,45,45,90]",,,,,,,,,RED,3,Different,6,3,,,,,,5,0,0.8948,1,15,31,5,1,,,,,
,,,,,,,,,,,,,,6766dee165ff1cc0f8decea0,2025-01-21_23h24.49.349,VisualArraysMentalRotation_v4,2021.1.4,Win32,59.52380952,679054f2072d526265aabff2,679072a134e38ac1f2d6d7e8,,,,,,,,,,,,,,,,,,,,,,,,,,,,,,,"[0,90,45,45,90]","[0,0,45,0,45]",,Blue_4,"[0,90,45,45,90]","[0,0,45,90,45]",,,,,,,,,BLUE,5,Different,6,1,,,,,,5,0,0.8516,2,0,32,14,1,,,,,
,,,,,,,,,,,,,,6766dee165ff1cc0f8decea0,2025-01-21_23h24.49.349,VisualArraysMentalRotation_v4,2021.1.4,Win32,59.52380952,679054f2072d526265aabff2,679072a134e38ac1f2d6d7e8,,,,,,,,,,,,,,,,,,,,,,,,,,,,,,,"[90,90,-45,-45,90]","[0,90,45,90,-45]",,Blue_3,"[90,90,-45,-45,90]","[0,90,45,90,-45]",,,,,,,,,BLUE,3,Same,5,1,,,,,,5,1,0.9448,2,1,33,8,1,,,,,
,,,,,,,,,,,,,,6766dee165ff1cc0f8decea0,2025-01-21_23h24.49.349,VisualArraysMentalRotation_v4,2021.1.4,Win32,59.52380952,679054f2072d526265aabff2,679072a134e38ac1f2d6d7e8,,,,,,,,,,,,,,,,,,,,,,,,,,,,,,,"[45,0,90,45,45]","[45,90,45,-45,45]",,Red_3,"[45,0,90,45,45]","[45,90,45,-45,45]",,,,,,,,,RED,5,Same,5,3,,,,,,5,1,0.6741,2,2,34,3,1,,,,,
,,,,,,,,,,,,,,6766dee165ff1cc0f8decea0,2025-01-21_23h24.49.349,VisualArraysMentalRotation_v4,2021.1.4,Win32,59.52380952,679054f2072d526265aabff2,679072a134e38ac1f2d6d7e8,,,,,,,,,,,,,,,,,,,,,,,,,,,,,,,"[-45,45,-45,0,45]","[-45,-45,45,45,-45]",,Red_3,"[-45,45,0,0,45]","[-45,-45,45,45,-45]",,,,,,,,,RED,3,Different,6,1,,,,,,5,0,1.1346,2,3,35,4,1,,,,,
,,,,,,,,,,,,,,6766dee165ff1cc0f8decea0,2025-01-21_23h24.49.349,VisualArraysMentalRotation_v4,2021.1.4,Win32,59.52380952,679054f2072d526265aabff2,679072a134e38ac1f2d6d7e8,,,,,,,,,,,,,,,,,,,,,,,,,,,,,,,"[-45,45,0,0,0]","[-45,-45,-45,90,-45]",,Blue_1,"[-45,45,0,0,0]","[-45,-45,-45,90,-45]",,,,,,,,,BLUE,5,Same,5,1,,,,,,5,1,0.7772,2,4,36,10,1,,,,,
,,,,,,,,,,,,,,6766dee165ff1cc0f8decea0,2025-01-21_23h24.49.349,VisualArraysMentalRotation_v4,2021.1.4,Win32,59.52380952,679054f2072d526265aabff2,679072a134e38ac1f2d6d7e8,,,,,,,,,,,,,,,,,,,,,,,,,,,,,,,"[90,0,-45,45,90]","[45,0,90,0,90]",,Red_3,"[90,0,90,45,90]","[45,0,90,0,90]",,,,,,,,,RED,3,Different,6,3,,,,,,6,1,1.0913,2,5,37,5,1,,,,,
,,,,,,,,,,,,,,6766dee165ff1cc0f8decea0,2025-01-21_23h24.49.349,VisualArraysMentalRotation_v4,2021.1.4,Win32,59.52380952,679054f2072d526265aabff2,679072a134e38ac1f2d6d7e8,,,,,,,,,,,,,,,,,,,,,,,,,,,,,,,"[45,45,0,45,-45]","[45,-45,0,45,90]",,Blue_1,"[45,45,0,45,-45]","[90,-45,0,45,90]",,,,,,,,,BLUE,3,Different,6,3,,,,,,5,0,1.5519,2,6,38,13,1,,,,,
,,,,,,,,,,,,,,6766dee165ff1cc0f8decea0,2025-01-21_23h24.49.349,VisualArraysMentalRotation_v4,2021.1.4,Win32,59.52380952,679054f2072d526265aabff2,679072a134e38ac1f2d6d7e8,,,,,,,,,,,,,,,,,,,,,,,,,,,,,,,"[45,45,0,-45,90]","[90,90,90,-45,0]",,Blue_1,"[45,45,0,-45,90]","[90,90,90,-45,0]",,,,,,,,,BLUE,3,Same,5,3,,,,,,5,1,0.5689,2,7,39,9,1,,,,,
,,,,,,,,,,,,,,6766dee165ff1cc0f8decea0,2025-01-21_23h24.49.349,VisualArraysMentalRotation_v4,2021.1.4,Win32,59.52380952,679054f2072d526265aabff2,679072a134e38ac1f2d6d7e8,,,,,,,,,,,,,,,,,,,,,,,,,,,,,,,"[0,-45,90,0,-45]","[90,90,45,-45,-45]",,Red_1,"[0,-45,90,0,-45]","[90,90,45,-45,-45]",,,,,,,,,RED,3,Same,5,3,,,,,,5,1,0.7522,2,8,40,1,1,,,,,
,,,,,,,,,,,,,,6766dee165ff1cc0f8decea0,2025-01-21_23h24.49.349,VisualArraysMentalRotation_v4,2021.1.4,Win32,59.52380952,679054f2072d526265aabff2,679072a134e38ac1f2d6d7e8,,,,,,,,,,,,,,,,,,,,,,,,,,,,,,,"[0,-45,-45,-45,90]","[45,90,0,45,45]",,Red_3,"[0,-45,-45,-45,90]","[45,90,0,45,45]",,,,,,,,,RED,5,Same,5,1,,,,,,5,1,0.8272,2,9,41,2,1,,,,,
,,,,,,,,,,,,,,6766dee165ff1cc0f8decea0,2025-01-21_23h24.49.349,VisualArraysMentalRotation_v4,2021.1.4,Win32,59.52380952,679054f2072d526265aabff2,679072a134e38ac1f2d6d7e8,,,,,,,,,,,,,,,,,,,,,,,,,,,,,,,"[-45,0,90,90,45]","[0,0,-45,-45,45]",,Red_3,"[-45,0,90,90,45]","[0,0,-45,-45,45]",,,,,,,,,RED,3,Same,5,1,,,,,,5,1,0.6939,2,10,42,0,1,,,,,
,,,,,,,,,,,,,,6766dee165ff1cc0f8decea0,2025-01-21_23h24.49.349,VisualArraysMentalRotation_v4,2021.1.4,Win32,59.52380952,679054f2072d526265aabff2,679072a134e38ac1f2d6d7e8,,,,,,,,,,,,,,,,,,,,,,,,,,,,,,,"[-45,45,0,90,-45]","[90,45,45,0,45]",,Blue_3,"[-45,45,0,90,-45]","[90,45,45,0,45]",,,,,,,,,BLUE,5,Same,5,3,,,,,,6,0,1.2182,2,11,43,11,1,,,,,
,,,,,,,,,,,,,,6766dee165ff1cc0f8decea0,2025-01-21_23h24.49.349,VisualArraysMentalRotation_v4,2021.1.4,Win32,59.52380952,679054f2072d526265aabff2,679072a134e38ac1f2d6d7e8,,,,,,,,,,,,,,,,,,,,,,,,,,,,,,,"[-45,0,90,90,45]","[-45,45,-45,-45,0]",,Blue_1,"[-45,0,90,90,45]","[45,45,-45,-45,0]",,,,,,,,,BLUE,5,Different,6,3,,,,,,6,1,1.369,2,12,44,15,1,,,,,
,,,,,,,,,,,,,,6766dee165ff1cc0f8decea0,2025-01-21_23h24.49.349,VisualArraysMentalRotation_v4,2021.1.4,Win32,59.52380952,679054f2072d526265aabff2,679072a134e38ac1f2d6d7e8,,,,,,,,,,,,,,,,,,,,,,,,,,,,,,,"[90,0,0,45,45]","[45,-45,0,45,90]",,Red_5,"[90,0,0,45,-45]","[45,-45,0,45,90]",,,,,,,,,RED,5,Different,6,1,,,,,,5,0,0.8701,2,13,45,6,1,,,,,
,,,,,,,,,,,,,,6766dee165ff1cc0f8decea0,2025-01-21_23h24.49.349,VisualArraysMentalRotation_v4,2021.1.4,Win32,59.52380952,679054f2072d526265aabff2,679072a134e38ac1f2d6d7e8,,,,,,,,,,,,,,,,,,,,,,,,,,,,,,,"[0,0,45,90,-45]","[-45,0,90,0,45]",,Red_2,"[0,90,45,90,-45]","[-45,0,90,0,45]",,,,,,,,,RED,5,Different,6,3,,,,,,5,0,0.5815,2,14,46,7,1,,,,,
,,,,,,,,,,,,,,6766dee165ff1cc0f8decea0,2025-01-21_23h24.49.349,VisualArraysMentalRotation_v4,2021.1.4,Win32,59.52380952,679054f2072d526265aabff2,679072a134e38ac1f2d6d7e8,,,,,,,,,,,,,,,,,,,,,,,,,,,,,,,"[90,90,-45,0,-45]","[45,90,-45,90,45]",,Blue_1,"[90,90,-45,0,-45]","[90,90,-45,90,45]",,,,,,,,,BLUE,3,Different,6,1,,,,,,5,0,0.7386,2,15,47,12,1,,,,,
,,,,,,,,,,,,,,6766dee165ff1cc0f8decea0,2025-01-21_23h24.49.349,VisualArraysMentalRotation_v4,2021.1.4,Win32,59.52380952,679054f2072d526265aabff2,679072a134e38ac1f2d6d7e8,,,,,,,,,,,,,,,,,,,,,,,,,,,,,,,"[90,45,45,0,-45]","[45,90,45,-45,0]",,Blue_2,"[90,45,45,0,-45]","[45,-45,45,-45,0]",,,,,,,,,BLUE,3,Different,6,3,,,,,,6,1,0.884,3,0,48,13,1,,,,,
,,,,,,,,,,,,,,6766dee165ff1cc0f8decea0,2025-01-21_23h24.49.349,VisualArraysMentalRotation_v4,2021.1.4,Win32,59.52380952,679054f2072d526265aabff2,679072a134e38ac1f2d6d7e8,,,,,,,,,,,,,,,,,,,,,,,,,,,,,,,"[45,0,90,45,45]","[0,45,-45,-45,0]",,Blue_2,"[45,0,90,45,45]","[0,45,-45,-45,0]",,,,,,,,,BLUE,5,Same,5,3,,,,,,5,1,0.7176,3,1,49,11,1,,,,,
,,,,,,,,,,,,,,6766dee165ff1cc0f8decea0,2025-01-21_23h24.49.349,VisualArraysMentalRotation_v4,2021.1.4,Win32,59.52380952,679054f2072d526265aabff2,679072a134e38ac1f2d6d7e8,,,,,,,,,,,,,,,,,,,,,,,,,,,,,,,"[45,0,45,-45,90]","[-45,0,45,45,-45]",,Red_5,"[45,0,45,-45,-45]","[-45,0,45,45,-45]",,,,,,,,,RED,5,Different,6,3,,,,,,6,1,1.1173,3,2,50,7,1,,,,,
,,,,,,,,,,,,,,6766dee165ff1cc0f8decea0,2025-01-21_23h24.49.349,VisualArraysMentalRotation_v4,2021.1.4,Win32,59.52380952,679054f2072d526265aabff2,679072a134e38ac1f2d6d7e8,,,,,,,,,,,,,,,,,,,,,,,,,,,,,,,"[0,90,0,0,0]","[-45,0,0,90,-45]",,Red_3,"[0,90,0,0,0]","[-45,0,0,90,-45]",,,,,,,,,RED,3,Same,5,3,,,,,,5,1,0.6719,3,3,51,1,1,,,,,
,,,,,,,,,,,,,,6766dee165ff1cc0f8decea0,2025-01-21_23h24.49.349,VisualArraysMentalRotation_v4,2021.1.4,Win32,59.52380952,679054f2072d526265aabff2,679072a134e38ac1f2d6d7e8,,,,,,,,,,,,,,,,,,,,,,,,,,,,,,,"[90,45,90,0,-45]","[45,45,0,45,90]",,Blue_3,"[90,45,90,0,-45]","[45,45,0,45,90]",,,,,,,,,BLUE,3,Same,5,1,,,,,,6,0,0.794,3,4,52,8,1,,,,,
,,,,,,,,,,,,,,6766dee165ff1cc0f8decea0,2025-01-21_23h24.49.349,VisualArraysMentalRotation_v4,2021.1.4,Win32,59.52380952,679054f2072d526265aabff2,679072a134e38ac1f2d6d7e8,,,,,,,,,,,,,,,,,,,,,,,,,,,,,,,"[45,90,-45,0,0]","[0,45,45,0,45]",,Blue_3,"[45,90,-45,0,0]","[0,45,45,0,45]",,,,,,,,,BLUE,3,Same,5,3,,,,,,6,0,0.9389,3,5,53,9,1,,,,,
,,,,,,,,,,,,,,6766dee165ff1cc0f8decea0,2025-01-21_23h24.49.349,VisualArraysMentalRotation_v4,2021.1.4,Win32,59.52380952,679054f2072d526265aabff2,679072a134e38ac1f2d6d7e8,,,,,,,,,,,,,,,,,,,,,,,,,,,,,,,"[-45,-45,45,45,45]","[90,-45,90,45,45]",,Red_4,"[-45,-45,45,45,45]","[90,-45,90,45,45]",,,,,,,,,RED,5,Same,5,1,,,,,,6,0,0.9203,3,6,54,2,1,,,,,
,,,,,,,,,,,,,,6766dee165ff1cc0f8decea0,2025-01-21_23h24.49.349,VisualArraysMentalRotation_v4,2021.1.4,Win32,59.52380952,679054f2072d526265aabff2,679072a134e38ac1f2d6d7e8,,,,,,,,,,,,,,,,,,,,,,,,,,,,,,,"[-45,-45,45,-45,-45]","[0,-45,-45,0,45]",,Red_1,"[0,-45,45,-45,-45]","[0,-45,-45,0,45]",,,,,,,,,RED,3,Different,6,3,,,,,,6,1,1.1019,3,7,55,5,1,,,,,
,,,,,,,,,,,,,,6766dee165ff1cc0f8decea0,2025-01-21_23h24.49.349,VisualArraysMentalRotation_v4,2021.1.4,Win32,59.52380952,679054f2072d526265aabff2,679072a134e38ac1f2d6d7e8,,,,,,,,,,,,,,,,,,,,,,,,,,,,,,,"[90,0,-45,0,0]","[90,90,90,-45,-45]",,Red_3,"[90,0,-45,0,0]","[90,90,90,-45,-45]",,,,,,,,,RED,3,Same,5,1,,,,,,5,1,0.802,3,8,56,0,1,,,,,
,,,,,,,,,,,,,,6766dee165ff1cc0f8decea0,2025-01-21_23h24.49.349,VisualArraysMentalRotation_v4,2021.1.4,Win32,59.52380952,679054f2072d526265aabff2,679072a134e38ac1f2d6d7e8,,,,,,,,,,,,,,,,,,,,,,,,,,,,,,,"[90,45,90,-45,90]","[0,0,-45,-45,90]",,Blue_3,"[90,45,90,-45,90]","[0,0,-45,-45,90]",,,,,,,,,BLUE,5,Same,5,1,,,,,,5,1,0.7604,3,9,57,10,1,,,,,
,,,,,,,,,,,,,,6766dee165ff1cc0f8decea0,2025-01-21_23h24.49.349,VisualArraysMentalRotation_v4,2021.1.4,Win32,59.52380952,679054f2072d526265aabff2,679072a134e38ac1f2d6d7e8,,,,,,,,,,,,,,,,,,,,,,,,,,,,,,,"[45,90,0,45,-45]","[90,90,0,-45,90]",,Red_2,"[45,-45,0,45,-45]","[90,90,0,-45,90]",,,,,,,,,RED,3,Different,6,1,,,,,,5,0,1.1024,3,10,58,4,1,,,,,
,,,,,,,,,,,,,,6766dee165ff1cc0f8decea0,2025-01-21_23h24.49.349,VisualArraysMentalRotation_v4,2021.1.4,Win32,59.52380952,679054f2072d526265aabff2,679072a134e38ac1f2d6d7e8,,,,,,,,,,,,,,,,,,,,,,,,,,,,,,,"[0,-45,45,0,45]","[45,-45,-45,0,0]",,Blue_4,"[0,-45,45,0,45]","[45,-45,-45,-45,0]",,,,,,,,,BLUE,5,Different,6,3,,,,,,5,0,0.9374,3,11,59,15,1,,,,,
,,,,,,,,,,,,,,6766dee165ff1cc0f8decea0,2025-01-21_23h24.49.349,VisualArraysMentalRotation_v4,2021.1.4,Win32,59.52380952,679054f2072d526265aabff2,679072a134e38ac1f2d6d7e8,,,,,,,,,,,,,,,,,,,,,,,,,,,,,,,"[90,45,0,45,45]","[0,0,0,0,45]",,Blue_4,"[90,45,0,45,45]","[0,0,0,45,45]",,,,,,,,,BLUE,5,Different,6,1,,,,,,5,0,0.8604,3,12,60,14,1,,,,,
,,,,,,,,,,,,,,6766dee165ff1cc0f8decea0,2025-01-21_23h24.49.349,VisualArraysMentalRotation_v4,2021.1.4,Win32,59.52380952,679054f2072d526265aabff2,679072a134e38ac1f2d6d7e8,,,,,,,,,,,,,,,,,,,,,,,,,,,,,,,"[45,0,45,45,90]","[90,45,45,0,90]",,Red_1,"[45,0,45,45,90]","[90,45,45,0,90]",,,,,,,,,RED,5,Same,5,3,,,,,,5,1,0.7864,3,13,61,3,1,,,,,
,,,,,,,,,,,,,,6766dee165ff1cc0f8decea0,2025-01-21_23h24.49.349,VisualArraysMentalRotation_v4,2021.1.4,Win32,59.52380952,679054f2072d526265aabff2,679072a134e38ac1f2d6d7e8,,,,,,,,,,,,,,,,,,,,,,,,,,,,,,,"[-45,90,45,-45,45]","[90,45,-45,0,45]",,Red_3,"[-45,90,0,-45,45]","[90,45,-45,0,45]",,,,,,,,,RED,5,Different,6,1,,,,,,5,0,0.8054,3,14,62,6,1,,,,,
,,,,,,,,,,,,,,6766dee165ff1cc0f8decea0,2025-01-21_23h24.49.349,VisualArraysMentalRotation_v4,2021.1.4,Win32,59.52380952,679054f2072d526265aabff2,679072a134e38ac1f2d6d7e8,,,,,,,,,,,,,,,,,,,,,,,,,,,,,,,"[90,0,0,0,90]","[-45,0,45,45,45]",,Blue_1,"[90,0,0,0,90]","[0,0,45,45,45]",,,,,,,,,BLUE,3,Different,6,1,,,,,,5,0,0.7236,3,15,63,12,1,,,,,
,,,,,,,,,,,,,,6766dee165ff1cc0f8decea0,2025-01-21_23h24.49.349,VisualArraysMentalRotation_v4,2021.1.4,Win32,59.52380952,679054f2072d526265aabff2,679072a134e38ac1f2d6d7e8,,,,,,,,,,,,,,,,,,,,,,,,,,,,,,,"[0,0,0,0,0]","[0,45,90,90,0]",,Blue_3,"[0,0,0,0,0]","[0,45,90,90,0]",,,,,,,,,BLUE,3,Same,5,3,,,,,,5,1,0.6138,4,0,64,9,1,,,,,
,,,,,,,,,,,,,,6766dee165ff1cc0f8decea0,2025-01-21_23h24.49.349,VisualArraysMentalRotation_v4,2021.1.4,Win32,59.52380952,679054f2072d526265aabff2,679072a134e38ac1f2d6d7e8,,,,,,,,,,,,,,,,,,,,,,,,,,,,,,,"[45,0,-45,45,0]","[45,-45,-45,0,90]",,Blue_3,"[45,0,-45,45,0]","[45,-45,90,0,90]",,,,,,,,,BLUE,3,Different,6,1,,,,,,5,0,1.5212,4,1,65,12,1,,,,,
,,,,,,,,,,,,,,6766dee165ff1cc0f8decea0,2025-01-21_23h24.49.349,VisualArraysMentalRotation_v4,2021.1.4,Win32,59.52380952,679054f2072d526265aabff2,679072a134e38ac1f2d6d7e8,,,,,,,,,,,,,,,,,,,,,,,,,,,,,,,"[-45,-45,90,-45,0]","[0,45,90,0,45]",,Red_2,"[-45,-45,90,-45,0]","[0,45,90,0,45]",,,,,,,,,RED,3,Same,5,1,,,,,,5,1,0.5688,4,2,66,0,1,,,,,
,,,,,,,,,,,,,,6766dee165ff1cc0f8decea0,2025-01-21_23h24.49.349,VisualArraysMentalRotation_v4,2021.1.4,Win32,59.52380952,679054f2072d526265aabff2,679072a134e38ac1f2d6d7e8,,,,,,,,,,,,,,,,,,,,,,,,,,,,,,,"[-45,0,-45,-45,90]","[-45,45,45,45,-45]",,Blue_3,"[-45,0,-45,-45,90]","[-45,45,45,45,-45]",,,,,,,,,BLUE,3,Same,5,1,,,,,,5,1,1.0177,4,3,67,8,1,,,,,
,,,,,,,,,,,,,,6766dee165ff1cc0f8decea0,2025-01-21_23h24.49.349,VisualArraysMentalRotation_v4,2021.1.4,Win32,59.52380952,679054f2072d526265aabff2,679072a134e38ac1f2d6d7e8,,,,,,,,,,,,,,,,,,,,,,,,,,,,,,,"[45,-45,-45,45,45]","[90,-45,0,-45,90]",,Red_4,"[45,-45,-45,45,45]","[90,-45,0,-45,90]",,,,,,,,,RED,5,Same,5,3,,,,,,5,1,1.6842,4,4,68,3,1,,,,,
,,,,,,,,,,,,,,6766dee165ff1cc0f8decea0,2025-01-21_23h24.49.349,VisualArraysMentalRotation_v4,2021.1.4,Win32,59.52380952,679054f2072d526265aabff2,679072a134e38ac1f2d6d7e8,,,,,,,,,,,,,,,,,,,,,,,,,,,,,,,"[0,90,45,-45,45]","[-45,90,-45,45,-45]",,Blue_3,"[0,90,45,-45,45]","[-45,90,-45,45,-45]",,,,,,,,,BLUE,5,Same,5,3,,,,,,5,1,3.6365,4,5,69,11,1,,,,,
,,,,,,,,,,,,,,6766dee165ff1cc0f8decea0,2025-01-21_23h24.49.349,VisualArraysMentalRotation_v4,2021.1.4,Win32,59.52380952,679054f2072d526265aabff2,679072a134e38ac1f2d6d7e8,,,,,,,,,,,,,,,,,,,,,,,,,,,,,,,"[-45,-45,-45,0,45]","[90,0,0,45,-45]",,Red_2,"[-45,-45,-45,0,45]","[90,0,0,45,-45]",,,,,,,,,RED,5,Same,5,1,,,,,,6,0,0.972,4,6,70,2,1,,,,,
,,,,,,,,,,,,,,6766dee165ff1cc0f8decea0,2025-01-21_23h24.49.349,VisualArraysMentalRotation_v4,2021.1.4,Win32,59.52380952,679054f2072d526265aabff2,679072a134e38ac1f2d6d7e8,,,,,,,,,,,,,,,,,,,,,,,,,,,,,,,"[45,90,45,45,90]","[-45,0,90,-45,0]",,Blue_3,"[45,90,45,45,90]","[-45,0,-45,-45,0]",,,,,,,,,BLUE,5,Different,6,3,,,,,,5,0,0.6558,4,7,71,15,1,,,,,
,,,,,,,,,,,,,,6766dee165ff1cc0f8decea0,2025-01-21_23h24.49.349,VisualArraysMentalRotation_v4,2021.1.4,Win32,59.52380952,679054f2072d526265aabff2,679072a134e38ac1f2d6d7e8,,,,,,,,,,,,,,,,,,,,,,,,,,,,,,,"[90,0,-45,90,90]","[0,-45,0,90,45]",,Red_2,"[90,0,-45,90,90]","[0,-45,0,90,45]",,,,,,,,,RED,3,Same,5,3,,,,,,5,1,0.9732,4,8,72,1,1,,,,,
,,,,,,,,,,,,,,6766dee165ff1cc0f8decea0,2025-01-21_23h24.49.349,VisualArraysMentalRotation_v4,2021.1.4,Win32,59.52380952,679054f2072d526265aabff2,679072a134e38ac1f2d6d7e8,,,,,,,,,,,,,,,,,,,,,,,,,,,,,,,"[90,90,-45,0,90]","[45,45,45,45,90]",,Red_3,"[90,90,0,0,90]","[45,45,45,45,90]",,,,,,,,,RED,5,Different,6,3,,,,,,6,1,1.0559,4,9,73,7,1,,,,,
,,,,,,,,,,,,,,6766dee165ff1cc0f8decea0,2025-01-21_23h24.49.349,VisualArraysMentalRotation_v4,2021.1.4,Win32,59.52380952,679054f2072d526265aabff2,679072a134e38ac1f2d6d7e8,,,,,,,,,,,,,,,,,,,,,,,,,,,,,,,"[-45,-45,45,90,90]","[0,45,-45,45,-45]",,Red_3,"[-45,-45,-45,90,90]","[0,45,-45,45,-45]",,,,,,,,,RED,3,Different,6,1,,,,,,6,1,1.7277,4,10,74,4,1,,,,,
,,,,,,,,,,,,,,6766dee165ff1cc0f8decea0,2025-01-21_23h24.49.349,VisualArraysMentalRotation_v4,2021.1.4,Win32,59.52380952,679054f2072d526265aabff2,679072a134e38ac1f2d6d7e8,,,,,,,,,,,,,,,,,,,,,,,,,,,,,,,"[45,-45,45,45,-45]","[-45,-45,0,-45,45]",,Blue_3,"[45,-45,45,45,-45]","[-45,-45,0,-45,45]",,,,,,,,,BLUE,5,Same,5,1,,,,,,5,1,0.7353,4,11,75,10,1,,,,,
,,,,,,,,,,,,,,6766dee165ff1cc0f8decea0,2025-01-21_23h24.49.349,VisualArraysMentalRotation_v4,2021.1.4,Win32,59.52380952,679054f2072d526265aabff2,679072a134e38ac1f2d6d7e8,,,,,,,,,,,,,,,,,,,,,,,,,,,,,,,"[0,45,0,90,-45]","[-45,0,90,45,45]",,Blue_3,"[0,45,0,90,-45]","[-45,0,-45,45,45]",,,,,,,,,BLUE,3,Different,6,3,,,,,,5,0,0.7843,4,12,76,13,1,,,,,
,,,,,,,,,,,,,,6766dee165ff1cc0f8decea0,2025-01-21_23h24.49.349,VisualArraysMentalRotation_v4,2021.1.4,Win32,59.52380952,679054f2072d526265aabff2,679072a134e38ac1f2d6d7e8,,,,,,,,,,,,,,,,,,,,,,,,,,,,,,,"[0,0,45,0,45]","[45,90,-45,-45,0]",,Red_4,"[0,0,45,45,45]","[45,90,-45,-45,0]",,,,,,,,,RED,5,Different,6,1,,,,,,6,1,1.0335,4,13,77,6,1,,,,,
,,,,,,,,,,,,,,6766dee165ff1cc0f8decea0,2025-01-21_23h24.49.349,VisualArraysMentalRotation_v4,2021.1.4,Win32,59.52380952,679054f2072d526265aabff2,679072a134e38ac1f2d6d7e8,,,,,,,,,,,,,,,,,,,,,,,,,,,,,,,"[90,90,90,45,90]","[0,0,45,45,45]",,Blue_2,"[90,90,90,45,90]","[0,90,45,45,45]",,,,,,,,,BLUE,5,Different,6,1,,,,,,6,1,0.8714,4,14,78,14,1,,,,,
,,,,,,,,,,,,,,6766dee165ff1cc0f8decea0,2025-01-21_23h24.49.349,VisualArraysMentalRotation_v4,2021.1.4,Win32,59.52380952,679054f2072d526265aabff2,679072a134e38ac1f2d6d7e8,,,,,,,,,,,,,,,,,,,,,,,,,,,,,,,"[90,45,-45,0,0]","[0,45,0,90,-45]",,Red_3,"[90,45,90,0,0]","[0,45,0,90,-45]",,,,,,,,,RED,3,Different,6,3,,,,,,6,1,0.8394,4,15,79,5,1,,,,,
,,,,,,,,,,,,,,6766dee165ff1cc0f8decea0,2025-01-21_23h24.49.349,VisualArraysMentalRotation_v4,2021.1.4,Win32,59.52380952,679054f2072d526265aabff2,679072a134e38ac1f2d6d7e8,,,,,,,,,,,,,,,,,,,,,,,,,,,,,,,"[-45,0,0,-45,90]","[-45,0,-45,90,0]",,Red_3,"[-45,0,0,-45,90]","[-45,0,-45,90,0]",,,,,,,,,RED,5,Same,5,1,,,,,,5,1,0.6566,5,0,80,2,1,,,,,
,,,,,,,,,,,,,,6766dee165ff1cc0f8decea0,2025-01-21_23h24.49.349,VisualArraysMentalRotation_v4,2021.1.4,Win32,59.52380952,679054f2072d526265aabff2,679072a134e38ac1f2d6d7e8,,,,,,,,,,,,,,,,,,,,,,,,,,,,,,,"[0,45,-45,45,-45]","[90,0,90,0,90]",,Red_1,"[0,45,-45,45,-45]","[90,0,90,0,90]",,,,,,,,,RED,3,Same,5,3,,,,,,5,1,0.6526,5,1,81,1,1,,,,,
,,,,,,,,,,,,,,6766dee165ff1cc0f8decea0,2025-01-21_23h24.49.349,VisualArraysMentalRotation_v4,2021.1.4,Win32,59.52380952,679054f2072d526265aabff2,679072a134e38ac1f2d6d7e8,,,,,,,,,,,,,,,,,,,,,,,,,,,,,,,"[0,0,90,45,-45]","[90,-45,45,0,45]",,Blue_2,"[0,0,90,45,-45]","[90,-45,45,0,45]",,,,,,,,,BLUE,3,Same,5,3,,,,,,6,0,0.8973,5,2,82,9,1,,,,,
,,,,,,,,,,,,,,6766dee165ff1cc0f8decea0,2025-01-21_23h24.49.349,VisualArraysMentalRotation_v4,2021.1.4,Win32,59.52380952,679054f2072d526265aabff2,679072a134e38ac1f2d6d7e8,,,,,,,,,,,,,,,,,,,,,,,,,,,,,,,"[0,-45,0,-45,-45]","[0,0,90,45,45]",,Red_3,"[0,-45,0,-45,-45]","[0,0,90,45,45]",,,,,,,,,RED,3,Same,5,1,,,,,,5,1,0.7305,5,3,83,0,1,,,,,
,,,,,,,,,,,,,,6766dee165ff1cc0f8decea0,2025-01-21_23h24.49.349,VisualArraysMentalRotation_v4,2021.1.4,Win32,59.52380952,679054f2072d526265aabff2,679072a134e38ac1f2d6d7e8,,,,,,,,,,,,,,,,,,,,,,,,,,,,,,,"[45,0,0,-45,90]","[45,45,0,90,90]",,Red_5,"[45,0,0,-45,45]","[45,45,0,90,90]",,,,,,,,,RED,5,Different,6,1,,,,,,5,0,1.534,5,4,84,6,1,,,,,
,,,,,,,,,,,,,,6766dee165ff1cc0f8decea0,2025-01-21_23h24.49.349,VisualArraysMentalRotation_v4,2021.1.4,Win32,59.52380952,679054f2072d526265aabff2,679072a134e38ac1f2d6d7e8,,,,,,,,,,,,,,,,,,,,,,,,,,,,,,,"[90,0,90,0,0]","[-45,90,45,90,-45]",,Red_5,"[90,0,90,0,0]","[-45,90,45,90,-45]",,,,,,,,,RED,5,Same,5,3,,,,,,6,0,0.7758,5,5,85,3,1,,,,,
,,,,,,,,,,,,,,6766dee165ff1cc0f8decea0,2025-01-21_23h24.49.349,VisualArraysMentalRotation_v4,2021.1.4,Win32,59.52380952,679054f2072d526265aabff2,679072a134e38ac1f2d6d7e8,,,,,,,,,,,,,,,,,,,,,,,,,,,,,,,"[-45,-45,-45,0,0]","[0,-45,-45,0,45]",,Blue_2,"[-45,-45,-45,0,0]","[0,0,-45,0,45]",,,,,,,,,BLUE,3,Different,6,1,,,,,,5,0,1.1857,5,6,86,12,1,,,,,
,,,,,,,,,,,,,,6766dee165ff1cc0f8decea0,2025-01-21_23h24.49.349,VisualArraysMentalRotation_v4,2021.1.4,Win32,59.52380952,679054f2072d526265aabff2,679072a134e38ac1f2d6d7e8,,,,,,,,,,,,,,,,,,,,,,,,,,,,,,,"[90,-45,45,0,45]","[-45,-45,90,-45,45]",,Red_1,"[-45,-45,45,0,45]","[-45,-45,90,-45,45]",,,,,,,,,RED,3,Different,6,3,,,,,,6,1,1.0848,5,7,87,5,1,,,,,
,,,,,,,,,,,,,,6766dee165ff1cc0f8decea0,2025-01-21_23h24.49.349,VisualArraysMentalRotation_v4,2021.1.4,Win32,59.52380952,679054f2072d526265aabff2,679072a134e38ac1f2d6d7e8,,,,,,,,,,,,,,,,,,,,,,,,,,,,,,,"[45,0,45,0,45]","[-45,-45,45,90,90]",,Blue_1,"[45,0,45,0,45]","[-45,-45,45,90,90]",,,,,,,,,BLUE,5,Same,5,1,,,,,,6,0,1.5964,5,8,88,10,1,,,,,
,,,,,,,,,,,,,,6766dee165ff1cc0f8decea0,2025-01-21_23h24.49.349,VisualArraysMentalRotation_v4,2021.1.4,Win32,59.52380952,679054f2072d526265aabff2,679072a134e38ac1f2d6d7e8,,,,,,,,,,,,,,,,,,,,,,,,,,,,,,,"[0,90,45,90,90]","[90,-45,45,-45,0]",,Blue_1,"[0,90,45,90,90]","[45,-45,45,-45,0]",,,,,,,,,BLUE,5,Different,6,1,,,,,,5,0,0.9837,5,9,89,14,1,,,,,
,,,,,,,,,,,,,,6766dee165ff1cc0f8decea0,2025-01-21_23h24.49.349,VisualArraysMentalRotation_v4,2021.1.4,Win32,59.52380952,679054f2072d526265aabff2,679072a134e38ac1f2d6d7e8,,,,,,,,,,,,,,,,,,,,,,,,,,,,,,,"[90,0,0,0,-45]","[45,-45,90,45,45]",,Red_1,"[-45,0,0,0,-45]","[45,-45,90,45,45]",,,,,,,,,RED,5,Different,6,3,,,,,,6,1,0.8345,5,10,90,7,1,,,,,
,,,,,,,,,,,,,,6766dee165ff1cc0f8decea0,2025-01-21_23h24.49.349,VisualArraysMentalRotation_v4,2021.1.4,Win32,59.52380952,679054f2072d526265aabff2,679072a134e38ac1f2d6d7e8,,,,,,,,,,,,,,,,,,,,,,,,,,,,,,,"[90,45,45,-45,45]","[0,45,-45,90,90]",,Blue_1,"[90,45,45,-45,45]","[-45,45,-45,90,90]",,,,,,,,,BLUE,5,Different,6,3,,,,,,6,1,0.8842,5,11,91,15,1,,,,,
,,,,,,,,,,,,,,6766dee165ff1cc0f8decea0,2025-01-21_23h24.49.349,VisualArraysMentalRotation_v4,2021.1.4,Win32,59.52380952,679054f2072d526265aabff2,679072a134e38ac1f2d6d7e8,,,,,,,,,,,,,,,,,,,,,,,,,,,,,,,"[0,45,0,0,90]","[45,0,45,0,45]",,Red_3,"[0,45,-45,0,90]","[45,0,45,0,45]",,,,,,,,,RED,3,Different,6,1,,,,,,6,1,1.1004,5,12,92,4,1,,,,,
,,,,,,,,,,,,,,6766dee165ff1cc0f8decea0,2025-01-21_23h24.49.349,VisualArraysMentalRotation_v4,2021.1.4,Win32,59.52380952,679054f2072d526265aabff2,679072a134e38ac1f2d6d7e8,,,,,,,,,,,,,,,,,,,,,,,,,,,,,,,"[90,90,0,0,0]","[45,-45,0,45,0]",,Blue_3,"[90,90,0,0,0]","[45,-45,-45,45,0]",,,,,,,,,BLUE,3,Different,6,3,,,,,,6,1,0.951,5,13,93,13,1,,,,,
,,,,,,,,,,,,,,6766dee165ff1cc0f8decea0,2025-01-21_23h24.49.349,VisualArraysMentalRotation_v4,2021.1.4,Win32,59.52380952,679054f2072d526265aabff2,679072a134e38ac1f2d6d7e8,,,,,,,,,,,,,,,,,,,,,,,,,,,,,,,"[45,45,0,90,0]","[-45,-45,45,-45,90]",,Blue_1,"[45,45,0,90,0]","[-45,-45,45,-45,90]",,,,,,,,,BLUE,3,Same,5,1,,,,,,6,0,1.2859,5,14,94,8,1,,,,,
,,,,,,,,,,,,,,6766dee165ff1cc0f8decea0,2025-01-21_23h24.49.349,VisualArraysMentalRotation_v4,2021.1.4,Win32,59.52380952,679054f2072d526265aabff2,679072a134e38ac1f2d6d7e8,,,,,,,,,,,,,,,,,,,,,,,,,,,,,,,"[90,45,45,0,0]","[0,90,0,90,90]",,Blue_5,"[90,45,45,0,0]","[0,90,0,90,90]",,,,,,,,,BLUE,5,Same,5,3,,,,,,5,1,1.3711,5,15,95,11,1,,,,,
,,,,,,,,,,,,,,6766dee165ff1cc0f8decea0,2025-01-21_23h24.49.349,VisualArraysMentalRotation_v4,2021.1.4,Win32,59.52380952,679054f2072d526265aabff2,679072a134e38ac1f2d6d7e8,,,,,,,,,,,,,,,,,,,,,,,,,,,,,,,"[0,90,-45,0,0]","[-45,90,90,-45,-45]",,Blue_1,"[0,90,-45,0,0]","[45,90,90,-45,-45]",,,,,,,,,BLUE,5,Different,6,3,,,,,,6,1,1.2176,6,0,96,15,1,,,,,
,,,,,,,,,,,,,,6766dee165ff1cc0f8decea0,2025-01-21_23h24.49.349,VisualArraysMentalRotation_v4,2021.1.4,Win32,59.52380952,679054f2072d526265aabff2,679072a134e38ac1f2d6d7e8,,,,,,,,,,,,,,,,,,,,,,,,,,,,,,,"[90,0,0,-45,-45]","[0,0,-45,-45,-45]",,Blue_2,"[90,0,0,-45,-45]","[0,0,-45,-45,-45]",,,,,,,,,BLUE,5,Same,5,3,,,,,,5,1,3.0841,6,1,97,11,1,,,,,
,,,,,,,,,,,,,,6766dee165ff1cc0f8decea0,2025-01-21_23h24.49.349,VisualArraysMentalRotation_v4,2021.1.4,Win32,59.52380952,679054f2072d526265aabff2,679072a134e38ac1f2d6d7e8,,,,,,,,,,,,,,,,,,,,,,,,,,,,,,,"[45,-45,90,45,-45]","[0,-45,-45,-45,90]",,Red_1,"[45,-45,90,45,-45]","[0,-45,-45,-45,90]",,,,,,,,,RED,5,Same,5,3,,,,,,5,1,0.8803,6,2,98,3,1,,,,,
,,,,,,,,,,,,,,6766dee165ff1cc0f8decea0,2025-01-21_23h24.49.349,VisualArraysMentalRotation_v4,2021.1.4,Win32,59.52380952,679054f2072d526265aabff2,679072a134e38ac1f2d6d7e8,,,,,,,,,,,,,,,,,,,,,,,,,,,,,,,"[45,-45,0,-45,-45]","[45,-45,45,45,90]",,Blue_1,"[45,-45,0,-45,-45]","[45,-45,45,45,90]",,,,,,,,,BLUE,5,Same,5,1,,,,,,6,0,1.0845,6,3,99,10,1,,,,,
,,,,,,,,,,,,,,6766dee165ff1cc0f8decea0,2025-01-21_23h24.49.349,VisualArraysMentalRotation_v4,2021.1.4,Win32,59.52380952,679054f2072d526265aabff2,679072a134e38ac1f2d6d7e8,,,,,,,,,,,,,,,,,,,,,,,,,,,,,,,"[0,45,45,0,45]","[45,90,-45,45,-45]",,Red_2,"[0,90,45,0,45]","[45,90,-45,45,-45]",,,,,,,,,RED,3,Different,6,1,,,,,,5,0,1.1697,6,4,100,4,1,,,,,
,,,,,,,,,,,,,,6766dee165ff1cc0f8decea0,2025-01-21_23h24.49.349,VisualArraysMentalRotation_v4,2021.1.4,Win32,59.52380952,679054f2072d526265aabff2,679072a134e38ac1f2d6d7e8,,,,,,,,,,,,,,,,,,,,,,,,,,,,,,,"[90,45,0,0,0]","[45,90,90,-45,0]",,Blue_3,"[90,45,0,0,0]","[45,90,90,-45,0]",,,,,,,,,BLUE,3,Same,5,3,,,,,,6,0,0.7836,6,5,101,9,1,,,,,
,,,,,,,,,,,,,,6766dee165ff1cc0f8decea0,2025-01-21_23h24.49.349,VisualArraysMentalRotation_v4,2021.1.4,Win32,59.52380952,679054f2072d526265aabff2,679072a134e38ac1f2d6d7e8,,,,,,,,,,,,,,,,,,,,,,,,,,,,,,,"[-45,45,45,0,45]","[45,0,45,0,45]",,Red_3,"[-45,45,45,0,45]","[45,0,45,0,45]",,,,,,,,,RED,3,Same,5,1,,,,,,5,1,0.7951,6,6,102,0,1,,,,,
,,,,,,,,,,,,,,6766dee165ff1cc0f8decea0,2025-01-21_23h24.49.349,VisualArraysMentalRotation_v4,2021.1.4,Win32,59.52380952,679054f2072d526265aabff2,679072a134e38ac1f2d6d7e8,,,,,,,,,,,,,,,,,,,,,,,,,,,,,,,"[0,45,90,-45,-45]","[0,90,45,-45,90]",,Red_2,"[0,45,90,-45,-45]","[0,90,45,-45,90]",,,,,,,,,RED,5,Same,5,1,,,,,,5,1,0.6343,6,7,103,2,1,,,,,
,,,,,,,,,,,,,,6766dee165ff1cc0f8decea0,2025-01-21_23h24.49.349,VisualArraysMentalRotation_v4,2021.1.4,Win32,59.52380952,679054f2072d526265aabff2,679072a134e38ac1f2d6d7e8,,,,,,,,,,,,,,,,,,,,,,,,,,,,,,,"[0,-45,0,90,45]","[-45,0,90,0,0]",,Blue_4,"[0,-45,0,90,45]","[-45,0,90,45,0]",,,,,,,,,BLUE,5,Different,6,1,,,,,,5,0,0.9739,6,8,104,14,1,,,,,
,,,,,,,,,,,,,,6766dee165ff1cc0f8decea0,2025-01-21_23h24.49.349,VisualArraysMentalRotation_v4,2021.1.4,Win32,59.52380952,679054f2072d526265aabff2,679072a134e38ac1f2d6d7e8,,,,,,,,,,,,,,,,,,,,,,,,,,,,,,,"[45,45,90,90,-45]","[0,90,0,90,0]",,Blue_1,"[45,45,90,90,-45]","[-45,90,0,90,0]",,,,,,,,,BLUE,3,Different,6,3,,,,,,6,1,0.7799,6,9,105,13,1,,,,,
,,,,,,,,,,,,,,6766dee165ff1cc0f8decea0,2025-01-21_23h24.49.349,VisualArraysMentalRotation_v4,2021.1.4,Win32,59.52380952,679054f2072d526265aabff2,679072a134e38ac1f2d6d7e8,,,,,,,,,,,,,,,,,,,,,,,,,,,,,,,"[90,90,0,-45,0]","[90,45,0,0,45]",,Red_3,"[90,90,0,-45,0]","[90,45,0,0,45]",,,,,,,,,RED,3,Same,5,3,,,,,,5,1,0.641,6,10,106,1,1,,,,,
,,,,,,,,,,,,,,6766dee165ff1cc0f8decea0,2025-01-21_23h24.49.349,VisualArraysMentalRotation_v4,2021.1.4,Win32,59.52380952,679054f2072d526265aabff2,679072a134e38ac1f2d6d7e8,,,,,,,,,,,,,,,,,,,,,,,,,,,,,,,"[45,45,0,90,90]","[-45,45,0,90,45]",,Red_3,"[45,45,45,90,90]","[-45,45,0,90,45]",,,,,,,,,RED,3,Different,6,3,,,,,,5,0,0.6187,6,11,107,5,1,,,,,
,,,,,,,,,,,,,,6766dee165ff1cc0f8decea0,2025-01-21_23h24.49.349,VisualArraysMentalRotation_v4,2021.1.4,Win32,59.52380952,679054f2072d526265aabff2,679072a134e38ac1f2d6d7e8,,,,,,,,,,,,,,,,,,,,,,,,,,,,,,,"[90,90,45,0,45]","[0,45,90,90,-45]",,Red_1,"[0,90,45,0,45]","[0,45,90,90,-45]",,,,,,,,,RED,5,Different,6,3,,,,,,6,1,1.8352,6,12,108,7,1,,,,,
,,,,,,,,,,,,,,6766dee165ff1cc0f8decea0,2025-01-21_23h24.49.349,VisualArraysMentalRotation_v4,2021.1.4,Win32,59.52380952,679054f2072d526265aabff2,679072a134e38ac1f2d6d7e8,,,,,,,,,,,,,,,,,,,,,,,,,,,,,,,"[-45,45,90,90,45]","[90,45,45,-45,45]",,Red_1,"[90,45,90,90,45]","[90,45,45,-45,45]",,,,,,,,,RED,5,Different,6,1,,,,,,5,0,0.9953,6,13,109,6,1,,,,,
,,,,,,,,,,,,,,6766dee165ff1cc0f8decea0,2025-01-21_23h24.49.349,VisualArraysMentalRotation_v4,2021.1.4,Win32,59.52380952,679054f2072d526265aabff2,679072a134e38ac1f2d6d7e8,,,,,,,,,,,,,,,,,,,,,,,,,,,,,,,"[-45,90,0,90,0]","[90,0,0,-45,0]",,Blue_2,"[-45,90,0,90,0]","[90,45,0,-45,0]",,,,,,,,,BLUE,3,Different,6,1,,,,,,6,1,1.1513,6,14,110,12,1,,,,,
,,,,,,,,,,,,,,6766dee165ff1cc0f8decea0,2025-01-21_23h24.49.349,VisualArraysMentalRotation_v4,2021.1.4,Win32,59.52380952,679054f2072d526265aabff2,679072a134e38ac1f2d6d7e8,,,,,,,,,,,,,,,,,,,,,,,,,,,,,,,"[45,45,45,0,-45]","[-45,90,0,90,90]",,Blue_1,"[45,45,45,0,-45]","[-45,90,0,90,90]",,,,,,,,,BLUE,3,Same,5,1,,,,,,5,1,0.6798,6,15,111,8,1,,,,,
,,,,,,,,,,,,,,6766dee165ff1cc0f8decea0,2025-01-21_23h24.49.349,VisualArraysMentalRotation_v4,2021.1.4,Win32,59.52380952,679054f2072d526265aabff2,679072a134e38ac1f2d6d7e8,,,,,,,,,,,,,,,,,,,,,,,,,,,,,,,,,,,,,,,,,,,,,,,,,,,,,,,,,,,,,,,0,0,0,0,1
,,,,,,,,,,,,,,6766dee165ff1cc0f8decea0,2025-01-21_23h24.49.349,VisualArraysMentalRotation_v4,2021.1.4,Win32,59.52380952,679054f2072d526265aabff2,679072a134e38ac1f2d6d7e8,,,,,,,,,,,,,,,,,,,,,,,,0,1,1,1,1,1,0,,,,,,,,,,,,,,,,,,,,,,,,,,,,,,,,,,,,,
