TaskOrder,consent_final_key_resp.keys,consent_final_key_resp.rt,VA_InstructionsLoop.thisRepN,VA_InstructionsLoop.thisTrialN,VA_InstructionsLoop.thisN,VA_InstructionsLoop.thisIndex,VA_InstructionsLoop.ran,PROLIFIC_PID,date,expName,psychopyVersion,OS,frameRate,STUDY_ID,SESSION_ID,Red Orientations,Blue Orientations,VA_array_dur,Target Rectangle,New Red Orientations,New Blue Orientations,VA_PracResponse.keys,VA_PracResponse.corr,VA_PracResponse.rt,PracTrials.thisRepN,PracTrials.thisTrialN,PracTrials.thisN,PracTrials.thisIndex,PracTrials.ran,VA_Target,VA_TargetNumber,VA_Orientation,VA_Answer,VA_DelayDur,VA_PracTrialsSpeed.thisRepN,VA_PracTrialsSpeed.thisTrialN,VA_PracTrialsSpeed.thisN,VA_PracTrialsSpeed.thisIndex,VA_PracTrialsSpeed.ran,VA_TestResponse.keys,VA_TestResponse.corr,VA_TestResponse.rt,VA_TestTrials.thisRepN,VA_TestTrials.thisTrialN,VA_TestTrials.thisN,VA_TestTrials.thisIndex,VA_TestTrials.ran,VA_Task.thisRepN,VA_Task.thisTrialN,VA_Task.thisN,VA_Task.thisIndex,VA_Task.ran,TasksLoop.thisRepN,TasksLoop.thisTrialN,TasksLoop.thisN,TasksLoop.thisIndex,TasksLoop.ran,nRepsVA,nRepsMRT,MRTPracResponse.keys,MRTPracResponse.corr,MRTPracResponse.rt,MRTPracticeTrials.thisRepN,MRTPracticeTrials.thisTrialN,MRTPracticeTrials.thisN,MRTPracticeTrials.thisIndex,MRTPracticeTrials.ran,PracStimulus,PracDegRotation,PracType,MRTPracCorrectAns,MRT_prac_blocks.thisRepN,MRT_prac_blocks.thisTrialN,MRT_prac_blocks.thisN,MRT_prac_blocks.thisIndex,MRT_prac_blocks.ran,MRTStimulus,MRTType,MRTDegRotation,MRTCorrectAns,MRTTestResponse.keys,MRTTestResponse.corr,MRTTestResponse.rt,MRTTestTrials.thisRepN,MRTTestTrials.thisTrialN,MRTTestTrials.thisN,MRTTestTrials.thisIndex,MRTTestTrials.ran,MRT_Task.thisRepN,MRT_Task.thisTrialN,MRT_Task.thisN,MRT_Task.thisIndex,MRT_Task.ran
1,y,12.3686,0,0,0,0,1,67863d420c27f3b6e5f57073,2025-01-21_19h57.49.203,VisualArraysMentalRotation_v4,2021.1.4,MacIntel,29.94011976,679054f2072d526265aabff2,67906c836c5f559b62ebc6b9,,,,,,,,,,,,,,,,,,,,,,,,,,,,,,,,,,,,,,,,,,,,,,,,,,,,,,,,,,,,,,,,,,,,,,,,,,,,,,
,,,,,,,,67863d420c27f3b6e5f57073,2025-01-21_19h57.49.203,VisualArraysMentalRotation_v4,2021.1.4,MacIntel,29.94011976,679054f2072d526265aabff2,67906c836c5f559b62ebc6b9,"[-45,90,-45,45,0]","[-45,45,-45,45,-45]",0.25,PracRed_2,"[-45,90,-45,45,0]","[-45,45,-45,45,-45]",6,0,2.4637,0,0,0,1,1,RED,3,Same,5,3,,,,,,,,,,,,,,,,,,,,,,,,,,,,,,,,,,,,,,,,,,,,,,,,,,,,,,,,,,,
,,,,,,,,67863d420c27f3b6e5f57073,2025-01-21_19h57.49.203,VisualArraysMentalRotation_v4,2021.1.4,MacIntel,29.94011976,679054f2072d526265aabff2,67906c836c5f559b62ebc6b9,"[-45,-45,0,45,45]","[-45,-45,-45,45,0]",0.25,PracRed_4,"[-45,-45,0,45,45]","[-45,-45,-45,45,0]",5,1,1.0606,0,1,1,3,1,RED,5,Same,5,3,,,,,,,,,,,,,,,,,,,,,,,,,,,,,,,,,,,,,,,,,,,,,,,,,,,,,,,,,,,
,,,,,,,,67863d420c27f3b6e5f57073,2025-01-21_19h57.49.203,VisualArraysMentalRotation_v4,2021.1.4,MacIntel,29.94011976,679054f2072d526265aabff2,67906c836c5f559b62ebc6b9,"[45,45,45,-45,0]","[-45,90,0,-45,-45]",0.25,PracRed_1,"[0,45,45,-45,0]","[-45,90,0,-45,-45]",5,0,0.8672,0,2,2,5,1,RED,3,Different,6,3,,,,,,,,,,,,,,,,,,,,,,,,,,,,,,,,,,,,,,,,,,,,,,,,,,,,,,,,,,,
,,,,,,,,67863d420c27f3b6e5f57073,2025-01-21_19h57.49.203,VisualArraysMentalRotation_v4,2021.1.4,MacIntel,29.94011976,679054f2072d526265aabff2,67906c836c5f559b62ebc6b9,"[-45,-45,0,90,90]","[45,90,-45,0,45]",0.25,PracRed_4,"[-45,-45,0,90,90]","[45,90,-45,0,45]",5,1,1.7481,0,3,3,2,1,RED,5,Same,5,1,,,,,,,,,,,,,,,,,,,,,,,,,,,,,,,,,,,,,,,,,,,,,,,,,,,,,,,,,,,
,,,,,,,,67863d420c27f3b6e5f57073,2025-01-21_19h57.49.203,VisualArraysMentalRotation_v4,2021.1.4,MacIntel,29.94011976,679054f2072d526265aabff2,67906c836c5f559b62ebc6b9,"[-45,45,90,0,45]","[0,45,0,0,45]",0.25,PracBlue_2,"[-45,45,90,0,45]","[0,45,0,0,45]",5,1,1.5017,0,4,4,9,1,BLUE,3,Same,5,3,,,,,,,,,,,,,,,,,,,,,,,,,,,,,,,,,,,,,,,,,,,,,,,,,,,,,,,,,,,
,,,,,,,,67863d420c27f3b6e5f57073,2025-01-21_19h57.49.203,VisualArraysMentalRotation_v4,2021.1.4,MacIntel,29.94011976,679054f2072d526265aabff2,67906c836c5f559b62ebc6b9,"[0,0,0,90,-45]","[-45,0,0,0,45]",0.25,PracBlue_1,"[0,0,0,90,-45]","[-45,0,0,0,45]",5,1,4.0711,0,5,5,10,1,BLUE,5,Same,5,1,,,,,,,,,,,,,,,,,,,,,,,,,,,,,,,,,,,,,,,,,,,,,,,,,,,,,,,,,,,
,,,,,,,,67863d420c27f3b6e5f57073,2025-01-21_19h57.49.203,VisualArraysMentalRotation_v4,2021.1.4,MacIntel,29.94011976,679054f2072d526265aabff2,67906c836c5f559b62ebc6b9,"[45,-45,45,90,0]","[-45,-45,-45,90,0]",0.25,PracBlue_1,"[45,-45,45,90,0]","[90,-45,-45,90,0]",6,1,1.6183,0,6,6,13,1,BLUE,3,Different,6,3,,,,,,,,,,,,,,,,,,,,,,,,,,,,,,,,,,,,,,,,,,,,,,,,,,,,,,,,,,,
,,,,,,,,67863d420c27f3b6e5f57073,2025-01-21_19h57.49.203,VisualArraysMentalRotation_v4,2021.1.4,MacIntel,29.94011976,679054f2072d526265aabff2,67906c836c5f559b62ebc6b9,"[0,-45,0,45,45]","[0,45,-45,0,45]",0.25,PracBlue_4,"[0,-45,0,45,45]","[0,45,-45,90,45]",5,0,0.9917,0,7,7,15,1,BLUE,5,Different,6,3,,,,,,,,,,,,,,,,,,,,,,,,,,,,,,,,,,,,,,,,,,,,,,,,,,,,,,,,,,,
,,,,,,,,67863d420c27f3b6e5f57073,2025-01-21_19h57.49.203,VisualArraysMentalRotation_v4,2021.1.4,MacIntel,29.94011976,679054f2072d526265aabff2,67906c836c5f559b62ebc6b9,"[0,-45,-45,-45,-45]","[-45,45,0,0,0]",0.25,PracBlue_2,"[0,-45,-45,-45,-45]","[-45,0,0,0,0]",5,0,1.1823,0,8,8,12,1,BLUE,3,Different,6,1,,,,,,,,,,,,,,,,,,,,,,,,,,,,,,,,,,,,,,,,,,,,,,,,,,,,,,,,,,,
,,,,,,,,67863d420c27f3b6e5f57073,2025-01-21_19h57.49.203,VisualArraysMentalRotation_v4,2021.1.4,MacIntel,29.94011976,679054f2072d526265aabff2,67906c836c5f559b62ebc6b9,"[45,0,-45,-45,45]","[45,0,0,-45,90]",0.25,PracBlue_3,"[45,0,-45,-45,45]","[45,0,0,-45,90]",6,0,1.1715,0,9,9,8,1,BLUE,3,Same,5,1,,,,,,,,,,,,,,,,,,,,,,,,,,,,,,,,,,,,,,,,,,,,,,,,,,,,,,,,,,,
,,,,,,,,67863d420c27f3b6e5f57073,2025-01-21_19h57.49.203,VisualArraysMentalRotation_v4,2021.1.4,MacIntel,29.94011976,679054f2072d526265aabff2,67906c836c5f559b62ebc6b9,"[0,45,-45,-45,0]","[-45,-45,-45,0,45]",0.25,PracRed_5,"[0,45,-45,-45,90]","[-45,-45,-45,0,45]",5,0,1.616,0,10,10,7,1,RED,5,Different,6,3,,,,,,,,,,,,,,,,,,,,,,,,,,,,,,,,,,,,,,,,,,,,,,,,,,,,,,,,,,,
,,,,,,,,67863d420c27f3b6e5f57073,2025-01-21_19h57.49.203,VisualArraysMentalRotation_v4,2021.1.4,MacIntel,29.94011976,679054f2072d526265aabff2,67906c836c5f559b62ebc6b9,"[45,0,0,0,90]","[45,45,0,0,90]",0.25,PracRed_1,"[45,0,0,0,90]","[45,45,0,0,90]",5,1,1.0183,0,11,11,0,1,RED,3,Same,5,1,,,,,,,,,,,,,,,,,,,,,,,,,,,,,,,,,,,,,,,,,,,,,,,,,,,,,,,,,,,
,,,,,,,,67863d420c27f3b6e5f57073,2025-01-21_19h57.49.203,VisualArraysMentalRotation_v4,2021.1.4,MacIntel,29.94011976,679054f2072d526265aabff2,67906c836c5f559b62ebc6b9,"[45,0,-45,0,90]","[0,-45,0,-45,0]",0.25,PracRed_4,"[45,0,-45,90,90]","[0,-45,0,-45,0]",6,1,1.1689,0,12,12,6,1,RED,5,Different,6,1,,,,,,,,,,,,,,,,,,,,,,,,,,,,,,,,,,,,,,,,,,,,,,,,,,,,,,,,,,,
,,,,,,,,67863d420c27f3b6e5f57073,2025-01-21_19h57.49.203,VisualArraysMentalRotation_v4,2021.1.4,MacIntel,29.94011976,679054f2072d526265aabff2,67906c836c5f559b62ebc6b9,"[0,45,90,-45,90]","[-45,90,90,0,-45]",0.25,PracRed_1,"[90,45,90,-45,90]","[-45,90,90,0,-45]",6,1,1.2829,0,13,13,4,1,RED,3,Different,6,1,,,,,,,,,,,,,,,,,,,,,,,,,,,,,,,,,,,,,,,,,,,,,,,,,,,,,,,,,,,
,,,,,,,,67863d420c27f3b6e5f57073,2025-01-21_19h57.49.203,VisualArraysMentalRotation_v4,2021.1.4,MacIntel,29.94011976,679054f2072d526265aabff2,67906c836c5f559b62ebc6b9,"[90,45,90,45,90]","[45,90,-45,90,-45]",0.25,PracBlue_4,"[90,45,90,45,90]","[45,90,-45,0,-45]",6,1,1.9013,0,14,14,14,1,BLUE,5,Different,6,1,,,,,,,,,,,,,,,,,,,,,,,,,,,,,,,,,,,,,,,,,,,,,,,,,,,,,,,,,,,
,,,,,,,,67863d420c27f3b6e5f57073,2025-01-21_19h57.49.203,VisualArraysMentalRotation_v4,2021.1.4,MacIntel,29.94011976,679054f2072d526265aabff2,67906c836c5f559b62ebc6b9,"[-45,45,-45,45,0]","[90,0,90,-45,-45]",0.25,PracBlue_3,"[-45,45,-45,45,0]","[90,0,90,-45,-45]",6,0,1.0166,0,15,15,11,1,BLUE,5,Same,5,3,,,,,,,,,,,,,,,,,,,,,,,,,,,,,,,,,,,,,,,,,,,,,,,,,,,,,,,,,,,
,,,,,,,,67863d420c27f3b6e5f57073,2025-01-21_19h57.49.203,VisualArraysMentalRotation_v4,2021.1.4,MacIntel,29.94011976,679054f2072d526265aabff2,67906c836c5f559b62ebc6b9,,,,,,,,,,,,,,,,,,,,0,0,0,0,1,,,,,,,,,,,,,,,,,,,,,,,,,,,,,,,,,,,,,,,,,,,,,,,,,,,,,,
,,,,,,,,67863d420c27f3b6e5f57073,2025-01-21_19h57.49.203,VisualArraysMentalRotation_v4,2021.1.4,MacIntel,29.94011976,679054f2072d526265aabff2,67906c836c5f559b62ebc6b9,"[90,0,90,90,-45]","[-45,0,90,45,45]",0.25,PracRed_4,"[90,0,90,90,-45]","[-45,0,90,45,45]",6,0,0.9025,0,0,0,2,1,RED,5,Same,5,1,,,,,,,,,,,,,,,,,,,,,,,,,,,,,,,,,,,,,,,,,,,,,,,,,,,,,,,,,,,
,,,,,,,,67863d420c27f3b6e5f57073,2025-01-21_19h57.49.203,VisualArraysMentalRotation_v4,2021.1.4,MacIntel,29.94011976,679054f2072d526265aabff2,67906c836c5f559b62ebc6b9,"[-45,90,90,0,90]","[45,90,90,90,-45]",0.25,PracRed_5,"[-45,90,90,0,90]","[45,90,90,90,-45]",5,1,1.0033,0,1,1,3,1,RED,5,Same,5,3,,,,,,,,,,,,,,,,,,,,,,,,,,,,,,,,,,,,,,,,,,,,,,,,,,,,,,,,,,,
,,,,,,,,67863d420c27f3b6e5f57073,2025-01-21_19h57.49.203,VisualArraysMentalRotation_v4,2021.1.4,MacIntel,29.94011976,679054f2072d526265aabff2,67906c836c5f559b62ebc6b9,"[45,90,0,90,90]","[90,45,-45,0,45]",0.25,PracBlue_3,"[45,90,0,90,90]","[90,45,45,0,45]",6,1,1.118,0,2,2,14,1,BLUE,5,Different,6,1,,,,,,,,,,,,,,,,,,,,,,,,,,,,,,,,,,,,,,,,,,,,,,,,,,,,,,,,,,,
,,,,,,,,67863d420c27f3b6e5f57073,2025-01-21_19h57.49.203,VisualArraysMentalRotation_v4,2021.1.4,MacIntel,29.94011976,679054f2072d526265aabff2,67906c836c5f559b62ebc6b9,"[-45,90,-45,0,0]","[0,-45,-45,-45,-45]",0.25,PracRed_2,"[-45,90,-45,0,0]","[0,-45,-45,-45,-45]",6,0,1.0352,0,3,3,1,1,RED,3,Same,5,3,,,,,,,,,,,,,,,,,,,,,,,,,,,,,,,,,,,,,,,,,,,,,,,,,,,,,,,,,,,
,,,,,,,,67863d420c27f3b6e5f57073,2025-01-21_19h57.49.203,VisualArraysMentalRotation_v4,2021.1.4,MacIntel,29.94011976,679054f2072d526265aabff2,67906c836c5f559b62ebc6b9,"[0,45,45,-45,45]","[-45,90,0,0,45]",0.25,PracBlue_5,"[0,45,45,-45,45]","[-45,90,0,0,0]",5,0,1.0813,0,4,4,15,1,BLUE,5,Different,6,3,,,,,,,,,,,,,,,,,,,,,,,,,,,,,,,,,,,,,,,,,,,,,,,,,,,,,,,,,,,
,,,,,,,,67863d420c27f3b6e5f57073,2025-01-21_19h57.49.203,VisualArraysMentalRotation_v4,2021.1.4,MacIntel,29.94011976,679054f2072d526265aabff2,67906c836c5f559b62ebc6b9,"[-45,0,45,45,45]","[90,45,45,45,-45]",0.25,PracRed_4,"[-45,0,45,90,45]","[90,45,45,45,-45]",5,0,0.9175,0,5,5,6,1,RED,5,Different,6,1,,,,,,,,,,,,,,,,,,,,,,,,,,,,,,,,,,,,,,,,,,,,,,,,,,,,,,,,,,,
,,,,,,,,67863d420c27f3b6e5f57073,2025-01-21_19h57.49.203,VisualArraysMentalRotation_v4,2021.1.4,MacIntel,29.94011976,679054f2072d526265aabff2,67906c836c5f559b62ebc6b9,"[45,90,0,45,90]","[90,90,0,45,-45]",0.25,PracRed_3,"[45,90,90,45,90]","[90,90,0,45,-45]",5,0,0.8876,0,6,6,4,1,RED,3,Different,6,1,,,,,,,,,,,,,,,,,,,,,,,,,,,,,,,,,,,,,,,,,,,,,,,,,,,,,,,,,,,
,,,,,,,,67863d420c27f3b6e5f57073,2025-01-21_19h57.49.203,VisualArraysMentalRotation_v4,2021.1.4,MacIntel,29.94011976,679054f2072d526265aabff2,67906c836c5f559b62ebc6b9,"[0,-45,0,-45,90]","[45,-45,0,90,-45]",0.25,PracBlue_2,"[0,-45,0,-45,90]","[45,-45,0,90,-45]",6,0,0.7117,0,7,7,9,1,BLUE,3,Same,5,3,,,,,,,,,,,,,,,,,,,,,,,,,,,,,,,,,,,,,,,,,,,,,,,,,,,,,,,,,,,
,,,,,,,,67863d420c27f3b6e5f57073,2025-01-21_19h57.49.203,VisualArraysMentalRotation_v4,2021.1.4,MacIntel,29.94011976,679054f2072d526265aabff2,67906c836c5f559b62ebc6b9,"[-45,90,0,45,-45]","[0,90,-45,90,45]",0.25,PracRed_1,"[0,90,0,45,-45]","[0,90,-45,90,45]",5,0,0.9792,0,8,8,5,1,RED,3,Different,6,3,,,,,,,,,,,,,,,,,,,,,,,,,,,,,,,,,,,,,,,,,,,,,,,,,,,,,,,,,,,
,,,,,,,,67863d420c27f3b6e5f57073,2025-01-21_19h57.49.203,VisualArraysMentalRotation_v4,2021.1.4,MacIntel,29.94011976,679054f2072d526265aabff2,67906c836c5f559b62ebc6b9,"[90,0,90,90,90]","[45,45,45,45,-45]",0.25,PracRed_5,"[90,0,90,90,45]","[45,45,45,45,-45]",6,1,0.8803,0,9,9,7,1,RED,5,Different,6,3,,,,,,,,,,,,,,,,,,,,,,,,,,,,,,,,,,,,,,,,,,,,,,,,,,,,,,,,,,,
,,,,,,,,67863d420c27f3b6e5f57073,2025-01-21_19h57.49.203,VisualArraysMentalRotation_v4,2021.1.4,MacIntel,29.94011976,679054f2072d526265aabff2,67906c836c5f559b62ebc6b9,"[45,-45,0,-45,-45]","[45,45,90,-45,0]",0.25,PracBlue_5,"[45,-45,0,-45,-45]","[45,45,90,-45,0]",6,0,1.7039,0,10,10,10,1,BLUE,5,Same,5,1,,,,,,,,,,,,,,,,,,,,,,,,,,,,,,,,,,,,,,,,,,,,,,,,,,,,,,,,,,,
,,,,,,,,67863d420c27f3b6e5f57073,2025-01-21_19h57.49.203,VisualArraysMentalRotation_v4,2021.1.4,MacIntel,29.94011976,679054f2072d526265aabff2,67906c836c5f559b62ebc6b9,"[0,45,0,0,0]","[-45,0,0,-45,45]",0.25,PracBlue_2,"[0,45,0,0,0]","[-45,0,0,-45,45]",6,0,1.5824,0,11,11,8,1,BLUE,3,Same,5,1,,,,,,,,,,,,,,,,,,,,,,,,,,,,,,,,,,,,,,,,,,,,,,,,,,,,,,,,,,,
,,,,,,,,67863d420c27f3b6e5f57073,2025-01-21_19h57.49.203,VisualArraysMentalRotation_v4,2021.1.4,MacIntel,29.94011976,679054f2072d526265aabff2,67906c836c5f559b62ebc6b9,"[45,45,-45,45,-45]","[45,45,-45,45,0]",0.25,PracRed_2,"[45,45,-45,45,-45]","[45,45,-45,45,0]",5,1,0.725,0,12,12,0,1,RED,3,Same,5,1,,,,,,,,,,,,,,,,,,,,,,,,,,,,,,,,,,,,,,,,,,,,,,,,,,,,,,,,,,,
,,,,,,,,67863d420c27f3b6e5f57073,2025-01-21_19h57.49.203,VisualArraysMentalRotation_v4,2021.1.4,MacIntel,29.94011976,679054f2072d526265aabff2,67906c836c5f559b62ebc6b9,"[-45,45,90,45,-45]","[90,45,0,90,45]",0.25,PracBlue_3,"[-45,45,90,45,-45]","[90,45,0,90,45]",5,1,1.0288,0,13,13,11,1,BLUE,5,Same,5,3,,,,,,,,,,,,,,,,,,,,,,,,,,,,,,,,,,,,,,,,,,,,,,,,,,,,,,,,,,,
,,,,,,,,67863d420c27f3b6e5f57073,2025-01-21_19h57.49.203,VisualArraysMentalRotation_v4,2021.1.4,MacIntel,29.94011976,679054f2072d526265aabff2,67906c836c5f559b62ebc6b9,"[0,45,45,45,-45]","[45,45,0,-45,-45]",0.25,PracBlue_2,"[0,45,45,45,-45]","[45,0,0,-45,-45]",5,0,1.3184,0,14,14,12,1,BLUE,3,Different,6,1,,,,,,,,,,,,,,,,,,,,,,,,,,,,,,,,,,,,,,,,,,,,,,,,,,,,,,,,,,,
,,,,,,,,67863d420c27f3b6e5f57073,2025-01-21_19h57.49.203,VisualArraysMentalRotation_v4,2021.1.4,MacIntel,29.94011976,679054f2072d526265aabff2,67906c836c5f559b62ebc6b9,"[0,-45,45,-45,-45]","[45,-45,-45,0,45]",0.25,PracBlue_2,"[0,-45,45,-45,-45]","[45,45,-45,0,45]",6,1,1.8507,0,15,15,13,1,BLUE,3,Different,6,3,,,,,,,,,,,,,,,,,,,,,,,,,,,,,,,,,,,,,,,,,,,,,,,,,,,,,,,,,,,
,,,,,,,,67863d420c27f3b6e5f57073,2025-01-21_19h57.49.203,VisualArraysMentalRotation_v4,2021.1.4,MacIntel,29.94011976,679054f2072d526265aabff2,67906c836c5f559b62ebc6b9,,,,,,,,,,,,,,,,,,,,1,0,1,0,1,,,,,,,,,,,,,,,,,,,,,,,,,,,,,,,,,,,,,,,,,,,,,,,,,,,,,,
,,,,,,,,67863d420c27f3b6e5f57073,2025-01-21_19h57.49.203,VisualArraysMentalRotation_v4,2021.1.4,MacIntel,29.94011976,679054f2072d526265aabff2,67906c836c5f559b62ebc6b9,"[-45,-45,0,90,0]","[-45,0,-45,0,90]",,Red_3,"[-45,-45,45,90,0]","[-45,0,-45,0,90]",,,,,,,,,RED,5,Different,6,3,,,,,,5,0,1.4813,0,0,0,7,1,,,,,,,,,,,,,,,,,,,,,,,,,,,,,,,,,,,,,,,,,,,,,,
,,,,,,,,67863d420c27f3b6e5f57073,2025-01-21_19h57.49.203,VisualArraysMentalRotation_v4,2021.1.4,MacIntel,29.94011976,679054f2072d526265aabff2,67906c836c5f559b62ebc6b9,"[0,45,90,-45,-45]","[45,90,45,0,45]",,Red_3,"[0,45,90,-45,-45]","[45,90,45,0,45]",,,,,,,,,RED,3,Same,5,1,,,,,,5,1,2.3144,0,1,1,0,1,,,,,,,,,,,,,,,,,,,,,,,,,,,,,,,,,,,,,,,,,,,,,,
,,,,,,,,67863d420c27f3b6e5f57073,2025-01-21_19h57.49.203,VisualArraysMentalRotation_v4,2021.1.4,MacIntel,29.94011976,679054f2072d526265aabff2,67906c836c5f559b62ebc6b9,"[45,45,-45,90,90]","[90,90,90,45,90]",,Red_1,"[45,45,-45,90,90]","[90,90,90,45,90]",,,,,,,,,RED,5,Same,5,1,,,,,,6,0,0.7547,0,2,2,2,1,,,,,,,,,,,,,,,,,,,,,,,,,,,,,,,,,,,,,,,,,,,,,,
,,,,,,,,67863d420c27f3b6e5f57073,2025-01-21_19h57.49.203,VisualArraysMentalRotation_v4,2021.1.4,MacIntel,29.94011976,679054f2072d526265aabff2,67906c836c5f559b62ebc6b9,"[0,-45,45,-45,-45]","[90,90,45,0,90]",,Blue_3,"[0,-45,45,-45,-45]","[90,90,45,0,90]",,,,,,,,,BLUE,3,Same,5,1,,,,,,6,0,1.2254,0,3,3,8,1,,,,,,,,,,,,,,,,,,,,,,,,,,,,,,,,,,,,,,,,,,,,,,
,,,,,,,,67863d420c27f3b6e5f57073,2025-01-21_19h57.49.203,VisualArraysMentalRotation_v4,2021.1.4,MacIntel,29.94011976,679054f2072d526265aabff2,67906c836c5f559b62ebc6b9,"[0,-45,45,0,45]","[0,45,0,-45,-45]",,Blue_3,"[0,-45,45,0,45]","[0,45,0,-45,-45]",,,,,,,,,BLUE,3,Same,5,3,,,,,,6,0,2.721,0,4,4,9,1,,,,,,,,,,,,,,,,,,,,,,,,,,,,,,,,,,,,,,,,,,,,,,
,,,,,,,,67863d420c27f3b6e5f57073,2025-01-21_19h57.49.203,VisualArraysMentalRotation_v4,2021.1.4,MacIntel,29.94011976,679054f2072d526265aabff2,67906c836c5f559b62ebc6b9,"[0,-45,-45,-45,0]","[0,-45,45,90,90]",,Blue_1,"[0,-45,-45,-45,0]","[-45,-45,45,90,90]",,,,,,,,,BLUE,3,Different,6,1,,,,,,5,0,1.1019,0,5,5,12,1,,,,,,,,,,,,,,,,,,,,,,,,,,,,,,,,,,,,,,,,,,,,,,
,,,,,,,,67863d420c27f3b6e5f57073,2025-01-21_19h57.49.203,VisualArraysMentalRotation_v4,2021.1.4,MacIntel,29.94011976,679054f2072d526265aabff2,67906c836c5f559b62ebc6b9,"[0,90,90,45,45]","[45,-45,90,0,-45]",,Blue_4,"[0,90,90,45,45]","[45,-45,90,-45,-45]",,,,,,,,,BLUE,5,Different,6,3,,,,,,5,0,1.4691,0,6,6,15,1,,,,,,,,,,,,,,,,,,,,,,,,,,,,,,,,,,,,,,,,,,,,,,
,,,,,,,,67863d420c27f3b6e5f57073,2025-01-21_19h57.49.203,VisualArraysMentalRotation_v4,2021.1.4,MacIntel,29.94011976,679054f2072d526265aabff2,67906c836c5f559b62ebc6b9,"[-45,90,-45,0,45]","[45,-45,-45,-45,90]",,Blue_3,"[-45,90,-45,0,45]","[45,-45,-45,-45,90]",,,,,,,,,BLUE,5,Same,5,1,,,,,,6,0,0.9677,0,7,7,10,1,,,,,,,,,,,,,,,,,,,,,,,,,,,,,,,,,,,,,,,,,,,,,,
,,,,,,,,67863d420c27f3b6e5f57073,2025-01-21_19h57.49.203,VisualArraysMentalRotation_v4,2021.1.4,MacIntel,29.94011976,679054f2072d526265aabff2,67906c836c5f559b62ebc6b9,"[-45,90,90,-45,-45]","[45,90,-45,0,45]",,Red_2,"[-45,90,90,-45,-45]","[45,90,-45,0,45]",,,,,,,,,RED,5,Same,5,3,,,,,,6,0,1.9343,0,8,8,3,1,,,,,,,,,,,,,,,,,,,,,,,,,,,,,,,,,,,,,,,,,,,,,,
,,,,,,,,67863d420c27f3b6e5f57073,2025-01-21_19h57.49.203,VisualArraysMentalRotation_v4,2021.1.4,MacIntel,29.94011976,679054f2072d526265aabff2,67906c836c5f559b62ebc6b9,"[-45,45,90,45,90]","[90,0,90,-45,45]",,Red_3,"[-45,45,0,45,90]","[90,0,90,-45,45]",,,,,,,,,RED,3,Different,6,3,,,,,,6,1,1.5544,0,9,9,5,1,,,,,,,,,,,,,,,,,,,,,,,,,,,,,,,,,,,,,,,,,,,,,,
,,,,,,,,67863d420c27f3b6e5f57073,2025-01-21_19h57.49.203,VisualArraysMentalRotation_v4,2021.1.4,MacIntel,29.94011976,679054f2072d526265aabff2,67906c836c5f559b62ebc6b9,"[-45,0,0,45,45]","[45,-45,45,-45,-45]",,Red_1,"[90,0,0,45,45]","[45,-45,45,-45,-45]",,,,,,,,,RED,5,Different,6,1,,,,,,5,0,1.3016,0,10,10,6,1,,,,,,,,,,,,,,,,,,,,,,,,,,,,,,,,,,,,,,,,,,,,,,
,,,,,,,,67863d420c27f3b6e5f57073,2025-01-21_19h57.49.203,VisualArraysMentalRotation_v4,2021.1.4,MacIntel,29.94011976,679054f2072d526265aabff2,67906c836c5f559b62ebc6b9,"[90,45,45,45,0]","[0,45,0,0,-45]",,Blue_2,"[90,45,45,45,0]","[0,90,0,0,-45]",,,,,,,,,BLUE,3,Different,6,3,,,,,,5,0,0.9541,0,11,11,13,1,,,,,,,,,,,,,,,,,,,,,,,,,,,,,,,,,,,,,,,,,,,,,,
,,,,,,,,67863d420c27f3b6e5f57073,2025-01-21_19h57.49.203,VisualArraysMentalRotation_v4,2021.1.4,MacIntel,29.94011976,679054f2072d526265aabff2,67906c836c5f559b62ebc6b9,"[-45,45,45,45,-45]","[-45,45,0,90,0]",,Blue_2,"[-45,45,45,45,-45]","[-45,0,0,90,0]",,,,,,,,,BLUE,5,Different,6,1,,,,,,6,1,0.8806,0,12,12,14,1,,,,,,,,,,,,,,,,,,,,,,,,,,,,,,,,,,,,,,,,,,,,,,
,,,,,,,,67863d420c27f3b6e5f57073,2025-01-21_19h57.49.203,VisualArraysMentalRotation_v4,2021.1.4,MacIntel,29.94011976,679054f2072d526265aabff2,67906c836c5f559b62ebc6b9,"[0,45,45,90,-45]","[90,0,0,0,0]",,Red_1,"[0,45,45,90,-45]","[90,0,0,0,0]",,,,,,,,,RED,3,Same,5,3,,,,,,6,0,1.5289,0,13,13,1,1,,,,,,,,,,,,,,,,,,,,,,,,,,,,,,,,,,,,,,,,,,,,,,
,,,,,,,,67863d420c27f3b6e5f57073,2025-01-21_19h57.49.203,VisualArraysMentalRotation_v4,2021.1.4,MacIntel,29.94011976,679054f2072d526265aabff2,67906c836c5f559b62ebc6b9,"[90,90,-45,90,-45]","[0,90,-45,0,45]",,Red_3,"[90,90,0,90,-45]","[0,90,-45,0,45]",,,,,,,,,RED,3,Different,6,1,,,,,,6,1,2.0506,0,14,14,4,1,,,,,,,,,,,,,,,,,,,,,,,,,,,,,,,,,,,,,,,,,,,,,,
,,,,,,,,67863d420c27f3b6e5f57073,2025-01-21_19h57.49.203,VisualArraysMentalRotation_v4,2021.1.4,MacIntel,29.94011976,679054f2072d526265aabff2,67906c836c5f559b62ebc6b9,"[45,45,45,-45,45]","[45,45,-45,45,45]",,Blue_4,"[45,45,45,-45,45]","[45,45,-45,45,45]",,,,,,,,,BLUE,5,Same,5,3,,,,,,6,0,1.3789,0,15,15,11,1,,,,,,,,,,,,,,,,,,,,,,,,,,,,,,,,,,,,,,,,,,,,,,
,,,,,,,,67863d420c27f3b6e5f57073,2025-01-21_19h57.49.203,VisualArraysMentalRotation_v4,2021.1.4,MacIntel,29.94011976,679054f2072d526265aabff2,67906c836c5f559b62ebc6b9,"[0,0,-45,90,90]","[-45,90,90,0,45]",,Blue_1,"[0,0,-45,90,90]","[90,90,90,0,45]",,,,,,,,,BLUE,3,Different,6,1,,,,,,5,0,1.6035,1,0,16,12,1,,,,,,,,,,,,,,,,,,,,,,,,,,,,,,,,,,,,,,,,,,,,,,
,,,,,,,,67863d420c27f3b6e5f57073,2025-01-21_19h57.49.203,VisualArraysMentalRotation_v4,2021.1.4,MacIntel,29.94011976,679054f2072d526265aabff2,67906c836c5f559b62ebc6b9,"[-45,90,45,90,0]","[45,-45,45,90,45]",,Red_1,"[90,90,45,90,0]","[45,-45,45,90,45]",,,,,,,,,RED,5,Different,6,1,,,,,,6,1,1.1835,1,1,17,6,1,,,,,,,,,,,,,,,,,,,,,,,,,,,,,,,,,,,,,,,,,,,,,,
,,,,,,,,67863d420c27f3b6e5f57073,2025-01-21_19h57.49.203,VisualArraysMentalRotation_v4,2021.1.4,MacIntel,29.94011976,679054f2072d526265aabff2,67906c836c5f559b62ebc6b9,"[90,45,0,45,-45]","[45,90,-45,45,45]",,Blue_5,"[90,45,0,45,-45]","[45,90,-45,45,45]",,,,,,,,,BLUE,5,Same,5,1,,,,,,6,0,2.2817,1,2,18,10,1,,,,,,,,,,,,,,,,,,,,,,,,,,,,,,,,,,,,,,,,,,,,,,
,,,,,,,,67863d420c27f3b6e5f57073,2025-01-21_19h57.49.203,VisualArraysMentalRotation_v4,2021.1.4,MacIntel,29.94011976,679054f2072d526265aabff2,67906c836c5f559b62ebc6b9,"[45,-45,0,-45,0]","[90,-45,0,45,-45]",,Red_3,"[45,-45,0,-45,0]","[90,-45,0,45,-45]",,,,,,,,,RED,5,Same,5,1,,,,,,6,0,2.4507,1,3,19,2,1,,,,,,,,,,,,,,,,,,,,,,,,,,,,,,,,,,,,,,,,,,,,,,
,,,,,,,,67863d420c27f3b6e5f57073,2025-01-21_19h57.49.203,VisualArraysMentalRotation_v4,2021.1.4,MacIntel,29.94011976,679054f2072d526265aabff2,67906c836c5f559b62ebc6b9,"[-45,45,90,-45,0]","[90,0,0,0,-45]",,Blue_2,"[-45,45,90,-45,0]","[90,0,0,0,-45]",,,,,,,,,BLUE,3,Same,5,1,,,,,,5,1,1.3899,1,4,20,8,1,,,,,,,,,,,,,,,,,,,,,,,,,,,,,,,,,,,,,,,,,,,,,,
,,,,,,,,67863d420c27f3b6e5f57073,2025-01-21_19h57.49.203,VisualArraysMentalRotation_v4,2021.1.4,MacIntel,29.94011976,679054f2072d526265aabff2,67906c836c5f559b62ebc6b9,"[45,0,-45,90,-45]","[90,45,45,90,-45]",,Red_3,"[45,0,-45,90,-45]","[90,45,45,90,-45]",,,,,,,,,RED,3,Same,5,3,,,,,,5,1,1.3143,1,5,21,1,1,,,,,,,,,,,,,,,,,,,,,,,,,,,,,,,,,,,,,,,,,,,,,,
,,,,,,,,67863d420c27f3b6e5f57073,2025-01-21_19h57.49.203,VisualArraysMentalRotation_v4,2021.1.4,MacIntel,29.94011976,679054f2072d526265aabff2,67906c836c5f559b62ebc6b9,"[0,-45,45,0,0]","[90,90,45,45,-45]",,Blue_1,"[0,-45,45,0,0]","[-45,90,45,45,-45]",,,,,,,,,BLUE,3,Different,6,3,,,,,,5,0,1.0816,1,6,22,13,1,,,,,,,,,,,,,,,,,,,,,,,,,,,,,,,,,,,,,,,,,,,,,,
,,,,,,,,67863d420c27f3b6e5f57073,2025-01-21_19h57.49.203,VisualArraysMentalRotation_v4,2021.1.4,MacIntel,29.94011976,679054f2072d526265aabff2,67906c836c5f559b62ebc6b9,"[90,-45,0,45,45]","[45,-45,0,90,45]",,Red_2,"[90,-45,0,45,45]","[45,-45,0,90,45]",,,,,,,,,RED,5,Same,5,3,,,,,,6,0,1.5476,1,7,23,3,1,,,,,,,,,,,,,,,,,,,,,,,,,,,,,,,,,,,,,,,,,,,,,,
,,,,,,,,67863d420c27f3b6e5f57073,2025-01-21_19h57.49.203,VisualArraysMentalRotation_v4,2021.1.4,MacIntel,29.94011976,679054f2072d526265aabff2,67906c836c5f559b62ebc6b9,"[90,-45,0,45,90]","[-45,-45,45,90,-45]",,Blue_2,"[90,-45,0,45,90]","[-45,90,45,90,-45]",,,,,,,,,BLUE,5,Different,6,1,,,,,,6,1,2.547,1,8,24,14,1,,,,,,,,,,,,,,,,,,,,,,,,,,,,,,,,,,,,,,,,,,,,,,
,,,,,,,,67863d420c27f3b6e5f57073,2025-01-21_19h57.49.203,VisualArraysMentalRotation_v4,2021.1.4,MacIntel,29.94011976,679054f2072d526265aabff2,67906c836c5f559b62ebc6b9,"[-45,-45,0,0,45]","[45,45,90,45,-45]",,Blue_3,"[-45,-45,0,0,45]","[45,45,90,45,-45]",,,,,,,,,BLUE,3,Same,5,3,,,,,,5,1,0.7172,1,9,25,9,1,,,,,,,,,,,,,,,,,,,,,,,,,,,,,,,,,,,,,,,,,,,,,,
,,,,,,,,67863d420c27f3b6e5f57073,2025-01-21_19h57.49.203,VisualArraysMentalRotation_v4,2021.1.4,MacIntel,29.94011976,679054f2072d526265aabff2,67906c836c5f559b62ebc6b9,"[0,0,-45,45,90]","[-45,90,90,90,45]",,Red_3,"[0,0,0,45,90]","[-45,90,90,90,45]",,,,,,,,,RED,3,Different,6,1,,,,,,6,1,1.2387,1,10,26,4,1,,,,,,,,,,,,,,,,,,,,,,,,,,,,,,,,,,,,,,,,,,,,,,
,,,,,,,,67863d420c27f3b6e5f57073,2025-01-21_19h57.49.203,VisualArraysMentalRotation_v4,2021.1.4,MacIntel,29.94011976,679054f2072d526265aabff2,67906c836c5f559b62ebc6b9,"[-45,45,-45,90,90]","[45,90,-45,-45,90]",,Red_3,"[-45,45,0,90,90]","[45,90,-45,-45,90]",,,,,,,,,RED,3,Different,6,3,,,,,,6,1,2.5674,1,11,27,5,1,,,,,,,,,,,,,,,,,,,,,,,,,,,,,,,,,,,,,,,,,,,,,,
,,,,,,,,67863d420c27f3b6e5f57073,2025-01-21_19h57.49.203,VisualArraysMentalRotation_v4,2021.1.4,MacIntel,29.94011976,679054f2072d526265aabff2,67906c836c5f559b62ebc6b9,"[0,0,-45,-45,-45]","[45,0,0,-45,0]",,Blue_3,"[0,0,-45,-45,-45]","[45,0,-45,-45,0]",,,,,,,,,BLUE,5,Different,6,3,,,,,,5,0,1.4467,1,12,28,15,1,,,,,,,,,,,,,,,,,,,,,,,,,,,,,,,,,,,,,,,,,,,,,,
,,,,,,,,67863d420c27f3b6e5f57073,2025-01-21_19h57.49.203,VisualArraysMentalRotation_v4,2021.1.4,MacIntel,29.94011976,679054f2072d526265aabff2,67906c836c5f559b62ebc6b9,"[90,45,45,0,0]","[90,0,45,0,-45]",,Blue_3,"[90,45,45,0,0]","[90,0,45,0,-45]",,,,,,,,,BLUE,5,Same,5,3,,,,,,5,1,0.4907,1,13,29,11,1,,,,,,,,,,,,,,,,,,,,,,,,,,,,,,,,,,,,,,,,,,,,,,
,,,,,,,,67863d420c27f3b6e5f57073,2025-01-21_19h57.49.203,VisualArraysMentalRotation_v4,2021.1.4,MacIntel,29.94011976,679054f2072d526265aabff2,67906c836c5f559b62ebc6b9,"[90,90,45,45,-45]","[90,45,45,-45,-45]",,Red_1,"[90,90,45,45,-45]","[90,45,45,-45,-45]",,,,,,,,,RED,3,Same,5,1,,,,,,5,1,1.1359,1,14,30,0,1,,,,,,,,,,,,,,,,,,,,,,,,,,,,,,,,,,,,,,,,,,,,,,
,,,,,,,,67863d420c27f3b6e5f57073,2025-01-21_19h57.49.203,VisualArraysMentalRotation_v4,2021.1.4,MacIntel,29.94011976,679054f2072d526265aabff2,67906c836c5f559b62ebc6b9,"[45,-45,90,-45,90]","[-45,45,45,-45,90]",,Red_2,"[45,90,90,-45,90]","[-45,45,45,-45,90]",,,,,,,,,RED,5,Different,6,3,,,,,,6,1,1.5488,1,15,31,7,1,,,,,,,,,,,,,,,,,,,,,,,,,,,,,,,,,,,,,,,,,,,,,,
,,,,,,,,67863d420c27f3b6e5f57073,2025-01-21_19h57.49.203,VisualArraysMentalRotation_v4,2021.1.4,MacIntel,29.94011976,679054f2072d526265aabff2,67906c836c5f559b62ebc6b9,"[0,-45,-45,-45,-45]","[0,0,90,0,45]",,Red_3,"[0,-45,-45,-45,-45]","[0,0,90,0,45]",,,,,,,,,RED,3,Same,5,1,,,,,,6,0,1.6914,2,0,32,0,1,,,,,,,,,,,,,,,,,,,,,,,,,,,,,,,,,,,,,,,,,,,,,,
,,,,,,,,67863d420c27f3b6e5f57073,2025-01-21_19h57.49.203,VisualArraysMentalRotation_v4,2021.1.4,MacIntel,29.94011976,679054f2072d526265aabff2,67906c836c5f559b62ebc6b9,"[45,-45,90,0,45]","[-45,-45,90,45,90]",,Red_4,"[45,-45,90,-45,45]","[-45,-45,90,45,90]",,,,,,,,,RED,5,Different,6,1,,,,,,5,0,1.8844,2,1,33,6,1,,,,,,,,,,,,,,,,,,,,,,,,,,,,,,,,,,,,,,,,,,,,,,
,,,,,,,,67863d420c27f3b6e5f57073,2025-01-21_19h57.49.203,VisualArraysMentalRotation_v4,2021.1.4,MacIntel,29.94011976,679054f2072d526265aabff2,67906c836c5f559b62ebc6b9,"[45,90,90,-45,0]","[45,45,-45,90,90]",,Red_2,"[45,0,90,-45,0]","[45,45,-45,90,90]",,,,,,,,,RED,3,Different,6,3,,,,,,5,0,1.3673,2,2,34,5,1,,,,,,,,,,,,,,,,,,,,,,,,,,,,,,,,,,,,,,,,,,,,,,
,,,,,,,,67863d420c27f3b6e5f57073,2025-01-21_19h57.49.203,VisualArraysMentalRotation_v4,2021.1.4,MacIntel,29.94011976,679054f2072d526265aabff2,67906c836c5f559b62ebc6b9,"[0,-45,45,-45,45]","[45,0,45,90,-45]",,Red_5,"[0,-45,45,-45,45]","[45,0,45,90,-45]",,,,,,,,,RED,5,Same,5,3,,,,,,5,1,1.0812,2,3,35,3,1,,,,,,,,,,,,,,,,,,,,,,,,,,,,,,,,,,,,,,,,,,,,,,
,,,,,,,,67863d420c27f3b6e5f57073,2025-01-21_19h57.49.203,VisualArraysMentalRotation_v4,2021.1.4,MacIntel,29.94011976,679054f2072d526265aabff2,67906c836c5f559b62ebc6b9,"[45,90,90,45,-45]","[-45,-45,45,90,0]",,Blue_2,"[45,90,90,45,-45]","[-45,90,45,90,0]",,,,,,,,,BLUE,3,Different,6,3,,,,,,5,0,0.7689,2,4,36,13,1,,,,,,,,,,,,,,,,,,,,,,,,,,,,,,,,,,,,,,,,,,,,,,
,,,,,,,,67863d420c27f3b6e5f57073,2025-01-21_19h57.49.203,VisualArraysMentalRotation_v4,2021.1.4,MacIntel,29.94011976,679054f2072d526265aabff2,67906c836c5f559b62ebc6b9,"[-45,-45,90,45,45]","[-45,-45,45,45,0]",,Blue_3,"[-45,-45,90,45,45]","[-45,-45,45,45,0]",,,,,,,,,BLUE,3,Same,5,3,,,,,,6,0,2.2159,2,5,37,9,1,,,,,,,,,,,,,,,,,,,,,,,,,,,,,,,,,,,,,,,,,,,,,,
,,,,,,,,67863d420c27f3b6e5f57073,2025-01-21_19h57.49.203,VisualArraysMentalRotation_v4,2021.1.4,MacIntel,29.94011976,679054f2072d526265aabff2,67906c836c5f559b62ebc6b9,"[90,0,90,0,90]","[0,45,0,-45,90]",,Red_2,"[90,90,90,0,90]","[0,45,0,-45,90]",,,,,,,,,RED,5,Different,6,3,,,,,,6,1,1.7829,2,6,38,7,1,,,,,,,,,,,,,,,,,,,,,,,,,,,,,,,,,,,,,,,,,,,,,,
,,,,,,,,67863d420c27f3b6e5f57073,2025-01-21_19h57.49.203,VisualArraysMentalRotation_v4,2021.1.4,MacIntel,29.94011976,679054f2072d526265aabff2,67906c836c5f559b62ebc6b9,"[-45,90,90,45,90]","[90,45,45,-45,45]",,Blue_1,"[-45,90,90,45,90]","[90,45,45,-45,45]",,,,,,,,,BLUE,5,Same,5,3,,,,,,6,0,1.7539,2,7,39,11,1,,,,,,,,,,,,,,,,,,,,,,,,,,,,,,,,,,,,,,,,,,,,,,
,,,,,,,,67863d420c27f3b6e5f57073,2025-01-21_19h57.49.203,VisualArraysMentalRotation_v4,2021.1.4,MacIntel,29.94011976,679054f2072d526265aabff2,67906c836c5f559b62ebc6b9,"[90,0,0,45,0]","[90,-45,0,45,90]",,Blue_1,"[90,0,0,45,0]","[90,-45,0,45,90]",,,,,,,,,BLUE,3,Same,5,1,,,,,,6,0,1.0472,2,8,40,8,1,,,,,,,,,,,,,,,,,,,,,,,,,,,,,,,,,,,,,,,,,,,,,,
,,,,,,,,67863d420c27f3b6e5f57073,2025-01-21_19h57.49.203,VisualArraysMentalRotation_v4,2021.1.4,MacIntel,29.94011976,679054f2072d526265aabff2,67906c836c5f559b62ebc6b9,"[0,-45,-45,-45,90]","[0,90,-45,0,45]",,Red_1,"[0,-45,-45,-45,90]","[0,90,-45,0,45]",,,,,,,,,RED,3,Same,5,3,,,,,,5,1,1.0874,2,9,41,1,1,,,,,,,,,,,,,,,,,,,,,,,,,,,,,,,,,,,,,,,,,,,,,,
,,,,,,,,67863d420c27f3b6e5f57073,2025-01-21_19h57.49.203,VisualArraysMentalRotation_v4,2021.1.4,MacIntel,29.94011976,679054f2072d526265aabff2,67906c836c5f559b62ebc6b9,"[0,0,45,0,-45]","[90,-45,90,0,90]",,Blue_3,"[0,0,45,0,-45]","[90,-45,-45,0,90]",,,,,,,,,BLUE,3,Different,6,1,,,,,,6,1,1.3214,2,10,42,12,1,,,,,,,,,,,,,,,,,,,,,,,,,,,,,,,,,,,,,,,,,,,,,,
,,,,,,,,67863d420c27f3b6e5f57073,2025-01-21_19h57.49.203,VisualArraysMentalRotation_v4,2021.1.4,MacIntel,29.94011976,679054f2072d526265aabff2,67906c836c5f559b62ebc6b9,"[-45,0,90,45,0]","[90,-45,90,-45,90]",,Blue_4,"[-45,0,90,45,0]","[90,-45,90,-45,90]",,,,,,,,,BLUE,5,Same,5,1,,,,,,6,0,1.179,2,11,43,10,1,,,,,,,,,,,,,,,,,,,,,,,,,,,,,,,,,,,,,,,,,,,,,,
,,,,,,,,67863d420c27f3b6e5f57073,2025-01-21_19h57.49.203,VisualArraysMentalRotation_v4,2021.1.4,MacIntel,29.94011976,679054f2072d526265aabff2,67906c836c5f559b62ebc6b9,"[90,0,45,45,45]","[0,-45,90,0,90]",,Blue_5,"[90,0,45,45,45]","[0,-45,90,0,-45]",,,,,,,,,BLUE,5,Different,6,1,,,,,,6,1,1.0335,2,12,44,14,1,,,,,,,,,,,,,,,,,,,,,,,,,,,,,,,,,,,,,,,,,,,,,,
,,,,,,,,67863d420c27f3b6e5f57073,2025-01-21_19h57.49.203,VisualArraysMentalRotation_v4,2021.1.4,MacIntel,29.94011976,679054f2072d526265aabff2,67906c836c5f559b62ebc6b9,"[90,90,-45,90,90]","[90,45,-45,-45,-45]",,Blue_5,"[90,90,-45,90,90]","[90,45,-45,-45,45]",,,,,,,,,BLUE,5,Different,6,3,,,,,,6,1,0.9615,2,13,45,15,1,,,,,,,,,,,,,,,,,,,,,,,,,,,,,,,,,,,,,,,,,,,,,,
,,,,,,,,67863d420c27f3b6e5f57073,2025-01-21_19h57.49.203,VisualArraysMentalRotation_v4,2021.1.4,MacIntel,29.94011976,679054f2072d526265aabff2,67906c836c5f559b62ebc6b9,"[90,45,90,-45,45]","[-45,0,-45,0,45]",,Red_1,"[45,45,90,-45,45]","[-45,0,-45,0,45]",,,,,,,,,RED,3,Different,6,1,,,,,,6,1,0.9922,2,14,46,4,1,,,,,,,,,,,,,,,,,,,,,,,,,,,,,,,,,,,,,,,,,,,,,,
,,,,,,,,67863d420c27f3b6e5f57073,2025-01-21_19h57.49.203,VisualArraysMentalRotation_v4,2021.1.4,MacIntel,29.94011976,679054f2072d526265aabff2,67906c836c5f559b62ebc6b9,"[45,-45,45,0,-45]","[0,90,45,90,-45]",,Red_3,"[45,-45,45,0,-45]","[0,90,45,90,-45]",,,,,,,,,RED,5,Same,5,1,,,,,,5,1,1.6762,2,15,47,2,1,,,,,,,,,,,,,,,,,,,,,,,,,,,,,,,,,,,,,,,,,,,,,,
,,,,,,,,67863d420c27f3b6e5f57073,2025-01-21_19h57.49.203,VisualArraysMentalRotation_v4,2021.1.4,MacIntel,29.94011976,679054f2072d526265aabff2,67906c836c5f559b62ebc6b9,"[0,-45,45,45,90]","[-45,-45,-45,-45,90]",,Red_1,"[90,-45,45,45,90]","[-45,-45,-45,-45,90]",,,,,,,,,RED,5,Different,6,3,,,,,,5,0,0.6622,3,0,48,7,1,,,,,,,,,,,,,,,,,,,,,,,,,,,,,,,,,,,,,,,,,,,,,,
,,,,,,,,67863d420c27f3b6e5f57073,2025-01-21_19h57.49.203,VisualArraysMentalRotation_v4,2021.1.4,MacIntel,29.94011976,679054f2072d526265aabff2,67906c836c5f559b62ebc6b9,"[45,90,90,-45,45]","[45,0,90,90,90]",,Blue_1,"[45,90,90,-45,45]","[-45,0,90,90,90]",,,,,,,,,BLUE,5,Different,6,3,,,,,,5,0,0.6337,3,1,49,15,1,,,,,,,,,,,,,,,,,,,,,,,,,,,,,,,,,,,,,,,,,,,,,,
,,,,,,,,67863d420c27f3b6e5f57073,2025-01-21_19h57.49.203,VisualArraysMentalRotation_v4,2021.1.4,MacIntel,29.94011976,679054f2072d526265aabff2,67906c836c5f559b62ebc6b9,"[-45,90,45,-45,0]","[-45,90,45,-45,45]",,Blue_3,"[-45,90,45,-45,0]","[-45,90,-45,-45,45]",,,,,,,,,BLUE,5,Different,6,1,,,,,,5,0,1.3061,3,2,50,14,1,,,,,,,,,,,,,,,,,,,,,,,,,,,,,,,,,,,,,,,,,,,,,,
,,,,,,,,67863d420c27f3b6e5f57073,2025-01-21_19h57.49.203,VisualArraysMentalRotation_v4,2021.1.4,MacIntel,29.94011976,679054f2072d526265aabff2,67906c836c5f559b62ebc6b9,"[45,0,0,-45,0]","[-45,0,-45,-45,45]",,Blue_1,"[45,0,0,-45,0]","[-45,0,-45,-45,45]",,,,,,,,,BLUE,3,Same,5,1,,,,,,5,1,0.5584,3,3,51,8,1,,,,,,,,,,,,,,,,,,,,,,,,,,,,,,,,,,,,,,,,,,,,,,
,,,,,,,,67863d420c27f3b6e5f57073,2025-01-21_19h57.49.203,VisualArraysMentalRotation_v4,2021.1.4,MacIntel,29.94011976,679054f2072d526265aabff2,67906c836c5f559b62ebc6b9,"[-45,0,-45,45,90]","[-45,-45,90,-45,0]",,Blue_2,"[-45,0,-45,45,90]","[-45,-45,90,-45,0]",,,,,,,,,BLUE,5,Same,5,3,,,,,,5,1,0.85,3,4,52,11,1,,,,,,,,,,,,,,,,,,,,,,,,,,,,,,,,,,,,,,,,,,,,,,
,,,,,,,,67863d420c27f3b6e5f57073,2025-01-21_19h57.49.203,VisualArraysMentalRotation_v4,2021.1.4,MacIntel,29.94011976,679054f2072d526265aabff2,67906c836c5f559b62ebc6b9,"[0,45,-45,45,45]","[-45,0,0,-45,-45]",,Red_3,"[0,45,-45,45,45]","[-45,0,0,-45,-45]",,,,,,,,,RED,5,Same,5,3,,,,,,6,0,1.081,3,5,53,3,1,,,,,,,,,,,,,,,,,,,,,,,,,,,,,,,,,,,,,,,,,,,,,,
,,,,,,,,67863d420c27f3b6e5f57073,2025-01-21_19h57.49.203,VisualArraysMentalRotation_v4,2021.1.4,MacIntel,29.94011976,679054f2072d526265aabff2,67906c836c5f559b62ebc6b9,"[45,90,45,45,90]","[45,45,90,0,-45]",,Blue_3,"[45,90,45,45,90]","[45,45,90,0,-45]",,,,,,,,,BLUE,3,Same,5,3,,,,,,5,1,1.7226,3,6,54,9,1,,,,,,,,,,,,,,,,,,,,,,,,,,,,,,,,,,,,,,,,,,,,,,
,,,,,,,,67863d420c27f3b6e5f57073,2025-01-21_19h57.49.203,VisualArraysMentalRotation_v4,2021.1.4,MacIntel,29.94011976,679054f2072d526265aabff2,67906c836c5f559b62ebc6b9,"[45,-45,90,-45,90]","[-45,90,0,0,45]",,Red_1,"[-45,-45,90,-45,90]","[-45,90,0,0,45]",,,,,,,,,RED,5,Different,6,1,,,,,,5,0,0.982,3,7,55,6,1,,,,,,,,,,,,,,,,,,,,,,,,,,,,,,,,,,,,,,,,,,,,,,
,,,,,,,,67863d420c27f3b6e5f57073,2025-01-21_19h57.49.203,VisualArraysMentalRotation_v4,2021.1.4,MacIntel,29.94011976,679054f2072d526265aabff2,67906c836c5f559b62ebc6b9,"[0,0,45,0,-45]","[45,-45,90,-45,90]",,Blue_3,"[0,0,45,0,-45]","[45,-45,90,-45,90]",,,,,,,,,BLUE,5,Same,5,1,,,,,,5,1,1.6459,3,8,56,10,1,,,,,,,,,,,,,,,,,,,,,,,,,,,,,,,,,,,,,,,,,,,,,,
,,,,,,,,67863d420c27f3b6e5f57073,2025-01-21_19h57.49.203,VisualArraysMentalRotation_v4,2021.1.4,MacIntel,29.94011976,679054f2072d526265aabff2,67906c836c5f559b62ebc6b9,"[45,0,-45,-45,-45]","[45,45,90,0,-45]",,Red_2,"[45,0,-45,-45,-45]","[45,45,90,0,-45]",,,,,,,,,RED,5,Same,5,1,,,,,,5,1,1.001,3,9,57,2,1,,,,,,,,,,,,,,,,,,,,,,,,,,,,,,,,,,,,,,,,,,,,,,
,,,,,,,,67863d420c27f3b6e5f57073,2025-01-21_19h57.49.203,VisualArraysMentalRotation_v4,2021.1.4,MacIntel,29.94011976,679054f2072d526265aabff2,67906c836c5f559b62ebc6b9,"[0,0,0,-45,90]","[90,90,0,-45,45]",,Blue_1,"[0,0,0,-45,90]","[0,90,0,-45,45]",,,,,,,,,BLUE,3,Different,6,3,,,,,,5,0,2.8157,3,10,58,13,1,,,,,,,,,,,,,,,,,,,,,,,,,,,,,,,,,,,,,,,,,,,,,,
,,,,,,,,67863d420c27f3b6e5f57073,2025-01-21_19h57.49.203,VisualArraysMentalRotation_v4,2021.1.4,MacIntel,29.94011976,679054f2072d526265aabff2,67906c836c5f559b62ebc6b9,"[-45,90,90,90,0]","[0,90,90,45,90]",,Red_2,"[-45,90,90,90,0]","[0,90,90,45,90]",,,,,,,,,RED,3,Same,5,3,,,,,,6,0,0.535,3,11,59,1,1,,,,,,,,,,,,,,,,,,,,,,,,,,,,,,,,,,,,,,,,,,,,,,
,,,,,,,,67863d420c27f3b6e5f57073,2025-01-21_19h57.49.203,VisualArraysMentalRotation_v4,2021.1.4,MacIntel,29.94011976,679054f2072d526265aabff2,67906c836c5f559b62ebc6b9,"[0,0,45,0,0]","[45,90,0,0,-45]",,Red_2,"[0,45,45,0,0]","[45,90,0,0,-45]",,,,,,,,,RED,3,Different,6,3,,,,,,5,0,0.8665,3,12,60,5,1,,,,,,,,,,,,,,,,,,,,,,,,,,,,,,,,,,,,,,,,,,,,,,
,,,,,,,,67863d420c27f3b6e5f57073,2025-01-21_19h57.49.203,VisualArraysMentalRotation_v4,2021.1.4,MacIntel,29.94011976,679054f2072d526265aabff2,67906c836c5f559b62ebc6b9,"[90,-45,45,0,45]","[0,-45,0,45,-45]",,Red_3,"[90,-45,45,0,45]","[0,-45,0,45,-45]",,,,,,,,,RED,3,Same,5,1,,,,,,6,0,1.338,3,13,61,0,1,,,,,,,,,,,,,,,,,,,,,,,,,,,,,,,,,,,,,,,,,,,,,,
,,,,,,,,67863d420c27f3b6e5f57073,2025-01-21_19h57.49.203,VisualArraysMentalRotation_v4,2021.1.4,MacIntel,29.94011976,679054f2072d526265aabff2,67906c836c5f559b62ebc6b9,"[90,90,45,45,90]","[90,-45,0,45,45]",,Red_1,"[45,90,45,45,90]","[90,-45,0,45,45]",,,,,,,,,RED,3,Different,6,1,,,,,,5,0,1.9547,3,14,62,4,1,,,,,,,,,,,,,,,,,,,,,,,,,,,,,,,,,,,,,,,,,,,,,,
,,,,,,,,67863d420c27f3b6e5f57073,2025-01-21_19h57.49.203,VisualArraysMentalRotation_v4,2021.1.4,MacIntel,29.94011976,679054f2072d526265aabff2,67906c836c5f559b62ebc6b9,"[45,-45,90,45,0]","[-45,45,45,0,90]",,Blue_3,"[45,-45,90,45,0]","[-45,45,-45,0,90]",,,,,,,,,BLUE,3,Different,6,1,,,,,,6,1,1.1337,3,15,63,12,1,,,,,,,,,,,,,,,,,,,,,,,,,,,,,,,,,,,,,,,,,,,,,,
,,,,,,,,67863d420c27f3b6e5f57073,2025-01-21_19h57.49.203,VisualArraysMentalRotation_v4,2021.1.4,MacIntel,29.94011976,679054f2072d526265aabff2,67906c836c5f559b62ebc6b9,"[0,0,0,90,90]","[0,0,0,90,0]",,Red_3,"[0,0,-45,90,90]","[0,0,0,90,0]",,,,,,,,,RED,3,Different,6,1,,,,,,5,0,1.1159,4,0,64,4,1,,,,,,,,,,,,,,,,,,,,,,,,,,,,,,,,,,,,,,,,,,,,,,
,,,,,,,,67863d420c27f3b6e5f57073,2025-01-21_19h57.49.203,VisualArraysMentalRotation_v4,2021.1.4,MacIntel,29.94011976,679054f2072d526265aabff2,67906c836c5f559b62ebc6b9,"[45,45,90,-45,0]","[-45,45,-45,90,90]",,Blue_3,"[45,45,90,-45,0]","[-45,45,-45,90,90]",,,,,,,,,BLUE,5,Same,5,1,,,,,,5,1,0.8798,4,1,65,10,1,,,,,,,,,,,,,,,,,,,,,,,,,,,,,,,,,,,,,,,,,,,,,,
,,,,,,,,67863d420c27f3b6e5f57073,2025-01-21_19h57.49.203,VisualArraysMentalRotation_v4,2021.1.4,MacIntel,29.94011976,679054f2072d526265aabff2,67906c836c5f559b62ebc6b9,"[0,90,-45,0,90]","[0,90,-45,45,45]",,Blue_5,"[0,90,-45,0,90]","[0,90,-45,45,45]",,,,,,,,,BLUE,5,Same,5,3,,,,,,6,0,0.5346,4,2,66,11,1,,,,,,,,,,,,,,,,,,,,,,,,,,,,,,,,,,,,,,,,,,,,,,
,,,,,,,,67863d420c27f3b6e5f57073,2025-01-21_19h57.49.203,VisualArraysMentalRotation_v4,2021.1.4,MacIntel,29.94011976,679054f2072d526265aabff2,67906c836c5f559b62ebc6b9,"[-45,-45,90,45,-45]","[-45,0,0,90,45]",,Red_4,"[-45,-45,90,45,-45]","[-45,0,0,90,45]",,,,,,,,,RED,5,Same,5,1,,,,,,5,1,1.0795,4,3,67,2,1,,,,,,,,,,,,,,,,,,,,,,,,,,,,,,,,,,,,,,,,,,,,,,
,,,,,,,,67863d420c27f3b6e5f57073,2025-01-21_19h57.49.203,VisualArraysMentalRotation_v4,2021.1.4,MacIntel,29.94011976,679054f2072d526265aabff2,67906c836c5f559b62ebc6b9,"[90,45,0,-45,45]","[90,90,-45,-45,0]",,Blue_4,"[90,45,0,-45,45]","[90,90,-45,45,0]",,,,,,,,,BLUE,5,Different,6,3,,,,,,6,1,0.4233,4,4,68,15,1,,,,,,,,,,,,,,,,,,,,,,,,,,,,,,,,,,,,,,,,,,,,,,
,,,,,,,,67863d420c27f3b6e5f57073,2025-01-21_19h57.49.203,VisualArraysMentalRotation_v4,2021.1.4,MacIntel,29.94011976,679054f2072d526265aabff2,67906c836c5f559b62ebc6b9,"[45,0,90,90,90]","[90,-45,45,-45,-45]",,Red_4,"[45,0,90,90,90]","[90,-45,45,-45,-45]",,,,,,,,,RED,5,Same,5,3,,,,,,6,0,0.6733,4,5,69,3,1,,,,,,,,,,,,,,,,,,,,,,,,,,,,,,,,,,,,,,,,,,,,,,
,,,,,,,,67863d420c27f3b6e5f57073,2025-01-21_19h57.49.203,VisualArraysMentalRotation_v4,2021.1.4,MacIntel,29.94011976,679054f2072d526265aabff2,67906c836c5f559b62ebc6b9,"[0,-45,45,-45,-45]","[45,0,0,0,90]",,Blue_3,"[0,-45,45,-45,-45]","[45,0,90,0,90]",,,,,,,,,BLUE,3,Different,6,3,,,,,,6,1,0.7665,4,6,70,13,1,,,,,,,,,,,,,,,,,,,,,,,,,,,,,,,,,,,,,,,,,,,,,,
,,,,,,,,67863d420c27f3b6e5f57073,2025-01-21_19h57.49.203,VisualArraysMentalRotation_v4,2021.1.4,MacIntel,29.94011976,679054f2072d526265aabff2,67906c836c5f559b62ebc6b9,"[45,90,90,-45,45]","[45,0,45,45,45]",,Red_3,"[45,90,0,-45,45]","[45,0,45,45,45]",,,,,,,,,RED,3,Different,6,3,,,,,,6,1,0.7178,4,7,71,5,1,,,,,,,,,,,,,,,,,,,,,,,,,,,,,,,,,,,,,,,,,,,,,,
,,,,,,,,67863d420c27f3b6e5f57073,2025-01-21_19h57.49.203,VisualArraysMentalRotation_v4,2021.1.4,MacIntel,29.94011976,679054f2072d526265aabff2,67906c836c5f559b62ebc6b9,"[0,0,90,0,45]","[90,90,0,0,45]",,Red_1,"[-45,0,90,0,45]","[90,90,0,0,45]",,,,,,,,,RED,5,Different,6,1,,,,,,6,1,2.3593,4,8,72,6,1,,,,,,,,,,,,,,,,,,,,,,,,,,,,,,,,,,,,,,,,,,,,,,
,,,,,,,,67863d420c27f3b6e5f57073,2025-01-21_19h57.49.203,VisualArraysMentalRotation_v4,2021.1.4,MacIntel,29.94011976,679054f2072d526265aabff2,67906c836c5f559b62ebc6b9,"[-45,45,-45,45,90]","[-45,-45,90,0,45]",,Blue_2,"[-45,45,-45,45,90]","[-45,-45,90,0,45]",,,,,,,,,BLUE,3,Same,5,3,,,,,,6,0,1.6673,4,9,73,9,1,,,,,,,,,,,,,,,,,,,,,,,,,,,,,,,,,,,,,,,,,,,,,,
,,,,,,,,67863d420c27f3b6e5f57073,2025-01-21_19h57.49.203,VisualArraysMentalRotation_v4,2021.1.4,MacIntel,29.94011976,679054f2072d526265aabff2,67906c836c5f559b62ebc6b9,"[90,45,-45,-45,-45]","[0,45,0,0,-45]",,Red_3,"[90,45,-45,-45,-45]","[0,45,0,0,-45]",,,,,,,,,RED,3,Same,5,3,,,,,,5,1,1.4889,4,10,74,1,1,,,,,,,,,,,,,,,,,,,,,,,,,,,,,,,,,,,,,,,,,,,,,,
,,,,,,,,67863d420c27f3b6e5f57073,2025-01-21_19h57.49.203,VisualArraysMentalRotation_v4,2021.1.4,MacIntel,29.94011976,679054f2072d526265aabff2,67906c836c5f559b62ebc6b9,"[90,-45,45,45,0]","[45,90,-45,45,0]",,Blue_4,"[90,-45,45,45,0]","[45,90,-45,-45,0]",,,,,,,,,BLUE,5,Different,6,1,,,,,,5,0,1.0003,4,11,75,14,1,,,,,,,,,,,,,,,,,,,,,,,,,,,,,,,,,,,,,,,,,,,,,,
,,,,,,,,67863d420c27f3b6e5f57073,2025-01-21_19h57.49.203,VisualArraysMentalRotation_v4,2021.1.4,MacIntel,29.94011976,679054f2072d526265aabff2,67906c836c5f559b62ebc6b9,"[45,-45,-45,90,90]","[90,90,-45,0,0]",,Blue_1,"[45,-45,-45,90,90]","[45,90,-45,0,0]",,,,,,,,,BLUE,3,Different,6,1,,,,,,6,1,2.1923,4,12,76,12,1,,,,,,,,,,,,,,,,,,,,,,,,,,,,,,,,,,,,,,,,,,,,,,
,,,,,,,,67863d420c27f3b6e5f57073,2025-01-21_19h57.49.203,VisualArraysMentalRotation_v4,2021.1.4,MacIntel,29.94011976,679054f2072d526265aabff2,67906c836c5f559b62ebc6b9,"[90,-45,0,90,45]","[0,0,0,90,0]",,Red_2,"[90,-45,0,90,45]","[0,0,0,90,0]",,,,,,,,,RED,3,Same,5,1,,,,,,6,0,1.5831,4,13,77,0,1,,,,,,,,,,,,,,,,,,,,,,,,,,,,,,,,,,,,,,,,,,,,,,
,,,,,,,,67863d420c27f3b6e5f57073,2025-01-21_19h57.49.203,VisualArraysMentalRotation_v4,2021.1.4,MacIntel,29.94011976,679054f2072d526265aabff2,67906c836c5f559b62ebc6b9,"[-45,90,90,0,90]","[0,-45,-45,0,0]",,Red_3,"[-45,90,-45,0,90]","[0,-45,-45,0,0]",,,,,,,,,RED,5,Different,6,3,,,,,,6,1,0.6668,4,14,78,7,1,,,,,,,,,,,,,,,,,,,,,,,,,,,,,,,,,,,,,,,,,,,,,,
,,,,,,,,67863d420c27f3b6e5f57073,2025-01-21_19h57.49.203,VisualArraysMentalRotation_v4,2021.1.4,MacIntel,29.94011976,679054f2072d526265aabff2,67906c836c5f559b62ebc6b9,"[0,0,90,90,45]","[90,-45,45,-45,0]",,Blue_2,"[0,0,90,90,45]","[90,-45,45,-45,0]",,,,,,,,,BLUE,3,Same,5,1,,,,,,5,1,0.6341,4,15,79,8,1,,,,,,,,,,,,,,,,,,,,,,,,,,,,,,,,,,,,,,,,,,,,,,
,,,,,,,,67863d420c27f3b6e5f57073,2025-01-21_19h57.49.203,VisualArraysMentalRotation_v4,2021.1.4,MacIntel,29.94011976,679054f2072d526265aabff2,67906c836c5f559b62ebc6b9,"[45,90,90,-45,-45]","[0,-45,90,90,45]",,Red_2,"[45,90,90,-45,-45]","[0,-45,90,90,45]",,,,,,,,,RED,5,Same,5,1,,,,,,6,0,1.3342,5,0,80,2,1,,,,,,,,,,,,,,,,,,,,,,,,,,,,,,,,,,,,,,,,,,,,,,
,,,,,,,,67863d420c27f3b6e5f57073,2025-01-21_19h57.49.203,VisualArraysMentalRotation_v4,2021.1.4,MacIntel,29.94011976,679054f2072d526265aabff2,67906c836c5f559b62ebc6b9,"[90,-45,-45,45,45]","[90,0,-45,45,45]",,Red_1,"[0,-45,-45,45,45]","[90,0,-45,45,45]",,,,,,,,,RED,5,Different,6,1,,,,,,5,0,2.0801,5,1,81,6,1,,,,,,,,,,,,,,,,,,,,,,,,,,,,,,,,,,,,,,,,,,,,,,
,,,,,,,,67863d420c27f3b6e5f57073,2025-01-21_19h57.49.203,VisualArraysMentalRotation_v4,2021.1.4,MacIntel,29.94011976,679054f2072d526265aabff2,67906c836c5f559b62ebc6b9,"[90,-45,0,-45,-45]","[90,45,0,45,90]",,Blue_2,"[90,-45,0,-45,-45]","[90,-45,0,45,90]",,,,,,,,,BLUE,3,Different,6,1,,,,,,6,1,0.8569,5,2,82,12,1,,,,,,,,,,,,,,,,,,,,,,,,,,,,,,,,,,,,,,,,,,,,,,
,,,,,,,,67863d420c27f3b6e5f57073,2025-01-21_19h57.49.203,VisualArraysMentalRotation_v4,2021.1.4,MacIntel,29.94011976,679054f2072d526265aabff2,67906c836c5f559b62ebc6b9,"[-45,-45,90,-45,-45]","[90,-45,45,90,45]",,Blue_1,"[-45,-45,90,-45,-45]","[45,-45,45,90,45]",,,,,,,,,BLUE,5,Different,6,1,,,,,,6,1,1.0337,5,3,83,14,1,,,,,,,,,,,,,,,,,,,,,,,,,,,,,,,,,,,,,,,,,,,,,,
,,,,,,,,67863d420c27f3b6e5f57073,2025-01-21_19h57.49.203,VisualArraysMentalRotation_v4,2021.1.4,MacIntel,29.94011976,679054f2072d526265aabff2,67906c836c5f559b62ebc6b9,"[0,90,45,0,-45]","[0,45,45,45,0]",,Blue_4,"[0,90,45,0,-45]","[0,45,45,90,0]",,,,,,,,,BLUE,5,Different,6,3,,,,,,5,0,0.6843,5,4,84,15,1,,,,,,,,,,,,,,,,,,,,,,,,,,,,,,,,,,,,,,,,,,,,,,
,,,,,,,,67863d420c27f3b6e5f57073,2025-01-21_19h57.49.203,VisualArraysMentalRotation_v4,2021.1.4,MacIntel,29.94011976,679054f2072d526265aabff2,67906c836c5f559b62ebc6b9,"[0,90,45,-45,90]","[90,90,45,45,90]",,Red_1,"[90,90,45,-45,90]","[90,90,45,45,90]",,,,,,,,,RED,3,Different,6,3,,,,,,5,0,1.5498,5,5,85,5,1,,,,,,,,,,,,,,,,,,,,,,,,,,,,,,,,,,,,,,,,,,,,,,
,,,,,,,,67863d420c27f3b6e5f57073,2025-01-21_19h57.49.203,VisualArraysMentalRotation_v4,2021.1.4,MacIntel,29.94011976,679054f2072d526265aabff2,67906c836c5f559b62ebc6b9,"[0,90,-45,45,0]","[90,-45,90,0,45]",,Blue_2,"[0,90,-45,45,0]","[90,-45,90,0,45]",,,,,,,,,BLUE,5,Same,5,1,,,,,,6,0,1.7,5,6,86,10,1,,,,,,,,,,,,,,,,,,,,,,,,,,,,,,,,,,,,,,,,,,,,,,
,,,,,,,,67863d420c27f3b6e5f57073,2025-01-21_19h57.49.203,VisualArraysMentalRotation_v4,2021.1.4,MacIntel,29.94011976,679054f2072d526265aabff2,67906c836c5f559b62ebc6b9,"[45,-45,-45,-45,45]","[0,45,45,-45,0]",,Red_2,"[45,-45,-45,-45,45]","[0,45,45,-45,0]",,,,,,,,,RED,3,Same,5,3,,,,,,6,0,0.6348,5,7,87,1,1,,,,,,,,,,,,,,,,,,,,,,,,,,,,,,,,,,,,,,,,,,,,,,
,,,,,,,,67863d420c27f3b6e5f57073,2025-01-21_19h57.49.203,VisualArraysMentalRotation_v4,2021.1.4,MacIntel,29.94011976,679054f2072d526265aabff2,67906c836c5f559b62ebc6b9,"[45,90,90,0,45]","[45,-45,45,90,90]",,Blue_2,"[45,90,90,0,45]","[45,90,45,90,90]",,,,,,,,,BLUE,3,Different,6,3,,,,,,6,1,3.816,5,8,88,13,1,,,,,,,,,,,,,,,,,,,,,,,,,,,,,,,,,,,,,,,,,,,,,,
,,,,,,,,67863d420c27f3b6e5f57073,2025-01-21_19h57.49.203,VisualArraysMentalRotation_v4,2021.1.4,MacIntel,29.94011976,679054f2072d526265aabff2,67906c836c5f559b62ebc6b9,"[45,45,-45,-45,90]","[90,90,-45,0,-45]",,Red_3,"[45,45,90,-45,90]","[90,90,-45,0,-45]",,,,,,,,,RED,3,Different,6,1,,,,,,5,0,2.017,5,9,89,4,1,,,,,,,,,,,,,,,,,,,,,,,,,,,,,,,,,,,,,,,,,,,,,,
,,,,,,,,67863d420c27f3b6e5f57073,2025-01-21_19h57.49.203,VisualArraysMentalRotation_v4,2021.1.4,MacIntel,29.94011976,679054f2072d526265aabff2,67906c836c5f559b62ebc6b9,"[45,90,45,-45,-45]","[-45,90,0,45,0]",,Red_5,"[45,90,45,-45,-45]","[-45,90,0,45,0]",,,,,,,,,RED,5,Same,5,3,,,,,,6,0,1.3458,5,10,90,3,1,,,,,,,,,,,,,,,,,,,,,,,,,,,,,,,,,,,,,,,,,,,,,,
,,,,,,,,67863d420c27f3b6e5f57073,2025-01-21_19h57.49.203,VisualArraysMentalRotation_v4,2021.1.4,MacIntel,29.94011976,679054f2072d526265aabff2,67906c836c5f559b62ebc6b9,"[0,-45,-45,0,0]","[90,90,90,0,0]",,Blue_2,"[0,-45,-45,0,0]","[90,90,90,0,0]",,,,,,,,,BLUE,3,Same,5,3,,,,,,5,1,0.5879,5,11,91,9,1,,,,,,,,,,,,,,,,,,,,,,,,,,,,,,,,,,,,,,,,,,,,,,
,,,,,,,,67863d420c27f3b6e5f57073,2025-01-21_19h57.49.203,VisualArraysMentalRotation_v4,2021.1.4,MacIntel,29.94011976,679054f2072d526265aabff2,67906c836c5f559b62ebc6b9,"[0,45,90,45,90]","[-45,0,0,-45,45]",,Blue_3,"[0,45,90,45,90]","[-45,0,0,-45,45]",,,,,,,,,BLUE,3,Same,5,1,,,,,,6,0,1.317,5,12,92,8,1,,,,,,,,,,,,,,,,,,,,,,,,,,,,,,,,,,,,,,,,,,,,,,
,,,,,,,,67863d420c27f3b6e5f57073,2025-01-21_19h57.49.203,VisualArraysMentalRotation_v4,2021.1.4,MacIntel,29.94011976,679054f2072d526265aabff2,67906c836c5f559b62ebc6b9,"[0,-45,0,90,90]","[90,90,45,45,45]",,Red_1,"[0,-45,0,90,90]","[90,90,45,45,45]",,,,,,,,,RED,3,Same,5,1,,,,,,6,0,1.8834,5,13,93,0,1,,,,,,,,,,,,,,,,,,,,,,,,,,,,,,,,,,,,,,,,,,,,,,
,,,,,,,,67863d420c27f3b6e5f57073,2025-01-21_19h57.49.203,VisualArraysMentalRotation_v4,2021.1.4,MacIntel,29.94011976,679054f2072d526265aabff2,67906c836c5f559b62ebc6b9,"[0,0,90,45,90]","[0,0,0,-45,90]",,Red_3,"[0,0,0,45,90]","[0,0,0,-45,90]",,,,,,,,,RED,5,Different,6,3,,,,,,5,0,1.2841,5,14,94,7,1,,,,,,,,,,,,,,,,,,,,,,,,,,,,,,,,,,,,,,,,,,,,,,
,,,,,,,,67863d420c27f3b6e5f57073,2025-01-21_19h57.49.203,VisualArraysMentalRotation_v4,2021.1.4,MacIntel,29.94011976,679054f2072d526265aabff2,67906c836c5f559b62ebc6b9,"[0,0,0,90,90]","[0,90,90,-45,-45]",,Blue_2,"[0,0,0,90,90]","[0,90,90,-45,-45]",,,,,,,,,BLUE,5,Same,5,3,,,,,,6,0,1.1237,5,15,95,11,1,,,,,,,,,,,,,,,,,,,,,,,,,,,,,,,,,,,,,,,,,,,,,,
,,,,,,,,67863d420c27f3b6e5f57073,2025-01-21_19h57.49.203,VisualArraysMentalRotation_v4,2021.1.4,MacIntel,29.94011976,679054f2072d526265aabff2,67906c836c5f559b62ebc6b9,"[-45,0,45,-45,45]","[0,0,-45,-45,45]",,Blue_1,"[-45,0,45,-45,45]","[0,0,-45,-45,45]",,,,,,,,,BLUE,3,Same,5,1,,,,,,6,0,0.8144,6,0,96,8,1,,,,,,,,,,,,,,,,,,,,,,,,,,,,,,,,,,,,,,,,,,,,,,
,,,,,,,,67863d420c27f3b6e5f57073,2025-01-21_19h57.49.203,VisualArraysMentalRotation_v4,2021.1.4,MacIntel,29.94011976,679054f2072d526265aabff2,67906c836c5f559b62ebc6b9,"[-45,-45,0,90,0]","[45,0,90,45,90]",,Red_3,"[-45,-45,-45,90,0]","[45,0,90,45,90]",,,,,,,,,RED,5,Different,6,1,,,,,,5,0,1.2154,6,1,97,6,1,,,,,,,,,,,,,,,,,,,,,,,,,,,,,,,,,,,,,,,,,,,,,,
,,,,,,,,67863d420c27f3b6e5f57073,2025-01-21_19h57.49.203,VisualArraysMentalRotation_v4,2021.1.4,MacIntel,29.94011976,679054f2072d526265aabff2,67906c836c5f559b62ebc6b9,"[90,0,90,-45,90]","[0,-45,90,90,45]",,Blue_1,"[90,0,90,-45,90]","[-45,-45,90,90,45]",,,,,,,,,BLUE,5,Different,6,1,,,,,,6,1,1.3673,6,2,98,14,1,,,,,,,,,,,,,,,,,,,,,,,,,,,,,,,,,,,,,,,,,,,,,,
,,,,,,,,67863d420c27f3b6e5f57073,2025-01-21_19h57.49.203,VisualArraysMentalRotation_v4,2021.1.4,MacIntel,29.94011976,679054f2072d526265aabff2,67906c836c5f559b62ebc6b9,"[90,-45,-45,0,0]","[-45,45,45,-45,45]",,Blue_1,"[90,-45,-45,0,0]","[45,45,45,-45,45]",,,,,,,,,BLUE,3,Different,6,1,,,,,,5,0,0.4867,6,3,99,12,1,,,,,,,,,,,,,,,,,,,,,,,,,,,,,,,,,,,,,,,,,,,,,,
,,,,,,,,67863d420c27f3b6e5f57073,2025-01-21_19h57.49.203,VisualArraysMentalRotation_v4,2021.1.4,MacIntel,29.94011976,679054f2072d526265aabff2,67906c836c5f559b62ebc6b9,"[45,45,90,-45,45]","[45,-45,0,90,0]",,Red_4,"[45,45,90,-45,45]","[45,-45,0,90,0]",,,,,,,,,RED,5,Same,5,3,,,,,,6,0,1.2251,6,4,100,3,1,,,,,,,,,,,,,,,,,,,,,,,,,,,,,,,,,,,,,,,,,,,,,,
,,,,,,,,67863d420c27f3b6e5f57073,2025-01-21_19h57.49.203,VisualArraysMentalRotation_v4,2021.1.4,MacIntel,29.94011976,679054f2072d526265aabff2,67906c836c5f559b62ebc6b9,"[90,-45,45,0,-45]","[0,0,45,-45,-45]",,Red_2,"[90,-45,45,0,-45]","[0,0,45,-45,-45]",,,,,,,,,RED,3,Same,5,1,,,,,,6,0,1.3846,6,5,101,0,1,,,,,,,,,,,,,,,,,,,,,,,,,,,,,,,,,,,,,,,,,,,,,,
,,,,,,,,67863d420c27f3b6e5f57073,2025-01-21_19h57.49.203,VisualArraysMentalRotation_v4,2021.1.4,MacIntel,29.94011976,679054f2072d526265aabff2,67906c836c5f559b62ebc6b9,"[45,90,45,-45,0]","[45,-45,45,-45,90]",,Red_1,"[45,90,45,-45,0]","[45,-45,45,-45,90]",,,,,,,,,RED,3,Same,5,3,,,,,,6,0,0.3626,6,6,102,1,1,,,,,,,,,,,,,,,,,,,,,,,,,,,,,,,,,,,,,,,,,,,,,,
,,,,,,,,67863d420c27f3b6e5f57073,2025-01-21_19h57.49.203,VisualArraysMentalRotation_v4,2021.1.4,MacIntel,29.94011976,679054f2072d526265aabff2,67906c836c5f559b62ebc6b9,"[45,90,45,0,0]","[45,0,0,-45,-45]",,Red_1,"[45,90,45,0,0]","[45,0,0,-45,-45]",,,,,,,,,RED,5,Same,5,1,,,,,,6,0,1.0165,6,7,103,2,1,,,,,,,,,,,,,,,,,,,,,,,,,,,,,,,,,,,,,,,,,,,,,,
,,,,,,,,67863d420c27f3b6e5f57073,2025-01-21_19h57.49.203,VisualArraysMentalRotation_v4,2021.1.4,MacIntel,29.94011976,679054f2072d526265aabff2,67906c836c5f559b62ebc6b9,"[45,45,0,90,45]","[0,0,-45,90,90]",,Red_2,"[45,-45,0,90,45]","[0,0,-45,90,90]",,,,,,,,,RED,3,Different,6,3,,,,,,5,0,0.4862,6,8,104,5,1,,,,,,,,,,,,,,,,,,,,,,,,,,,,,,,,,,,,,,,,,,,,,,
,,,,,,,,67863d420c27f3b6e5f57073,2025-01-21_19h57.49.203,VisualArraysMentalRotation_v4,2021.1.4,MacIntel,29.94011976,679054f2072d526265aabff2,67906c836c5f559b62ebc6b9,"[-45,0,0,90,90]","[0,45,0,90,0]",,Blue_1,"[-45,0,0,90,90]","[-45,45,0,90,0]",,,,,,,,,BLUE,3,Different,6,3,,,,,,6,1,1.5343,6,9,105,13,1,,,,,,,,,,,,,,,,,,,,,,,,,,,,,,,,,,,,,,,,,,,,,,
,,,,,,,,67863d420c27f3b6e5f57073,2025-01-21_19h57.49.203,VisualArraysMentalRotation_v4,2021.1.4,MacIntel,29.94011976,679054f2072d526265aabff2,67906c836c5f559b62ebc6b9,"[90,-45,0,90,-45]","[-45,45,90,0,45]",,Red_3,"[90,-45,90,90,-45]","[-45,45,90,0,45]",,,,,,,,,RED,3,Different,6,1,,,,,,5,0,0.8262,6,10,106,4,1,,,,,,,,,,,,,,,,,,,,,,,,,,,,,,,,,,,,,,,,,,,,,,
,,,,,,,,67863d420c27f3b6e5f57073,2025-01-21_19h57.49.203,VisualArraysMentalRotation_v4,2021.1.4,MacIntel,29.94011976,679054f2072d526265aabff2,67906c836c5f559b62ebc6b9,"[0,90,-45,-45,-45]","[90,45,-45,90,0]",,Blue_4,"[0,90,-45,-45,-45]","[90,45,-45,90,0]",,,,,,,,,BLUE,5,Same,5,1,,,,,,6,0,3.2573,6,11,107,10,1,,,,,,,,,,,,,,,,,,,,,,,,,,,,,,,,,,,,,,,,,,,,,,
,,,,,,,,67863d420c27f3b6e5f57073,2025-01-21_19h57.49.203,VisualArraysMentalRotation_v4,2021.1.4,MacIntel,29.94011976,679054f2072d526265aabff2,67906c836c5f559b62ebc6b9,"[45,-45,90,45,0]","[-45,0,-45,45,0]",,Red_5,"[45,-45,90,45,-45]","[-45,0,-45,45,0]",,,,,,,,,RED,5,Different,6,3,,,,,,5,0,4.0213,6,12,108,7,1,,,,,,,,,,,,,,,,,,,,,,,,,,,,,,,,,,,,,,,,,,,,,,
,,,,,,,,67863d420c27f3b6e5f57073,2025-01-21_19h57.49.203,VisualArraysMentalRotation_v4,2021.1.4,MacIntel,29.94011976,679054f2072d526265aabff2,67906c836c5f559b62ebc6b9,"[0,45,0,90,45]","[0,-45,90,0,90]",,Blue_2,"[0,45,0,90,45]","[0,-45,90,0,90]",,,,,,,,,BLUE,3,Same,5,3,,,,,,5,1,2.8175,6,13,109,9,1,,,,,,,,,,,,,,,,,,,,,,,,,,,,,,,,,,,,,,,,,,,,,,
,,,,,,,,67863d420c27f3b6e5f57073,2025-01-21_19h57.49.203,VisualArraysMentalRotation_v4,2021.1.4,MacIntel,29.94011976,679054f2072d526265aabff2,67906c836c5f559b62ebc6b9,"[0,45,45,90,45]","[90,-45,-45,45,-45]",,Blue_1,"[0,45,45,90,45]","[0,-45,-45,45,-45]",,,,,,,,,BLUE,5,Different,6,3,,,,,,6,1,2.1824,6,14,110,15,1,,,,,,,,,,,,,,,,,,,,,,,,,,,,,,,,,,,,,,,,,,,,,,
,,,,,,,,67863d420c27f3b6e5f57073,2025-01-21_19h57.49.203,VisualArraysMentalRotation_v4,2021.1.4,MacIntel,29.94011976,679054f2072d526265aabff2,67906c836c5f559b62ebc6b9,"[-45,45,45,0,90]","[0,90,45,90,-45]",,Blue_2,"[-45,45,45,0,90]","[0,90,45,90,-45]",,,,,,,,,BLUE,5,Same,5,3,,,,,,5,1,1.8928,6,15,111,11,1,,,,,,,,,,,,,,,,,,,,,,,,,,,,,,,,,,,,,,,,,,,,,,
,,,,,,,,67863d420c27f3b6e5f57073,2025-01-21_19h57.49.203,VisualArraysMentalRotation_v4,2021.1.4,MacIntel,29.94011976,679054f2072d526265aabff2,67906c836c5f559b62ebc6b9,,,,,,,,,,,,,,,,,,,,,,,,,,,,,,,,,0,0,0,0,1,,,,,,,,,,,,,,,,,,,,,,,,,,,,,,,,,,,,,,,,,
,,,,,,,,67863d420c27f3b6e5f57073,2025-01-21_19h57.49.203,VisualArraysMentalRotation_v4,2021.1.4,MacIntel,29.94011976,679054f2072d526265aabff2,67906c836c5f559b62ebc6b9,,,,,,,,,,,,,,,,,,,,,,,,,,,,,,,,,,,,,,0,0,0,0,1,1,0,,,,,,,,,,,,,,,,,,,,,,,,,,,,,,,,,,
,,,,,,,,67863d420c27f3b6e5f57073,2025-01-21_19h57.49.203,VisualArraysMentalRotation_v4,2021.1.4,MacIntel,29.94011976,679054f2072d526265aabff2,67906c836c5f559b62ebc6b9,,,,,,,,,,,,,,,,,,,,,,,,,,,,,,,,,,,,,,,,,,,,,n,1,1.9234,0,0,0,9,1,PracticeStim/36_100_R.jpg,100,Different,n,,,,,,,,,,,,,,,,,,,,,,
,,,,,,,,67863d420c27f3b6e5f57073,2025-01-21_19h57.49.203,VisualArraysMentalRotation_v4,2021.1.4,MacIntel,29.94011976,679054f2072d526265aabff2,67906c836c5f559b62ebc6b9,,,,,,,,,,,,,,,,,,,,,,,,,,,,,,,,,,,,,,,,,,,,,n,0,1.0055,0,1,1,11,1,PracticeStim/42_50.jpg,50,Same,b,,,,,,,,,,,,,,,,,,,,,,
,,,,,,,,67863d420c27f3b6e5f57073,2025-01-21_19h57.49.203,VisualArraysMentalRotation_v4,2021.1.4,MacIntel,29.94011976,679054f2072d526265aabff2,67906c836c5f559b62ebc6b9,,,,,,,,,,,,,,,,,,,,,,,,,,,,,,,,,,,,,,,,,,,,,n,0,3.4722,0,2,2,5,1,PracticeStim/26_150.jpg,150,Same,b,,,,,,,,,,,,,,,,,,,,,,
,,,,,,,,67863d420c27f3b6e5f57073,2025-01-21_19h57.49.203,VisualArraysMentalRotation_v4,2021.1.4,MacIntel,29.94011976,679054f2072d526265aabff2,67906c836c5f559b62ebc6b9,,,,,,,,,,,,,,,,,,,,,,,,,,,,,,,,,,,,,,,,,,,,,b,1,5.2102,0,3,3,4,1,PracticeStim/25_150.jpg,150,Same,b,,,,,,,,,,,,,,,,,,,,,,
,,,,,,,,67863d420c27f3b6e5f57073,2025-01-21_19h57.49.203,VisualArraysMentalRotation_v4,2021.1.4,MacIntel,29.94011976,679054f2072d526265aabff2,67906c836c5f559b62ebc6b9,,,,,,,,,,,,,,,,,,,,,,,,,,,,,,,,,,,,,,,,,,,,,b,0,2.8106,0,4,4,1,1,PracticeStim/9_100_R.jpg,100,Different,n,,,,,,,,,,,,,,,,,,,,,,
,,,,,,,,67863d420c27f3b6e5f57073,2025-01-21_19h57.49.203,VisualArraysMentalRotation_v4,2021.1.4,MacIntel,29.94011976,679054f2072d526265aabff2,67906c836c5f559b62ebc6b9,,,,,,,,,,,,,,,,,,,,,,,,,,,,,,,,,,,,,,,,,,,,,n,1,3.0262,0,5,5,7,1,PracticeStim/31_50_R.jpg,50,Different,n,,,,,,,,,,,,,,,,,,,,,,
,,,,,,,,67863d420c27f3b6e5f57073,2025-01-21_19h57.49.203,VisualArraysMentalRotation_v4,2021.1.4,MacIntel,29.94011976,679054f2072d526265aabff2,67906c836c5f559b62ebc6b9,,,,,,,,,,,,,,,,,,,,,,,,,,,,,,,,,,,,,,,,,,,,,n,1,5.3773,0,6,6,0,1,PracticeStim/7_100_R.jpg,100,Different,n,,,,,,,,,,,,,,,,,,,,,,
,,,,,,,,67863d420c27f3b6e5f57073,2025-01-21_19h57.49.203,VisualArraysMentalRotation_v4,2021.1.4,MacIntel,29.94011976,679054f2072d526265aabff2,67906c836c5f559b62ebc6b9,,,,,,,,,,,,,,,,,,,,,,,,,,,,,,,,,,,,,,,,,,,,,n,0,2.1777,0,7,7,2,1,PracticeStim/17_50.jpg,50,Same,b,,,,,,,,,,,,,,,,,,,,,,
,,,,,,,,67863d420c27f3b6e5f57073,2025-01-21_19h57.49.203,VisualArraysMentalRotation_v4,2021.1.4,MacIntel,29.94011976,679054f2072d526265aabff2,67906c836c5f559b62ebc6b9,,,,,,,,,,,,,,,,,,,,,,,,,,,,,,,,,,,,,,,,,,,,,b,1,3.1114,0,8,8,3,1,PracticeStim/18_150.jpg,150,Same,b,,,,,,,,,,,,,,,,,,,,,,
,,,,,,,,67863d420c27f3b6e5f57073,2025-01-21_19h57.49.203,VisualArraysMentalRotation_v4,2021.1.4,MacIntel,29.94011976,679054f2072d526265aabff2,67906c836c5f559b62ebc6b9,,,,,,,,,,,,,,,,,,,,,,,,,,,,,,,,,,,,,,,,,,,,,b,0,2.9936,0,9,9,6,1,PracticeStim/30_100_R.jpg,100,Different,n,,,,,,,,,,,,,,,,,,,,,,
,,,,,,,,67863d420c27f3b6e5f57073,2025-01-21_19h57.49.203,VisualArraysMentalRotation_v4,2021.1.4,MacIntel,29.94011976,679054f2072d526265aabff2,67906c836c5f559b62ebc6b9,,,,,,,,,,,,,,,,,,,,,,,,,,,,,,,,,,,,,,,,,,,,,n,1,4.3492,0,10,10,8,1,PracticeStim/33_50_R.jpg,50,Different,n,,,,,,,,,,,,,,,,,,,,,,
,,,,,,,,67863d420c27f3b6e5f57073,2025-01-21_19h57.49.203,VisualArraysMentalRotation_v4,2021.1.4,MacIntel,29.94011976,679054f2072d526265aabff2,67906c836c5f559b62ebc6b9,,,,,,,,,,,,,,,,,,,,,,,,,,,,,,,,,,,,,,,,,,,,,b,1,1.4095,0,11,11,10,1,PracticeStim/41_150.jpg,150,Same,b,,,,,,,,,,,,,,,,,,,,,,
,,,,,,,,67863d420c27f3b6e5f57073,2025-01-21_19h57.49.203,VisualArraysMentalRotation_v4,2021.1.4,MacIntel,29.94011976,679054f2072d526265aabff2,67906c836c5f559b62ebc6b9,,,,,,,,,,,,,,,,,,,,,,,,,,,,,,,,,,,,,,,,,,,,,,,,,,,,,,,,,0,0,0,0,1,,,,,,,,,,,,,,,,,
,,,,,,,,67863d420c27f3b6e5f57073,2025-01-21_19h57.49.203,VisualArraysMentalRotation_v4,2021.1.4,MacIntel,29.94011976,679054f2072d526265aabff2,67906c836c5f559b62ebc6b9,,,,,,,,,,,,,,,,,,,,,,,,,,,,,,,,,,,,,,,,,,,,,n,1,2.1732,0,0,0,1,1,PracticeStim/9_100_R.jpg,100,Different,n,,,,,,,,,,,,,,,,,,,,,,
,,,,,,,,67863d420c27f3b6e5f57073,2025-01-21_19h57.49.203,VisualArraysMentalRotation_v4,2021.1.4,MacIntel,29.94011976,679054f2072d526265aabff2,67906c836c5f559b62ebc6b9,,,,,,,,,,,,,,,,,,,,,,,,,,,,,,,,,,,,,,,,,,,,,n,1,5.6611,0,1,1,7,1,PracticeStim/31_50_R.jpg,50,Different,n,,,,,,,,,,,,,,,,,,,,,,
,,,,,,,,67863d420c27f3b6e5f57073,2025-01-21_19h57.49.203,VisualArraysMentalRotation_v4,2021.1.4,MacIntel,29.94011976,679054f2072d526265aabff2,67906c836c5f559b62ebc6b9,,,,,,,,,,,,,,,,,,,,,,,,,,,,,,,,,,,,,,,,,,,,,n,1,1.8431,0,2,2,9,1,PracticeStim/36_100_R.jpg,100,Different,n,,,,,,,,,,,,,,,,,,,,,,
,,,,,,,,67863d420c27f3b6e5f57073,2025-01-21_19h57.49.203,VisualArraysMentalRotation_v4,2021.1.4,MacIntel,29.94011976,679054f2072d526265aabff2,67906c836c5f559b62ebc6b9,,,,,,,,,,,,,,,,,,,,,,,,,,,,,,,,,,,,,,,,,,,,,n,0,2.746,0,3,3,3,1,PracticeStim/18_150.jpg,150,Same,b,,,,,,,,,,,,,,,,,,,,,,
,,,,,,,,67863d420c27f3b6e5f57073,2025-01-21_19h57.49.203,VisualArraysMentalRotation_v4,2021.1.4,MacIntel,29.94011976,679054f2072d526265aabff2,67906c836c5f559b62ebc6b9,,,,,,,,,,,,,,,,,,,,,,,,,,,,,,,,,,,,,,,,,,,,,b,0,2.2966,0,4,4,6,1,PracticeStim/30_100_R.jpg,100,Different,n,,,,,,,,,,,,,,,,,,,,,,
,,,,,,,,67863d420c27f3b6e5f57073,2025-01-21_19h57.49.203,VisualArraysMentalRotation_v4,2021.1.4,MacIntel,29.94011976,679054f2072d526265aabff2,67906c836c5f559b62ebc6b9,,,,,,,,,,,,,,,,,,,,,,,,,,,,,,,,,,,,,,,,,,,,,n,1,1.8799,0,5,5,8,1,PracticeStim/33_50_R.jpg,50,Different,n,,,,,,,,,,,,,,,,,,,,,,
,,,,,,,,67863d420c27f3b6e5f57073,2025-01-21_19h57.49.203,VisualArraysMentalRotation_v4,2021.1.4,MacIntel,29.94011976,679054f2072d526265aabff2,67906c836c5f559b62ebc6b9,,,,,,,,,,,,,,,,,,,,,,,,,,,,,,,,,,,,,,,,,,,,,b,1,1.8948,0,6,6,5,1,PracticeStim/26_150.jpg,150,Same,b,,,,,,,,,,,,,,,,,,,,,,
,,,,,,,,67863d420c27f3b6e5f57073,2025-01-21_19h57.49.203,VisualArraysMentalRotation_v4,2021.1.4,MacIntel,29.94011976,679054f2072d526265aabff2,67906c836c5f559b62ebc6b9,,,,,,,,,,,,,,,,,,,,,,,,,,,,,,,,,,,,,,,,,,,,,n,1,2.9432,0,7,7,0,1,PracticeStim/7_100_R.jpg,100,Different,n,,,,,,,,,,,,,,,,,,,,,,
,,,,,,,,67863d420c27f3b6e5f57073,2025-01-21_19h57.49.203,VisualArraysMentalRotation_v4,2021.1.4,MacIntel,29.94011976,679054f2072d526265aabff2,67906c836c5f559b62ebc6b9,,,,,,,,,,,,,,,,,,,,,,,,,,,,,,,,,,,,,,,,,,,,,b,1,3.3552,0,8,8,10,1,PracticeStim/41_150.jpg,150,Same,b,,,,,,,,,,,,,,,,,,,,,,
,,,,,,,,67863d420c27f3b6e5f57073,2025-01-21_19h57.49.203,VisualArraysMentalRotation_v4,2021.1.4,MacIntel,29.94011976,679054f2072d526265aabff2,67906c836c5f559b62ebc6b9,,,,,,,,,,,,,,,,,,,,,,,,,,,,,,,,,,,,,,,,,,,,,b,1,3.1611,0,9,9,4,1,PracticeStim/25_150.jpg,150,Same,b,,,,,,,,,,,,,,,,,,,,,,
,,,,,,,,67863d420c27f3b6e5f57073,2025-01-21_19h57.49.203,VisualArraysMentalRotation_v4,2021.1.4,MacIntel,29.94011976,679054f2072d526265aabff2,67906c836c5f559b62ebc6b9,,,,,,,,,,,,,,,,,,,,,,,,,,,,,,,,,,,,,,,,,,,,,n,0,1.822,0,10,10,2,1,PracticeStim/17_50.jpg,50,Same,b,,,,,,,,,,,,,,,,,,,,,,
,,,,,,,,67863d420c27f3b6e5f57073,2025-01-21_19h57.49.203,VisualArraysMentalRotation_v4,2021.1.4,MacIntel,29.94011976,679054f2072d526265aabff2,67906c836c5f559b62ebc6b9,,,,,,,,,,,,,,,,,,,,,,,,,,,,,,,,,,,,,,,,,,,,,n,0,2.7598,0,11,11,11,1,PracticeStim/42_50.jpg,50,Same,b,,,,,,,,,,,,,,,,,,,,,,
,,,,,,,,67863d420c27f3b6e5f57073,2025-01-21_19h57.49.203,VisualArraysMentalRotation_v4,2021.1.4,MacIntel,29.94011976,679054f2072d526265aabff2,67906c836c5f559b62ebc6b9,,,,,,,,,,,,,,,,,,,,,,,,,,,,,,,,,,,,,,,,,,,,,,,,,,,,,,,,,1,0,1,0,1,,,,,,,,,,,,,,,,,
,,,,,,,,67863d420c27f3b6e5f57073,2025-01-21_19h57.49.203,VisualArraysMentalRotation_v4,2021.1.4,MacIntel,29.94011976,679054f2072d526265aabff2,67906c836c5f559b62ebc6b9,,,,,,,,,,,,,,,,,,,,,,,,,,,,,,,,,,,,,,,,,,,,,b,1,3.8829,0,0,0,2,1,PracticeStim/17_50.jpg,50,Same,b,,,,,,,,,,,,,,,,,,,,,,
,,,,,,,,67863d420c27f3b6e5f57073,2025-01-21_19h57.49.203,VisualArraysMentalRotation_v4,2021.1.4,MacIntel,29.94011976,679054f2072d526265aabff2,67906c836c5f559b62ebc6b9,,,,,,,,,,,,,,,,,,,,,,,,,,,,,,,,,,,,,,,,,,,,,n,1,3.3155,0,1,1,6,1,PracticeStim/30_100_R.jpg,100,Different,n,,,,,,,,,,,,,,,,,,,,,,
,,,,,,,,67863d420c27f3b6e5f57073,2025-01-21_19h57.49.203,VisualArraysMentalRotation_v4,2021.1.4,MacIntel,29.94011976,679054f2072d526265aabff2,67906c836c5f559b62ebc6b9,,,,,,,,,,,,,,,,,,,,,,,,,,,,,,,,,,,,,,,,,,,,,n,1,2.5981,0,2,2,9,1,PracticeStim/36_100_R.jpg,100,Different,n,,,,,,,,,,,,,,,,,,,,,,
,,,,,,,,67863d420c27f3b6e5f57073,2025-01-21_19h57.49.203,VisualArraysMentalRotation_v4,2021.1.4,MacIntel,29.94011976,679054f2072d526265aabff2,67906c836c5f559b62ebc6b9,,,,,,,,,,,,,,,,,,,,,,,,,,,,,,,,,,,,,,,,,,,,,n,0,3.9301,0,3,3,11,1,PracticeStim/42_50.jpg,50,Same,b,,,,,,,,,,,,,,,,,,,,,,
,,,,,,,,67863d420c27f3b6e5f57073,2025-01-21_19h57.49.203,VisualArraysMentalRotation_v4,2021.1.4,MacIntel,29.94011976,679054f2072d526265aabff2,67906c836c5f559b62ebc6b9,,,,,,,,,,,,,,,,,,,,,,,,,,,,,,,,,,,,,,,,,,,,,b,1,2.9435,0,4,4,5,1,PracticeStim/26_150.jpg,150,Same,b,,,,,,,,,,,,,,,,,,,,,,
,,,,,,,,67863d420c27f3b6e5f57073,2025-01-21_19h57.49.203,VisualArraysMentalRotation_v4,2021.1.4,MacIntel,29.94011976,679054f2072d526265aabff2,67906c836c5f559b62ebc6b9,,,,,,,,,,,,,,,,,,,,,,,,,,,,,,,,,,,,,,,,,,,,,n,1,2.2143,0,5,5,7,1,PracticeStim/31_50_R.jpg,50,Different,n,,,,,,,,,,,,,,,,,,,,,,
,,,,,,,,67863d420c27f3b6e5f57073,2025-01-21_19h57.49.203,VisualArraysMentalRotation_v4,2021.1.4,MacIntel,29.94011976,679054f2072d526265aabff2,67906c836c5f559b62ebc6b9,,,,,,,,,,,,,,,,,,,,,,,,,,,,,,,,,,,,,,,,,,,,,n,1,2.4647,0,6,6,0,1,PracticeStim/7_100_R.jpg,100,Different,n,,,,,,,,,,,,,,,,,,,,,,
,,,,,,,,67863d420c27f3b6e5f57073,2025-01-21_19h57.49.203,VisualArraysMentalRotation_v4,2021.1.4,MacIntel,29.94011976,679054f2072d526265aabff2,67906c836c5f559b62ebc6b9,,,,,,,,,,,,,,,,,,,,,,,,,,,,,,,,,,,,,,,,,,,,,n,1,2.5811,0,7,7,1,1,PracticeStim/9_100_R.jpg,100,Different,n,,,,,,,,,,,,,,,,,,,,,,
,,,,,,,,67863d420c27f3b6e5f57073,2025-01-21_19h57.49.203,VisualArraysMentalRotation_v4,2021.1.4,MacIntel,29.94011976,679054f2072d526265aabff2,67906c836c5f559b62ebc6b9,,,,,,,,,,,,,,,,,,,,,,,,,,,,,,,,,,,,,,,,,,,,,b,1,1.9978,0,8,8,10,1,PracticeStim/41_150.jpg,150,Same,b,,,,,,,,,,,,,,,,,,,,,,
,,,,,,,,67863d420c27f3b6e5f57073,2025-01-21_19h57.49.203,VisualArraysMentalRotation_v4,2021.1.4,MacIntel,29.94011976,679054f2072d526265aabff2,67906c836c5f559b62ebc6b9,,,,,,,,,,,,,,,,,,,,,,,,,,,,,,,,,,,,,,,,,,,,,b,1,3.5693,0,9,9,4,1,PracticeStim/25_150.jpg,150,Same,b,,,,,,,,,,,,,,,,,,,,,,
,,,,,,,,67863d420c27f3b6e5f57073,2025-01-21_19h57.49.203,VisualArraysMentalRotation_v4,2021.1.4,MacIntel,29.94011976,679054f2072d526265aabff2,67906c836c5f559b62ebc6b9,,,,,,,,,,,,,,,,,,,,,,,,,,,,,,,,,,,,,,,,,,,,,n,1,2.8766,0,10,10,8,1,PracticeStim/33_50_R.jpg,50,Different,n,,,,,,,,,,,,,,,,,,,,,,
,,,,,,,,67863d420c27f3b6e5f57073,2025-01-21_19h57.49.203,VisualArraysMentalRotation_v4,2021.1.4,MacIntel,29.94011976,679054f2072d526265aabff2,67906c836c5f559b62ebc6b9,,,,,,,,,,,,,,,,,,,,,,,,,,,,,,,,,,,,,,,,,,,,,b,1,2.9973,0,11,11,3,1,PracticeStim/18_150.jpg,150,Same,b,,,,,,,,,,,,,,,,,,,,,,
,,,,,,,,67863d420c27f3b6e5f57073,2025-01-21_19h57.49.203,VisualArraysMentalRotation_v4,2021.1.4,MacIntel,29.94011976,679054f2072d526265aabff2,67906c836c5f559b62ebc6b9,,,,,,,,,,,,,,,,,,,,,,,,,,,,,,,,,,,,,,,,,,,,,,,,,,,,,,,,,,,,,,Stimuli/21_150_R.jpg,Different,150,n,b,0,5.4235,0,0,0,0,1,,,,,
,,,,,,,,67863d420c27f3b6e5f57073,2025-01-21_19h57.49.203,VisualArraysMentalRotation_v4,2021.1.4,MacIntel,29.94011976,679054f2072d526265aabff2,67906c836c5f559b62ebc6b9,,,,,,,,,,,,,,,,,,,,,,,,,,,,,,,,,,,,,,,,,,,,,,,,,,,,,,,,,,,,,,Stimuli/44_150.jpg,Same,150,b,n,0,4.9048,1,0,1,0,1,,,,,
,,,,,,,,67863d420c27f3b6e5f57073,2025-01-21_19h57.49.203,VisualArraysMentalRotation_v4,2021.1.4,MacIntel,29.94011976,679054f2072d526265aabff2,67906c836c5f559b62ebc6b9,,,,,,,,,,,,,,,,,,,,,,,,,,,,,,,,,,,,,,,,,,,,,,,,,,,,,,,,,,,,,,Stimuli/44_100.jpg,Same,100,b,n,0,2.2391,2,0,2,0,1,,,,,
,,,,,,,,67863d420c27f3b6e5f57073,2025-01-21_19h57.49.203,VisualArraysMentalRotation_v4,2021.1.4,MacIntel,29.94011976,679054f2072d526265aabff2,67906c836c5f559b62ebc6b9,,,,,,,,,,,,,,,,,,,,,,,,,,,,,,,,,,,,,,,,,,,,,,,,,,,,,,,,,,,,,,Stimuli/19_0.jpg,Same,0,b,b,1,2.0929,3,0,3,0,1,,,,,
,,,,,,,,67863d420c27f3b6e5f57073,2025-01-21_19h57.49.203,VisualArraysMentalRotation_v4,2021.1.4,MacIntel,29.94011976,679054f2072d526265aabff2,67906c836c5f559b62ebc6b9,,,,,,,,,,,,,,,,,,,,,,,,,,,,,,,,,,,,,,,,,,,,,,,,,,,,,,,,,,,,,,Stimuli/28_50_R.jpg,Different,50,n,,0,,4,0,4,0,1,,,,,
,,,,,,,,67863d420c27f3b6e5f57073,2025-01-21_19h57.49.203,VisualArraysMentalRotation_v4,2021.1.4,MacIntel,29.94011976,679054f2072d526265aabff2,67906c836c5f559b62ebc6b9,,,,,,,,,,,,,,,,,,,,,,,,,,,,,,,,,,,,,,,,,,,,,,,,,,,,,,,,,,,,,,Stimuli/43_50.jpg,Same,50,b,n,0,3.2438,5,0,5,0,1,,,,,
,,,,,,,,67863d420c27f3b6e5f57073,2025-01-21_19h57.49.203,VisualArraysMentalRotation_v4,2021.1.4,MacIntel,29.94011976,679054f2072d526265aabff2,67906c836c5f559b62ebc6b9,,,,,,,,,,,,,,,,,,,,,,,,,,,,,,,,,,,,,,,,,,,,,,,,,,,,,,,,,,,,,,Stimuli/44_0_R.jpg,Different,0,n,n,1,3.1862,6,0,6,0,1,,,,,
,,,,,,,,67863d420c27f3b6e5f57073,2025-01-21_19h57.49.203,VisualArraysMentalRotation_v4,2021.1.4,MacIntel,29.94011976,679054f2072d526265aabff2,67906c836c5f559b62ebc6b9,,,,,,,,,,,,,,,,,,,,,,,,,,,,,,,,,,,,,,,,,,,,,,,,,,,,,,,,,,,,,,Stimuli/22_100.jpg,Same,100,b,b,1,2.5231,7,0,7,0,1,,,,,
,,,,,,,,67863d420c27f3b6e5f57073,2025-01-21_19h57.49.203,VisualArraysMentalRotation_v4,2021.1.4,MacIntel,29.94011976,679054f2072d526265aabff2,67906c836c5f559b62ebc6b9,,,,,,,,,,,,,,,,,,,,,,,,,,,,,,,,,,,,,,,,,,,,,,,,,,,,,,,,,,,,,,Stimuli/40_50.jpg,Same,50,b,b,1,3.0735,8,0,8,0,1,,,,,
,,,,,,,,67863d420c27f3b6e5f57073,2025-01-21_19h57.49.203,VisualArraysMentalRotation_v4,2021.1.4,MacIntel,29.94011976,679054f2072d526265aabff2,67906c836c5f559b62ebc6b9,,,,,,,,,,,,,,,,,,,,,,,,,,,,,,,,,,,,,,,,,,,,,,,,,,,,,,,,,,,,,,Stimuli/19_0_R.jpg,Different,0,n,n,1,2.1256,9,0,9,0,1,,,,,
,,,,,,,,67863d420c27f3b6e5f57073,2025-01-21_19h57.49.203,VisualArraysMentalRotation_v4,2021.1.4,MacIntel,29.94011976,679054f2072d526265aabff2,67906c836c5f559b62ebc6b9,,,,,,,,,,,,,,,,,,,,,,,,,,,,,,,,,,,,,,,,,,,,,,,,,,,,,,,,,,,,,,Stimuli/40_150_R.jpg,Different,150,n,n,1,2.148,10,0,10,0,1,,,,,
,,,,,,,,67863d420c27f3b6e5f57073,2025-01-21_19h57.49.203,VisualArraysMentalRotation_v4,2021.1.4,MacIntel,29.94011976,679054f2072d526265aabff2,67906c836c5f559b62ebc6b9,,,,,,,,,,,,,,,,,,,,,,,,,,,,,,,,,,,,,,,,,,,,,,,,,,,,,,,,,,,,,,Stimuli/43_50_R.jpg,Different,50,n,b,0,2.6724,11,0,11,0,1,,,,,
,,,,,,,,67863d420c27f3b6e5f57073,2025-01-21_19h57.49.203,VisualArraysMentalRotation_v4,2021.1.4,MacIntel,29.94011976,679054f2072d526265aabff2,67906c836c5f559b62ebc6b9,,,,,,,,,,,,,,,,,,,,,,,,,,,,,,,,,,,,,,,,,,,,,,,,,,,,,,,,,,,,,,Stimuli/40_150.jpg,Same,150,b,n,0,2.0429,12,0,12,0,1,,,,,
,,,,,,,,67863d420c27f3b6e5f57073,2025-01-21_19h57.49.203,VisualArraysMentalRotation_v4,2021.1.4,MacIntel,29.94011976,679054f2072d526265aabff2,67906c836c5f559b62ebc6b9,,,,,,,,,,,,,,,,,,,,,,,,,,,,,,,,,,,,,,,,,,,,,,,,,,,,,,,,,,,,,,Stimuli/3_100_R.jpg,Different,100,n,b,0,2.4277,13,0,13,0,1,,,,,
,,,,,,,,67863d420c27f3b6e5f57073,2025-01-21_19h57.49.203,VisualArraysMentalRotation_v4,2021.1.4,MacIntel,29.94011976,679054f2072d526265aabff2,67906c836c5f559b62ebc6b9,,,,,,,,,,,,,,,,,,,,,,,,,,,,,,,,,,,,,,,,,,,,,,,,,,,,,,,,,,,,,,Stimuli/3_50_R.jpg,Different,50,n,n,1,3.1723,14,0,14,0,1,,,,,
,,,,,,,,67863d420c27f3b6e5f57073,2025-01-21_19h57.49.203,VisualArraysMentalRotation_v4,2021.1.4,MacIntel,29.94011976,679054f2072d526265aabff2,67906c836c5f559b62ebc6b9,,,,,,,,,,,,,,,,,,,,,,,,,,,,,,,,,,,,,,,,,,,,,,,,,,,,,,,,,,,,,,Stimuli/16_50.jpg,Same,50,b,n,0,2.6135,15,0,15,0,1,,,,,
,,,,,,,,67863d420c27f3b6e5f57073,2025-01-21_19h57.49.203,VisualArraysMentalRotation_v4,2021.1.4,MacIntel,29.94011976,679054f2072d526265aabff2,67906c836c5f559b62ebc6b9,,,,,,,,,,,,,,,,,,,,,,,,,,,,,,,,,,,,,,,,,,,,,,,,,,,,,,,,,,,,,,Stimuli/3_0.jpg,Same,0,b,b,1,1.4767,16,0,16,0,1,,,,,
,,,,,,,,67863d420c27f3b6e5f57073,2025-01-21_19h57.49.203,VisualArraysMentalRotation_v4,2021.1.4,MacIntel,29.94011976,679054f2072d526265aabff2,67906c836c5f559b62ebc6b9,,,,,,,,,,,,,,,,,,,,,,,,,,,,,,,,,,,,,,,,,,,,,,,,,,,,,,,,,,,,,,Stimuli/3_100.jpg,Same,100,b,b,1,2.5765,17,0,17,0,1,,,,,
,,,,,,,,67863d420c27f3b6e5f57073,2025-01-21_19h57.49.203,VisualArraysMentalRotation_v4,2021.1.4,MacIntel,29.94011976,679054f2072d526265aabff2,67906c836c5f559b62ebc6b9,,,,,,,,,,,,,,,,,,,,,,,,,,,,,,,,,,,,,,,,,,,,,,,,,,,,,,,,,,,,,,Stimuli/19_100_R.jpg,Different,100,n,b,0,2.6259,18,0,18,0,1,,,,,
,,,,,,,,67863d420c27f3b6e5f57073,2025-01-21_19h57.49.203,VisualArraysMentalRotation_v4,2021.1.4,MacIntel,29.94011976,679054f2072d526265aabff2,67906c836c5f559b62ebc6b9,,,,,,,,,,,,,,,,,,,,,,,,,,,,,,,,,,,,,,,,,,,,,,,,,,,,,,,,,,,,,,Stimuli/32_100_R.jpg,Different,100,n,n,1,2.7267,19,0,19,0,1,,,,,
,,,,,,,,67863d420c27f3b6e5f57073,2025-01-21_19h57.49.203,VisualArraysMentalRotation_v4,2021.1.4,MacIntel,29.94011976,679054f2072d526265aabff2,67906c836c5f559b62ebc6b9,,,,,,,,,,,,,,,,,,,,,,,,,,,,,,,,,,,,,,,,,,,,,,,,,,,,,,,,,,,,,,Stimuli/28_150.jpg,Same,150,b,n,0,4.2298,20,0,20,0,1,,,,,
,,,,,,,,67863d420c27f3b6e5f57073,2025-01-21_19h57.49.203,VisualArraysMentalRotation_v4,2021.1.4,MacIntel,29.94011976,679054f2072d526265aabff2,67906c836c5f559b62ebc6b9,,,,,,,,,,,,,,,,,,,,,,,,,,,,,,,,,,,,,,,,,,,,,,,,,,,,,,,,,,,,,,Stimuli/38_50.jpg,Same,50,b,b,1,2.5221,21,0,21,0,1,,,,,
,,,,,,,,67863d420c27f3b6e5f57073,2025-01-21_19h57.49.203,VisualArraysMentalRotation_v4,2021.1.4,MacIntel,29.94011976,679054f2072d526265aabff2,67906c836c5f559b62ebc6b9,,,,,,,,,,,,,,,,,,,,,,,,,,,,,,,,,,,,,,,,,,,,,,,,,,,,,,,,,,,,,,Stimuli/16_150_R.jpg,Different,150,n,n,1,4.2015,22,0,22,0,1,,,,,
,,,,,,,,67863d420c27f3b6e5f57073,2025-01-21_19h57.49.203,VisualArraysMentalRotation_v4,2021.1.4,MacIntel,29.94011976,679054f2072d526265aabff2,67906c836c5f559b62ebc6b9,,,,,,,,,,,,,,,,,,,,,,,,,,,,,,,,,,,,,,,,,,,,,,,,,,,,,,,,,,,,,,Stimuli/22_100_R.jpg,Different,100,n,n,1,3.003,23,0,23,0,1,,,,,
,,,,,,,,67863d420c27f3b6e5f57073,2025-01-21_19h57.49.203,VisualArraysMentalRotation_v4,2021.1.4,MacIntel,29.94011976,679054f2072d526265aabff2,67906c836c5f559b62ebc6b9,,,,,,,,,,,,,,,,,,,,,,,,,,,,,,,,,,,,,,,,,,,,,,,,,,,,,,,,,,,,,,Stimuli/27_50_R.jpg,Different,50,n,n,1,2.3085,24,0,24,0,1,,,,,
,,,,,,,,67863d420c27f3b6e5f57073,2025-01-21_19h57.49.203,VisualArraysMentalRotation_v4,2021.1.4,MacIntel,29.94011976,679054f2072d526265aabff2,67906c836c5f559b62ebc6b9,,,,,,,,,,,,,,,,,,,,,,,,,,,,,,,,,,,,,,,,,,,,,,,,,,,,,,,,,,,,,,Stimuli/28_0.jpg,Same,0,b,b,1,1.01,25,0,25,0,1,,,,,
,,,,,,,,67863d420c27f3b6e5f57073,2025-01-21_19h57.49.203,VisualArraysMentalRotation_v4,2021.1.4,MacIntel,29.94011976,679054f2072d526265aabff2,67906c836c5f559b62ebc6b9,,,,,,,,,,,,,,,,,,,,,,,,,,,,,,,,,,,,,,,,,,,,,,,,,,,,,,,,,,,,,,Stimuli/27_0_R.jpg,Different,0,n,n,1,2.3478,26,0,26,0,1,,,,,
,,,,,,,,67863d420c27f3b6e5f57073,2025-01-21_19h57.49.203,VisualArraysMentalRotation_v4,2021.1.4,MacIntel,29.94011976,679054f2072d526265aabff2,67906c836c5f559b62ebc6b9,,,,,,,,,,,,,,,,,,,,,,,,,,,,,,,,,,,,,,,,,,,,,,,,,,,,,,,,,,,,,,Stimuli/28_50.jpg,Same,50,b,b,1,1.3099,27,0,27,0,1,,,,,
,,,,,,,,67863d420c27f3b6e5f57073,2025-01-21_19h57.49.203,VisualArraysMentalRotation_v4,2021.1.4,MacIntel,29.94011976,679054f2072d526265aabff2,67906c836c5f559b62ebc6b9,,,,,,,,,,,,,,,,,,,,,,,,,,,,,,,,,,,,,,,,,,,,,,,,,,,,,,,,,,,,,,Stimuli/44_0.jpg,Same,0,b,b,1,1.8271,28,0,28,0,1,,,,,
,,,,,,,,67863d420c27f3b6e5f57073,2025-01-21_19h57.49.203,VisualArraysMentalRotation_v4,2021.1.4,MacIntel,29.94011976,679054f2072d526265aabff2,67906c836c5f559b62ebc6b9,,,,,,,,,,,,,,,,,,,,,,,,,,,,,,,,,,,,,,,,,,,,,,,,,,,,,,,,,,,,,,Stimuli/28_100.jpg,Same,100,b,n,0,2.5779,29,0,29,0,1,,,,,
,,,,,,,,67863d420c27f3b6e5f57073,2025-01-21_19h57.49.203,VisualArraysMentalRotation_v4,2021.1.4,MacIntel,29.94011976,679054f2072d526265aabff2,67906c836c5f559b62ebc6b9,,,,,,,,,,,,,,,,,,,,,,,,,,,,,,,,,,,,,,,,,,,,,,,,,,,,,,,,,,,,,,Stimuli/19_50_R.jpg,Different,50,n,n,1,1.6439,30,0,30,0,1,,,,,
,,,,,,,,67863d420c27f3b6e5f57073,2025-01-21_19h57.49.203,VisualArraysMentalRotation_v4,2021.1.4,MacIntel,29.94011976,679054f2072d526265aabff2,67906c836c5f559b62ebc6b9,,,,,,,,,,,,,,,,,,,,,,,,,,,,,,,,,,,,,,,,,,,,,,,,,,,,,,,,,,,,,,Stimuli/43_100.jpg,Same,100,b,n,0,3.4117,31,0,31,0,1,,,,,
,,,,,,,,67863d420c27f3b6e5f57073,2025-01-21_19h57.49.203,VisualArraysMentalRotation_v4,2021.1.4,MacIntel,29.94011976,679054f2072d526265aabff2,67906c836c5f559b62ebc6b9,,,,,,,,,,,,,,,,,,,,,,,,,,,,,,,,,,,,,,,,,,,,,,,,,,,,,,,,,,,,,,Stimuli/16_150.jpg,Same,150,b,b,1,3.2436,32,0,32,0,1,,,,,
,,,,,,,,67863d420c27f3b6e5f57073,2025-01-21_19h57.49.203,VisualArraysMentalRotation_v4,2021.1.4,MacIntel,29.94011976,679054f2072d526265aabff2,67906c836c5f559b62ebc6b9,,,,,,,,,,,,,,,,,,,,,,,,,,,,,,,,,,,,,,,,,,,,,,,,,,,,,,,,,,,,,,Stimuli/27_150_R.jpg,Different,150,n,n,1,2.8739,33,0,33,0,1,,,,,
,,,,,,,,67863d420c27f3b6e5f57073,2025-01-21_19h57.49.203,VisualArraysMentalRotation_v4,2021.1.4,MacIntel,29.94011976,679054f2072d526265aabff2,67906c836c5f559b62ebc6b9,,,,,,,,,,,,,,,,,,,,,,,,,,,,,,,,,,,,,,,,,,,,,,,,,,,,,,,,,,,,,,Stimuli/22_150_R.jpg,Different,150,n,n,1,1.5902,34,0,34,0,1,,,,,
,,,,,,,,67863d420c27f3b6e5f57073,2025-01-21_19h57.49.203,VisualArraysMentalRotation_v4,2021.1.4,MacIntel,29.94011976,679054f2072d526265aabff2,67906c836c5f559b62ebc6b9,,,,,,,,,,,,,,,,,,,,,,,,,,,,,,,,,,,,,,,,,,,,,,,,,,,,,,,,,,,,,,Stimuli/44_50.jpg,Same,50,b,b,1,2.4932,35,0,35,0,1,,,,,
,,,,,,,,67863d420c27f3b6e5f57073,2025-01-21_19h57.49.203,VisualArraysMentalRotation_v4,2021.1.4,MacIntel,29.94011976,679054f2072d526265aabff2,67906c836c5f559b62ebc6b9,,,,,,,,,,,,,,,,,,,,,,,,,,,,,,,,,,,,,,,,,,,,,,,,,,,,,,,,,,,,,,Stimuli/22_0_R.jpg,Different,0,n,n,1,1.8301,36,0,36,0,1,,,,,
,,,,,,,,67863d420c27f3b6e5f57073,2025-01-21_19h57.49.203,VisualArraysMentalRotation_v4,2021.1.4,MacIntel,29.94011976,679054f2072d526265aabff2,67906c836c5f559b62ebc6b9,,,,,,,,,,,,,,,,,,,,,,,,,,,,,,,,,,,,,,,,,,,,,,,,,,,,,,,,,,,,,,Stimuli/28_100_R.jpg,Different,100,n,n,1,3.5108,37,0,37,0,1,,,,,
,,,,,,,,67863d420c27f3b6e5f57073,2025-01-21_19h57.49.203,VisualArraysMentalRotation_v4,2021.1.4,MacIntel,29.94011976,679054f2072d526265aabff2,67906c836c5f559b62ebc6b9,,,,,,,,,,,,,,,,,,,,,,,,,,,,,,,,,,,,,,,,,,,,,,,,,,,,,,,,,,,,,,Stimuli/32_150.jpg,Same,150,b,b,1,4.4593,38,0,38,0,1,,,,,
,,,,,,,,67863d420c27f3b6e5f57073,2025-01-21_19h57.49.203,VisualArraysMentalRotation_v4,2021.1.4,MacIntel,29.94011976,679054f2072d526265aabff2,67906c836c5f559b62ebc6b9,,,,,,,,,,,,,,,,,,,,,,,,,,,,,,,,,,,,,,,,,,,,,,,,,,,,,,,,,,,,,,Stimuli/21_100.jpg,Same,100,b,b,1,2.8322,39,0,39,0,1,,,,,
,,,,,,,,67863d420c27f3b6e5f57073,2025-01-21_19h57.49.203,VisualArraysMentalRotation_v4,2021.1.4,MacIntel,29.94011976,679054f2072d526265aabff2,67906c836c5f559b62ebc6b9,,,,,,,,,,,,,,,,,,,,,,,,,,,,,,,,,,,,,,,,,,,,,,,,,,,,,,,,,,,,,,Stimuli/32_0_R.jpg,Different,0,n,n,1,2.1782,40,0,40,0,1,,,,,
,,,,,,,,67863d420c27f3b6e5f57073,2025-01-21_19h57.49.203,VisualArraysMentalRotation_v4,2021.1.4,MacIntel,29.94011976,679054f2072d526265aabff2,67906c836c5f559b62ebc6b9,,,,,,,,,,,,,,,,,,,,,,,,,,,,,,,,,,,,,,,,,,,,,,,,,,,,,,,,,,,,,,Stimuli/3_150.jpg,Same,150,b,b,1,3.0598,41,0,41,0,1,,,,,
,,,,,,,,67863d420c27f3b6e5f57073,2025-01-21_19h57.49.203,VisualArraysMentalRotation_v4,2021.1.4,MacIntel,29.94011976,679054f2072d526265aabff2,67906c836c5f559b62ebc6b9,,,,,,,,,,,,,,,,,,,,,,,,,,,,,,,,,,,,,,,,,,,,,,,,,,,,,,,,,,,,,,Stimuli/43_0_R.jpg,Different,0,n,n,1,1.3283,42,0,42,0,1,,,,,
,,,,,,,,67863d420c27f3b6e5f57073,2025-01-21_19h57.49.203,VisualArraysMentalRotation_v4,2021.1.4,MacIntel,29.94011976,679054f2072d526265aabff2,67906c836c5f559b62ebc6b9,,,,,,,,,,,,,,,,,,,,,,,,,,,,,,,,,,,,,,,,,,,,,,,,,,,,,,,,,,,,,,Stimuli/21_0.jpg,Same,0,b,b,1,1.0594,43,0,43,0,1,,,,,
,,,,,,,,67863d420c27f3b6e5f57073,2025-01-21_19h57.49.203,VisualArraysMentalRotation_v4,2021.1.4,MacIntel,29.94011976,679054f2072d526265aabff2,67906c836c5f559b62ebc6b9,,,,,,,,,,,,,,,,,,,,,,,,,,,,,,,,,,,,,,,,,,,,,,,,,,,,,,,,,,,,,,Stimuli/40_50_R.jpg,Different,50,n,n,1,1.4925,44,0,44,0,1,,,,,
,,,,,,,,67863d420c27f3b6e5f57073,2025-01-21_19h57.49.203,VisualArraysMentalRotation_v4,2021.1.4,MacIntel,29.94011976,679054f2072d526265aabff2,67906c836c5f559b62ebc6b9,,,,,,,,,,,,,,,,,,,,,,,,,,,,,,,,,,,,,,,,,,,,,,,,,,,,,,,,,,,,,,Stimuli/16_0.jpg,Same,0,b,b,1,2.6065,45,0,45,0,1,,,,,
,,,,,,,,67863d420c27f3b6e5f57073,2025-01-21_19h57.49.203,VisualArraysMentalRotation_v4,2021.1.4,MacIntel,29.94011976,679054f2072d526265aabff2,67906c836c5f559b62ebc6b9,,,,,,,,,,,,,,,,,,,,,,,,,,,,,,,,,,,,,,,,,,,,,,,,,,,,,,,,,,,,,,Stimuli/44_150_R.jpg,Different,150,n,n,1,3.8111,46,0,46,0,1,,,,,
,,,,,,,,67863d420c27f3b6e5f57073,2025-01-21_19h57.49.203,VisualArraysMentalRotation_v4,2021.1.4,MacIntel,29.94011976,679054f2072d526265aabff2,67906c836c5f559b62ebc6b9,,,,,,,,,,,,,,,,,,,,,,,,,,,,,,,,,,,,,,,,,,,,,,,,,,,,,,,,,,,,,,Stimuli/21_100_R.jpg,Different,100,n,n,1,3.9597,47,0,47,0,1,,,,,
,,,,,,,,67863d420c27f3b6e5f57073,2025-01-21_19h57.49.203,VisualArraysMentalRotation_v4,2021.1.4,MacIntel,29.94011976,679054f2072d526265aabff2,67906c836c5f559b62ebc6b9,,,,,,,,,,,,,,,,,,,,,,,,,,,,,,,,,,,,,,,,,,,,,,,,,,,,,,,,,,,,,,Stimuli/32_0.jpg,Same,0,b,b,1,1.1718,48,0,48,0,1,,,,,
,,,,,,,,67863d420c27f3b6e5f57073,2025-01-21_19h57.49.203,VisualArraysMentalRotation_v4,2021.1.4,MacIntel,29.94011976,679054f2072d526265aabff2,67906c836c5f559b62ebc6b9,,,,,,,,,,,,,,,,,,,,,,,,,,,,,,,,,,,,,,,,,,,,,,,,,,,,,,,,,,,,,,Stimuli/32_50.jpg,Same,50,b,b,1,3.5159,49,0,49,0,1,,,,,
,,,,,,,,67863d420c27f3b6e5f57073,2025-01-21_19h57.49.203,VisualArraysMentalRotation_v4,2021.1.4,MacIntel,29.94011976,679054f2072d526265aabff2,67906c836c5f559b62ebc6b9,,,,,,,,,,,,,,,,,,,,,,,,,,,,,,,,,,,,,,,,,,,,,,,,,,,,,,,,,,,,,,Stimuli/40_100_R.jpg,Different,100,n,n,1,3.3089,50,0,50,0,1,,,,,
,,,,,,,,67863d420c27f3b6e5f57073,2025-01-21_19h57.49.203,VisualArraysMentalRotation_v4,2021.1.4,MacIntel,29.94011976,679054f2072d526265aabff2,67906c836c5f559b62ebc6b9,,,,,,,,,,,,,,,,,,,,,,,,,,,,,,,,,,,,,,,,,,,,,,,,,,,,,,,,,,,,,,Stimuli/21_50_R.jpg,Different,50,n,n,1,1.8964,51,0,51,0,1,,,,,
,,,,,,,,67863d420c27f3b6e5f57073,2025-01-21_19h57.49.203,VisualArraysMentalRotation_v4,2021.1.4,MacIntel,29.94011976,679054f2072d526265aabff2,67906c836c5f559b62ebc6b9,,,,,,,,,,,,,,,,,,,,,,,,,,,,,,,,,,,,,,,,,,,,,,,,,,,,,,,,,,,,,,Stimuli/21_50.jpg,Same,50,b,b,1,1.9771,52,0,52,0,1,,,,,
,,,,,,,,67863d420c27f3b6e5f57073,2025-01-21_19h57.49.203,VisualArraysMentalRotation_v4,2021.1.4,MacIntel,29.94011976,679054f2072d526265aabff2,67906c836c5f559b62ebc6b9,,,,,,,,,,,,,,,,,,,,,,,,,,,,,,,,,,,,,,,,,,,,,,,,,,,,,,,,,,,,,,Stimuli/40_0.jpg,Same,0,b,b,1,1.425,53,0,53,0,1,,,,,
,,,,,,,,67863d420c27f3b6e5f57073,2025-01-21_19h57.49.203,VisualArraysMentalRotation_v4,2021.1.4,MacIntel,29.94011976,679054f2072d526265aabff2,67906c836c5f559b62ebc6b9,,,,,,,,,,,,,,,,,,,,,,,,,,,,,,,,,,,,,,,,,,,,,,,,,,,,,,,,,,,,,,Stimuli/16_50_R.jpg,Different,50,n,n,1,1.7108,54,0,54,0,1,,,,,
,,,,,,,,67863d420c27f3b6e5f57073,2025-01-21_19h57.49.203,VisualArraysMentalRotation_v4,2021.1.4,MacIntel,29.94011976,679054f2072d526265aabff2,67906c836c5f559b62ebc6b9,,,,,,,,,,,,,,,,,,,,,,,,,,,,,,,,,,,,,,,,,,,,,,,,,,,,,,,,,,,,,,Stimuli/16_100_R.jpg,Different,100,n,n,1,1.6452,55,0,55,0,1,,,,,
,,,,,,,,67863d420c27f3b6e5f57073,2025-01-21_19h57.49.203,VisualArraysMentalRotation_v4,2021.1.4,MacIntel,29.94011976,679054f2072d526265aabff2,67906c836c5f559b62ebc6b9,,,,,,,,,,,,,,,,,,,,,,,,,,,,,,,,,,,,,,,,,,,,,,,,,,,,,,,,,,,,,,Stimuli/3_150_R.jpg,Different,150,n,b,0,1.4263,56,0,56,0,1,,,,,
,,,,,,,,67863d420c27f3b6e5f57073,2025-01-21_19h57.49.203,VisualArraysMentalRotation_v4,2021.1.4,MacIntel,29.94011976,679054f2072d526265aabff2,67906c836c5f559b62ebc6b9,,,,,,,,,,,,,,,,,,,,,,,,,,,,,,,,,,,,,,,,,,,,,,,,,,,,,,,,,,,,,,Stimuli/38_100.jpg,Same,100,b,b,1,2.9794,57,0,57,0,1,,,,,
,,,,,,,,67863d420c27f3b6e5f57073,2025-01-21_19h57.49.203,VisualArraysMentalRotation_v4,2021.1.4,MacIntel,29.94011976,679054f2072d526265aabff2,67906c836c5f559b62ebc6b9,,,,,,,,,,,,,,,,,,,,,,,,,,,,,,,,,,,,,,,,,,,,,,,,,,,,,,,,,,,,,,Stimuli/38_150_R.jpg,Different,150,n,n,1,2.9528,58,0,58,0,1,,,,,
,,,,,,,,67863d420c27f3b6e5f57073,2025-01-21_19h57.49.203,VisualArraysMentalRotation_v4,2021.1.4,MacIntel,29.94011976,679054f2072d526265aabff2,67906c836c5f559b62ebc6b9,,,,,,,,,,,,,,,,,,,,,,,,,,,,,,,,,,,,,,,,,,,,,,,,,,,,,,,,,,,,,,Stimuli/44_50_R.jpg,Different,50,n,b,0,1.9935,59,0,59,0,1,,,,,
,,,,,,,,67863d420c27f3b6e5f57073,2025-01-21_19h57.49.203,VisualArraysMentalRotation_v4,2021.1.4,MacIntel,29.94011976,679054f2072d526265aabff2,67906c836c5f559b62ebc6b9,,,,,,,,,,,,,,,,,,,,,,,,,,,,,,,,,,,,,,,,,,,,,,,,,,,,,,,,,,,,,,Stimuli/43_150.jpg,Same,150,b,b,1,2.4436,60,0,60,0,1,,,,,
,,,,,,,,67863d420c27f3b6e5f57073,2025-01-21_19h57.49.203,VisualArraysMentalRotation_v4,2021.1.4,MacIntel,29.94011976,679054f2072d526265aabff2,67906c836c5f559b62ebc6b9,,,,,,,,,,,,,,,,,,,,,,,,,,,,,,,,,,,,,,,,,,,,,,,,,,,,,,,,,,,,,,Stimuli/38_0_R.jpg,Different,0,n,n,1,1.9558,61,0,61,0,1,,,,,
,,,,,,,,67863d420c27f3b6e5f57073,2025-01-21_19h57.49.203,VisualArraysMentalRotation_v4,2021.1.4,MacIntel,29.94011976,679054f2072d526265aabff2,67906c836c5f559b62ebc6b9,,,,,,,,,,,,,,,,,,,,,,,,,,,,,,,,,,,,,,,,,,,,,,,,,,,,,,,,,,,,,,Stimuli/22_0.jpg,Same,0,b,b,1,0.9915,62,0,62,0,1,,,,,
,,,,,,,,67863d420c27f3b6e5f57073,2025-01-21_19h57.49.203,VisualArraysMentalRotation_v4,2021.1.4,MacIntel,29.94011976,679054f2072d526265aabff2,67906c836c5f559b62ebc6b9,,,,,,,,,,,,,,,,,,,,,,,,,,,,,,,,,,,,,,,,,,,,,,,,,,,,,,,,,,,,,,Stimuli/40_0_R.jpg,Different,0,n,b,0,3.7727,63,0,63,0,1,,,,,
,,,,,,,,67863d420c27f3b6e5f57073,2025-01-21_19h57.49.203,VisualArraysMentalRotation_v4,2021.1.4,MacIntel,29.94011976,679054f2072d526265aabff2,67906c836c5f559b62ebc6b9,,,,,,,,,,,,,,,,,,,,,,,,,,,,,,,,,,,,,,,,,,,,,,,,,,,,,,,,,,,,,,Stimuli/16_100.jpg,Same,100,b,b,1,1.6266,64,0,64,0,1,,,,,
,,,,,,,,67863d420c27f3b6e5f57073,2025-01-21_19h57.49.203,VisualArraysMentalRotation_v4,2021.1.4,MacIntel,29.94011976,679054f2072d526265aabff2,67906c836c5f559b62ebc6b9,,,,,,,,,,,,,,,,,,,,,,,,,,,,,,,,,,,,,,,,,,,,,,,,,,,,,,,,,,,,,,Stimuli/38_100_R.jpg,Different,100,n,n,1,2.006,65,0,65,0,1,,,,,
,,,,,,,,67863d420c27f3b6e5f57073,2025-01-21_19h57.49.203,VisualArraysMentalRotation_v4,2021.1.4,MacIntel,29.94011976,679054f2072d526265aabff2,67906c836c5f559b62ebc6b9,,,,,,,,,,,,,,,,,,,,,,,,,,,,,,,,,,,,,,,,,,,,,,,,,,,,,,,,,,,,,,Stimuli/27_0.jpg,Same,0,b,b,1,0.9961,66,0,66,0,1,,,,,
,,,,,,,,67863d420c27f3b6e5f57073,2025-01-21_19h57.49.203,VisualArraysMentalRotation_v4,2021.1.4,MacIntel,29.94011976,679054f2072d526265aabff2,67906c836c5f559b62ebc6b9,,,,,,,,,,,,,,,,,,,,,,,,,,,,,,,,,,,,,,,,,,,,,,,,,,,,,,,,,,,,,,Stimuli/27_100.jpg,Same,100,b,b,1,3.1484,67,0,67,0,1,,,,,
,,,,,,,,67863d420c27f3b6e5f57073,2025-01-21_19h57.49.203,VisualArraysMentalRotation_v4,2021.1.4,MacIntel,29.94011976,679054f2072d526265aabff2,67906c836c5f559b62ebc6b9,,,,,,,,,,,,,,,,,,,,,,,,,,,,,,,,,,,,,,,,,,,,,,,,,,,,,,,,,,,,,,Stimuli/28_150_R.jpg,Different,150,n,n,1,2.1435,68,0,68,0,1,,,,,
,,,,,,,,67863d420c27f3b6e5f57073,2025-01-21_19h57.49.203,VisualArraysMentalRotation_v4,2021.1.4,MacIntel,29.94011976,679054f2072d526265aabff2,67906c836c5f559b62ebc6b9,,,,,,,,,,,,,,,,,,,,,,,,,,,,,,,,,,,,,,,,,,,,,,,,,,,,,,,,,,,,,,Stimuli/3_0_R.jpg,Different,0,n,n,1,2.5925,69,0,69,0,1,,,,,
,,,,,,,,67863d420c27f3b6e5f57073,2025-01-21_19h57.49.203,VisualArraysMentalRotation_v4,2021.1.4,MacIntel,29.94011976,679054f2072d526265aabff2,67906c836c5f559b62ebc6b9,,,,,,,,,,,,,,,,,,,,,,,,,,,,,,,,,,,,,,,,,,,,,,,,,,,,,,,,,,,,,,Stimuli/32_100.jpg,Same,100,b,b,1,2.5401,70,0,70,0,1,,,,,
,,,,,,,,67863d420c27f3b6e5f57073,2025-01-21_19h57.49.203,VisualArraysMentalRotation_v4,2021.1.4,MacIntel,29.94011976,679054f2072d526265aabff2,67906c836c5f559b62ebc6b9,,,,,,,,,,,,,,,,,,,,,,,,,,,,,,,,,,,,,,,,,,,,,,,,,,,,,,,,,,,,,,Stimuli/16_0_R.jpg,Different,0,n,n,1,3.8764,71,0,71,0,1,,,,,
,,,,,,,,67863d420c27f3b6e5f57073,2025-01-21_19h57.49.203,VisualArraysMentalRotation_v4,2021.1.4,MacIntel,29.94011976,679054f2072d526265aabff2,67906c836c5f559b62ebc6b9,,,,,,,,,,,,,,,,,,,,,,,,,,,,,,,,,,,,,,,,,,,,,,,,,,,,,,,,,,,,,,Stimuli/19_50.jpg,Same,50,b,b,1,1.5927,72,0,72,0,1,,,,,
,,,,,,,,67863d420c27f3b6e5f57073,2025-01-21_19h57.49.203,VisualArraysMentalRotation_v4,2021.1.4,MacIntel,29.94011976,679054f2072d526265aabff2,67906c836c5f559b62ebc6b9,,,,,,,,,,,,,,,,,,,,,,,,,,,,,,,,,,,,,,,,,,,,,,,,,,,,,,,,,,,,,,Stimuli/21_0_R.jpg,Different,0,n,n,1,4.2223,73,0,73,0,1,,,,,
,,,,,,,,67863d420c27f3b6e5f57073,2025-01-21_19h57.49.203,VisualArraysMentalRotation_v4,2021.1.4,MacIntel,29.94011976,679054f2072d526265aabff2,67906c836c5f559b62ebc6b9,,,,,,,,,,,,,,,,,,,,,,,,,,,,,,,,,,,,,,,,,,,,,,,,,,,,,,,,,,,,,,Stimuli/19_150_R.jpg,Different,150,n,b,0,2.3476,74,0,74,0,1,,,,,
,,,,,,,,67863d420c27f3b6e5f57073,2025-01-21_19h57.49.203,VisualArraysMentalRotation_v4,2021.1.4,MacIntel,29.94011976,679054f2072d526265aabff2,67906c836c5f559b62ebc6b9,,,,,,,,,,,,,,,,,,,,,,,,,,,,,,,,,,,,,,,,,,,,,,,,,,,,,,,,,,,,,,Stimuli/43_100_R.jpg,Different,100,n,n,1,3.6269,75,0,75,0,1,,,,,
,,,,,,,,67863d420c27f3b6e5f57073,2025-01-21_19h57.49.203,VisualArraysMentalRotation_v4,2021.1.4,MacIntel,29.94011976,679054f2072d526265aabff2,67906c836c5f559b62ebc6b9,,,,,,,,,,,,,,,,,,,,,,,,,,,,,,,,,,,,,,,,,,,,,,,,,,,,,,,,,,,,,,Stimuli/40_100.jpg,Same,100,b,b,1,4.3237,76,0,76,0,1,,,,,
,,,,,,,,67863d420c27f3b6e5f57073,2025-01-21_19h57.49.203,VisualArraysMentalRotation_v4,2021.1.4,MacIntel,29.94011976,679054f2072d526265aabff2,67906c836c5f559b62ebc6b9,,,,,,,,,,,,,,,,,,,,,,,,,,,,,,,,,,,,,,,,,,,,,,,,,,,,,,,,,,,,,,Stimuli/22_50.jpg,Same,50,b,b,1,1.9093,77,0,77,0,1,,,,,
,,,,,,,,67863d420c27f3b6e5f57073,2025-01-21_19h57.49.203,VisualArraysMentalRotation_v4,2021.1.4,MacIntel,29.94011976,679054f2072d526265aabff2,67906c836c5f559b62ebc6b9,,,,,,,,,,,,,,,,,,,,,,,,,,,,,,,,,,,,,,,,,,,,,,,,,,,,,,,,,,,,,,Stimuli/22_50_R.jpg,Different,50,n,b,0,1.4231,78,0,78,0,1,,,,,
,,,,,,,,67863d420c27f3b6e5f57073,2025-01-21_19h57.49.203,VisualArraysMentalRotation_v4,2021.1.4,MacIntel,29.94011976,679054f2072d526265aabff2,67906c836c5f559b62ebc6b9,,,,,,,,,,,,,,,,,,,,,,,,,,,,,,,,,,,,,,,,,,,,,,,,,,,,,,,,,,,,,,Stimuli/32_50_R.jpg,Different,50,n,n,1,1.6103,79,0,79,0,1,,,,,
,,,,,,,,67863d420c27f3b6e5f57073,2025-01-21_19h57.49.203,VisualArraysMentalRotation_v4,2021.1.4,MacIntel,29.94011976,679054f2072d526265aabff2,67906c836c5f559b62ebc6b9,,,,,,,,,,,,,,,,,,,,,,,,,,,,,,,,,,,,,,,,,,,,,,,,,,,,,,,,,,,,,,Stimuli/38_50_R.jpg,Different,50,n,n,1,2.0265,80,0,80,0,1,,,,,
,,,,,,,,67863d420c27f3b6e5f57073,2025-01-21_19h57.49.203,VisualArraysMentalRotation_v4,2021.1.4,MacIntel,29.94011976,679054f2072d526265aabff2,67906c836c5f559b62ebc6b9,,,,,,,,,,,,,,,,,,,,,,,,,,,,,,,,,,,,,,,,,,,,,,,,,,,,,,,,,,,,,,Stimuli/38_0.jpg,Same,0,b,b,1,1.0095,81,0,81,0,1,,,,,
,,,,,,,,67863d420c27f3b6e5f57073,2025-01-21_19h57.49.203,VisualArraysMentalRotation_v4,2021.1.4,MacIntel,29.94011976,679054f2072d526265aabff2,67906c836c5f559b62ebc6b9,,,,,,,,,,,,,,,,,,,,,,,,,,,,,,,,,,,,,,,,,,,,,,,,,,,,,,,,,,,,,,Stimuli/28_0_R.jpg,Different,0,n,n,1,2.778,82,0,82,0,1,,,,,
,,,,,,,,67863d420c27f3b6e5f57073,2025-01-21_19h57.49.203,VisualArraysMentalRotation_v4,2021.1.4,MacIntel,29.94011976,679054f2072d526265aabff2,67906c836c5f559b62ebc6b9,,,,,,,,,,,,,,,,,,,,,,,,,,,,,,,,,,,,,,,,,,,,,,,,,,,,,,,,,,,,,,Stimuli/3_50.jpg,Same,50,b,b,1,1.4095,83,0,83,0,1,,,,,
,,,,,,,,67863d420c27f3b6e5f57073,2025-01-21_19h57.49.203,VisualArraysMentalRotation_v4,2021.1.4,MacIntel,29.94011976,679054f2072d526265aabff2,67906c836c5f559b62ebc6b9,,,,,,,,,,,,,,,,,,,,,,,,,,,,,,,,,,,,,,,,,,,,,,,,,,,,,,,,,,,,,,Stimuli/22_150.jpg,Same,150,b,b,1,2.1325,84,0,84,0,1,,,,,
,,,,,,,,67863d420c27f3b6e5f57073,2025-01-21_19h57.49.203,VisualArraysMentalRotation_v4,2021.1.4,MacIntel,29.94011976,679054f2072d526265aabff2,67906c836c5f559b62ebc6b9,,,,,,,,,,,,,,,,,,,,,,,,,,,,,,,,,,,,,,,,,,,,,,,,,,,,,,,,,,,,,,Stimuli/19_100.jpg,Same,100,b,b,1,2.2115,85,0,85,0,1,,,,,
,,,,,,,,67863d420c27f3b6e5f57073,2025-01-21_19h57.49.203,VisualArraysMentalRotation_v4,2021.1.4,MacIntel,29.94011976,679054f2072d526265aabff2,67906c836c5f559b62ebc6b9,,,,,,,,,,,,,,,,,,,,,,,,,,,,,,,,,,,,,,,,,,,,,,,,,,,,,,,,,,,,,,Stimuli/44_100_R.jpg,Different,100,n,b,0,4.2625,86,0,86,0,1,,,,,
,,,,,,,,67863d420c27f3b6e5f57073,2025-01-21_19h57.49.203,VisualArraysMentalRotation_v4,2021.1.4,MacIntel,29.94011976,679054f2072d526265aabff2,67906c836c5f559b62ebc6b9,,,,,,,,,,,,,,,,,,,,,,,,,,,,,,,,,,,,,,,,,,,,,,,,,,,,,,,,,,,,,,Stimuli/19_150.jpg,Same,150,b,b,1,2.9294,87,0,87,0,1,,,,,
,,,,,,,,67863d420c27f3b6e5f57073,2025-01-21_19h57.49.203,VisualArraysMentalRotation_v4,2021.1.4,MacIntel,29.94011976,679054f2072d526265aabff2,67906c836c5f559b62ebc6b9,,,,,,,,,,,,,,,,,,,,,,,,,,,,,,,,,,,,,,,,,,,,,,,,,,,,,,,,,,,,,,Stimuli/27_150.jpg,Same,150,b,b,1,3.5415,88,0,88,0,1,,,,,
,,,,,,,,67863d420c27f3b6e5f57073,2025-01-21_19h57.49.203,VisualArraysMentalRotation_v4,2021.1.4,MacIntel,29.94011976,679054f2072d526265aabff2,67906c836c5f559b62ebc6b9,,,,,,,,,,,,,,,,,,,,,,,,,,,,,,,,,,,,,,,,,,,,,,,,,,,,,,,,,,,,,,Stimuli/21_150.jpg,Same,150,b,b,1,1.7954,89,0,89,0,1,,,,,
,,,,,,,,67863d420c27f3b6e5f57073,2025-01-21_19h57.49.203,VisualArraysMentalRotation_v4,2021.1.4,MacIntel,29.94011976,679054f2072d526265aabff2,67906c836c5f559b62ebc6b9,,,,,,,,,,,,,,,,,,,,,,,,,,,,,,,,,,,,,,,,,,,,,,,,,,,,,,,,,,,,,,Stimuli/27_100_R.jpg,Different,100,n,n,1,2.5765,90,0,90,0,1,,,,,
,,,,,,,,67863d420c27f3b6e5f57073,2025-01-21_19h57.49.203,VisualArraysMentalRotation_v4,2021.1.4,MacIntel,29.94011976,679054f2072d526265aabff2,67906c836c5f559b62ebc6b9,,,,,,,,,,,,,,,,,,,,,,,,,,,,,,,,,,,,,,,,,,,,,,,,,,,,,,,,,,,,,,Stimuli/43_0.jpg,Same,0,b,b,1,1.8262,91,0,91,0,1,,,,,
,,,,,,,,67863d420c27f3b6e5f57073,2025-01-21_19h57.49.203,VisualArraysMentalRotation_v4,2021.1.4,MacIntel,29.94011976,679054f2072d526265aabff2,67906c836c5f559b62ebc6b9,,,,,,,,,,,,,,,,,,,,,,,,,,,,,,,,,,,,,,,,,,,,,,,,,,,,,,,,,,,,,,Stimuli/38_150.jpg,Same,150,b,b,1,2.0926,92,0,92,0,1,,,,,
,,,,,,,,67863d420c27f3b6e5f57073,2025-01-21_19h57.49.203,VisualArraysMentalRotation_v4,2021.1.4,MacIntel,29.94011976,679054f2072d526265aabff2,67906c836c5f559b62ebc6b9,,,,,,,,,,,,,,,,,,,,,,,,,,,,,,,,,,,,,,,,,,,,,,,,,,,,,,,,,,,,,,Stimuli/27_50.jpg,Same,50,b,n,0,4.1258,93,0,93,0,1,,,,,
,,,,,,,,67863d420c27f3b6e5f57073,2025-01-21_19h57.49.203,VisualArraysMentalRotation_v4,2021.1.4,MacIntel,29.94011976,679054f2072d526265aabff2,67906c836c5f559b62ebc6b9,,,,,,,,,,,,,,,,,,,,,,,,,,,,,,,,,,,,,,,,,,,,,,,,,,,,,,,,,,,,,,Stimuli/43_150_R.jpg,Different,150,n,n,1,3.5903,94,0,94,0,1,,,,,
,,,,,,,,67863d420c27f3b6e5f57073,2025-01-21_19h57.49.203,VisualArraysMentalRotation_v4,2021.1.4,MacIntel,29.94011976,679054f2072d526265aabff2,67906c836c5f559b62ebc6b9,,,,,,,,,,,,,,,,,,,,,,,,,,,,,,,,,,,,,,,,,,,,,,,,,,,,,,,,,,,,,,Stimuli/32_150_R.jpg,Different,150,n,n,1,2.6086,95,0,95,0,1,,,,,
,,,,,,,,67863d420c27f3b6e5f57073,2025-01-21_19h57.49.203,VisualArraysMentalRotation_v4,2021.1.4,MacIntel,29.94011976,679054f2072d526265aabff2,67906c836c5f559b62ebc6b9,,,,,,,,,,,,,,,,,,,,,,,,,,,,,,,,,,,,,,,,,,,,,,,,,,,,,,,,,,,,,,,,,,,,,,,,,,0,0,0,0,1
,,,,,,,,67863d420c27f3b6e5f57073,2025-01-21_19h57.49.203,VisualArraysMentalRotation_v4,2021.1.4,MacIntel,29.94011976,679054f2072d526265aabff2,67906c836c5f559b62ebc6b9,,,,,,,,,,,,,,,,,,,,,,,,,,,,,,,,,,,,,,0,1,1,1,1,0,1,,,,,,,,,,,,,,,,,,,,,,,,,,,,,,,,,,
