TaskOrder,consent_final_key_resp.keys,consent_final_key_resp.rt,MRTPracResponse.keys,MRTPracResponse.corr,MRTPracResponse.rt,MRTPracticeTrials.thisRepN,MRTPracticeTrials.thisTrialN,MRTPracticeTrials.thisN,MRTPracticeTrials.thisIndex,MRTPracticeTrials.ran,PracStimulus,PracDegRotation,PracType,MRTPracCorrectAns,PROLIFIC_PID,date,expName,psychopyVersion,OS,frameRate,STUDY_ID,SESSION_ID,MRT_prac_blocks.thisRepN,MRT_prac_blocks.thisTrialN,MRT_prac_blocks.thisN,MRT_prac_blocks.thisIndex,MRT_prac_blocks.ran,MRTStimulus,MRTType,MRTDegRotation,MRTCorrectAns,MRTTestResponse.keys,MRTTestResponse.corr,MRTTestResponse.rt,MRTTestTrials.thisRepN,MRTTestTrials.thisTrialN,MRTTestTrials.thisN,MRTTestTrials.thisIndex,MRTTestTrials.ran,MRT_Task.thisRepN,MRT_Task.thisTrialN,MRT_Task.thisN,MRT_Task.thisIndex,MRT_Task.ran,TasksLoop.thisRepN,TasksLoop.thisTrialN,TasksLoop.thisN,TasksLoop.thisIndex,TasksLoop.ran,nRepsVA,nRepsMRT,Red Orientations,Blue Orientations,VA_array_dur,Target Rectangle,New Red Orientations,New Blue Orientations,VA_PracResponse.keys,VA_PracResponse.corr,VA_PracResponse.rt,PracTrials.thisRepN,PracTrials.thisTrialN,PracTrials.thisN,PracTrials.thisIndex,PracTrials.ran,VA_Target,VA_TargetNumber,VA_Orientation,VA_Answer,VA_DelayDur,VA_PracTrialsSpeed.thisRepN,VA_PracTrialsSpeed.thisTrialN,VA_PracTrialsSpeed.thisN,VA_PracTrialsSpeed.thisIndex,VA_PracTrialsSpeed.ran,VA_TestResponse.keys,VA_TestResponse.corr,VA_TestResponse.rt,VA_TestTrials.thisRepN,VA_TestTrials.thisTrialN,VA_TestTrials.thisN,VA_TestTrials.thisIndex,VA_TestTrials.ran,VA_Task.thisRepN,VA_Task.thisTrialN,VA_Task.thisN,VA_Task.thisIndex,VA_Task.ran
2,y,4.1513,b,1,4.0009,0,0,0,2,1,PracticeStim/17_50.jpg,50,Same,b,67352f08f3ab886418574a6a,2025-01-21_19h27.32.530,VisualArraysMentalRotation_v4,2021.1.4,Win32,60.24096386,679054f2072d526265aabff2,679064bd6d11cdcb9bd9fbf3,,,,,,,,,,,,,,,,,,,,,,,,,,,,,,,,,,,,,,,,,,,,,,,,,,,,,,,,,,,,,,,,,,
,,,b,0,3.7355,0,1,1,6,1,PracticeStim/30_100_R.jpg,100,Different,n,67352f08f3ab886418574a6a,2025-01-21_19h27.32.530,VisualArraysMentalRotation_v4,2021.1.4,Win32,60.24096386,679054f2072d526265aabff2,679064bd6d11cdcb9bd9fbf3,,,,,,,,,,,,,,,,,,,,,,,,,,,,,,,,,,,,,,,,,,,,,,,,,,,,,,,,,,,,,,,,,,
,,,n,0,3.0588,0,2,2,10,1,PracticeStim/41_150.jpg,150,Same,b,67352f08f3ab886418574a6a,2025-01-21_19h27.32.530,VisualArraysMentalRotation_v4,2021.1.4,Win32,60.24096386,679054f2072d526265aabff2,679064bd6d11cdcb9bd9fbf3,,,,,,,,,,,,,,,,,,,,,,,,,,,,,,,,,,,,,,,,,,,,,,,,,,,,,,,,,,,,,,,,,,
,,,n,1,2.7696,0,3,3,0,1,PracticeStim/7_100_R.jpg,100,Different,n,67352f08f3ab886418574a6a,2025-01-21_19h27.32.530,VisualArraysMentalRotation_v4,2021.1.4,Win32,60.24096386,679054f2072d526265aabff2,679064bd6d11cdcb9bd9fbf3,,,,,,,,,,,,,,,,,,,,,,,,,,,,,,,,,,,,,,,,,,,,,,,,,,,,,,,,,,,,,,,,,,
,,,b,1,3.6651,0,4,4,11,1,PracticeStim/42_50.jpg,50,Same,b,67352f08f3ab886418574a6a,2025-01-21_19h27.32.530,VisualArraysMentalRotation_v4,2021.1.4,Win32,60.24096386,679054f2072d526265aabff2,679064bd6d11cdcb9bd9fbf3,,,,,,,,,,,,,,,,,,,,,,,,,,,,,,,,,,,,,,,,,,,,,,,,,,,,,,,,,,,,,,,,,,
,,,n,1,2.0125,0,5,5,7,1,PracticeStim/31_50_R.jpg,50,Different,n,67352f08f3ab886418574a6a,2025-01-21_19h27.32.530,VisualArraysMentalRotation_v4,2021.1.4,Win32,60.24096386,679054f2072d526265aabff2,679064bd6d11cdcb9bd9fbf3,,,,,,,,,,,,,,,,,,,,,,,,,,,,,,,,,,,,,,,,,,,,,,,,,,,,,,,,,,,,,,,,,,
,,,b,1,3.7765,0,6,6,5,1,PracticeStim/26_150.jpg,150,Same,b,67352f08f3ab886418574a6a,2025-01-21_19h27.32.530,VisualArraysMentalRotation_v4,2021.1.4,Win32,60.24096386,679054f2072d526265aabff2,679064bd6d11cdcb9bd9fbf3,,,,,,,,,,,,,,,,,,,,,,,,,,,,,,,,,,,,,,,,,,,,,,,,,,,,,,,,,,,,,,,,,,
,,,n,0,3.9512,0,7,7,4,1,PracticeStim/25_150.jpg,150,Same,b,67352f08f3ab886418574a6a,2025-01-21_19h27.32.530,VisualArraysMentalRotation_v4,2021.1.4,Win32,60.24096386,679054f2072d526265aabff2,679064bd6d11cdcb9bd9fbf3,,,,,,,,,,,,,,,,,,,,,,,,,,,,,,,,,,,,,,,,,,,,,,,,,,,,,,,,,,,,,,,,,,
,,,b,1,2.561,0,8,8,3,1,PracticeStim/18_150.jpg,150,Same,b,67352f08f3ab886418574a6a,2025-01-21_19h27.32.530,VisualArraysMentalRotation_v4,2021.1.4,Win32,60.24096386,679054f2072d526265aabff2,679064bd6d11cdcb9bd9fbf3,,,,,,,,,,,,,,,,,,,,,,,,,,,,,,,,,,,,,,,,,,,,,,,,,,,,,,,,,,,,,,,,,,
,,,n,1,2.5423,0,9,9,9,1,PracticeStim/36_100_R.jpg,100,Different,n,67352f08f3ab886418574a6a,2025-01-21_19h27.32.530,VisualArraysMentalRotation_v4,2021.1.4,Win32,60.24096386,679054f2072d526265aabff2,679064bd6d11cdcb9bd9fbf3,,,,,,,,,,,,,,,,,,,,,,,,,,,,,,,,,,,,,,,,,,,,,,,,,,,,,,,,,,,,,,,,,,
,,,b,0,1.4475,0,10,10,8,1,PracticeStim/33_50_R.jpg,50,Different,n,67352f08f3ab886418574a6a,2025-01-21_19h27.32.530,VisualArraysMentalRotation_v4,2021.1.4,Win32,60.24096386,679054f2072d526265aabff2,679064bd6d11cdcb9bd9fbf3,,,,,,,,,,,,,,,,,,,,,,,,,,,,,,,,,,,,,,,,,,,,,,,,,,,,,,,,,,,,,,,,,,
,,,n,1,2.3599,0,11,11,1,1,PracticeStim/9_100_R.jpg,100,Different,n,67352f08f3ab886418574a6a,2025-01-21_19h27.32.530,VisualArraysMentalRotation_v4,2021.1.4,Win32,60.24096386,679054f2072d526265aabff2,679064bd6d11cdcb9bd9fbf3,,,,,,,,,,,,,,,,,,,,,,,,,,,,,,,,,,,,,,,,,,,,,,,,,,,,,,,,,,,,,,,,,,
,,,,,,,,,,,,,,,67352f08f3ab886418574a6a,2025-01-21_19h27.32.530,VisualArraysMentalRotation_v4,2021.1.4,Win32,60.24096386,679054f2072d526265aabff2,679064bd6d11cdcb9bd9fbf3,0,0,0,0,1,,,,,,,,,,,,,,,,,,,,,,,,,,,,,,,,,,,,,,,,,,,,,,,,,,,,,,,,,,,,,
,,,n,0,4.7413,0,0,0,5,1,PracticeStim/26_150.jpg,150,Same,b,67352f08f3ab886418574a6a,2025-01-21_19h27.32.530,VisualArraysMentalRotation_v4,2021.1.4,Win32,60.24096386,679054f2072d526265aabff2,679064bd6d11cdcb9bd9fbf3,,,,,,,,,,,,,,,,,,,,,,,,,,,,,,,,,,,,,,,,,,,,,,,,,,,,,,,,,,,,,,,,,,
,,,n,1,3.0806,0,1,1,0,1,PracticeStim/7_100_R.jpg,100,Different,n,67352f08f3ab886418574a6a,2025-01-21_19h27.32.530,VisualArraysMentalRotation_v4,2021.1.4,Win32,60.24096386,679054f2072d526265aabff2,679064bd6d11cdcb9bd9fbf3,,,,,,,,,,,,,,,,,,,,,,,,,,,,,,,,,,,,,,,,,,,,,,,,,,,,,,,,,,,,,,,,,,
,,,b,0,6.6872,0,2,2,6,1,PracticeStim/30_100_R.jpg,100,Different,n,67352f08f3ab886418574a6a,2025-01-21_19h27.32.530,VisualArraysMentalRotation_v4,2021.1.4,Win32,60.24096386,679054f2072d526265aabff2,679064bd6d11cdcb9bd9fbf3,,,,,,,,,,,,,,,,,,,,,,,,,,,,,,,,,,,,,,,,,,,,,,,,,,,,,,,,,,,,,,,,,,
,,,b,1,3.3445,0,3,3,3,1,PracticeStim/18_150.jpg,150,Same,b,67352f08f3ab886418574a6a,2025-01-21_19h27.32.530,VisualArraysMentalRotation_v4,2021.1.4,Win32,60.24096386,679054f2072d526265aabff2,679064bd6d11cdcb9bd9fbf3,,,,,,,,,,,,,,,,,,,,,,,,,,,,,,,,,,,,,,,,,,,,,,,,,,,,,,,,,,,,,,,,,,
,,,b,1,3.5344,0,4,4,2,1,PracticeStim/17_50.jpg,50,Same,b,67352f08f3ab886418574a6a,2025-01-21_19h27.32.530,VisualArraysMentalRotation_v4,2021.1.4,Win32,60.24096386,679054f2072d526265aabff2,679064bd6d11cdcb9bd9fbf3,,,,,,,,,,,,,,,,,,,,,,,,,,,,,,,,,,,,,,,,,,,,,,,,,,,,,,,,,,,,,,,,,,
,,,n,0,2.0606,0,5,5,10,1,PracticeStim/41_150.jpg,150,Same,b,67352f08f3ab886418574a6a,2025-01-21_19h27.32.530,VisualArraysMentalRotation_v4,2021.1.4,Win32,60.24096386,679054f2072d526265aabff2,679064bd6d11cdcb9bd9fbf3,,,,,,,,,,,,,,,,,,,,,,,,,,,,,,,,,,,,,,,,,,,,,,,,,,,,,,,,,,,,,,,,,,
,,,n,0,7.0323,0,6,6,4,1,PracticeStim/25_150.jpg,150,Same,b,67352f08f3ab886418574a6a,2025-01-21_19h27.32.530,VisualArraysMentalRotation_v4,2021.1.4,Win32,60.24096386,679054f2072d526265aabff2,679064bd6d11cdcb9bd9fbf3,,,,,,,,,,,,,,,,,,,,,,,,,,,,,,,,,,,,,,,,,,,,,,,,,,,,,,,,,,,,,,,,,,
,,,n,1,2.8614,0,7,7,8,1,PracticeStim/33_50_R.jpg,50,Different,n,67352f08f3ab886418574a6a,2025-01-21_19h27.32.530,VisualArraysMentalRotation_v4,2021.1.4,Win32,60.24096386,679054f2072d526265aabff2,679064bd6d11cdcb9bd9fbf3,,,,,,,,,,,,,,,,,,,,,,,,,,,,,,,,,,,,,,,,,,,,,,,,,,,,,,,,,,,,,,,,,,
,,,n,1,2.2152,0,8,8,9,1,PracticeStim/36_100_R.jpg,100,Different,n,67352f08f3ab886418574a6a,2025-01-21_19h27.32.530,VisualArraysMentalRotation_v4,2021.1.4,Win32,60.24096386,679054f2072d526265aabff2,679064bd6d11cdcb9bd9fbf3,,,,,,,,,,,,,,,,,,,,,,,,,,,,,,,,,,,,,,,,,,,,,,,,,,,,,,,,,,,,,,,,,,
,,,n,1,1.7769,0,9,9,1,1,PracticeStim/9_100_R.jpg,100,Different,n,67352f08f3ab886418574a6a,2025-01-21_19h27.32.530,VisualArraysMentalRotation_v4,2021.1.4,Win32,60.24096386,679054f2072d526265aabff2,679064bd6d11cdcb9bd9fbf3,,,,,,,,,,,,,,,,,,,,,,,,,,,,,,,,,,,,,,,,,,,,,,,,,,,,,,,,,,,,,,,,,,
,,,n,0,1.6338,0,10,10,11,1,PracticeStim/42_50.jpg,50,Same,b,67352f08f3ab886418574a6a,2025-01-21_19h27.32.530,VisualArraysMentalRotation_v4,2021.1.4,Win32,60.24096386,679054f2072d526265aabff2,679064bd6d11cdcb9bd9fbf3,,,,,,,,,,,,,,,,,,,,,,,,,,,,,,,,,,,,,,,,,,,,,,,,,,,,,,,,,,,,,,,,,,
,,,n,1,1.7431,0,11,11,7,1,PracticeStim/31_50_R.jpg,50,Different,n,67352f08f3ab886418574a6a,2025-01-21_19h27.32.530,VisualArraysMentalRotation_v4,2021.1.4,Win32,60.24096386,679054f2072d526265aabff2,679064bd6d11cdcb9bd9fbf3,,,,,,,,,,,,,,,,,,,,,,,,,,,,,,,,,,,,,,,,,,,,,,,,,,,,,,,,,,,,,,,,,,
,,,,,,,,,,,,,,,67352f08f3ab886418574a6a,2025-01-21_19h27.32.530,VisualArraysMentalRotation_v4,2021.1.4,Win32,60.24096386,679054f2072d526265aabff2,679064bd6d11cdcb9bd9fbf3,1,0,1,0,1,,,,,,,,,,,,,,,,,,,,,,,,,,,,,,,,,,,,,,,,,,,,,,,,,,,,,,,,,,,,,
,,,n,1,2.6725,0,0,0,7,1,PracticeStim/31_50_R.jpg,50,Different,n,67352f08f3ab886418574a6a,2025-01-21_19h27.32.530,VisualArraysMentalRotation_v4,2021.1.4,Win32,60.24096386,679054f2072d526265aabff2,679064bd6d11cdcb9bd9fbf3,,,,,,,,,,,,,,,,,,,,,,,,,,,,,,,,,,,,,,,,,,,,,,,,,,,,,,,,,,,,,,,,,,
,,,n,1,2.0784,0,1,1,0,1,PracticeStim/7_100_R.jpg,100,Different,n,67352f08f3ab886418574a6a,2025-01-21_19h27.32.530,VisualArraysMentalRotation_v4,2021.1.4,Win32,60.24096386,679054f2072d526265aabff2,679064bd6d11cdcb9bd9fbf3,,,,,,,,,,,,,,,,,,,,,,,,,,,,,,,,,,,,,,,,,,,,,,,,,,,,,,,,,,,,,,,,,,
,,,b,1,2.8793,0,2,2,10,1,PracticeStim/41_150.jpg,150,Same,b,67352f08f3ab886418574a6a,2025-01-21_19h27.32.530,VisualArraysMentalRotation_v4,2021.1.4,Win32,60.24096386,679054f2072d526265aabff2,679064bd6d11cdcb9bd9fbf3,,,,,,,,,,,,,,,,,,,,,,,,,,,,,,,,,,,,,,,,,,,,,,,,,,,,,,,,,,,,,,,,,,
,,,b,0,2.7995,0,3,3,6,1,PracticeStim/30_100_R.jpg,100,Different,n,67352f08f3ab886418574a6a,2025-01-21_19h27.32.530,VisualArraysMentalRotation_v4,2021.1.4,Win32,60.24096386,679054f2072d526265aabff2,679064bd6d11cdcb9bd9fbf3,,,,,,,,,,,,,,,,,,,,,,,,,,,,,,,,,,,,,,,,,,,,,,,,,,,,,,,,,,,,,,,,,,
,,,b,1,4.2958,0,4,4,5,1,PracticeStim/26_150.jpg,150,Same,b,67352f08f3ab886418574a6a,2025-01-21_19h27.32.530,VisualArraysMentalRotation_v4,2021.1.4,Win32,60.24096386,679054f2072d526265aabff2,679064bd6d11cdcb9bd9fbf3,,,,,,,,,,,,,,,,,,,,,,,,,,,,,,,,,,,,,,,,,,,,,,,,,,,,,,,,,,,,,,,,,,
,,,b,1,3.118,0,5,5,3,1,PracticeStim/18_150.jpg,150,Same,b,67352f08f3ab886418574a6a,2025-01-21_19h27.32.530,VisualArraysMentalRotation_v4,2021.1.4,Win32,60.24096386,679054f2072d526265aabff2,679064bd6d11cdcb9bd9fbf3,,,,,,,,,,,,,,,,,,,,,,,,,,,,,,,,,,,,,,,,,,,,,,,,,,,,,,,,,,,,,,,,,,
,,,b,1,3.8079,0,6,6,2,1,PracticeStim/17_50.jpg,50,Same,b,67352f08f3ab886418574a6a,2025-01-21_19h27.32.530,VisualArraysMentalRotation_v4,2021.1.4,Win32,60.24096386,679054f2072d526265aabff2,679064bd6d11cdcb9bd9fbf3,,,,,,,,,,,,,,,,,,,,,,,,,,,,,,,,,,,,,,,,,,,,,,,,,,,,,,,,,,,,,,,,,,
,,,b,1,2.5267,0,7,7,11,1,PracticeStim/42_50.jpg,50,Same,b,67352f08f3ab886418574a6a,2025-01-21_19h27.32.530,VisualArraysMentalRotation_v4,2021.1.4,Win32,60.24096386,679054f2072d526265aabff2,679064bd6d11cdcb9bd9fbf3,,,,,,,,,,,,,,,,,,,,,,,,,,,,,,,,,,,,,,,,,,,,,,,,,,,,,,,,,,,,,,,,,,
,,,b,1,2.6076,0,8,8,4,1,PracticeStim/25_150.jpg,150,Same,b,67352f08f3ab886418574a6a,2025-01-21_19h27.32.530,VisualArraysMentalRotation_v4,2021.1.4,Win32,60.24096386,679054f2072d526265aabff2,679064bd6d11cdcb9bd9fbf3,,,,,,,,,,,,,,,,,,,,,,,,,,,,,,,,,,,,,,,,,,,,,,,,,,,,,,,,,,,,,,,,,,
,,,n,1,6.5613,0,9,9,9,1,PracticeStim/36_100_R.jpg,100,Different,n,67352f08f3ab886418574a6a,2025-01-21_19h27.32.530,VisualArraysMentalRotation_v4,2021.1.4,Win32,60.24096386,679054f2072d526265aabff2,679064bd6d11cdcb9bd9fbf3,,,,,,,,,,,,,,,,,,,,,,,,,,,,,,,,,,,,,,,,,,,,,,,,,,,,,,,,,,,,,,,,,,
,,,n,1,2.8983,0,10,10,1,1,PracticeStim/9_100_R.jpg,100,Different,n,67352f08f3ab886418574a6a,2025-01-21_19h27.32.530,VisualArraysMentalRotation_v4,2021.1.4,Win32,60.24096386,679054f2072d526265aabff2,679064bd6d11cdcb9bd9fbf3,,,,,,,,,,,,,,,,,,,,,,,,,,,,,,,,,,,,,,,,,,,,,,,,,,,,,,,,,,,,,,,,,,
,,,n,1,3.8205,0,11,11,8,1,PracticeStim/33_50_R.jpg,50,Different,n,67352f08f3ab886418574a6a,2025-01-21_19h27.32.530,VisualArraysMentalRotation_v4,2021.1.4,Win32,60.24096386,679054f2072d526265aabff2,679064bd6d11cdcb9bd9fbf3,,,,,,,,,,,,,,,,,,,,,,,,,,,,,,,,,,,,,,,,,,,,,,,,,,,,,,,,,,,,,,,,,,
,,,,,,,,,,,,,,,67352f08f3ab886418574a6a,2025-01-21_19h27.32.530,VisualArraysMentalRotation_v4,2021.1.4,Win32,60.24096386,679054f2072d526265aabff2,679064bd6d11cdcb9bd9fbf3,,,,,,Stimuli/21_50_R.jpg,Different,50,n,n,1,2.8848,0,0,0,0,1,,,,,,,,,,,,,,,,,,,,,,,,,,,,,,,,,,,,,,,,,,,,,,,,,
,,,,,,,,,,,,,,,67352f08f3ab886418574a6a,2025-01-21_19h27.32.530,VisualArraysMentalRotation_v4,2021.1.4,Win32,60.24096386,679054f2072d526265aabff2,679064bd6d11cdcb9bd9fbf3,,,,,,Stimuli/27_100.jpg,Same,100,b,b,1,6.1666,1,0,1,0,1,,,,,,,,,,,,,,,,,,,,,,,,,,,,,,,,,,,,,,,,,,,,,,,,,
,,,,,,,,,,,,,,,67352f08f3ab886418574a6a,2025-01-21_19h27.32.530,VisualArraysMentalRotation_v4,2021.1.4,Win32,60.24096386,679054f2072d526265aabff2,679064bd6d11cdcb9bd9fbf3,,,,,,Stimuli/44_150.jpg,Same,150,b,b,1,4.6141,2,0,2,0,1,,,,,,,,,,,,,,,,,,,,,,,,,,,,,,,,,,,,,,,,,,,,,,,,,
,,,,,,,,,,,,,,,67352f08f3ab886418574a6a,2025-01-21_19h27.32.530,VisualArraysMentalRotation_v4,2021.1.4,Win32,60.24096386,679054f2072d526265aabff2,679064bd6d11cdcb9bd9fbf3,,,,,,Stimuli/21_0.jpg,Same,0,b,b,1,1.535,3,0,3,0,1,,,,,,,,,,,,,,,,,,,,,,,,,,,,,,,,,,,,,,,,,,,,,,,,,
,,,,,,,,,,,,,,,67352f08f3ab886418574a6a,2025-01-21_19h27.32.530,VisualArraysMentalRotation_v4,2021.1.4,Win32,60.24096386,679054f2072d526265aabff2,679064bd6d11cdcb9bd9fbf3,,,,,,Stimuli/40_0_R.jpg,Different,0,n,n,1,3.7953,4,0,4,0,1,,,,,,,,,,,,,,,,,,,,,,,,,,,,,,,,,,,,,,,,,,,,,,,,,
,,,,,,,,,,,,,,,67352f08f3ab886418574a6a,2025-01-21_19h27.32.530,VisualArraysMentalRotation_v4,2021.1.4,Win32,60.24096386,679054f2072d526265aabff2,679064bd6d11cdcb9bd9fbf3,,,,,,Stimuli/16_0_R.jpg,Different,0,n,n,1,3.7604,5,0,5,0,1,,,,,,,,,,,,,,,,,,,,,,,,,,,,,,,,,,,,,,,,,,,,,,,,,
,,,,,,,,,,,,,,,67352f08f3ab886418574a6a,2025-01-21_19h27.32.530,VisualArraysMentalRotation_v4,2021.1.4,Win32,60.24096386,679054f2072d526265aabff2,679064bd6d11cdcb9bd9fbf3,,,,,,Stimuli/21_100.jpg,Same,100,b,b,1,3.7423,6,0,6,0,1,,,,,,,,,,,,,,,,,,,,,,,,,,,,,,,,,,,,,,,,,,,,,,,,,
,,,,,,,,,,,,,,,67352f08f3ab886418574a6a,2025-01-21_19h27.32.530,VisualArraysMentalRotation_v4,2021.1.4,Win32,60.24096386,679054f2072d526265aabff2,679064bd6d11cdcb9bd9fbf3,,,,,,Stimuli/43_0.jpg,Same,0,b,b,1,1.0927,7,0,7,0,1,,,,,,,,,,,,,,,,,,,,,,,,,,,,,,,,,,,,,,,,,,,,,,,,,
,,,,,,,,,,,,,,,67352f08f3ab886418574a6a,2025-01-21_19h27.32.530,VisualArraysMentalRotation_v4,2021.1.4,Win32,60.24096386,679054f2072d526265aabff2,679064bd6d11cdcb9bd9fbf3,,,,,,Stimuli/16_50_R.jpg,Different,50,n,n,1,1.894,8,0,8,0,1,,,,,,,,,,,,,,,,,,,,,,,,,,,,,,,,,,,,,,,,,,,,,,,,,
,,,,,,,,,,,,,,,67352f08f3ab886418574a6a,2025-01-21_19h27.32.530,VisualArraysMentalRotation_v4,2021.1.4,Win32,60.24096386,679054f2072d526265aabff2,679064bd6d11cdcb9bd9fbf3,,,,,,Stimuli/44_0.jpg,Same,0,b,b,1,1.0098,9,0,9,0,1,,,,,,,,,,,,,,,,,,,,,,,,,,,,,,,,,,,,,,,,,,,,,,,,,
,,,,,,,,,,,,,,,67352f08f3ab886418574a6a,2025-01-21_19h27.32.530,VisualArraysMentalRotation_v4,2021.1.4,Win32,60.24096386,679054f2072d526265aabff2,679064bd6d11cdcb9bd9fbf3,,,,,,Stimuli/28_0.jpg,Same,0,b,b,1,0.6676,10,0,10,0,1,,,,,,,,,,,,,,,,,,,,,,,,,,,,,,,,,,,,,,,,,,,,,,,,,
,,,,,,,,,,,,,,,67352f08f3ab886418574a6a,2025-01-21_19h27.32.530,VisualArraysMentalRotation_v4,2021.1.4,Win32,60.24096386,679054f2072d526265aabff2,679064bd6d11cdcb9bd9fbf3,,,,,,Stimuli/22_100_R.jpg,Different,100,n,n,1,3.3423,11,0,11,0,1,,,,,,,,,,,,,,,,,,,,,,,,,,,,,,,,,,,,,,,,,,,,,,,,,
,,,,,,,,,,,,,,,67352f08f3ab886418574a6a,2025-01-21_19h27.32.530,VisualArraysMentalRotation_v4,2021.1.4,Win32,60.24096386,679054f2072d526265aabff2,679064bd6d11cdcb9bd9fbf3,,,,,,Stimuli/38_50.jpg,Same,50,b,b,1,3.9196,12,0,12,0,1,,,,,,,,,,,,,,,,,,,,,,,,,,,,,,,,,,,,,,,,,,,,,,,,,
,,,,,,,,,,,,,,,67352f08f3ab886418574a6a,2025-01-21_19h27.32.530,VisualArraysMentalRotation_v4,2021.1.4,Win32,60.24096386,679054f2072d526265aabff2,679064bd6d11cdcb9bd9fbf3,,,,,,Stimuli/43_50.jpg,Same,50,b,b,1,2.9991,13,0,13,0,1,,,,,,,,,,,,,,,,,,,,,,,,,,,,,,,,,,,,,,,,,,,,,,,,,
,,,,,,,,,,,,,,,67352f08f3ab886418574a6a,2025-01-21_19h27.32.530,VisualArraysMentalRotation_v4,2021.1.4,Win32,60.24096386,679054f2072d526265aabff2,679064bd6d11cdcb9bd9fbf3,,,,,,Stimuli/19_50.jpg,Same,50,b,b,1,2.1945,14,0,14,0,1,,,,,,,,,,,,,,,,,,,,,,,,,,,,,,,,,,,,,,,,,,,,,,,,,
,,,,,,,,,,,,,,,67352f08f3ab886418574a6a,2025-01-21_19h27.32.530,VisualArraysMentalRotation_v4,2021.1.4,Win32,60.24096386,679054f2072d526265aabff2,679064bd6d11cdcb9bd9fbf3,,,,,,Stimuli/19_150_R.jpg,Different,150,n,n,1,1.1003,15,0,15,0,1,,,,,,,,,,,,,,,,,,,,,,,,,,,,,,,,,,,,,,,,,,,,,,,,,
,,,,,,,,,,,,,,,67352f08f3ab886418574a6a,2025-01-21_19h27.32.530,VisualArraysMentalRotation_v4,2021.1.4,Win32,60.24096386,679054f2072d526265aabff2,679064bd6d11cdcb9bd9fbf3,,,,,,Stimuli/43_150.jpg,Same,150,b,b,1,2.7598,16,0,16,0,1,,,,,,,,,,,,,,,,,,,,,,,,,,,,,,,,,,,,,,,,,,,,,,,,,
,,,,,,,,,,,,,,,67352f08f3ab886418574a6a,2025-01-21_19h27.32.530,VisualArraysMentalRotation_v4,2021.1.4,Win32,60.24096386,679054f2072d526265aabff2,679064bd6d11cdcb9bd9fbf3,,,,,,Stimuli/32_150_R.jpg,Different,150,n,b,0,2.5445,17,0,17,0,1,,,,,,,,,,,,,,,,,,,,,,,,,,,,,,,,,,,,,,,,,,,,,,,,,
,,,,,,,,,,,,,,,67352f08f3ab886418574a6a,2025-01-21_19h27.32.530,VisualArraysMentalRotation_v4,2021.1.4,Win32,60.24096386,679054f2072d526265aabff2,679064bd6d11cdcb9bd9fbf3,,,,,,Stimuli/16_50.jpg,Same,50,b,b,1,2.0018,18,0,18,0,1,,,,,,,,,,,,,,,,,,,,,,,,,,,,,,,,,,,,,,,,,,,,,,,,,
,,,,,,,,,,,,,,,67352f08f3ab886418574a6a,2025-01-21_19h27.32.530,VisualArraysMentalRotation_v4,2021.1.4,Win32,60.24096386,679054f2072d526265aabff2,679064bd6d11cdcb9bd9fbf3,,,,,,Stimuli/3_150_R.jpg,Different,150,n,b,0,4.3191,19,0,19,0,1,,,,,,,,,,,,,,,,,,,,,,,,,,,,,,,,,,,,,,,,,,,,,,,,,
,,,,,,,,,,,,,,,67352f08f3ab886418574a6a,2025-01-21_19h27.32.530,VisualArraysMentalRotation_v4,2021.1.4,Win32,60.24096386,679054f2072d526265aabff2,679064bd6d11cdcb9bd9fbf3,,,,,,Stimuli/21_100_R.jpg,Different,100,n,b,0,4.5525,20,0,20,0,1,,,,,,,,,,,,,,,,,,,,,,,,,,,,,,,,,,,,,,,,,,,,,,,,,
,,,,,,,,,,,,,,,67352f08f3ab886418574a6a,2025-01-21_19h27.32.530,VisualArraysMentalRotation_v4,2021.1.4,Win32,60.24096386,679054f2072d526265aabff2,679064bd6d11cdcb9bd9fbf3,,,,,,Stimuli/3_150.jpg,Same,150,b,b,1,3.6778,21,0,21,0,1,,,,,,,,,,,,,,,,,,,,,,,,,,,,,,,,,,,,,,,,,,,,,,,,,
,,,,,,,,,,,,,,,67352f08f3ab886418574a6a,2025-01-21_19h27.32.530,VisualArraysMentalRotation_v4,2021.1.4,Win32,60.24096386,679054f2072d526265aabff2,679064bd6d11cdcb9bd9fbf3,,,,,,Stimuli/38_100_R.jpg,Different,100,n,n,1,3.2276,22,0,22,0,1,,,,,,,,,,,,,,,,,,,,,,,,,,,,,,,,,,,,,,,,,,,,,,,,,
,,,,,,,,,,,,,,,67352f08f3ab886418574a6a,2025-01-21_19h27.32.530,VisualArraysMentalRotation_v4,2021.1.4,Win32,60.24096386,679054f2072d526265aabff2,679064bd6d11cdcb9bd9fbf3,,,,,,Stimuli/21_0_R.jpg,Different,0,n,n,1,1.3164,23,0,23,0,1,,,,,,,,,,,,,,,,,,,,,,,,,,,,,,,,,,,,,,,,,,,,,,,,,
,,,,,,,,,,,,,,,67352f08f3ab886418574a6a,2025-01-21_19h27.32.530,VisualArraysMentalRotation_v4,2021.1.4,Win32,60.24096386,679054f2072d526265aabff2,679064bd6d11cdcb9bd9fbf3,,,,,,Stimuli/19_100.jpg,Same,100,b,b,1,2.5575,24,0,24,0,1,,,,,,,,,,,,,,,,,,,,,,,,,,,,,,,,,,,,,,,,,,,,,,,,,
,,,,,,,,,,,,,,,67352f08f3ab886418574a6a,2025-01-21_19h27.32.530,VisualArraysMentalRotation_v4,2021.1.4,Win32,60.24096386,679054f2072d526265aabff2,679064bd6d11cdcb9bd9fbf3,,,,,,Stimuli/16_150_R.jpg,Different,150,n,b,0,2.1001,25,0,25,0,1,,,,,,,,,,,,,,,,,,,,,,,,,,,,,,,,,,,,,,,,,,,,,,,,,
,,,,,,,,,,,,,,,67352f08f3ab886418574a6a,2025-01-21_19h27.32.530,VisualArraysMentalRotation_v4,2021.1.4,Win32,60.24096386,679054f2072d526265aabff2,679064bd6d11cdcb9bd9fbf3,,,,,,Stimuli/21_150_R.jpg,Different,150,n,n,1,4.47,26,0,26,0,1,,,,,,,,,,,,,,,,,,,,,,,,,,,,,,,,,,,,,,,,,,,,,,,,,
,,,,,,,,,,,,,,,67352f08f3ab886418574a6a,2025-01-21_19h27.32.530,VisualArraysMentalRotation_v4,2021.1.4,Win32,60.24096386,679054f2072d526265aabff2,679064bd6d11cdcb9bd9fbf3,,,,,,Stimuli/19_50_R.jpg,Different,50,n,n,1,4.7889,27,0,27,0,1,,,,,,,,,,,,,,,,,,,,,,,,,,,,,,,,,,,,,,,,,,,,,,,,,
,,,,,,,,,,,,,,,67352f08f3ab886418574a6a,2025-01-21_19h27.32.530,VisualArraysMentalRotation_v4,2021.1.4,Win32,60.24096386,679054f2072d526265aabff2,679064bd6d11cdcb9bd9fbf3,,,,,,Stimuli/32_50.jpg,Same,50,b,b,1,2.792,28,0,28,0,1,,,,,,,,,,,,,,,,,,,,,,,,,,,,,,,,,,,,,,,,,,,,,,,,,
,,,,,,,,,,,,,,,67352f08f3ab886418574a6a,2025-01-21_19h27.32.530,VisualArraysMentalRotation_v4,2021.1.4,Win32,60.24096386,679054f2072d526265aabff2,679064bd6d11cdcb9bd9fbf3,,,,,,Stimuli/22_0_R.jpg,Different,0,n,n,1,0.9908,29,0,29,0,1,,,,,,,,,,,,,,,,,,,,,,,,,,,,,,,,,,,,,,,,,,,,,,,,,
,,,,,,,,,,,,,,,67352f08f3ab886418574a6a,2025-01-21_19h27.32.530,VisualArraysMentalRotation_v4,2021.1.4,Win32,60.24096386,679054f2072d526265aabff2,679064bd6d11cdcb9bd9fbf3,,,,,,Stimuli/19_100_R.jpg,Different,100,n,n,1,2.6485,30,0,30,0,1,,,,,,,,,,,,,,,,,,,,,,,,,,,,,,,,,,,,,,,,,,,,,,,,,
,,,,,,,,,,,,,,,67352f08f3ab886418574a6a,2025-01-21_19h27.32.530,VisualArraysMentalRotation_v4,2021.1.4,Win32,60.24096386,679054f2072d526265aabff2,679064bd6d11cdcb9bd9fbf3,,,,,,Stimuli/3_50_R.jpg,Different,50,n,n,1,4.6546,31,0,31,0,1,,,,,,,,,,,,,,,,,,,,,,,,,,,,,,,,,,,,,,,,,,,,,,,,,
,,,,,,,,,,,,,,,67352f08f3ab886418574a6a,2025-01-21_19h27.32.530,VisualArraysMentalRotation_v4,2021.1.4,Win32,60.24096386,679054f2072d526265aabff2,679064bd6d11cdcb9bd9fbf3,,,,,,Stimuli/32_0.jpg,Same,0,b,b,1,0.8937,32,0,32,0,1,,,,,,,,,,,,,,,,,,,,,,,,,,,,,,,,,,,,,,,,,,,,,,,,,
,,,,,,,,,,,,,,,67352f08f3ab886418574a6a,2025-01-21_19h27.32.530,VisualArraysMentalRotation_v4,2021.1.4,Win32,60.24096386,679054f2072d526265aabff2,679064bd6d11cdcb9bd9fbf3,,,,,,Stimuli/16_150.jpg,Same,150,b,b,1,2.4979,33,0,33,0,1,,,,,,,,,,,,,,,,,,,,,,,,,,,,,,,,,,,,,,,,,,,,,,,,,
,,,,,,,,,,,,,,,67352f08f3ab886418574a6a,2025-01-21_19h27.32.530,VisualArraysMentalRotation_v4,2021.1.4,Win32,60.24096386,679054f2072d526265aabff2,679064bd6d11cdcb9bd9fbf3,,,,,,Stimuli/38_0_R.jpg,Different,0,n,n,1,3.7246,34,0,34,0,1,,,,,,,,,,,,,,,,,,,,,,,,,,,,,,,,,,,,,,,,,,,,,,,,,
,,,,,,,,,,,,,,,67352f08f3ab886418574a6a,2025-01-21_19h27.32.530,VisualArraysMentalRotation_v4,2021.1.4,Win32,60.24096386,679054f2072d526265aabff2,679064bd6d11cdcb9bd9fbf3,,,,,,Stimuli/44_50_R.jpg,Different,50,n,n,1,1.7156,35,0,35,0,1,,,,,,,,,,,,,,,,,,,,,,,,,,,,,,,,,,,,,,,,,,,,,,,,,
,,,,,,,,,,,,,,,67352f08f3ab886418574a6a,2025-01-21_19h27.32.530,VisualArraysMentalRotation_v4,2021.1.4,Win32,60.24096386,679054f2072d526265aabff2,679064bd6d11cdcb9bd9fbf3,,,,,,Stimuli/40_150_R.jpg,Different,150,n,n,1,3.9234,36,0,36,0,1,,,,,,,,,,,,,,,,,,,,,,,,,,,,,,,,,,,,,,,,,,,,,,,,,
,,,,,,,,,,,,,,,67352f08f3ab886418574a6a,2025-01-21_19h27.32.530,VisualArraysMentalRotation_v4,2021.1.4,Win32,60.24096386,679054f2072d526265aabff2,679064bd6d11cdcb9bd9fbf3,,,,,,Stimuli/16_100.jpg,Same,100,b,b,1,2.0128,37,0,37,0,1,,,,,,,,,,,,,,,,,,,,,,,,,,,,,,,,,,,,,,,,,,,,,,,,,
,,,,,,,,,,,,,,,67352f08f3ab886418574a6a,2025-01-21_19h27.32.530,VisualArraysMentalRotation_v4,2021.1.4,Win32,60.24096386,679054f2072d526265aabff2,679064bd6d11cdcb9bd9fbf3,,,,,,Stimuli/22_100.jpg,Same,100,b,b,1,1.4801,38,0,38,0,1,,,,,,,,,,,,,,,,,,,,,,,,,,,,,,,,,,,,,,,,,,,,,,,,,
,,,,,,,,,,,,,,,67352f08f3ab886418574a6a,2025-01-21_19h27.32.530,VisualArraysMentalRotation_v4,2021.1.4,Win32,60.24096386,679054f2072d526265aabff2,679064bd6d11cdcb9bd9fbf3,,,,,,Stimuli/44_100_R.jpg,Different,100,n,n,1,2.3949,39,0,39,0,1,,,,,,,,,,,,,,,,,,,,,,,,,,,,,,,,,,,,,,,,,,,,,,,,,
,,,,,,,,,,,,,,,67352f08f3ab886418574a6a,2025-01-21_19h27.32.530,VisualArraysMentalRotation_v4,2021.1.4,Win32,60.24096386,679054f2072d526265aabff2,679064bd6d11cdcb9bd9fbf3,,,,,,Stimuli/22_50_R.jpg,Different,50,n,n,1,2.3774,40,0,40,0,1,,,,,,,,,,,,,,,,,,,,,,,,,,,,,,,,,,,,,,,,,,,,,,,,,
,,,,,,,,,,,,,,,67352f08f3ab886418574a6a,2025-01-21_19h27.32.530,VisualArraysMentalRotation_v4,2021.1.4,Win32,60.24096386,679054f2072d526265aabff2,679064bd6d11cdcb9bd9fbf3,,,,,,Stimuli/3_100.jpg,Same,100,b,b,1,2.2579,41,0,41,0,1,,,,,,,,,,,,,,,,,,,,,,,,,,,,,,,,,,,,,,,,,,,,,,,,,
,,,,,,,,,,,,,,,67352f08f3ab886418574a6a,2025-01-21_19h27.32.530,VisualArraysMentalRotation_v4,2021.1.4,Win32,60.24096386,679054f2072d526265aabff2,679064bd6d11cdcb9bd9fbf3,,,,,,Stimuli/38_150.jpg,Same,150,b,b,1,4.3448,42,0,42,0,1,,,,,,,,,,,,,,,,,,,,,,,,,,,,,,,,,,,,,,,,,,,,,,,,,
,,,,,,,,,,,,,,,67352f08f3ab886418574a6a,2025-01-21_19h27.32.530,VisualArraysMentalRotation_v4,2021.1.4,Win32,60.24096386,679054f2072d526265aabff2,679064bd6d11cdcb9bd9fbf3,,,,,,Stimuli/28_50.jpg,Same,50,b,b,1,2.921,43,0,43,0,1,,,,,,,,,,,,,,,,,,,,,,,,,,,,,,,,,,,,,,,,,,,,,,,,,
,,,,,,,,,,,,,,,67352f08f3ab886418574a6a,2025-01-21_19h27.32.530,VisualArraysMentalRotation_v4,2021.1.4,Win32,60.24096386,679054f2072d526265aabff2,679064bd6d11cdcb9bd9fbf3,,,,,,Stimuli/3_100_R.jpg,Different,100,n,b,0,5.4517,44,0,44,0,1,,,,,,,,,,,,,,,,,,,,,,,,,,,,,,,,,,,,,,,,,,,,,,,,,
,,,,,,,,,,,,,,,67352f08f3ab886418574a6a,2025-01-21_19h27.32.530,VisualArraysMentalRotation_v4,2021.1.4,Win32,60.24096386,679054f2072d526265aabff2,679064bd6d11cdcb9bd9fbf3,,,,,,Stimuli/28_150.jpg,Same,150,b,b,1,1.9931,45,0,45,0,1,,,,,,,,,,,,,,,,,,,,,,,,,,,,,,,,,,,,,,,,,,,,,,,,,
,,,,,,,,,,,,,,,67352f08f3ab886418574a6a,2025-01-21_19h27.32.530,VisualArraysMentalRotation_v4,2021.1.4,Win32,60.24096386,679054f2072d526265aabff2,679064bd6d11cdcb9bd9fbf3,,,,,,Stimuli/3_0_R.jpg,Different,0,n,b,0,1.7562,46,0,46,0,1,,,,,,,,,,,,,,,,,,,,,,,,,,,,,,,,,,,,,,,,,,,,,,,,,
,,,,,,,,,,,,,,,67352f08f3ab886418574a6a,2025-01-21_19h27.32.530,VisualArraysMentalRotation_v4,2021.1.4,Win32,60.24096386,679054f2072d526265aabff2,679064bd6d11cdcb9bd9fbf3,,,,,,Stimuli/40_0.jpg,Same,0,b,b,1,0.9366,47,0,47,0,1,,,,,,,,,,,,,,,,,,,,,,,,,,,,,,,,,,,,,,,,,,,,,,,,,
,,,,,,,,,,,,,,,67352f08f3ab886418574a6a,2025-01-21_19h27.32.530,VisualArraysMentalRotation_v4,2021.1.4,Win32,60.24096386,679054f2072d526265aabff2,679064bd6d11cdcb9bd9fbf3,,,,,,Stimuli/27_150_R.jpg,Different,150,n,n,1,3.451,48,0,48,0,1,,,,,,,,,,,,,,,,,,,,,,,,,,,,,,,,,,,,,,,,,,,,,,,,,
,,,,,,,,,,,,,,,67352f08f3ab886418574a6a,2025-01-21_19h27.32.530,VisualArraysMentalRotation_v4,2021.1.4,Win32,60.24096386,679054f2072d526265aabff2,679064bd6d11cdcb9bd9fbf3,,,,,,Stimuli/22_50.jpg,Same,50,b,b,1,1.0522,49,0,49,0,1,,,,,,,,,,,,,,,,,,,,,,,,,,,,,,,,,,,,,,,,,,,,,,,,,
,,,,,,,,,,,,,,,67352f08f3ab886418574a6a,2025-01-21_19h27.32.530,VisualArraysMentalRotation_v4,2021.1.4,Win32,60.24096386,679054f2072d526265aabff2,679064bd6d11cdcb9bd9fbf3,,,,,,Stimuli/40_50_R.jpg,Different,50,n,n,1,1.3761,50,0,50,0,1,,,,,,,,,,,,,,,,,,,,,,,,,,,,,,,,,,,,,,,,,,,,,,,,,
,,,,,,,,,,,,,,,67352f08f3ab886418574a6a,2025-01-21_19h27.32.530,VisualArraysMentalRotation_v4,2021.1.4,Win32,60.24096386,679054f2072d526265aabff2,679064bd6d11cdcb9bd9fbf3,,,,,,Stimuli/32_150.jpg,Same,150,b,b,1,3.0892,51,0,51,0,1,,,,,,,,,,,,,,,,,,,,,,,,,,,,,,,,,,,,,,,,,,,,,,,,,
,,,,,,,,,,,,,,,67352f08f3ab886418574a6a,2025-01-21_19h27.32.530,VisualArraysMentalRotation_v4,2021.1.4,Win32,60.24096386,679054f2072d526265aabff2,679064bd6d11cdcb9bd9fbf3,,,,,,Stimuli/27_0_R.jpg,Different,0,n,n,1,1.2802,52,0,52,0,1,,,,,,,,,,,,,,,,,,,,,,,,,,,,,,,,,,,,,,,,,,,,,,,,,
,,,,,,,,,,,,,,,67352f08f3ab886418574a6a,2025-01-21_19h27.32.530,VisualArraysMentalRotation_v4,2021.1.4,Win32,60.24096386,679054f2072d526265aabff2,679064bd6d11cdcb9bd9fbf3,,,,,,Stimuli/28_100_R.jpg,Different,100,n,n,1,2.7087,53,0,53,0,1,,,,,,,,,,,,,,,,,,,,,,,,,,,,,,,,,,,,,,,,,,,,,,,,,
,,,,,,,,,,,,,,,67352f08f3ab886418574a6a,2025-01-21_19h27.32.530,VisualArraysMentalRotation_v4,2021.1.4,Win32,60.24096386,679054f2072d526265aabff2,679064bd6d11cdcb9bd9fbf3,,,,,,Stimuli/43_100_R.jpg,Different,100,n,n,1,3.7687,54,0,54,0,1,,,,,,,,,,,,,,,,,,,,,,,,,,,,,,,,,,,,,,,,,,,,,,,,,
,,,,,,,,,,,,,,,67352f08f3ab886418574a6a,2025-01-21_19h27.32.530,VisualArraysMentalRotation_v4,2021.1.4,Win32,60.24096386,679054f2072d526265aabff2,679064bd6d11cdcb9bd9fbf3,,,,,,Stimuli/40_50.jpg,Same,50,b,b,1,1.7136,55,0,55,0,1,,,,,,,,,,,,,,,,,,,,,,,,,,,,,,,,,,,,,,,,,,,,,,,,,
,,,,,,,,,,,,,,,67352f08f3ab886418574a6a,2025-01-21_19h27.32.530,VisualArraysMentalRotation_v4,2021.1.4,Win32,60.24096386,679054f2072d526265aabff2,679064bd6d11cdcb9bd9fbf3,,,,,,Stimuli/22_150_R.jpg,Different,150,n,n,1,1.1599,56,0,56,0,1,,,,,,,,,,,,,,,,,,,,,,,,,,,,,,,,,,,,,,,,,,,,,,,,,
,,,,,,,,,,,,,,,67352f08f3ab886418574a6a,2025-01-21_19h27.32.530,VisualArraysMentalRotation_v4,2021.1.4,Win32,60.24096386,679054f2072d526265aabff2,679064bd6d11cdcb9bd9fbf3,,,,,,Stimuli/19_0.jpg,Same,0,b,b,1,0.893,57,0,57,0,1,,,,,,,,,,,,,,,,,,,,,,,,,,,,,,,,,,,,,,,,,,,,,,,,,
,,,,,,,,,,,,,,,67352f08f3ab886418574a6a,2025-01-21_19h27.32.530,VisualArraysMentalRotation_v4,2021.1.4,Win32,60.24096386,679054f2072d526265aabff2,679064bd6d11cdcb9bd9fbf3,,,,,,Stimuli/38_100.jpg,Same,100,b,b,1,3.2583,58,0,58,0,1,,,,,,,,,,,,,,,,,,,,,,,,,,,,,,,,,,,,,,,,,,,,,,,,,
,,,,,,,,,,,,,,,67352f08f3ab886418574a6a,2025-01-21_19h27.32.530,VisualArraysMentalRotation_v4,2021.1.4,Win32,60.24096386,679054f2072d526265aabff2,679064bd6d11cdcb9bd9fbf3,,,,,,Stimuli/3_50.jpg,Same,50,b,b,1,1.6344,59,0,59,0,1,,,,,,,,,,,,,,,,,,,,,,,,,,,,,,,,,,,,,,,,,,,,,,,,,
,,,,,,,,,,,,,,,67352f08f3ab886418574a6a,2025-01-21_19h27.32.530,VisualArraysMentalRotation_v4,2021.1.4,Win32,60.24096386,679054f2072d526265aabff2,679064bd6d11cdcb9bd9fbf3,,,,,,Stimuli/32_100_R.jpg,Different,100,n,b,0,2.5642,60,0,60,0,1,,,,,,,,,,,,,,,,,,,,,,,,,,,,,,,,,,,,,,,,,,,,,,,,,
,,,,,,,,,,,,,,,67352f08f3ab886418574a6a,2025-01-21_19h27.32.530,VisualArraysMentalRotation_v4,2021.1.4,Win32,60.24096386,679054f2072d526265aabff2,679064bd6d11cdcb9bd9fbf3,,,,,,Stimuli/16_0.jpg,Same,0,b,b,1,0.6957,61,0,61,0,1,,,,,,,,,,,,,,,,,,,,,,,,,,,,,,,,,,,,,,,,,,,,,,,,,
,,,,,,,,,,,,,,,67352f08f3ab886418574a6a,2025-01-21_19h27.32.530,VisualArraysMentalRotation_v4,2021.1.4,Win32,60.24096386,679054f2072d526265aabff2,679064bd6d11cdcb9bd9fbf3,,,,,,Stimuli/43_0_R.jpg,Different,0,n,n,1,1.4815,62,0,62,0,1,,,,,,,,,,,,,,,,,,,,,,,,,,,,,,,,,,,,,,,,,,,,,,,,,
,,,,,,,,,,,,,,,67352f08f3ab886418574a6a,2025-01-21_19h27.32.530,VisualArraysMentalRotation_v4,2021.1.4,Win32,60.24096386,679054f2072d526265aabff2,679064bd6d11cdcb9bd9fbf3,,,,,,Stimuli/27_50.jpg,Same,50,b,b,1,2.2917,63,0,63,0,1,,,,,,,,,,,,,,,,,,,,,,,,,,,,,,,,,,,,,,,,,,,,,,,,,
,,,,,,,,,,,,,,,67352f08f3ab886418574a6a,2025-01-21_19h27.32.530,VisualArraysMentalRotation_v4,2021.1.4,Win32,60.24096386,679054f2072d526265aabff2,679064bd6d11cdcb9bd9fbf3,,,,,,Stimuli/27_100_R.jpg,Different,100,n,n,1,1.6524,64,0,64,0,1,,,,,,,,,,,,,,,,,,,,,,,,,,,,,,,,,,,,,,,,,,,,,,,,,
,,,,,,,,,,,,,,,67352f08f3ab886418574a6a,2025-01-21_19h27.32.530,VisualArraysMentalRotation_v4,2021.1.4,Win32,60.24096386,679054f2072d526265aabff2,679064bd6d11cdcb9bd9fbf3,,,,,,Stimuli/16_100_R.jpg,Different,100,n,n,1,1.981,65,0,65,0,1,,,,,,,,,,,,,,,,,,,,,,,,,,,,,,,,,,,,,,,,,,,,,,,,,
,,,,,,,,,,,,,,,67352f08f3ab886418574a6a,2025-01-21_19h27.32.530,VisualArraysMentalRotation_v4,2021.1.4,Win32,60.24096386,679054f2072d526265aabff2,679064bd6d11cdcb9bd9fbf3,,,,,,Stimuli/32_100.jpg,Same,100,b,b,1,2.8314,66,0,66,0,1,,,,,,,,,,,,,,,,,,,,,,,,,,,,,,,,,,,,,,,,,,,,,,,,,
,,,,,,,,,,,,,,,67352f08f3ab886418574a6a,2025-01-21_19h27.32.530,VisualArraysMentalRotation_v4,2021.1.4,Win32,60.24096386,679054f2072d526265aabff2,679064bd6d11cdcb9bd9fbf3,,,,,,Stimuli/44_100.jpg,Same,100,b,b,1,3.2505,67,0,67,0,1,,,,,,,,,,,,,,,,,,,,,,,,,,,,,,,,,,,,,,,,,,,,,,,,,
,,,,,,,,,,,,,,,67352f08f3ab886418574a6a,2025-01-21_19h27.32.530,VisualArraysMentalRotation_v4,2021.1.4,Win32,60.24096386,679054f2072d526265aabff2,679064bd6d11cdcb9bd9fbf3,,,,,,Stimuli/28_0_R.jpg,Different,0,n,n,1,1.9016,68,0,68,0,1,,,,,,,,,,,,,,,,,,,,,,,,,,,,,,,,,,,,,,,,,,,,,,,,,
,,,,,,,,,,,,,,,67352f08f3ab886418574a6a,2025-01-21_19h27.32.530,VisualArraysMentalRotation_v4,2021.1.4,Win32,60.24096386,679054f2072d526265aabff2,679064bd6d11cdcb9bd9fbf3,,,,,,Stimuli/43_100.jpg,Same,100,b,b,1,2.6716,69,0,69,0,1,,,,,,,,,,,,,,,,,,,,,,,,,,,,,,,,,,,,,,,,,,,,,,,,,
,,,,,,,,,,,,,,,67352f08f3ab886418574a6a,2025-01-21_19h27.32.530,VisualArraysMentalRotation_v4,2021.1.4,Win32,60.24096386,679054f2072d526265aabff2,679064bd6d11cdcb9bd9fbf3,,,,,,Stimuli/44_150_R.jpg,Different,150,n,b,0,5.092,70,0,70,0,1,,,,,,,,,,,,,,,,,,,,,,,,,,,,,,,,,,,,,,,,,,,,,,,,,
,,,,,,,,,,,,,,,67352f08f3ab886418574a6a,2025-01-21_19h27.32.530,VisualArraysMentalRotation_v4,2021.1.4,Win32,60.24096386,679054f2072d526265aabff2,679064bd6d11cdcb9bd9fbf3,,,,,,Stimuli/44_50.jpg,Same,50,b,b,1,2.7659,71,0,71,0,1,,,,,,,,,,,,,,,,,,,,,,,,,,,,,,,,,,,,,,,,,,,,,,,,,
,,,,,,,,,,,,,,,67352f08f3ab886418574a6a,2025-01-21_19h27.32.530,VisualArraysMentalRotation_v4,2021.1.4,Win32,60.24096386,679054f2072d526265aabff2,679064bd6d11cdcb9bd9fbf3,,,,,,Stimuli/38_150_R.jpg,Different,150,n,n,1,1.9285,72,0,72,0,1,,,,,,,,,,,,,,,,,,,,,,,,,,,,,,,,,,,,,,,,,,,,,,,,,
,,,,,,,,,,,,,,,67352f08f3ab886418574a6a,2025-01-21_19h27.32.530,VisualArraysMentalRotation_v4,2021.1.4,Win32,60.24096386,679054f2072d526265aabff2,679064bd6d11cdcb9bd9fbf3,,,,,,Stimuli/32_0_R.jpg,Different,0,n,n,1,1.7937,73,0,73,0,1,,,,,,,,,,,,,,,,,,,,,,,,,,,,,,,,,,,,,,,,,,,,,,,,,
,,,,,,,,,,,,,,,67352f08f3ab886418574a6a,2025-01-21_19h27.32.530,VisualArraysMentalRotation_v4,2021.1.4,Win32,60.24096386,679054f2072d526265aabff2,679064bd6d11cdcb9bd9fbf3,,,,,,Stimuli/40_100_R.jpg,Different,100,n,n,1,1.7978,74,0,74,0,1,,,,,,,,,,,,,,,,,,,,,,,,,,,,,,,,,,,,,,,,,,,,,,,,,
,,,,,,,,,,,,,,,67352f08f3ab886418574a6a,2025-01-21_19h27.32.530,VisualArraysMentalRotation_v4,2021.1.4,Win32,60.24096386,679054f2072d526265aabff2,679064bd6d11cdcb9bd9fbf3,,,,,,Stimuli/22_0.jpg,Same,0,b,b,1,0.9016,75,0,75,0,1,,,,,,,,,,,,,,,,,,,,,,,,,,,,,,,,,,,,,,,,,,,,,,,,,
,,,,,,,,,,,,,,,67352f08f3ab886418574a6a,2025-01-21_19h27.32.530,VisualArraysMentalRotation_v4,2021.1.4,Win32,60.24096386,679054f2072d526265aabff2,679064bd6d11cdcb9bd9fbf3,,,,,,Stimuli/27_50_R.jpg,Different,50,n,n,1,1.1341,76,0,76,0,1,,,,,,,,,,,,,,,,,,,,,,,,,,,,,,,,,,,,,,,,,,,,,,,,,
,,,,,,,,,,,,,,,67352f08f3ab886418574a6a,2025-01-21_19h27.32.530,VisualArraysMentalRotation_v4,2021.1.4,Win32,60.24096386,679054f2072d526265aabff2,679064bd6d11cdcb9bd9fbf3,,,,,,Stimuli/27_0.jpg,Same,0,b,b,1,0.8703,77,0,77,0,1,,,,,,,,,,,,,,,,,,,,,,,,,,,,,,,,,,,,,,,,,,,,,,,,,
,,,,,,,,,,,,,,,67352f08f3ab886418574a6a,2025-01-21_19h27.32.530,VisualArraysMentalRotation_v4,2021.1.4,Win32,60.24096386,679054f2072d526265aabff2,679064bd6d11cdcb9bd9fbf3,,,,,,Stimuli/38_0.jpg,Same,0,b,b,1,0.6506,78,0,78,0,1,,,,,,,,,,,,,,,,,,,,,,,,,,,,,,,,,,,,,,,,,,,,,,,,,
,,,,,,,,,,,,,,,67352f08f3ab886418574a6a,2025-01-21_19h27.32.530,VisualArraysMentalRotation_v4,2021.1.4,Win32,60.24096386,679054f2072d526265aabff2,679064bd6d11cdcb9bd9fbf3,,,,,,Stimuli/38_50_R.jpg,Different,50,n,n,1,0.7437,79,0,79,0,1,,,,,,,,,,,,,,,,,,,,,,,,,,,,,,,,,,,,,,,,,,,,,,,,,
,,,,,,,,,,,,,,,67352f08f3ab886418574a6a,2025-01-21_19h27.32.530,VisualArraysMentalRotation_v4,2021.1.4,Win32,60.24096386,679054f2072d526265aabff2,679064bd6d11cdcb9bd9fbf3,,,,,,Stimuli/19_150.jpg,Same,150,b,b,1,3.6278,80,0,80,0,1,,,,,,,,,,,,,,,,,,,,,,,,,,,,,,,,,,,,,,,,,,,,,,,,,
,,,,,,,,,,,,,,,67352f08f3ab886418574a6a,2025-01-21_19h27.32.530,VisualArraysMentalRotation_v4,2021.1.4,Win32,60.24096386,679054f2072d526265aabff2,679064bd6d11cdcb9bd9fbf3,,,,,,Stimuli/28_50_R.jpg,Different,50,n,n,1,1.4264,81,0,81,0,1,,,,,,,,,,,,,,,,,,,,,,,,,,,,,,,,,,,,,,,,,,,,,,,,,
,,,,,,,,,,,,,,,67352f08f3ab886418574a6a,2025-01-21_19h27.32.530,VisualArraysMentalRotation_v4,2021.1.4,Win32,60.24096386,679054f2072d526265aabff2,679064bd6d11cdcb9bd9fbf3,,,,,,Stimuli/44_0_R.jpg,Different,0,n,n,1,0.8017,82,0,82,0,1,,,,,,,,,,,,,,,,,,,,,,,,,,,,,,,,,,,,,,,,,,,,,,,,,
,,,,,,,,,,,,,,,67352f08f3ab886418574a6a,2025-01-21_19h27.32.530,VisualArraysMentalRotation_v4,2021.1.4,Win32,60.24096386,679054f2072d526265aabff2,679064bd6d11cdcb9bd9fbf3,,,,,,Stimuli/22_150.jpg,Same,150,b,b,1,1.6975,83,0,83,0,1,,,,,,,,,,,,,,,,,,,,,,,,,,,,,,,,,,,,,,,,,,,,,,,,,
,,,,,,,,,,,,,,,67352f08f3ab886418574a6a,2025-01-21_19h27.32.530,VisualArraysMentalRotation_v4,2021.1.4,Win32,60.24096386,679054f2072d526265aabff2,679064bd6d11cdcb9bd9fbf3,,,,,,Stimuli/27_150.jpg,Same,150,b,b,1,3.8482,84,0,84,0,1,,,,,,,,,,,,,,,,,,,,,,,,,,,,,,,,,,,,,,,,,,,,,,,,,
,,,,,,,,,,,,,,,67352f08f3ab886418574a6a,2025-01-21_19h27.32.530,VisualArraysMentalRotation_v4,2021.1.4,Win32,60.24096386,679054f2072d526265aabff2,679064bd6d11cdcb9bd9fbf3,,,,,,Stimuli/28_100.jpg,Same,100,b,b,1,1.9544,85,0,85,0,1,,,,,,,,,,,,,,,,,,,,,,,,,,,,,,,,,,,,,,,,,,,,,,,,,
,,,,,,,,,,,,,,,67352f08f3ab886418574a6a,2025-01-21_19h27.32.530,VisualArraysMentalRotation_v4,2021.1.4,Win32,60.24096386,679054f2072d526265aabff2,679064bd6d11cdcb9bd9fbf3,,,,,,Stimuli/43_150_R.jpg,Different,150,n,b,0,2.1875,86,0,86,0,1,,,,,,,,,,,,,,,,,,,,,,,,,,,,,,,,,,,,,,,,,,,,,,,,,
,,,,,,,,,,,,,,,67352f08f3ab886418574a6a,2025-01-21_19h27.32.530,VisualArraysMentalRotation_v4,2021.1.4,Win32,60.24096386,679054f2072d526265aabff2,679064bd6d11cdcb9bd9fbf3,,,,,,Stimuli/40_100.jpg,Same,100,b,b,1,2.8968,87,0,87,0,1,,,,,,,,,,,,,,,,,,,,,,,,,,,,,,,,,,,,,,,,,,,,,,,,,
,,,,,,,,,,,,,,,67352f08f3ab886418574a6a,2025-01-21_19h27.32.530,VisualArraysMentalRotation_v4,2021.1.4,Win32,60.24096386,679054f2072d526265aabff2,679064bd6d11cdcb9bd9fbf3,,,,,,Stimuli/3_0.jpg,Same,0,b,b,1,1.8991,88,0,88,0,1,,,,,,,,,,,,,,,,,,,,,,,,,,,,,,,,,,,,,,,,,,,,,,,,,
,,,,,,,,,,,,,,,67352f08f3ab886418574a6a,2025-01-21_19h27.32.530,VisualArraysMentalRotation_v4,2021.1.4,Win32,60.24096386,679054f2072d526265aabff2,679064bd6d11cdcb9bd9fbf3,,,,,,Stimuli/21_50.jpg,Same,50,b,b,1,1.1023,89,0,89,0,1,,,,,,,,,,,,,,,,,,,,,,,,,,,,,,,,,,,,,,,,,,,,,,,,,
,,,,,,,,,,,,,,,67352f08f3ab886418574a6a,2025-01-21_19h27.32.530,VisualArraysMentalRotation_v4,2021.1.4,Win32,60.24096386,679054f2072d526265aabff2,679064bd6d11cdcb9bd9fbf3,,,,,,Stimuli/43_50_R.jpg,Different,50,n,n,1,1.5428,90,0,90,0,1,,,,,,,,,,,,,,,,,,,,,,,,,,,,,,,,,,,,,,,,,,,,,,,,,
,,,,,,,,,,,,,,,67352f08f3ab886418574a6a,2025-01-21_19h27.32.530,VisualArraysMentalRotation_v4,2021.1.4,Win32,60.24096386,679054f2072d526265aabff2,679064bd6d11cdcb9bd9fbf3,,,,,,Stimuli/32_50_R.jpg,Different,50,n,n,1,1.901,91,0,91,0,1,,,,,,,,,,,,,,,,,,,,,,,,,,,,,,,,,,,,,,,,,,,,,,,,,
,,,,,,,,,,,,,,,67352f08f3ab886418574a6a,2025-01-21_19h27.32.530,VisualArraysMentalRotation_v4,2021.1.4,Win32,60.24096386,679054f2072d526265aabff2,679064bd6d11cdcb9bd9fbf3,,,,,,Stimuli/28_150_R.jpg,Different,150,n,b,0,2.9516,92,0,92,0,1,,,,,,,,,,,,,,,,,,,,,,,,,,,,,,,,,,,,,,,,,,,,,,,,,
,,,,,,,,,,,,,,,67352f08f3ab886418574a6a,2025-01-21_19h27.32.530,VisualArraysMentalRotation_v4,2021.1.4,Win32,60.24096386,679054f2072d526265aabff2,679064bd6d11cdcb9bd9fbf3,,,,,,Stimuli/21_150.jpg,Same,150,b,b,1,2.1606,93,0,93,0,1,,,,,,,,,,,,,,,,,,,,,,,,,,,,,,,,,,,,,,,,,,,,,,,,,
,,,,,,,,,,,,,,,67352f08f3ab886418574a6a,2025-01-21_19h27.32.530,VisualArraysMentalRotation_v4,2021.1.4,Win32,60.24096386,679054f2072d526265aabff2,679064bd6d11cdcb9bd9fbf3,,,,,,Stimuli/19_0_R.jpg,Different,0,n,n,1,1.3555,94,0,94,0,1,,,,,,,,,,,,,,,,,,,,,,,,,,,,,,,,,,,,,,,,,,,,,,,,,
,,,,,,,,,,,,,,,67352f08f3ab886418574a6a,2025-01-21_19h27.32.530,VisualArraysMentalRotation_v4,2021.1.4,Win32,60.24096386,679054f2072d526265aabff2,679064bd6d11cdcb9bd9fbf3,,,,,,Stimuli/40_150.jpg,Same,150,b,b,1,3.685,95,0,95,0,1,,,,,,,,,,,,,,,,,,,,,,,,,,,,,,,,,,,,,,,,,,,,,,,,,
,,,,,,,,,,,,,,,67352f08f3ab886418574a6a,2025-01-21_19h27.32.530,VisualArraysMentalRotation_v4,2021.1.4,Win32,60.24096386,679054f2072d526265aabff2,679064bd6d11cdcb9bd9fbf3,,,,,,,,,,,,,,,,,,0,0,0,0,1,,,,,,,,,,,,,,,,,,,,,,,,,,,,,,,,,,,,,,,,,,,,
,,,,,,,,,,,,,,,67352f08f3ab886418574a6a,2025-01-21_19h27.32.530,VisualArraysMentalRotation_v4,2021.1.4,Win32,60.24096386,679054f2072d526265aabff2,679064bd6d11cdcb9bd9fbf3,,,,,,,,,,,,,,,,,,,,,,,0,0,0,0,1,0,1,,,,,,,,,,,,,,,,,,,,,,,,,,,,,,,,,,,,,
,,,,,,,,,,,,,,,67352f08f3ab886418574a6a,2025-01-21_19h27.32.530,VisualArraysMentalRotation_v4,2021.1.4,Win32,60.24096386,679054f2072d526265aabff2,679064bd6d11cdcb9bd9fbf3,,,,,,,,,,,,,,,,,,,,,,,,,,,,,,"[90,-45,45,45,-45]","[45,45,45,90,0]",0.25,PracRed_5,"[90,-45,45,45,0]","[45,45,45,90,0]",5,0,1.4821,0,0,0,7,1,RED,5,Different,6,3,,,,,,,,,,,,,,,,,,
,,,,,,,,,,,,,,,67352f08f3ab886418574a6a,2025-01-21_19h27.32.530,VisualArraysMentalRotation_v4,2021.1.4,Win32,60.24096386,679054f2072d526265aabff2,679064bd6d11cdcb9bd9fbf3,,,,,,,,,,,,,,,,,,,,,,,,,,,,,,"[90,-45,-45,-45,0]","[90,-45,90,-45,45]",0.25,PracBlue_2,"[90,-45,-45,-45,0]","[90,90,90,-45,45]",5,0,1.5297,0,1,1,15,1,BLUE,5,Different,6,3,,,,,,,,,,,,,,,,,,
,,,,,,,,,,,,,,,67352f08f3ab886418574a6a,2025-01-21_19h27.32.530,VisualArraysMentalRotation_v4,2021.1.4,Win32,60.24096386,679054f2072d526265aabff2,679064bd6d11cdcb9bd9fbf3,,,,,,,,,,,,,,,,,,,,,,,,,,,,,,"[90,45,90,90,90]","[45,90,45,90,-45]",0.25,PracRed_3,"[90,45,90,90,90]","[45,90,45,90,-45]",5,1,1.9861,0,2,2,3,1,RED,5,Same,5,3,,,,,,,,,,,,,,,,,,
,,,,,,,,,,,,,,,67352f08f3ab886418574a6a,2025-01-21_19h27.32.530,VisualArraysMentalRotation_v4,2021.1.4,Win32,60.24096386,679054f2072d526265aabff2,679064bd6d11cdcb9bd9fbf3,,,,,,,,,,,,,,,,,,,,,,,,,,,,,,"[45,0,0,45,90]","[90,-45,-45,-45,90]",0.25,PracRed_3,"[45,0,0,45,90]","[90,-45,-45,-45,90]",5,1,1.3246,0,3,3,1,1,RED,3,Same,5,3,,,,,,,,,,,,,,,,,,
,,,,,,,,,,,,,,,67352f08f3ab886418574a6a,2025-01-21_19h27.32.530,VisualArraysMentalRotation_v4,2021.1.4,Win32,60.24096386,679054f2072d526265aabff2,679064bd6d11cdcb9bd9fbf3,,,,,,,,,,,,,,,,,,,,,,,,,,,,,,"[0,45,0,0,0]","[45,45,90,0,45]",0.25,PracRed_1,"[-45,45,0,0,0]","[45,45,90,0,45]",6,1,0.8971,0,4,4,5,1,RED,3,Different,6,3,,,,,,,,,,,,,,,,,,
,,,,,,,,,,,,,,,67352f08f3ab886418574a6a,2025-01-21_19h27.32.530,VisualArraysMentalRotation_v4,2021.1.4,Win32,60.24096386,679054f2072d526265aabff2,679064bd6d11cdcb9bd9fbf3,,,,,,,,,,,,,,,,,,,,,,,,,,,,,,"[90,45,0,-45,-45]","[45,0,-45,0,0]",0.25,PracBlue_1,"[90,45,0,-45,-45]","[-45,0,-45,0,0]",6,1,0.779,0,5,5,12,1,BLUE,3,Different,6,1,,,,,,,,,,,,,,,,,,
,,,,,,,,,,,,,,,67352f08f3ab886418574a6a,2025-01-21_19h27.32.530,VisualArraysMentalRotation_v4,2021.1.4,Win32,60.24096386,679054f2072d526265aabff2,679064bd6d11cdcb9bd9fbf3,,,,,,,,,,,,,,,,,,,,,,,,,,,,,,"[-45,-45,90,90,90]","[90,45,45,-45,45]",0.25,PracRed_3,"[-45,-45,90,90,90]","[90,45,45,-45,45]",5,1,0.7936,0,6,6,0,1,RED,3,Same,5,1,,,,,,,,,,,,,,,,,,
,,,,,,,,,,,,,,,67352f08f3ab886418574a6a,2025-01-21_19h27.32.530,VisualArraysMentalRotation_v4,2021.1.4,Win32,60.24096386,679054f2072d526265aabff2,679064bd6d11cdcb9bd9fbf3,,,,,,,,,,,,,,,,,,,,,,,,,,,,,,"[45,45,90,-45,-45]","[45,0,45,0,45]",0.25,PracBlue_1,"[45,45,90,-45,-45]","[45,0,45,0,45]",5,1,0.6544,0,7,7,9,1,BLUE,3,Same,5,3,,,,,,,,,,,,,,,,,,
,,,,,,,,,,,,,,,67352f08f3ab886418574a6a,2025-01-21_19h27.32.530,VisualArraysMentalRotation_v4,2021.1.4,Win32,60.24096386,679054f2072d526265aabff2,679064bd6d11cdcb9bd9fbf3,,,,,,,,,,,,,,,,,,,,,,,,,,,,,,"[45,45,-45,-45,90]","[90,90,-45,45,-45]",0.25,PracRed_3,"[45,45,90,-45,90]","[90,90,-45,45,-45]",6,1,0.736,0,8,8,4,1,RED,3,Different,6,1,,,,,,,,,,,,,,,,,,
,,,,,,,,,,,,,,,67352f08f3ab886418574a6a,2025-01-21_19h27.32.530,VisualArraysMentalRotation_v4,2021.1.4,Win32,60.24096386,679054f2072d526265aabff2,679064bd6d11cdcb9bd9fbf3,,,,,,,,,,,,,,,,,,,,,,,,,,,,,,"[45,45,45,90,-45]","[0,90,-45,0,0]",0.25,PracBlue_5,"[45,45,45,90,-45]","[0,90,-45,0,90]",5,0,1.0637,0,9,9,14,1,BLUE,5,Different,6,1,,,,,,,,,,,,,,,,,,
,,,,,,,,,,,,,,,67352f08f3ab886418574a6a,2025-01-21_19h27.32.530,VisualArraysMentalRotation_v4,2021.1.4,Win32,60.24096386,679054f2072d526265aabff2,679064bd6d11cdcb9bd9fbf3,,,,,,,,,,,,,,,,,,,,,,,,,,,,,,"[90,45,45,0,0]","[90,90,0,45,0]",0.25,PracBlue_3,"[90,45,45,0,0]","[90,90,0,45,0]",5,1,0.6922,0,10,10,10,1,BLUE,5,Same,5,1,,,,,,,,,,,,,,,,,,
,,,,,,,,,,,,,,,67352f08f3ab886418574a6a,2025-01-21_19h27.32.530,VisualArraysMentalRotation_v4,2021.1.4,Win32,60.24096386,679054f2072d526265aabff2,679064bd6d11cdcb9bd9fbf3,,,,,,,,,,,,,,,,,,,,,,,,,,,,,,"[0,-45,45,-45,90]","[90,45,90,45,45]",0.25,PracRed_1,"[45,-45,45,-45,90]","[90,45,90,45,45]",5,0,1.0082,0,11,11,6,1,RED,5,Different,6,1,,,,,,,,,,,,,,,,,,
,,,,,,,,,,,,,,,67352f08f3ab886418574a6a,2025-01-21_19h27.32.530,VisualArraysMentalRotation_v4,2021.1.4,Win32,60.24096386,679054f2072d526265aabff2,679064bd6d11cdcb9bd9fbf3,,,,,,,,,,,,,,,,,,,,,,,,,,,,,,"[0,45,45,45,90]","[-45,90,90,90,45]",0.25,PracBlue_2,"[0,45,45,45,90]","[-45,90,90,90,45]",5,1,0.7893,0,12,12,11,1,BLUE,5,Same,5,3,,,,,,,,,,,,,,,,,,
,,,,,,,,,,,,,,,67352f08f3ab886418574a6a,2025-01-21_19h27.32.530,VisualArraysMentalRotation_v4,2021.1.4,Win32,60.24096386,679054f2072d526265aabff2,679064bd6d11cdcb9bd9fbf3,,,,,,,,,,,,,,,,,,,,,,,,,,,,,,"[0,90,0,90,90]","[45,0,0,90,-45]",0.25,PracBlue_3,"[0,90,0,90,90]","[45,0,0,90,-45]",5,1,0.6585,0,13,13,8,1,BLUE,3,Same,5,1,,,,,,,,,,,,,,,,,,
,,,,,,,,,,,,,,,67352f08f3ab886418574a6a,2025-01-21_19h27.32.530,VisualArraysMentalRotation_v4,2021.1.4,Win32,60.24096386,679054f2072d526265aabff2,679064bd6d11cdcb9bd9fbf3,,,,,,,,,,,,,,,,,,,,,,,,,,,,,,"[45,45,90,0,90]","[0,45,45,45,45]",0.25,PracRed_2,"[45,45,90,0,90]","[0,45,45,45,45]",5,1,0.851,0,14,14,2,1,RED,5,Same,5,1,,,,,,,,,,,,,,,,,,
,,,,,,,,,,,,,,,67352f08f3ab886418574a6a,2025-01-21_19h27.32.530,VisualArraysMentalRotation_v4,2021.1.4,Win32,60.24096386,679054f2072d526265aabff2,679064bd6d11cdcb9bd9fbf3,,,,,,,,,,,,,,,,,,,,,,,,,,,,,,"[90,-45,90,90,0]","[-45,-45,-45,-45,-45]",0.25,PracBlue_1,"[90,-45,90,90,0]","[90,-45,-45,-45,-45]",6,1,0.7172,0,15,15,13,1,BLUE,3,Different,6,3,,,,,,,,,,,,,,,,,,
,,,,,,,,,,,,,,,67352f08f3ab886418574a6a,2025-01-21_19h27.32.530,VisualArraysMentalRotation_v4,2021.1.4,Win32,60.24096386,679054f2072d526265aabff2,679064bd6d11cdcb9bd9fbf3,,,,,,,,,,,,,,,,,,,,,,,,,,,,,,,,,,,,,,,,,,,,,,,,,0,0,0,0,1,,,,,,,,,,,,,
,,,,,,,,,,,,,,,67352f08f3ab886418574a6a,2025-01-21_19h27.32.530,VisualArraysMentalRotation_v4,2021.1.4,Win32,60.24096386,679054f2072d526265aabff2,679064bd6d11cdcb9bd9fbf3,,,,,,,,,,,,,,,,,,,,,,,,,,,,,,"[0,45,45,-45,0]","[45,90,-45,0,90]",0.25,PracBlue_5,"[0,45,45,-45,0]","[45,90,-45,0,90]",5,1,0.552,0,0,0,11,1,BLUE,5,Same,5,3,,,,,,,,,,,,,,,,,,
,,,,,,,,,,,,,,,67352f08f3ab886418574a6a,2025-01-21_19h27.32.530,VisualArraysMentalRotation_v4,2021.1.4,Win32,60.24096386,679054f2072d526265aabff2,679064bd6d11cdcb9bd9fbf3,,,,,,,,,,,,,,,,,,,,,,,,,,,,,,"[90,0,45,-45,0]","[45,45,-45,0,45]",0.25,PracBlue_1,"[90,0,45,-45,0]","[-45,45,-45,0,45]",6,1,0.9135,0,1,1,15,1,BLUE,5,Different,6,3,,,,,,,,,,,,,,,,,,
,,,,,,,,,,,,,,,67352f08f3ab886418574a6a,2025-01-21_19h27.32.530,VisualArraysMentalRotation_v4,2021.1.4,Win32,60.24096386,679054f2072d526265aabff2,679064bd6d11cdcb9bd9fbf3,,,,,,,,,,,,,,,,,,,,,,,,,,,,,,"[0,0,0,90,45]","[45,-45,45,-45,-45]",0.25,PracRed_4,"[0,0,0,90,45]","[45,-45,45,-45,-45]",5,1,1.1089,0,2,2,3,1,RED,5,Same,5,3,,,,,,,,,,,,,,,,,,
,,,,,,,,,,,,,,,67352f08f3ab886418574a6a,2025-01-21_19h27.32.530,VisualArraysMentalRotation_v4,2021.1.4,Win32,60.24096386,679054f2072d526265aabff2,679064bd6d11cdcb9bd9fbf3,,,,,,,,,,,,,,,,,,,,,,,,,,,,,,"[90,90,-45,45,0]","[0,-45,90,45,-45]",0.25,PracRed_4,"[90,90,-45,45,0]","[0,-45,90,45,-45]",6,0,0.6006,0,3,3,2,1,RED,5,Same,5,1,,,,,,,,,,,,,,,,,,
,,,,,,,,,,,,,,,67352f08f3ab886418574a6a,2025-01-21_19h27.32.530,VisualArraysMentalRotation_v4,2021.1.4,Win32,60.24096386,679054f2072d526265aabff2,679064bd6d11cdcb9bd9fbf3,,,,,,,,,,,,,,,,,,,,,,,,,,,,,,"[-45,0,90,90,-45]","[-45,0,45,45,-45]",0.25,PracRed_4,"[-45,0,90,0,-45]","[-45,0,45,45,-45]",5,0,0.5635,0,4,4,6,1,RED,5,Different,6,1,,,,,,,,,,,,,,,,,,
,,,,,,,,,,,,,,,67352f08f3ab886418574a6a,2025-01-21_19h27.32.530,VisualArraysMentalRotation_v4,2021.1.4,Win32,60.24096386,679054f2072d526265aabff2,679064bd6d11cdcb9bd9fbf3,,,,,,,,,,,,,,,,,,,,,,,,,,,,,,"[-45,0,-45,90,-45]","[45,90,90,0,-45]",0.25,PracRed_2,"[-45,0,-45,90,-45]","[45,90,90,0,-45]",5,1,1.161,0,5,5,1,1,RED,3,Same,5,3,,,,,,,,,,,,,,,,,,
,,,,,,,,,,,,,,,67352f08f3ab886418574a6a,2025-01-21_19h27.32.530,VisualArraysMentalRotation_v4,2021.1.4,Win32,60.24096386,679054f2072d526265aabff2,679064bd6d11cdcb9bd9fbf3,,,,,,,,,,,,,,,,,,,,,,,,,,,,,,"[90,45,90,0,45]","[90,45,90,90,-45]",0.25,PracRed_5,"[90,45,90,0,0]","[90,45,90,90,-45]",6,1,1.1593,0,6,6,7,1,RED,5,Different,6,3,,,,,,,,,,,,,,,,,,
,,,,,,,,,,,,,,,67352f08f3ab886418574a6a,2025-01-21_19h27.32.530,VisualArraysMentalRotation_v4,2021.1.4,Win32,60.24096386,679054f2072d526265aabff2,679064bd6d11cdcb9bd9fbf3,,,,,,,,,,,,,,,,,,,,,,,,,,,,,,"[45,45,45,-45,45]","[90,45,90,90,45]",0.25,PracBlue_2,"[45,45,45,-45,45]","[90,-45,90,90,45]",5,0,0.8054,0,7,7,12,1,BLUE,3,Different,6,1,,,,,,,,,,,,,,,,,,
,,,,,,,,,,,,,,,67352f08f3ab886418574a6a,2025-01-21_19h27.32.530,VisualArraysMentalRotation_v4,2021.1.4,Win32,60.24096386,679054f2072d526265aabff2,679064bd6d11cdcb9bd9fbf3,,,,,,,,,,,,,,,,,,,,,,,,,,,,,,"[45,0,-45,-45,0]","[90,90,-45,90,-45]",0.25,PracBlue_2,"[45,0,-45,-45,0]","[90,0,-45,90,-45]",6,1,0.6699,0,8,8,13,1,BLUE,3,Different,6,3,,,,,,,,,,,,,,,,,,
,,,,,,,,,,,,,,,67352f08f3ab886418574a6a,2025-01-21_19h27.32.530,VisualArraysMentalRotation_v4,2021.1.4,Win32,60.24096386,679054f2072d526265aabff2,679064bd6d11cdcb9bd9fbf3,,,,,,,,,,,,,,,,,,,,,,,,,,,,,,"[45,90,45,-45,45]","[90,45,90,0,45]",0.25,PracRed_3,"[45,90,45,-45,45]","[90,45,90,0,45]",5,1,0.6925,0,9,9,0,1,RED,3,Same,5,1,,,,,,,,,,,,,,,,,,
,,,,,,,,,,,,,,,67352f08f3ab886418574a6a,2025-01-21_19h27.32.530,VisualArraysMentalRotation_v4,2021.1.4,Win32,60.24096386,679054f2072d526265aabff2,679064bd6d11cdcb9bd9fbf3,,,,,,,,,,,,,,,,,,,,,,,,,,,,,,"[45,90,0,0,90]","[-45,0,0,-45,90]",0.25,PracBlue_5,"[45,90,0,0,90]","[-45,0,0,-45,45]",6,1,0.8952,0,10,10,14,1,BLUE,5,Different,6,1,,,,,,,,,,,,,,,,,,
,,,,,,,,,,,,,,,67352f08f3ab886418574a6a,2025-01-21_19h27.32.530,VisualArraysMentalRotation_v4,2021.1.4,Win32,60.24096386,679054f2072d526265aabff2,679064bd6d11cdcb9bd9fbf3,,,,,,,,,,,,,,,,,,,,,,,,,,,,,,"[90,90,90,0,90]","[0,0,45,0,-45]",0.25,PracBlue_2,"[90,90,90,0,90]","[0,0,45,0,-45]",6,0,0.9784,0,11,11,9,1,BLUE,3,Same,5,3,,,,,,,,,,,,,,,,,,
,,,,,,,,,,,,,,,67352f08f3ab886418574a6a,2025-01-21_19h27.32.530,VisualArraysMentalRotation_v4,2021.1.4,Win32,60.24096386,679054f2072d526265aabff2,679064bd6d11cdcb9bd9fbf3,,,,,,,,,,,,,,,,,,,,,,,,,,,,,,"[0,45,45,0,90]","[0,-45,90,-45,0]",0.25,PracRed_3,"[0,45,0,0,90]","[0,-45,90,-45,0]",5,0,0.9119,0,12,12,5,1,RED,3,Different,6,3,,,,,,,,,,,,,,,,,,
,,,,,,,,,,,,,,,67352f08f3ab886418574a6a,2025-01-21_19h27.32.530,VisualArraysMentalRotation_v4,2021.1.4,Win32,60.24096386,679054f2072d526265aabff2,679064bd6d11cdcb9bd9fbf3,,,,,,,,,,,,,,,,,,,,,,,,,,,,,,"[0,45,90,0,90]","[-45,90,90,90,45]",0.25,PracBlue_2,"[0,45,90,0,90]","[-45,90,90,90,45]",5,1,0.7339,0,13,13,8,1,BLUE,3,Same,5,1,,,,,,,,,,,,,,,,,,
,,,,,,,,,,,,,,,67352f08f3ab886418574a6a,2025-01-21_19h27.32.530,VisualArraysMentalRotation_v4,2021.1.4,Win32,60.24096386,679054f2072d526265aabff2,679064bd6d11cdcb9bd9fbf3,,,,,,,,,,,,,,,,,,,,,,,,,,,,,,"[90,45,45,45,90]","[45,0,0,90,0]",0.25,PracBlue_3,"[90,45,45,45,90]","[45,0,0,90,0]",5,1,0.5439,0,14,14,10,1,BLUE,5,Same,5,1,,,,,,,,,,,,,,,,,,
,,,,,,,,,,,,,,,67352f08f3ab886418574a6a,2025-01-21_19h27.32.530,VisualArraysMentalRotation_v4,2021.1.4,Win32,60.24096386,679054f2072d526265aabff2,679064bd6d11cdcb9bd9fbf3,,,,,,,,,,,,,,,,,,,,,,,,,,,,,,"[0,-45,90,90,0]","[90,90,90,0,90]",0.25,PracRed_3,"[0,-45,-45,90,0]","[90,90,90,0,90]",6,1,0.6439,0,15,15,4,1,RED,3,Different,6,1,,,,,,,,,,,,,,,,,,
,,,,,,,,,,,,,,,67352f08f3ab886418574a6a,2025-01-21_19h27.32.530,VisualArraysMentalRotation_v4,2021.1.4,Win32,60.24096386,679054f2072d526265aabff2,679064bd6d11cdcb9bd9fbf3,,,,,,,,,,,,,,,,,,,,,,,,,,,,,,,,,,,,,,,,,,,,,,,,,1,0,1,0,1,,,,,,,,,,,,,
,,,,,,,,,,,,,,,67352f08f3ab886418574a6a,2025-01-21_19h27.32.530,VisualArraysMentalRotation_v4,2021.1.4,Win32,60.24096386,679054f2072d526265aabff2,679064bd6d11cdcb9bd9fbf3,,,,,,,,,,,,,,,,,,,,,,,,,,,,,,"[0,90,45,0,45]","[-45,90,45,0,90]",,Blue_1,"[0,90,45,0,45]","[-45,90,45,0,90]",,,,,,,,,BLUE,3,Same,5,3,,,,,,6,0,1.5672,0,0,0,9,1,,,,,
,,,,,,,,,,,,,,,67352f08f3ab886418574a6a,2025-01-21_19h27.32.530,VisualArraysMentalRotation_v4,2021.1.4,Win32,60.24096386,679054f2072d526265aabff2,679064bd6d11cdcb9bd9fbf3,,,,,,,,,,,,,,,,,,,,,,,,,,,,,,"[0,-45,0,-45,0]","[0,45,45,45,90]",,Red_2,"[0,90,0,-45,0]","[0,45,45,45,90]",,,,,,,,,RED,3,Different,6,3,,,,,,6,1,1.0428,0,1,1,5,1,,,,,
,,,,,,,,,,,,,,,67352f08f3ab886418574a6a,2025-01-21_19h27.32.530,VisualArraysMentalRotation_v4,2021.1.4,Win32,60.24096386,679054f2072d526265aabff2,679064bd6d11cdcb9bd9fbf3,,,,,,,,,,,,,,,,,,,,,,,,,,,,,,"[-45,90,90,45,90]","[-45,45,45,45,-45]",,Blue_5,"[-45,90,90,45,90]","[-45,45,45,45,0]",,,,,,,,,BLUE,5,Different,6,1,,,,,,6,1,0.8954,0,2,2,14,1,,,,,
,,,,,,,,,,,,,,,67352f08f3ab886418574a6a,2025-01-21_19h27.32.530,VisualArraysMentalRotation_v4,2021.1.4,Win32,60.24096386,679054f2072d526265aabff2,679064bd6d11cdcb9bd9fbf3,,,,,,,,,,,,,,,,,,,,,,,,,,,,,,"[0,0,90,0,0]","[-45,0,45,0,90]",,Red_1,"[0,0,90,0,0]","[-45,0,45,0,90]",,,,,,,,,RED,3,Same,5,3,,,,,,5,1,1.4011,0,3,3,1,1,,,,,
,,,,,,,,,,,,,,,67352f08f3ab886418574a6a,2025-01-21_19h27.32.530,VisualArraysMentalRotation_v4,2021.1.4,Win32,60.24096386,679054f2072d526265aabff2,679064bd6d11cdcb9bd9fbf3,,,,,,,,,,,,,,,,,,,,,,,,,,,,,,"[90,-45,-45,45,0]","[90,90,90,90,0]",,Red_3,"[90,-45,0,45,0]","[90,90,90,90,0]",,,,,,,,,RED,5,Different,6,1,,,,,,5,0,0.5846,0,4,4,6,1,,,,,
,,,,,,,,,,,,,,,67352f08f3ab886418574a6a,2025-01-21_19h27.32.530,VisualArraysMentalRotation_v4,2021.1.4,Win32,60.24096386,679054f2072d526265aabff2,679064bd6d11cdcb9bd9fbf3,,,,,,,,,,,,,,,,,,,,,,,,,,,,,,"[-45,-45,45,90,-45]","[45,45,0,0,45]",,Blue_1,"[-45,-45,45,90,-45]","[45,45,0,0,45]",,,,,,,,,BLUE,3,Same,5,1,,,,,,6,0,1.0418,0,5,5,8,1,,,,,
,,,,,,,,,,,,,,,67352f08f3ab886418574a6a,2025-01-21_19h27.32.530,VisualArraysMentalRotation_v4,2021.1.4,Win32,60.24096386,679054f2072d526265aabff2,679064bd6d11cdcb9bd9fbf3,,,,,,,,,,,,,,,,,,,,,,,,,,,,,,"[45,90,90,90,0]","[90,0,-45,45,-45]",,Red_1,"[45,90,90,90,0]","[90,0,-45,45,-45]",,,,,,,,,RED,5,Same,5,3,,,,,,6,0,1.1455,0,6,6,3,1,,,,,
,,,,,,,,,,,,,,,67352f08f3ab886418574a6a,2025-01-21_19h27.32.530,VisualArraysMentalRotation_v4,2021.1.4,Win32,60.24096386,679054f2072d526265aabff2,679064bd6d11cdcb9bd9fbf3,,,,,,,,,,,,,,,,,,,,,,,,,,,,,,"[45,90,0,0,90]","[-45,-45,90,45,-45]",,Red_3,"[45,90,-45,0,90]","[-45,-45,90,45,-45]",,,,,,,,,RED,3,Different,6,1,,,,,,5,0,1.2581,0,7,7,4,1,,,,,
,,,,,,,,,,,,,,,67352f08f3ab886418574a6a,2025-01-21_19h27.32.530,VisualArraysMentalRotation_v4,2021.1.4,Win32,60.24096386,679054f2072d526265aabff2,679064bd6d11cdcb9bd9fbf3,,,,,,,,,,,,,,,,,,,,,,,,,,,,,,"[90,90,90,-45,-45]","[0,45,45,-45,45]",,Red_3,"[90,90,90,-45,-45]","[0,45,45,-45,45]",,,,,,,,,RED,3,Same,5,1,,,,,,5,1,0.6354,0,8,8,0,1,,,,,
,,,,,,,,,,,,,,,67352f08f3ab886418574a6a,2025-01-21_19h27.32.530,VisualArraysMentalRotation_v4,2021.1.4,Win32,60.24096386,679054f2072d526265aabff2,679064bd6d11cdcb9bd9fbf3,,,,,,,,,,,,,,,,,,,,,,,,,,,,,,"[45,45,0,90,0]","[45,90,90,-45,90]",,Blue_3,"[45,45,0,90,0]","[45,90,45,-45,90]",,,,,,,,,BLUE,3,Different,6,1,,,,,,6,1,1.5919,0,9,9,12,1,,,,,
,,,,,,,,,,,,,,,67352f08f3ab886418574a6a,2025-01-21_19h27.32.530,VisualArraysMentalRotation_v4,2021.1.4,Win32,60.24096386,679054f2072d526265aabff2,679064bd6d11cdcb9bd9fbf3,,,,,,,,,,,,,,,,,,,,,,,,,,,,,,"[0,45,0,-45,-45]","[45,90,0,90,-45]",,Blue_4,"[0,45,0,-45,-45]","[45,90,0,90,-45]",,,,,,,,,BLUE,5,Same,5,1,,,,,,5,1,0.9374,0,10,10,10,1,,,,,
,,,,,,,,,,,,,,,67352f08f3ab886418574a6a,2025-01-21_19h27.32.530,VisualArraysMentalRotation_v4,2021.1.4,Win32,60.24096386,679054f2072d526265aabff2,679064bd6d11cdcb9bd9fbf3,,,,,,,,,,,,,,,,,,,,,,,,,,,,,,"[0,-45,-45,45,90]","[-45,45,90,45,0]",,Red_2,"[0,45,-45,45,90]","[-45,45,90,45,0]",,,,,,,,,RED,5,Different,6,3,,,,,,6,1,0.7426,0,11,11,7,1,,,,,
,,,,,,,,,,,,,,,67352f08f3ab886418574a6a,2025-01-21_19h27.32.530,VisualArraysMentalRotation_v4,2021.1.4,Win32,60.24096386,679054f2072d526265aabff2,679064bd6d11cdcb9bd9fbf3,,,,,,,,,,,,,,,,,,,,,,,,,,,,,,"[0,90,90,45,90]","[0,-45,-45,0,90]",,Blue_2,"[0,90,90,45,90]","[0,90,-45,0,90]",,,,,,,,,BLUE,3,Different,6,3,,,,,,6,1,0.9434,0,12,12,13,1,,,,,
,,,,,,,,,,,,,,,67352f08f3ab886418574a6a,2025-01-21_19h27.32.530,VisualArraysMentalRotation_v4,2021.1.4,Win32,60.24096386,679054f2072d526265aabff2,679064bd6d11cdcb9bd9fbf3,,,,,,,,,,,,,,,,,,,,,,,,,,,,,,"[90,0,90,-45,-45]","[45,-45,90,-45,90]",,Red_2,"[90,0,90,-45,-45]","[45,-45,90,-45,90]",,,,,,,,,RED,5,Same,5,1,,,,,,5,1,0.8241,0,13,13,2,1,,,,,
,,,,,,,,,,,,,,,67352f08f3ab886418574a6a,2025-01-21_19h27.32.530,VisualArraysMentalRotation_v4,2021.1.4,Win32,60.24096386,679054f2072d526265aabff2,679064bd6d11cdcb9bd9fbf3,,,,,,,,,,,,,,,,,,,,,,,,,,,,,,"[0,45,45,0,0]","[90,45,90,0,0]",,Blue_5,"[0,45,45,0,0]","[90,45,90,0,0]",,,,,,,,,BLUE,5,Same,5,3,,,,,,5,1,0.7505,0,14,14,11,1,,,,,
,,,,,,,,,,,,,,,67352f08f3ab886418574a6a,2025-01-21_19h27.32.530,VisualArraysMentalRotation_v4,2021.1.4,Win32,60.24096386,679054f2072d526265aabff2,679064bd6d11cdcb9bd9fbf3,,,,,,,,,,,,,,,,,,,,,,,,,,,,,,"[-45,90,0,-45,0]","[0,0,0,0,45]",,Blue_5,"[-45,90,0,-45,0]","[0,0,0,0,0]",,,,,,,,,BLUE,5,Different,6,3,,,,,,6,1,0.8,0,15,15,15,1,,,,,
,,,,,,,,,,,,,,,67352f08f3ab886418574a6a,2025-01-21_19h27.32.530,VisualArraysMentalRotation_v4,2021.1.4,Win32,60.24096386,679054f2072d526265aabff2,679064bd6d11cdcb9bd9fbf3,,,,,,,,,,,,,,,,,,,,,,,,,,,,,,"[45,-45,90,0,0]","[45,90,-45,-45,45]",,Blue_1,"[45,-45,90,0,0]","[0,90,-45,-45,45]",,,,,,,,,BLUE,5,Different,6,1,,,,,,5,0,0.912,1,0,16,14,1,,,,,
,,,,,,,,,,,,,,,67352f08f3ab886418574a6a,2025-01-21_19h27.32.530,VisualArraysMentalRotation_v4,2021.1.4,Win32,60.24096386,679054f2072d526265aabff2,679064bd6d11cdcb9bd9fbf3,,,,,,,,,,,,,,,,,,,,,,,,,,,,,,"[90,45,0,0,45]","[0,-45,0,45,90]",,Red_1,"[-45,45,0,0,45]","[0,-45,0,45,90]",,,,,,,,,RED,3,Different,6,1,,,,,,6,1,1.234,1,1,17,4,1,,,,,
,,,,,,,,,,,,,,,67352f08f3ab886418574a6a,2025-01-21_19h27.32.530,VisualArraysMentalRotation_v4,2021.1.4,Win32,60.24096386,679054f2072d526265aabff2,679064bd6d11cdcb9bd9fbf3,,,,,,,,,,,,,,,,,,,,,,,,,,,,,,"[45,0,45,-45,0]","[90,45,45,45,-45]",,Blue_3,"[45,0,45,-45,0]","[90,45,45,45,-45]",,,,,,,,,BLUE,5,Same,5,1,,,,,,5,1,0.7702,1,2,18,10,1,,,,,
,,,,,,,,,,,,,,,67352f08f3ab886418574a6a,2025-01-21_19h27.32.530,VisualArraysMentalRotation_v4,2021.1.4,Win32,60.24096386,679054f2072d526265aabff2,679064bd6d11cdcb9bd9fbf3,,,,,,,,,,,,,,,,,,,,,,,,,,,,,,"[90,0,0,0,0]","[45,0,-45,0,-45]",,Blue_3,"[90,0,0,0,0]","[45,0,-45,0,-45]",,,,,,,,,BLUE,3,Same,5,3,,,,,,5,1,0.8969,1,3,19,9,1,,,,,
,,,,,,,,,,,,,,,67352f08f3ab886418574a6a,2025-01-21_19h27.32.530,VisualArraysMentalRotation_v4,2021.1.4,Win32,60.24096386,679054f2072d526265aabff2,679064bd6d11cdcb9bd9fbf3,,,,,,,,,,,,,,,,,,,,,,,,,,,,,,"[-45,45,-45,90,45]","[-45,-45,0,0,-45]",,Red_1,"[0,45,-45,90,45]","[-45,-45,0,0,-45]",,,,,,,,,RED,3,Different,6,3,,,,,,6,1,1.2438,1,4,20,5,1,,,,,
,,,,,,,,,,,,,,,67352f08f3ab886418574a6a,2025-01-21_19h27.32.530,VisualArraysMentalRotation_v4,2021.1.4,Win32,60.24096386,679054f2072d526265aabff2,679064bd6d11cdcb9bd9fbf3,,,,,,,,,,,,,,,,,,,,,,,,,,,,,,"[-45,45,90,0,45]","[0,45,90,90,-45]",,Blue_1,"[-45,45,90,0,45]","[90,45,90,90,-45]",,,,,,,,,BLUE,3,Different,6,3,,,,,,6,1,1.8507,1,5,21,13,1,,,,,
,,,,,,,,,,,,,,,67352f08f3ab886418574a6a,2025-01-21_19h27.32.530,VisualArraysMentalRotation_v4,2021.1.4,Win32,60.24096386,679054f2072d526265aabff2,679064bd6d11cdcb9bd9fbf3,,,,,,,,,,,,,,,,,,,,,,,,,,,,,,"[90,-45,90,-45,45]","[0,45,90,90,90]",,Red_1,"[90,-45,90,-45,45]","[0,45,90,90,90]",,,,,,,,,RED,5,Same,5,1,,,,,,5,1,0.8258,1,6,22,2,1,,,,,
,,,,,,,,,,,,,,,67352f08f3ab886418574a6a,2025-01-21_19h27.32.530,VisualArraysMentalRotation_v4,2021.1.4,Win32,60.24096386,679054f2072d526265aabff2,679064bd6d11cdcb9bd9fbf3,,,,,,,,,,,,,,,,,,,,,,,,,,,,,,"[45,90,45,45,-45]","[45,90,0,45,-45]",,Blue_1,"[45,90,45,45,-45]","[90,90,0,45,-45]",,,,,,,,,BLUE,5,Different,6,3,,,,,,5,0,1.3251,1,7,23,15,1,,,,,
,,,,,,,,,,,,,,,67352f08f3ab886418574a6a,2025-01-21_19h27.32.530,VisualArraysMentalRotation_v4,2021.1.4,Win32,60.24096386,679054f2072d526265aabff2,679064bd6d11cdcb9bd9fbf3,,,,,,,,,,,,,,,,,,,,,,,,,,,,,,"[-45,-45,-45,90,0]","[45,45,90,0,45]",,Red_1,"[45,-45,-45,90,0]","[45,45,90,0,45]",,,,,,,,,RED,5,Different,6,1,,,,,,6,1,0.9365,1,8,24,6,1,,,,,
,,,,,,,,,,,,,,,67352f08f3ab886418574a6a,2025-01-21_19h27.32.530,VisualArraysMentalRotation_v4,2021.1.4,Win32,60.24096386,679054f2072d526265aabff2,679064bd6d11cdcb9bd9fbf3,,,,,,,,,,,,,,,,,,,,,,,,,,,,,,"[0,45,90,90,45]","[90,90,45,0,-45]",,Blue_1,"[0,45,90,90,45]","[90,90,45,0,-45]",,,,,,,,,BLUE,3,Same,5,1,,,,,,5,1,0.7007,1,9,25,8,1,,,,,
,,,,,,,,,,,,,,,67352f08f3ab886418574a6a,2025-01-21_19h27.32.530,VisualArraysMentalRotation_v4,2021.1.4,Win32,60.24096386,679054f2072d526265aabff2,679064bd6d11cdcb9bd9fbf3,,,,,,,,,,,,,,,,,,,,,,,,,,,,,,"[45,90,0,45,90]","[-45,0,-45,0,-45]",,Red_2,"[45,90,0,45,90]","[-45,0,-45,0,-45]",,,,,,,,,RED,5,Same,5,3,,,,,,5,1,0.7039,1,10,26,3,1,,,,,
,,,,,,,,,,,,,,,67352f08f3ab886418574a6a,2025-01-21_19h27.32.530,VisualArraysMentalRotation_v4,2021.1.4,Win32,60.24096386,679054f2072d526265aabff2,679064bd6d11cdcb9bd9fbf3,,,,,,,,,,,,,,,,,,,,,,,,,,,,,,"[45,45,45,-45,45]","[0,0,45,-45,90]",,Red_1,"[90,45,45,-45,45]","[0,0,45,-45,90]",,,,,,,,,RED,5,Different,6,3,,,,,,5,0,2.8449,1,11,27,7,1,,,,,
,,,,,,,,,,,,,,,67352f08f3ab886418574a6a,2025-01-21_19h27.32.530,VisualArraysMentalRotation_v4,2021.1.4,Win32,60.24096386,679054f2072d526265aabff2,679064bd6d11cdcb9bd9fbf3,,,,,,,,,,,,,,,,,,,,,,,,,,,,,,"[90,45,90,45,0]","[90,0,90,-45,-45]",,Blue_4,"[90,45,90,45,0]","[90,0,90,-45,-45]",,,,,,,,,BLUE,5,Same,5,3,,,,,,5,1,1.0542,1,12,28,11,1,,,,,
,,,,,,,,,,,,,,,67352f08f3ab886418574a6a,2025-01-21_19h27.32.530,VisualArraysMentalRotation_v4,2021.1.4,Win32,60.24096386,679054f2072d526265aabff2,679064bd6d11cdcb9bd9fbf3,,,,,,,,,,,,,,,,,,,,,,,,,,,,,,"[0,-45,0,90,90]","[45,45,-45,-45,45]",,Blue_1,"[0,-45,0,90,90]","[-45,45,-45,-45,45]",,,,,,,,,BLUE,3,Different,6,1,,,,,,6,1,0.9754,1,13,29,12,1,,,,,
,,,,,,,,,,,,,,,67352f08f3ab886418574a6a,2025-01-21_19h27.32.530,VisualArraysMentalRotation_v4,2021.1.4,Win32,60.24096386,679054f2072d526265aabff2,679064bd6d11cdcb9bd9fbf3,,,,,,,,,,,,,,,,,,,,,,,,,,,,,,"[90,90,45,90,-45]","[45,-45,-45,-45,0]",,Red_1,"[90,90,45,90,-45]","[45,-45,-45,-45,0]",,,,,,,,,RED,3,Same,5,3,,,,,,5,1,0.6922,1,14,30,1,1,,,,,
,,,,,,,,,,,,,,,67352f08f3ab886418574a6a,2025-01-21_19h27.32.530,VisualArraysMentalRotation_v4,2021.1.4,Win32,60.24096386,679054f2072d526265aabff2,679064bd6d11cdcb9bd9fbf3,,,,,,,,,,,,,,,,,,,,,,,,,,,,,,"[0,45,90,90,90]","[0,90,90,90,90]",,Red_3,"[0,45,90,90,90]","[0,90,90,90,90]",,,,,,,,,RED,3,Same,5,1,,,,,,5,1,0.6841,1,15,31,0,1,,,,,
,,,,,,,,,,,,,,,67352f08f3ab886418574a6a,2025-01-21_19h27.32.530,VisualArraysMentalRotation_v4,2021.1.4,Win32,60.24096386,679054f2072d526265aabff2,679064bd6d11cdcb9bd9fbf3,,,,,,,,,,,,,,,,,,,,,,,,,,,,,,"[-45,90,-45,-45,45]","[90,0,90,0,0]",,Blue_4,"[-45,90,-45,-45,45]","[90,0,90,90,0]",,,,,,,,,BLUE,5,Different,6,3,,,,,,6,1,0.7528,2,0,32,15,1,,,,,
,,,,,,,,,,,,,,,67352f08f3ab886418574a6a,2025-01-21_19h27.32.530,VisualArraysMentalRotation_v4,2021.1.4,Win32,60.24096386,679054f2072d526265aabff2,679064bd6d11cdcb9bd9fbf3,,,,,,,,,,,,,,,,,,,,,,,,,,,,,,"[45,90,90,-45,90]","[45,-45,90,0,90]",,Red_3,"[45,90,0,-45,90]","[45,-45,90,0,90]",,,,,,,,,RED,5,Different,6,3,,,,,,5,0,0.7581,2,1,33,7,1,,,,,
,,,,,,,,,,,,,,,67352f08f3ab886418574a6a,2025-01-21_19h27.32.530,VisualArraysMentalRotation_v4,2021.1.4,Win32,60.24096386,679054f2072d526265aabff2,679064bd6d11cdcb9bd9fbf3,,,,,,,,,,,,,,,,,,,,,,,,,,,,,,"[45,45,-45,0,-45]","[-45,90,90,45,-45]",,Red_1,"[45,45,-45,0,-45]","[-45,90,90,45,-45]",,,,,,,,,RED,5,Same,5,3,,,,,,5,1,0.651,2,2,34,3,1,,,,,
,,,,,,,,,,,,,,,67352f08f3ab886418574a6a,2025-01-21_19h27.32.530,VisualArraysMentalRotation_v4,2021.1.4,Win32,60.24096386,679054f2072d526265aabff2,679064bd6d11cdcb9bd9fbf3,,,,,,,,,,,,,,,,,,,,,,,,,,,,,,"[45,0,90,-45,-45]","[0,90,-45,0,45]",,Blue_2,"[45,0,90,-45,-45]","[0,-45,-45,0,45]",,,,,,,,,BLUE,3,Different,6,3,,,,,,6,1,0.7188,2,3,35,13,1,,,,,
,,,,,,,,,,,,,,,67352f08f3ab886418574a6a,2025-01-21_19h27.32.530,VisualArraysMentalRotation_v4,2021.1.4,Win32,60.24096386,679054f2072d526265aabff2,679064bd6d11cdcb9bd9fbf3,,,,,,,,,,,,,,,,,,,,,,,,,,,,,,"[-45,90,-45,90,90]","[90,90,-45,45,45]",,Red_1,"[-45,90,-45,90,90]","[90,90,-45,45,45]",,,,,,,,,RED,3,Same,5,3,,,,,,5,1,0.823,2,4,36,1,1,,,,,
,,,,,,,,,,,,,,,67352f08f3ab886418574a6a,2025-01-21_19h27.32.530,VisualArraysMentalRotation_v4,2021.1.4,Win32,60.24096386,679054f2072d526265aabff2,679064bd6d11cdcb9bd9fbf3,,,,,,,,,,,,,,,,,,,,,,,,,,,,,,"[-45,45,-45,-45,45]","[45,90,0,90,0]",,Red_3,"[-45,45,45,-45,45]","[45,90,0,90,0]",,,,,,,,,RED,3,Different,6,3,,,,,,6,1,0.8543,2,5,37,5,1,,,,,
,,,,,,,,,,,,,,,67352f08f3ab886418574a6a,2025-01-21_19h27.32.530,VisualArraysMentalRotation_v4,2021.1.4,Win32,60.24096386,679054f2072d526265aabff2,679064bd6d11cdcb9bd9fbf3,,,,,,,,,,,,,,,,,,,,,,,,,,,,,,"[90,90,-45,90,0]","[-45,45,90,-45,45]",,Blue_2,"[90,90,-45,90,0]","[-45,45,90,-45,45]",,,,,,,,,BLUE,3,Same,5,1,,,,,,5,1,1.02,2,6,38,8,1,,,,,
,,,,,,,,,,,,,,,67352f08f3ab886418574a6a,2025-01-21_19h27.32.530,VisualArraysMentalRotation_v4,2021.1.4,Win32,60.24096386,679054f2072d526265aabff2,679064bd6d11cdcb9bd9fbf3,,,,,,,,,,,,,,,,,,,,,,,,,,,,,,"[-45,-45,45,-45,45]","[0,-45,-45,0,45]",,Blue_2,"[-45,-45,45,-45,45]","[0,0,-45,0,45]",,,,,,,,,BLUE,3,Different,6,1,,,,,,6,1,0.886,2,7,39,12,1,,,,,
,,,,,,,,,,,,,,,67352f08f3ab886418574a6a,2025-01-21_19h27.32.530,VisualArraysMentalRotation_v4,2021.1.4,Win32,60.24096386,679054f2072d526265aabff2,679064bd6d11cdcb9bd9fbf3,,,,,,,,,,,,,,,,,,,,,,,,,,,,,,"[90,45,-45,45,90]","[0,-45,90,0,90]",,Red_3,"[90,45,90,45,90]","[0,-45,90,0,90]",,,,,,,,,RED,3,Different,6,1,,,,,,6,1,0.6857,2,8,40,4,1,,,,,
,,,,,,,,,,,,,,,67352f08f3ab886418574a6a,2025-01-21_19h27.32.530,VisualArraysMentalRotation_v4,2021.1.4,Win32,60.24096386,679054f2072d526265aabff2,679064bd6d11cdcb9bd9fbf3,,,,,,,,,,,,,,,,,,,,,,,,,,,,,,"[-45,-45,90,0,45]","[0,0,45,0,90]",,Blue_5,"[-45,-45,90,0,45]","[0,0,45,0,90]",,,,,,,,,BLUE,5,Same,5,1,,,,,,5,1,0.6506,2,9,41,10,1,,,,,
,,,,,,,,,,,,,,,67352f08f3ab886418574a6a,2025-01-21_19h27.32.530,VisualArraysMentalRotation_v4,2021.1.4,Win32,60.24096386,679054f2072d526265aabff2,679064bd6d11cdcb9bd9fbf3,,,,,,,,,,,,,,,,,,,,,,,,,,,,,,"[-45,45,-45,0,0]","[-45,-45,45,90,45]",,Blue_3,"[-45,45,-45,0,0]","[-45,-45,45,90,45]",,,,,,,,,BLUE,3,Same,5,3,,,,,,6,0,0.7726,2,10,42,9,1,,,,,
,,,,,,,,,,,,,,,67352f08f3ab886418574a6a,2025-01-21_19h27.32.530,VisualArraysMentalRotation_v4,2021.1.4,Win32,60.24096386,679054f2072d526265aabff2,679064bd6d11cdcb9bd9fbf3,,,,,,,,,,,,,,,,,,,,,,,,,,,,,,"[-45,90,90,0,90]","[90,90,45,45,0]",,Blue_1,"[-45,90,90,0,90]","[-45,90,45,45,0]",,,,,,,,,BLUE,5,Different,6,1,,,,,,6,1,0.504,2,11,43,14,1,,,,,
,,,,,,,,,,,,,,,67352f08f3ab886418574a6a,2025-01-21_19h27.32.530,VisualArraysMentalRotation_v4,2021.1.4,Win32,60.24096386,679054f2072d526265aabff2,679064bd6d11cdcb9bd9fbf3,,,,,,,,,,,,,,,,,,,,,,,,,,,,,,"[90,90,45,0,90]","[0,45,-45,45,90]",,Red_3,"[90,90,45,0,90]","[0,45,-45,45,90]",,,,,,,,,RED,5,Same,5,1,,,,,,6,0,0.7717,2,12,44,2,1,,,,,
,,,,,,,,,,,,,,,67352f08f3ab886418574a6a,2025-01-21_19h27.32.530,VisualArraysMentalRotation_v4,2021.1.4,Win32,60.24096386,679054f2072d526265aabff2,679064bd6d11cdcb9bd9fbf3,,,,,,,,,,,,,,,,,,,,,,,,,,,,,,"[-45,90,-45,0,-45]","[90,0,45,45,90]",,Red_4,"[-45,90,-45,-45,-45]","[90,0,45,45,90]",,,,,,,,,RED,5,Different,6,1,,,,,,5,0,0.7853,2,13,45,6,1,,,,,
,,,,,,,,,,,,,,,67352f08f3ab886418574a6a,2025-01-21_19h27.32.530,VisualArraysMentalRotation_v4,2021.1.4,Win32,60.24096386,679054f2072d526265aabff2,679064bd6d11cdcb9bd9fbf3,,,,,,,,,,,,,,,,,,,,,,,,,,,,,,"[45,90,-45,0,45]","[-45,90,90,-45,0]",,Red_1,"[45,90,-45,0,45]","[-45,90,90,-45,0]",,,,,,,,,RED,3,Same,5,1,,,,,,6,0,0.6364,2,14,46,0,1,,,,,
,,,,,,,,,,,,,,,67352f08f3ab886418574a6a,2025-01-21_19h27.32.530,VisualArraysMentalRotation_v4,2021.1.4,Win32,60.24096386,679054f2072d526265aabff2,679064bd6d11cdcb9bd9fbf3,,,,,,,,,,,,,,,,,,,,,,,,,,,,,,"[45,90,0,45,-45]","[45,0,-45,45,-45]",,Blue_2,"[45,90,0,45,-45]","[45,0,-45,45,-45]",,,,,,,,,BLUE,5,Same,5,3,,,,,,6,0,0.6113,2,15,47,11,1,,,,,
,,,,,,,,,,,,,,,67352f08f3ab886418574a6a,2025-01-21_19h27.32.530,VisualArraysMentalRotation_v4,2021.1.4,Win32,60.24096386,679054f2072d526265aabff2,679064bd6d11cdcb9bd9fbf3,,,,,,,,,,,,,,,,,,,,,,,,,,,,,,"[90,45,45,90,0]","[-45,-45,-45,0,90]",,Red_2,"[90,45,45,90,0]","[-45,-45,-45,0,90]",,,,,,,,,RED,5,Same,5,3,,,,,,5,1,0.7064,3,0,48,3,1,,,,,
,,,,,,,,,,,,,,,67352f08f3ab886418574a6a,2025-01-21_19h27.32.530,VisualArraysMentalRotation_v4,2021.1.4,Win32,60.24096386,679054f2072d526265aabff2,679064bd6d11cdcb9bd9fbf3,,,,,,,,,,,,,,,,,,,,,,,,,,,,,,"[45,90,-45,-45,0]","[0,0,45,0,0]",,Red_3,"[45,90,45,-45,0]","[0,0,45,0,0]",,,,,,,,,RED,3,Different,6,1,,,,,,6,1,0.8844,3,1,49,4,1,,,,,
,,,,,,,,,,,,,,,67352f08f3ab886418574a6a,2025-01-21_19h27.32.530,VisualArraysMentalRotation_v4,2021.1.4,Win32,60.24096386,679054f2072d526265aabff2,679064bd6d11cdcb9bd9fbf3,,,,,,,,,,,,,,,,,,,,,,,,,,,,,,"[90,0,-45,45,-45]","[45,-45,45,-45,90]",,Blue_3,"[90,0,-45,45,-45]","[45,-45,90,-45,90]",,,,,,,,,BLUE,3,Different,6,1,,,,,,6,1,0.801,3,2,50,12,1,,,,,
,,,,,,,,,,,,,,,67352f08f3ab886418574a6a,2025-01-21_19h27.32.530,VisualArraysMentalRotation_v4,2021.1.4,Win32,60.24096386,679054f2072d526265aabff2,679064bd6d11cdcb9bd9fbf3,,,,,,,,,,,,,,,,,,,,,,,,,,,,,,"[90,-45,90,-45,45]","[-45,45,-45,-45,90]",,Red_1,"[90,-45,90,-45,45]","[-45,45,-45,-45,90]",,,,,,,,,RED,3,Same,5,3,,,,,,5,1,0.9945,3,3,51,1,1,,,,,
,,,,,,,,,,,,,,,67352f08f3ab886418574a6a,2025-01-21_19h27.32.530,VisualArraysMentalRotation_v4,2021.1.4,Win32,60.24096386,679054f2072d526265aabff2,679064bd6d11cdcb9bd9fbf3,,,,,,,,,,,,,,,,,,,,,,,,,,,,,,"[-45,-45,90,0,0]","[45,45,-45,-45,45]",,Red_3,"[-45,-45,45,0,0]","[45,45,-45,-45,45]",,,,,,,,,RED,5,Different,6,1,,,,,,5,0,0.6577,3,4,52,6,1,,,,,
,,,,,,,,,,,,,,,67352f08f3ab886418574a6a,2025-01-21_19h27.32.530,VisualArraysMentalRotation_v4,2021.1.4,Win32,60.24096386,679054f2072d526265aabff2,679064bd6d11cdcb9bd9fbf3,,,,,,,,,,,,,,,,,,,,,,,,,,,,,,"[45,-45,90,45,90]","[0,90,45,90,-45]",,Blue_3,"[45,-45,90,45,90]","[0,90,45,90,-45]",,,,,,,,,BLUE,3,Same,5,3,,,,,,5,1,1.059,3,5,53,9,1,,,,,
,,,,,,,,,,,,,,,67352f08f3ab886418574a6a,2025-01-21_19h27.32.530,VisualArraysMentalRotation_v4,2021.1.4,Win32,60.24096386,679054f2072d526265aabff2,679064bd6d11cdcb9bd9fbf3,,,,,,,,,,,,,,,,,,,,,,,,,,,,,,"[45,45,45,90,45]","[0,0,0,45,90]",,Blue_4,"[45,45,45,90,45]","[0,0,0,-45,90]",,,,,,,,,BLUE,5,Different,6,3,,,,,,5,0,0.3495,3,6,54,15,1,,,,,
,,,,,,,,,,,,,,,67352f08f3ab886418574a6a,2025-01-21_19h27.32.530,VisualArraysMentalRotation_v4,2021.1.4,Win32,60.24096386,679054f2072d526265aabff2,679064bd6d11cdcb9bd9fbf3,,,,,,,,,,,,,,,,,,,,,,,,,,,,,,"[45,0,45,45,45]","[45,-45,45,45,0]",,Red_2,"[45,45,45,45,45]","[45,-45,45,45,0]",,,,,,,,,RED,3,Different,6,3,,,,,,6,1,0.4504,3,7,55,5,1,,,,,
,,,,,,,,,,,,,,,67352f08f3ab886418574a6a,2025-01-21_19h27.32.530,VisualArraysMentalRotation_v4,2021.1.4,Win32,60.24096386,679054f2072d526265aabff2,679064bd6d11cdcb9bd9fbf3,,,,,,,,,,,,,,,,,,,,,,,,,,,,,,"[90,90,0,45,90]","[-45,45,0,-45,45]",,Red_3,"[90,90,0,45,90]","[-45,45,0,-45,45]",,,,,,,,,RED,3,Same,5,1,,,,,,5,1,0.5549,3,8,56,0,1,,,,,
,,,,,,,,,,,,,,,67352f08f3ab886418574a6a,2025-01-21_19h27.32.530,VisualArraysMentalRotation_v4,2021.1.4,Win32,60.24096386,679054f2072d526265aabff2,679064bd6d11cdcb9bd9fbf3,,,,,,,,,,,,,,,,,,,,,,,,,,,,,,"[90,90,45,45,45]","[-45,45,45,-45,0]",,Red_5,"[90,90,45,45,-45]","[-45,45,45,-45,0]",,,,,,,,,RED,5,Different,6,3,,,,,,5,0,0.3346,3,9,57,7,1,,,,,
,,,,,,,,,,,,,,,67352f08f3ab886418574a6a,2025-01-21_19h27.32.530,VisualArraysMentalRotation_v4,2021.1.4,Win32,60.24096386,679054f2072d526265aabff2,679064bd6d11cdcb9bd9fbf3,,,,,,,,,,,,,,,,,,,,,,,,,,,,,,"[-45,90,-45,90,0]","[0,90,45,45,45]",,Blue_1,"[-45,90,-45,90,0]","[-45,90,45,45,45]",,,,,,,,,BLUE,3,Different,6,3,,,,,,6,1,1.1179,3,10,58,13,1,,,,,
,,,,,,,,,,,,,,,67352f08f3ab886418574a6a,2025-01-21_19h27.32.530,VisualArraysMentalRotation_v4,2021.1.4,Win32,60.24096386,679054f2072d526265aabff2,679064bd6d11cdcb9bd9fbf3,,,,,,,,,,,,,,,,,,,,,,,,,,,,,,"[-45,45,-45,-45,0]","[45,90,-45,90,90]",,Blue_2,"[-45,45,-45,-45,0]","[45,90,-45,90,90]",,,,,,,,,BLUE,5,Same,5,1,,,,,,6,0,0.5682,3,11,59,10,1,,,,,
,,,,,,,,,,,,,,,67352f08f3ab886418574a6a,2025-01-21_19h27.32.530,VisualArraysMentalRotation_v4,2021.1.4,Win32,60.24096386,679054f2072d526265aabff2,679064bd6d11cdcb9bd9fbf3,,,,,,,,,,,,,,,,,,,,,,,,,,,,,,"[45,-45,45,45,45]","[-45,90,45,90,0]",,Blue_4,"[45,-45,45,45,45]","[-45,90,45,45,0]",,,,,,,,,BLUE,5,Different,6,1,,,,,,5,0,0.5781,3,12,60,14,1,,,,,
,,,,,,,,,,,,,,,67352f08f3ab886418574a6a,2025-01-21_19h27.32.530,VisualArraysMentalRotation_v4,2021.1.4,Win32,60.24096386,679054f2072d526265aabff2,679064bd6d11cdcb9bd9fbf3,,,,,,,,,,,,,,,,,,,,,,,,,,,,,,"[90,-45,45,0,-45]","[90,-45,-45,0,0]",,Red_3,"[90,-45,45,0,-45]","[90,-45,-45,0,0]",,,,,,,,,RED,5,Same,5,1,,,,,,6,0,0.5943,3,13,61,2,1,,,,,
,,,,,,,,,,,,,,,67352f08f3ab886418574a6a,2025-01-21_19h27.32.530,VisualArraysMentalRotation_v4,2021.1.4,Win32,60.24096386,679054f2072d526265aabff2,679064bd6d11cdcb9bd9fbf3,,,,,,,,,,,,,,,,,,,,,,,,,,,,,,"[-45,0,90,45,45]","[-45,0,45,90,0]",,Blue_2,"[-45,0,90,45,45]","[-45,0,45,90,0]",,,,,,,,,BLUE,3,Same,5,1,,,,,,5,1,0.7343,3,14,62,8,1,,,,,
,,,,,,,,,,,,,,,67352f08f3ab886418574a6a,2025-01-21_19h27.32.530,VisualArraysMentalRotation_v4,2021.1.4,Win32,60.24096386,679054f2072d526265aabff2,679064bd6d11cdcb9bd9fbf3,,,,,,,,,,,,,,,,,,,,,,,,,,,,,,"[90,90,-45,45,90]","[45,0,0,90,90]",,Blue_5,"[90,90,-45,45,90]","[45,0,0,90,90]",,,,,,,,,BLUE,5,Same,5,3,,,,,,5,1,0.5745,3,15,63,11,1,,,,,
,,,,,,,,,,,,,,,67352f08f3ab886418574a6a,2025-01-21_19h27.32.530,VisualArraysMentalRotation_v4,2021.1.4,Win32,60.24096386,679054f2072d526265aabff2,679064bd6d11cdcb9bd9fbf3,,,,,,,,,,,,,,,,,,,,,,,,,,,,,,"[-45,0,45,45,0]","[90,90,45,-45,45]",,Blue_3,"[-45,0,45,45,0]","[90,90,-45,-45,45]",,,,,,,,,BLUE,3,Different,6,1,,,,,,5,0,0.6593,4,0,64,12,1,,,,,
,,,,,,,,,,,,,,,67352f08f3ab886418574a6a,2025-01-21_19h27.32.530,VisualArraysMentalRotation_v4,2021.1.4,Win32,60.24096386,679054f2072d526265aabff2,679064bd6d11cdcb9bd9fbf3,,,,,,,,,,,,,,,,,,,,,,,,,,,,,,"[45,90,-45,45,45]","[0,-45,90,45,45]",,Red_2,"[45,90,-45,45,45]","[0,-45,90,45,45]",,,,,,,,,RED,3,Same,5,1,,,,,,5,1,0.8118,4,1,65,0,1,,,,,
,,,,,,,,,,,,,,,67352f08f3ab886418574a6a,2025-01-21_19h27.32.530,VisualArraysMentalRotation_v4,2021.1.4,Win32,60.24096386,679054f2072d526265aabff2,679064bd6d11cdcb9bd9fbf3,,,,,,,,,,,,,,,,,,,,,,,,,,,,,,"[45,-45,90,0,90]","[45,-45,0,-45,45]",,Red_3,"[45,-45,45,0,90]","[45,-45,0,-45,45]",,,,,,,,,RED,3,Different,6,1,,,,,,6,1,0.8333,4,2,66,4,1,,,,,
,,,,,,,,,,,,,,,67352f08f3ab886418574a6a,2025-01-21_19h27.32.530,VisualArraysMentalRotation_v4,2021.1.4,Win32,60.24096386,679054f2072d526265aabff2,679064bd6d11cdcb9bd9fbf3,,,,,,,,,,,,,,,,,,,,,,,,,,,,,,"[90,90,-45,0,45]","[0,0,0,0,45]",,Red_4,"[90,90,-45,0,45]","[0,0,0,0,45]",,,,,,,,,RED,5,Same,5,1,,,,,,5,1,0.5948,4,3,67,2,1,,,,,
,,,,,,,,,,,,,,,67352f08f3ab886418574a6a,2025-01-21_19h27.32.530,VisualArraysMentalRotation_v4,2021.1.4,Win32,60.24096386,679054f2072d526265aabff2,679064bd6d11cdcb9bd9fbf3,,,,,,,,,,,,,,,,,,,,,,,,,,,,,,"[90,45,0,0,-45]","[-45,0,45,-45,-45]",,Blue_1,"[90,45,0,0,-45]","[-45,0,45,-45,-45]",,,,,,,,,BLUE,5,Same,5,3,,,,,,6,0,1.2053,4,4,68,11,1,,,,,
,,,,,,,,,,,,,,,67352f08f3ab886418574a6a,2025-01-21_19h27.32.530,VisualArraysMentalRotation_v4,2021.1.4,Win32,60.24096386,679054f2072d526265aabff2,679064bd6d11cdcb9bd9fbf3,,,,,,,,,,,,,,,,,,,,,,,,,,,,,,"[45,0,-45,45,90]","[0,-45,45,-45,-45]",,Red_4,"[45,0,-45,45,90]","[0,-45,45,-45,-45]",,,,,,,,,RED,5,Same,5,3,,,,,,5,1,0.6586,4,5,69,3,1,,,,,
,,,,,,,,,,,,,,,67352f08f3ab886418574a6a,2025-01-21_19h27.32.530,VisualArraysMentalRotation_v4,2021.1.4,Win32,60.24096386,679054f2072d526265aabff2,679064bd6d11cdcb9bd9fbf3,,,,,,,,,,,,,,,,,,,,,,,,,,,,,,"[0,45,0,45,0]","[45,0,90,0,-45]",,Blue_5,"[0,45,0,45,0]","[45,0,90,0,0]",,,,,,,,,BLUE,5,Different,6,3,,,,,,6,1,0.8845,4,6,70,15,1,,,,,
,,,,,,,,,,,,,,,67352f08f3ab886418574a6a,2025-01-21_19h27.32.530,VisualArraysMentalRotation_v4,2021.1.4,Win32,60.24096386,679054f2072d526265aabff2,679064bd6d11cdcb9bd9fbf3,,,,,,,,,,,,,,,,,,,,,,,,,,,,,,"[-45,0,45,0,-45]","[45,90,45,0,90]",,Blue_2,"[-45,0,45,0,-45]","[45,45,45,0,90]",,,,,,,,,BLUE,5,Different,6,1,,,,,,5,0,1.0843,4,7,71,14,1,,,,,
,,,,,,,,,,,,,,,67352f08f3ab886418574a6a,2025-01-21_19h27.32.530,VisualArraysMentalRotation_v4,2021.1.4,Win32,60.24096386,679054f2072d526265aabff2,679064bd6d11cdcb9bd9fbf3,,,,,,,,,,,,,,,,,,,,,,,,,,,,,,"[45,0,-45,90,45]","[0,-45,-45,90,0]",,Red_1,"[45,0,-45,90,45]","[0,-45,-45,90,0]",,,,,,,,,RED,3,Same,5,3,,,,,,5,1,0.8589,4,8,72,1,1,,,,,
,,,,,,,,,,,,,,,67352f08f3ab886418574a6a,2025-01-21_19h27.32.530,VisualArraysMentalRotation_v4,2021.1.4,Win32,60.24096386,679054f2072d526265aabff2,679064bd6d11cdcb9bd9fbf3,,,,,,,,,,,,,,,,,,,,,,,,,,,,,,"[90,45,90,-45,45]","[90,-45,-45,0,-45]",,Red_5,"[90,45,90,-45,90]","[90,-45,-45,0,-45]",,,,,,,,,RED,5,Different,6,3,,,,,,5,0,0.8521,4,9,73,7,1,,,,,
,,,,,,,,,,,,,,,67352f08f3ab886418574a6a,2025-01-21_19h27.32.530,VisualArraysMentalRotation_v4,2021.1.4,Win32,60.24096386,679054f2072d526265aabff2,679064bd6d11cdcb9bd9fbf3,,,,,,,,,,,,,,,,,,,,,,,,,,,,,,"[-45,0,90,-45,90]","[90,45,90,90,90]",,Blue_3,"[-45,0,90,-45,90]","[90,45,90,90,90]",,,,,,,,,BLUE,3,Same,5,1,,,,,,6,0,1.4264,4,10,74,8,1,,,,,
,,,,,,,,,,,,,,,67352f08f3ab886418574a6a,2025-01-21_19h27.32.530,VisualArraysMentalRotation_v4,2021.1.4,Win32,60.24096386,679054f2072d526265aabff2,679064bd6d11cdcb9bd9fbf3,,,,,,,,,,,,,,,,,,,,,,,,,,,,,,"[45,45,0,0,90]","[-45,-45,90,90,0]",,Blue_3,"[45,45,0,0,90]","[-45,-45,0,90,0]",,,,,,,,,BLUE,3,Different,6,3,,,,,,6,1,0.7831,4,11,75,13,1,,,,,
,,,,,,,,,,,,,,,67352f08f3ab886418574a6a,2025-01-21_19h27.32.530,VisualArraysMentalRotation_v4,2021.1.4,Win32,60.24096386,679054f2072d526265aabff2,679064bd6d11cdcb9bd9fbf3,,,,,,,,,,,,,,,,,,,,,,,,,,,,,,"[0,45,45,0,90]","[-45,0,-45,-45,0]",,Blue_1,"[0,45,45,0,90]","[-45,0,-45,-45,0]",,,,,,,,,BLUE,3,Same,5,3,,,,,,5,1,0.1533,4,12,76,9,1,,,,,
,,,,,,,,,,,,,,,67352f08f3ab886418574a6a,2025-01-21_19h27.32.530,VisualArraysMentalRotation_v4,2021.1.4,Win32,60.24096386,679054f2072d526265aabff2,679064bd6d11cdcb9bd9fbf3,,,,,,,,,,,,,,,,,,,,,,,,,,,,,,"[45,-45,-45,0,90]","[0,90,45,90,90]",,Red_3,"[45,-45,90,0,90]","[0,90,45,90,90]",,,,,,,,,RED,3,Different,6,3,,,,,,5,0,0.6178,4,13,77,5,1,,,,,
,,,,,,,,,,,,,,,67352f08f3ab886418574a6a,2025-01-21_19h27.32.530,VisualArraysMentalRotation_v4,2021.1.4,Win32,60.24096386,679054f2072d526265aabff2,679064bd6d11cdcb9bd9fbf3,,,,,,,,,,,,,,,,,,,,,,,,,,,,,,"[45,-45,90,90,-45]","[-45,0,45,0,-45]",,Blue_2,"[45,-45,90,90,-45]","[-45,0,45,0,-45]",,,,,,,,,BLUE,5,Same,5,1,,,,,,6,0,0.5122,4,14,78,10,1,,,,,
,,,,,,,,,,,,,,,67352f08f3ab886418574a6a,2025-01-21_19h27.32.530,VisualArraysMentalRotation_v4,2021.1.4,Win32,60.24096386,679054f2072d526265aabff2,679064bd6d11cdcb9bd9fbf3,,,,,,,,,,,,,,,,,,,,,,,,,,,,,,"[45,-45,-45,-45,0]","[-45,0,90,90,-45]",,Red_4,"[45,-45,-45,45,0]","[-45,0,90,90,-45]",,,,,,,,,RED,5,Different,6,1,,,,,,6,1,0.9547,4,15,79,6,1,,,,,
,,,,,,,,,,,,,,,67352f08f3ab886418574a6a,2025-01-21_19h27.32.530,VisualArraysMentalRotation_v4,2021.1.4,Win32,60.24096386,679054f2072d526265aabff2,679064bd6d11cdcb9bd9fbf3,,,,,,,,,,,,,,,,,,,,,,,,,,,,,,"[45,45,45,90,45]","[90,90,0,45,0]",,Red_3,"[45,45,45,90,45]","[90,90,0,45,0]",,,,,,,,,RED,5,Same,5,1,,,,,,6,0,0.6142,5,0,80,2,1,,,,,
,,,,,,,,,,,,,,,67352f08f3ab886418574a6a,2025-01-21_19h27.32.530,VisualArraysMentalRotation_v4,2021.1.4,Win32,60.24096386,679054f2072d526265aabff2,679064bd6d11cdcb9bd9fbf3,,,,,,,,,,,,,,,,,,,,,,,,,,,,,,"[45,-45,0,90,0]","[0,-45,45,90,45]",,Red_1,"[45,-45,0,90,0]","[0,-45,45,90,45]",,,,,,,,,RED,5,Same,5,3,,,,,,5,1,0.3497,5,1,81,3,1,,,,,
,,,,,,,,,,,,,,,67352f08f3ab886418574a6a,2025-01-21_19h27.32.530,VisualArraysMentalRotation_v4,2021.1.4,Win32,60.24096386,679054f2072d526265aabff2,679064bd6d11cdcb9bd9fbf3,,,,,,,,,,,,,,,,,,,,,,,,,,,,,,"[90,45,-45,45,45]","[45,45,45,0,45]",,Red_1,"[90,45,-45,45,45]","[45,45,45,0,45]",,,,,,,,,RED,3,Same,5,1,,,,,,5,1,0.833,5,2,82,0,1,,,,,
,,,,,,,,,,,,,,,67352f08f3ab886418574a6a,2025-01-21_19h27.32.530,VisualArraysMentalRotation_v4,2021.1.4,Win32,60.24096386,679054f2072d526265aabff2,679064bd6d11cdcb9bd9fbf3,,,,,,,,,,,,,,,,,,,,,,,,,,,,,,"[-45,-45,0,90,-45]","[45,0,45,90,45]",,Blue_2,"[-45,-45,0,90,-45]","[45,45,45,90,45]",,,,,,,,,BLUE,3,Different,6,3,,,,,,5,0,0.4016,5,3,83,13,1,,,,,
,,,,,,,,,,,,,,,67352f08f3ab886418574a6a,2025-01-21_19h27.32.530,VisualArraysMentalRotation_v4,2021.1.4,Win32,60.24096386,679054f2072d526265aabff2,679064bd6d11cdcb9bd9fbf3,,,,,,,,,,,,,,,,,,,,,,,,,,,,,,"[-45,90,0,0,90]","[0,45,-45,45,45]",,Blue_2,"[-45,90,0,0,90]","[0,-45,-45,45,45]",,,,,,,,,BLUE,3,Different,6,1,,,,,,6,1,0.7507,5,4,84,12,1,,,,,
,,,,,,,,,,,,,,,67352f08f3ab886418574a6a,2025-01-21_19h27.32.530,VisualArraysMentalRotation_v4,2021.1.4,Win32,60.24096386,679054f2072d526265aabff2,679064bd6d11cdcb9bd9fbf3,,,,,,,,,,,,,,,,,,,,,,,,,,,,,,"[0,90,0,-45,0]","[0,0,-45,-45,0]",,Blue_3,"[0,90,0,-45,0]","[0,0,-45,-45,0]",,,,,,,,,BLUE,5,Same,5,1,,,,,,6,0,0.6931,5,5,85,10,1,,,,,
,,,,,,,,,,,,,,,67352f08f3ab886418574a6a,2025-01-21_19h27.32.530,VisualArraysMentalRotation_v4,2021.1.4,Win32,60.24096386,679054f2072d526265aabff2,679064bd6d11cdcb9bd9fbf3,,,,,,,,,,,,,,,,,,,,,,,,,,,,,,"[45,45,0,45,-45]","[45,45,-45,90,-45]",,Red_2,"[45,45,0,45,-45]","[45,45,-45,90,-45]",,,,,,,,,RED,3,Same,5,3,,,,,,5,1,0.8794,5,6,86,1,1,,,,,
,,,,,,,,,,,,,,,67352f08f3ab886418574a6a,2025-01-21_19h27.32.530,VisualArraysMentalRotation_v4,2021.1.4,Win32,60.24096386,679054f2072d526265aabff2,679064bd6d11cdcb9bd9fbf3,,,,,,,,,,,,,,,,,,,,,,,,,,,,,,"[45,-45,-45,45,0]","[-45,45,45,90,-45]",,Red_3,"[45,-45,0,45,0]","[-45,45,45,90,-45]",,,,,,,,,RED,5,Different,6,3,,,,,,5,0,0.4629,5,7,87,7,1,,,,,
,,,,,,,,,,,,,,,67352f08f3ab886418574a6a,2025-01-21_19h27.32.530,VisualArraysMentalRotation_v4,2021.1.4,Win32,60.24096386,679054f2072d526265aabff2,679064bd6d11cdcb9bd9fbf3,,,,,,,,,,,,,,,,,,,,,,,,,,,,,,"[0,90,90,0,0]","[45,45,0,-45,0]",,Blue_2,"[0,90,90,0,0]","[45,45,0,-45,0]",,,,,,,,,BLUE,5,Same,5,3,,,,,,5,1,1.3696,5,8,88,11,1,,,,,
,,,,,,,,,,,,,,,67352f08f3ab886418574a6a,2025-01-21_19h27.32.530,VisualArraysMentalRotation_v4,2021.1.4,Win32,60.24096386,679054f2072d526265aabff2,679064bd6d11cdcb9bd9fbf3,,,,,,,,,,,,,,,,,,,,,,,,,,,,,,"[45,45,-45,-45,45]","[-45,45,0,0,90]",,Blue_2,"[45,45,-45,-45,45]","[-45,45,0,0,90]",,,,,,,,,BLUE,3,Same,5,1,,,,,,5,1,0.5195,5,9,89,8,1,,,,,
,,,,,,,,,,,,,,,67352f08f3ab886418574a6a,2025-01-21_19h27.32.530,VisualArraysMentalRotation_v4,2021.1.4,Win32,60.24096386,679054f2072d526265aabff2,679064bd6d11cdcb9bd9fbf3,,,,,,,,,,,,,,,,,,,,,,,,,,,,,,"[0,0,90,90,0]","[0,0,0,0,0]",,Red_2,"[0,45,90,90,0]","[0,0,0,0,0]",,,,,,,,,RED,3,Different,6,1,,,,,,6,1,0.6626,5,10,90,4,1,,,,,
,,,,,,,,,,,,,,,67352f08f3ab886418574a6a,2025-01-21_19h27.32.530,VisualArraysMentalRotation_v4,2021.1.4,Win32,60.24096386,679054f2072d526265aabff2,679064bd6d11cdcb9bd9fbf3,,,,,,,,,,,,,,,,,,,,,,,,,,,,,,"[45,-45,0,0,90]","[45,0,45,0,0]",,Red_3,"[45,-45,-45,0,90]","[45,0,45,0,0]",,,,,,,,,RED,5,Different,6,1,,,,,,5,0,0.3851,5,11,91,6,1,,,,,
,,,,,,,,,,,,,,,67352f08f3ab886418574a6a,2025-01-21_19h27.32.530,VisualArraysMentalRotation_v4,2021.1.4,Win32,60.24096386,679054f2072d526265aabff2,679064bd6d11cdcb9bd9fbf3,,,,,,,,,,,,,,,,,,,,,,,,,,,,,,"[45,-45,-45,0,45]","[-45,-45,45,-45,90]",,Red_1,"[0,-45,-45,0,45]","[-45,-45,45,-45,90]",,,,,,,,,RED,3,Different,6,3,,,,,,6,1,0.3663,5,12,92,5,1,,,,,
,,,,,,,,,,,,,,,67352f08f3ab886418574a6a,2025-01-21_19h27.32.530,VisualArraysMentalRotation_v4,2021.1.4,Win32,60.24096386,679054f2072d526265aabff2,679064bd6d11cdcb9bd9fbf3,,,,,,,,,,,,,,,,,,,,,,,,,,,,,,"[90,-45,0,-45,0]","[-45,0,90,0,0]",,Blue_1,"[90,-45,0,-45,0]","[-45,0,90,0,0]",,,,,,,,,BLUE,3,Same,5,3,,,,,,5,1,0.4735,5,13,93,9,1,,,,,
,,,,,,,,,,,,,,,67352f08f3ab886418574a6a,2025-01-21_19h27.32.530,VisualArraysMentalRotation_v4,2021.1.4,Win32,60.24096386,679054f2072d526265aabff2,679064bd6d11cdcb9bd9fbf3,,,,,,,,,,,,,,,,,,,,,,,,,,,,,,"[-45,45,-45,90,0]","[90,-45,-45,45,90]",,Blue_2,"[-45,45,-45,90,0]","[90,45,-45,45,90]",,,,,,,,,BLUE,5,Different,6,3,,,,,,5,0,0.339,5,14,94,15,1,,,,,
,,,,,,,,,,,,,,,67352f08f3ab886418574a6a,2025-01-21_19h27.32.530,VisualArraysMentalRotation_v4,2021.1.4,Win32,60.24096386,679054f2072d526265aabff2,679064bd6d11cdcb9bd9fbf3,,,,,,,,,,,,,,,,,,,,,,,,,,,,,,"[0,-45,-45,45,90]","[-45,-45,90,-45,90]",,Blue_2,"[0,-45,-45,45,90]","[-45,0,90,-45,90]",,,,,,,,,BLUE,5,Different,6,1,,,,,,5,0,0.3535,5,15,95,14,1,,,,,
,,,,,,,,,,,,,,,67352f08f3ab886418574a6a,2025-01-21_19h27.32.530,VisualArraysMentalRotation_v4,2021.1.4,Win32,60.24096386,679054f2072d526265aabff2,679064bd6d11cdcb9bd9fbf3,,,,,,,,,,,,,,,,,,,,,,,,,,,,,,"[90,90,0,-45,0]","[0,-45,45,45,90]",,Blue_2,"[90,90,0,-45,0]","[0,-45,45,45,90]",,,,,,,,,BLUE,3,Same,5,3,,,,,,5,1,0.4414,6,0,96,9,1,,,,,
,,,,,,,,,,,,,,,67352f08f3ab886418574a6a,2025-01-21_19h27.32.530,VisualArraysMentalRotation_v4,2021.1.4,Win32,60.24096386,679054f2072d526265aabff2,679064bd6d11cdcb9bd9fbf3,,,,,,,,,,,,,,,,,,,,,,,,,,,,,,"[90,-45,45,45,90]","[45,90,90,90,-45]",,Red_3,"[90,-45,90,45,90]","[45,90,90,90,-45]",,,,,,,,,RED,3,Different,6,1,,,,,,6,1,0.9533,6,1,97,4,1,,,,,
,,,,,,,,,,,,,,,67352f08f3ab886418574a6a,2025-01-21_19h27.32.530,VisualArraysMentalRotation_v4,2021.1.4,Win32,60.24096386,679054f2072d526265aabff2,679064bd6d11cdcb9bd9fbf3,,,,,,,,,,,,,,,,,,,,,,,,,,,,,,"[90,0,90,-45,0]","[90,90,0,45,0]",,Red_1,"[90,0,90,-45,0]","[90,90,0,45,0]",,,,,,,,,RED,3,Same,5,3,,,,,,5,1,0.7198,6,2,98,1,1,,,,,
,,,,,,,,,,,,,,,67352f08f3ab886418574a6a,2025-01-21_19h27.32.530,VisualArraysMentalRotation_v4,2021.1.4,Win32,60.24096386,679054f2072d526265aabff2,679064bd6d11cdcb9bd9fbf3,,,,,,,,,,,,,,,,,,,,,,,,,,,,,,"[0,90,-45,0,-45]","[45,90,45,45,0]",,Blue_3,"[0,90,-45,0,-45]","[45,90,0,45,0]",,,,,,,,,BLUE,3,Different,6,1,,,,,,5,0,0.7785,6,3,99,12,1,,,,,
,,,,,,,,,,,,,,,67352f08f3ab886418574a6a,2025-01-21_19h27.32.530,VisualArraysMentalRotation_v4,2021.1.4,Win32,60.24096386,679054f2072d526265aabff2,679064bd6d11cdcb9bd9fbf3,,,,,,,,,,,,,,,,,,,,,,,,,,,,,,"[45,-45,0,45,0]","[-45,0,45,90,-45]",,Blue_3,"[45,-45,0,45,0]","[-45,0,90,90,-45]",,,,,,,,,BLUE,5,Different,6,3,,,,,,5,0,0.3542,6,4,100,15,1,,,,,
,,,,,,,,,,,,,,,67352f08f3ab886418574a6a,2025-01-21_19h27.32.530,VisualArraysMentalRotation_v4,2021.1.4,Win32,60.24096386,679054f2072d526265aabff2,679064bd6d11cdcb9bd9fbf3,,,,,,,,,,,,,,,,,,,,,,,,,,,,,,"[-45,45,90,-45,0]","[90,0,90,0,0]",,Red_2,"[-45,45,90,-45,0]","[90,0,90,0,0]",,,,,,,,,RED,5,Same,5,1,,,,,,6,0,0.4731,6,5,101,2,1,,,,,
,,,,,,,,,,,,,,,67352f08f3ab886418574a6a,2025-01-21_19h27.32.530,VisualArraysMentalRotation_v4,2021.1.4,Win32,60.24096386,679054f2072d526265aabff2,679064bd6d11cdcb9bd9fbf3,,,,,,,,,,,,,,,,,,,,,,,,,,,,,,"[-45,0,90,0,45]","[0,90,90,90,0]",,Blue_2,"[-45,0,90,0,45]","[0,0,90,90,0]",,,,,,,,,BLUE,5,Different,6,1,,,,,,5,0,0.3242,6,6,102,14,1,,,,,
,,,,,,,,,,,,,,,67352f08f3ab886418574a6a,2025-01-21_19h27.32.530,VisualArraysMentalRotation_v4,2021.1.4,Win32,60.24096386,679054f2072d526265aabff2,679064bd6d11cdcb9bd9fbf3,,,,,,,,,,,,,,,,,,,,,,,,,,,,,,"[-45,0,0,0,90]","[0,-45,90,0,90]",,Red_1,"[90,0,0,0,90]","[0,-45,90,0,90]",,,,,,,,,RED,3,Different,6,3,,,,,,5,0,0.2767,6,7,103,5,1,,,,,
,,,,,,,,,,,,,,,67352f08f3ab886418574a6a,2025-01-21_19h27.32.530,VisualArraysMentalRotation_v4,2021.1.4,Win32,60.24096386,679054f2072d526265aabff2,679064bd6d11cdcb9bd9fbf3,,,,,,,,,,,,,,,,,,,,,,,,,,,,,,"[90,45,0,-45,45]","[90,90,-45,-45,-45]",,Blue_4,"[90,45,0,-45,45]","[90,90,-45,-45,-45]",,,,,,,,,BLUE,5,Same,5,3,,,,,,5,1,0.6452,6,8,104,11,1,,,,,
,,,,,,,,,,,,,,,67352f08f3ab886418574a6a,2025-01-21_19h27.32.530,VisualArraysMentalRotation_v4,2021.1.4,Win32,60.24096386,679054f2072d526265aabff2,679064bd6d11cdcb9bd9fbf3,,,,,,,,,,,,,,,,,,,,,,,,,,,,,,"[45,90,90,90,0]","[45,-45,45,90,45]",,Red_1,"[45,90,90,90,0]","[45,-45,45,90,45]",,,,,,,,,RED,5,Same,5,3,,,,,,5,1,0.3384,6,9,105,3,1,,,,,
,,,,,,,,,,,,,,,67352f08f3ab886418574a6a,2025-01-21_19h27.32.530,VisualArraysMentalRotation_v4,2021.1.4,Win32,60.24096386,679054f2072d526265aabff2,679064bd6d11cdcb9bd9fbf3,,,,,,,,,,,,,,,,,,,,,,,,,,,,,,"[45,90,0,45,90]","[0,90,-45,0,0]",,Blue_2,"[45,90,0,45,90]","[0,90,-45,0,0]",,,,,,,,,BLUE,3,Same,5,1,,,,,,5,1,0.5369,6,10,106,8,1,,,,,
,,,,,,,,,,,,,,,67352f08f3ab886418574a6a,2025-01-21_19h27.32.530,VisualArraysMentalRotation_v4,2021.1.4,Win32,60.24096386,679054f2072d526265aabff2,679064bd6d11cdcb9bd9fbf3,,,,,,,,,,,,,,,,,,,,,,,,,,,,,,"[45,-45,0,90,0]","[90,-45,45,0,0]",,Red_1,"[90,-45,0,90,0]","[90,-45,45,0,0]",,,,,,,,,RED,5,Different,6,1,,,,,,5,0,0.9179,6,11,107,6,1,,,,,
,,,,,,,,,,,,,,,67352f08f3ab886418574a6a,2025-01-21_19h27.32.530,VisualArraysMentalRotation_v4,2021.1.4,Win32,60.24096386,679054f2072d526265aabff2,679064bd6d11cdcb9bd9fbf3,,,,,,,,,,,,,,,,,,,,,,,,,,,,,,"[45,45,0,-45,45]","[90,90,45,0,-45]",,Red_2,"[45,45,0,-45,45]","[90,90,45,0,-45]",,,,,,,,,RED,3,Same,5,1,,,,,,5,1,0.501,6,12,108,0,1,,,,,
,,,,,,,,,,,,,,,67352f08f3ab886418574a6a,2025-01-21_19h27.32.530,VisualArraysMentalRotation_v4,2021.1.4,Win32,60.24096386,679054f2072d526265aabff2,679064bd6d11cdcb9bd9fbf3,,,,,,,,,,,,,,,,,,,,,,,,,,,,,,"[45,-45,90,-45,0]","[90,0,45,-45,-45]",,Red_3,"[45,-45,45,-45,0]","[90,0,45,-45,-45]",,,,,,,,,RED,5,Different,6,3,,,,,,5,0,0.3062,6,13,109,7,1,,,,,
,,,,,,,,,,,,,,,67352f08f3ab886418574a6a,2025-01-21_19h27.32.530,VisualArraysMentalRotation_v4,2021.1.4,Win32,60.24096386,679054f2072d526265aabff2,679064bd6d11cdcb9bd9fbf3,,,,,,,,,,,,,,,,,,,,,,,,,,,,,,"[-45,90,-45,0,0]","[45,90,0,0,0]",,Blue_2,"[-45,90,-45,0,0]","[45,45,0,0,0]",,,,,,,,,BLUE,3,Different,6,3,,,,,,5,0,0.3083,6,14,110,13,1,,,,,
,,,,,,,,,,,,,,,67352f08f3ab886418574a6a,2025-01-21_19h27.32.530,VisualArraysMentalRotation_v4,2021.1.4,Win32,60.24096386,679054f2072d526265aabff2,679064bd6d11cdcb9bd9fbf3,,,,,,,,,,,,,,,,,,,,,,,,,,,,,,"[45,45,45,90,-45]","[45,0,90,0,90]",,Blue_2,"[45,45,45,90,-45]","[45,0,90,0,90]",,,,,,,,,BLUE,5,Same,5,1,,,,,,5,1,0.4706,6,15,111,10,1,,,,,
,,,,,,,,,,,,,,,67352f08f3ab886418574a6a,2025-01-21_19h27.32.530,VisualArraysMentalRotation_v4,2021.1.4,Win32,60.24096386,679054f2072d526265aabff2,679064bd6d11cdcb9bd9fbf3,,,,,,,,,,,,,,,,,,,,,,,,,,,,,,,,,,,,,,,,,,,,,,,,,,,,,,,,,,,,,,0,0,0,0,1
,,,,,,,,,,,,,,,67352f08f3ab886418574a6a,2025-01-21_19h27.32.530,VisualArraysMentalRotation_v4,2021.1.4,Win32,60.24096386,679054f2072d526265aabff2,679064bd6d11cdcb9bd9fbf3,,,,,,,,,,,,,,,,,,,,,,,0,1,1,1,1,1,0,,,,,,,,,,,,,,,,,,,,,,,,,,,,,,,,,,,,,
