TaskOrder,consent_final_key_resp.keys,consent_final_key_resp.rt,VA_InstructionsLoop.thisRepN,VA_InstructionsLoop.thisTrialN,VA_InstructionsLoop.thisN,VA_InstructionsLoop.thisIndex,VA_InstructionsLoop.ran,PROLIFIC_PID,date,expName,psychopyVersion,OS,frameRate,STUDY_ID,SESSION_ID,Red Orientations,Blue Orientations,VA_array_dur,Target Rectangle,New Red Orientations,New Blue Orientations,VA_PracResponse.keys,VA_PracResponse.corr,VA_PracResponse.rt,PracTrials.thisRepN,PracTrials.thisTrialN,PracTrials.thisN,PracTrials.thisIndex,PracTrials.ran,VA_Target,VA_TargetNumber,VA_Orientation,VA_Answer,VA_DelayDur,VA_PracTrialsSpeed.thisRepN,VA_PracTrialsSpeed.thisTrialN,VA_PracTrialsSpeed.thisN,VA_PracTrialsSpeed.thisIndex,VA_PracTrialsSpeed.ran,VA_TestResponse.keys,VA_TestResponse.corr,VA_TestResponse.rt,VA_TestTrials.thisRepN,VA_TestTrials.thisTrialN,VA_TestTrials.thisN,VA_TestTrials.thisIndex,VA_TestTrials.ran,VA_Task.thisRepN,VA_Task.thisTrialN,VA_Task.thisN,VA_Task.thisIndex,VA_Task.ran,TasksLoop.thisRepN,TasksLoop.thisTrialN,TasksLoop.thisN,TasksLoop.thisIndex,TasksLoop.ran,nRepsVA,nRepsMRT,MRTPracResponse.keys,MRTPracResponse.corr,MRTPracResponse.rt,MRTPracticeTrials.thisRepN,MRTPracticeTrials.thisTrialN,MRTPracticeTrials.thisN,MRTPracticeTrials.thisIndex,MRTPracticeTrials.ran,PracStimulus,PracDegRotation,PracType,MRTPracCorrectAns,MRTStimulus,MRTType,MRTDegRotation,MRTCorrectAns,MRTTestResponse.keys,MRTTestResponse.corr,MRTTestResponse.rt,MRTTestTrials.thisRepN,MRTTestTrials.thisTrialN,MRTTestTrials.thisN,MRTTestTrials.thisIndex,MRTTestTrials.ran,MRT_Task.thisRepN,MRT_Task.thisTrialN,MRT_Task.thisN,MRT_Task.thisIndex,MRT_Task.ran
1,y,4.2618,0,0,0,0,1,66243f204cef464daff99f8d,2025-01-21_21h30.48.923,VisualArraysMentalRotation_v4,2021.1.4,Win32,60.24096386,679054f2072d526265aabff2,6790661caa236d2e606faf23,,,,,,,,,,,,,,,,,,,,,,,,,,,,,,,,,,,,,,,,,,,,,,,,,,,,,,,,,,,,,,,,,,,,,,,,,
,,,,,,,,66243f204cef464daff99f8d,2025-01-21_21h30.48.923,VisualArraysMentalRotation_v4,2021.1.4,Win32,60.24096386,679054f2072d526265aabff2,6790661caa236d2e606faf23,"[-45,0,-45,45,45]","[0,90,0,90,0]",0.25,PracBlue_3,"[-45,0,-45,45,45]","[0,90,0,90,0]",5,1,1.9385,0,0,0,8,1,BLUE,3,Same,5,1,,,,,,,,,,,,,,,,,,,,,,,,,,,,,,,,,,,,,,,,,,,,,,,,,,,,,,
,,,,,,,,66243f204cef464daff99f8d,2025-01-21_21h30.48.923,VisualArraysMentalRotation_v4,2021.1.4,Win32,60.24096386,679054f2072d526265aabff2,6790661caa236d2e606faf23,"[-45,45,0,-45,90]","[-45,-45,90,45,45]",0.25,PracRed_1,"[-45,45,0,-45,90]","[-45,-45,90,45,45]",6,0,1.4009,0,1,1,3,1,RED,5,Same,5,3,,,,,,,,,,,,,,,,,,,,,,,,,,,,,,,,,,,,,,,,,,,,,,,,,,,,,,
,,,,,,,,66243f204cef464daff99f8d,2025-01-21_21h30.48.923,VisualArraysMentalRotation_v4,2021.1.4,Win32,60.24096386,679054f2072d526265aabff2,6790661caa236d2e606faf23,"[90,0,90,90,0]","[-45,0,45,45,90]",0.25,PracRed_1,"[90,0,90,90,0]","[-45,0,45,45,90]",6,0,1.0156,0,2,2,2,1,RED,5,Same,5,1,,,,,,,,,,,,,,,,,,,,,,,,,,,,,,,,,,,,,,,,,,,,,,,,,,,,,,
,,,,,,,,66243f204cef464daff99f8d,2025-01-21_21h30.48.923,VisualArraysMentalRotation_v4,2021.1.4,Win32,60.24096386,679054f2072d526265aabff2,6790661caa236d2e606faf23,"[0,90,0,0,45]","[0,45,90,90,45]",0.25,PracRed_1,"[90,90,0,0,45]","[0,45,90,90,45]",5,0,1.601,0,3,3,4,1,RED,3,Different,6,1,,,,,,,,,,,,,,,,,,,,,,,,,,,,,,,,,,,,,,,,,,,,,,,,,,,,,,
,,,,,,,,66243f204cef464daff99f8d,2025-01-21_21h30.48.923,VisualArraysMentalRotation_v4,2021.1.4,Win32,60.24096386,679054f2072d526265aabff2,6790661caa236d2e606faf23,"[-45,45,45,45,90]","[90,90,45,-45,45]",0.25,PracRed_5,"[-45,45,45,45,-45]","[90,90,45,-45,45]",5,0,1.1321,0,4,4,6,1,RED,5,Different,6,1,,,,,,,,,,,,,,,,,,,,,,,,,,,,,,,,,,,,,,,,,,,,,,,,,,,,,,
,,,,,,,,66243f204cef464daff99f8d,2025-01-21_21h30.48.923,VisualArraysMentalRotation_v4,2021.1.4,Win32,60.24096386,679054f2072d526265aabff2,6790661caa236d2e606faf23,"[45,90,0,0,0]","[45,-45,90,45,90]",0.25,PracRed_1,"[45,90,0,0,0]","[45,-45,90,45,90]",5,1,1.1093,0,5,5,1,1,RED,3,Same,5,3,,,,,,,,,,,,,,,,,,,,,,,,,,,,,,,,,,,,,,,,,,,,,,,,,,,,,,
,,,,,,,,66243f204cef464daff99f8d,2025-01-21_21h30.48.923,VisualArraysMentalRotation_v4,2021.1.4,Win32,60.24096386,679054f2072d526265aabff2,6790661caa236d2e606faf23,"[-45,45,45,45,-45]","[0,0,45,90,90]",0.25,PracBlue_3,"[-45,45,45,45,-45]","[0,0,0,90,90]",6,1,1.3558,0,6,6,12,1,BLUE,3,Different,6,1,,,,,,,,,,,,,,,,,,,,,,,,,,,,,,,,,,,,,,,,,,,,,,,,,,,,,,
,,,,,,,,66243f204cef464daff99f8d,2025-01-21_21h30.48.923,VisualArraysMentalRotation_v4,2021.1.4,Win32,60.24096386,679054f2072d526265aabff2,6790661caa236d2e606faf23,"[90,-45,45,0,45]","[-45,0,90,45,45]",0.25,PracBlue_2,"[90,-45,45,0,45]","[-45,-45,90,45,45]",5,0,0.8996,0,7,7,14,1,BLUE,5,Different,6,1,,,,,,,,,,,,,,,,,,,,,,,,,,,,,,,,,,,,,,,,,,,,,,,,,,,,,,
,,,,,,,,66243f204cef464daff99f8d,2025-01-21_21h30.48.923,VisualArraysMentalRotation_v4,2021.1.4,Win32,60.24096386,679054f2072d526265aabff2,6790661caa236d2e606faf23,"[90,0,0,-45,45]","[90,90,90,45,90]",0.25,PracBlue_3,"[90,0,0,-45,45]","[90,90,90,45,90]",5,1,0.9557,0,8,8,10,1,BLUE,5,Same,5,1,,,,,,,,,,,,,,,,,,,,,,,,,,,,,,,,,,,,,,,,,,,,,,,,,,,,,,
,,,,,,,,66243f204cef464daff99f8d,2025-01-21_21h30.48.923,VisualArraysMentalRotation_v4,2021.1.4,Win32,60.24096386,679054f2072d526265aabff2,6790661caa236d2e606faf23,"[90,90,45,-45,90]","[90,0,0,0,-45]",0.25,PracRed_1,"[90,90,45,-45,90]","[90,0,0,0,-45]",5,1,0.933,0,9,9,0,1,RED,3,Same,5,1,,,,,,,,,,,,,,,,,,,,,,,,,,,,,,,,,,,,,,,,,,,,,,,,,,,,,,
,,,,,,,,66243f204cef464daff99f8d,2025-01-21_21h30.48.923,VisualArraysMentalRotation_v4,2021.1.4,Win32,60.24096386,679054f2072d526265aabff2,6790661caa236d2e606faf23,"[-45,90,90,45,90]","[45,90,-45,90,-45]",0.25,PracBlue_1,"[-45,90,90,45,90]","[-45,90,-45,90,-45]",5,0,1.0177,0,10,10,13,1,BLUE,3,Different,6,3,,,,,,,,,,,,,,,,,,,,,,,,,,,,,,,,,,,,,,,,,,,,,,,,,,,,,,
,,,,,,,,66243f204cef464daff99f8d,2025-01-21_21h30.48.923,VisualArraysMentalRotation_v4,2021.1.4,Win32,60.24096386,679054f2072d526265aabff2,6790661caa236d2e606faf23,"[0,90,45,90,-45]","[45,-45,-45,-45,90]",0.25,PracRed_4,"[0,90,45,45,-45]","[45,-45,-45,-45,90]",5,0,0.983,0,11,11,7,1,RED,5,Different,6,3,,,,,,,,,,,,,,,,,,,,,,,,,,,,,,,,,,,,,,,,,,,,,,,,,,,,,,
,,,,,,,,66243f204cef464daff99f8d,2025-01-21_21h30.48.923,VisualArraysMentalRotation_v4,2021.1.4,Win32,60.24096386,679054f2072d526265aabff2,6790661caa236d2e606faf23,"[-45,90,0,0,0]","[-45,0,0,0,45]",0.25,PracBlue_1,"[-45,90,0,0,0]","[-45,0,0,0,45]",6,0,1.6421,0,12,12,9,1,BLUE,3,Same,5,3,,,,,,,,,,,,,,,,,,,,,,,,,,,,,,,,,,,,,,,,,,,,,,,,,,,,,,
,,,,,,,,66243f204cef464daff99f8d,2025-01-21_21h30.48.923,VisualArraysMentalRotation_v4,2021.1.4,Win32,60.24096386,679054f2072d526265aabff2,6790661caa236d2e606faf23,"[90,90,-45,0,-45]","[-45,-45,45,45,-45]",0.25,PracBlue_5,"[90,90,-45,0,-45]","[-45,-45,45,45,-45]",5,1,0.8974,0,13,13,11,1,BLUE,5,Same,5,3,,,,,,,,,,,,,,,,,,,,,,,,,,,,,,,,,,,,,,,,,,,,,,,,,,,,,,
,,,,,,,,66243f204cef464daff99f8d,2025-01-21_21h30.48.923,VisualArraysMentalRotation_v4,2021.1.4,Win32,60.24096386,679054f2072d526265aabff2,6790661caa236d2e606faf23,"[0,45,-45,0,90]","[90,90,90,45,0]",0.25,PracRed_2,"[0,90,-45,0,90]","[90,90,90,45,0]",6,1,1.3016,0,14,14,5,1,RED,3,Different,6,3,,,,,,,,,,,,,,,,,,,,,,,,,,,,,,,,,,,,,,,,,,,,,,,,,,,,,,
,,,,,,,,66243f204cef464daff99f8d,2025-01-21_21h30.48.923,VisualArraysMentalRotation_v4,2021.1.4,Win32,60.24096386,679054f2072d526265aabff2,6790661caa236d2e606faf23,"[45,45,90,-45,45]","[45,90,45,0,-45]",0.25,PracBlue_1,"[45,45,90,-45,45]","[0,90,45,0,-45]",6,1,1.1707,0,15,15,15,1,BLUE,5,Different,6,3,,,,,,,,,,,,,,,,,,,,,,,,,,,,,,,,,,,,,,,,,,,,,,,,,,,,,,
,,,,,,,,66243f204cef464daff99f8d,2025-01-21_21h30.48.923,VisualArraysMentalRotation_v4,2021.1.4,Win32,60.24096386,679054f2072d526265aabff2,6790661caa236d2e606faf23,,,,,,,,,,,,,,,,,,,,0,0,0,0,1,,,,,,,,,,,,,,,,,,,,,,,,,,,,,,,,,,,,,,,,,,,,,,,,,
,,,,,,,,66243f204cef464daff99f8d,2025-01-21_21h30.48.923,VisualArraysMentalRotation_v4,2021.1.4,Win32,60.24096386,679054f2072d526265aabff2,6790661caa236d2e606faf23,"[-45,45,90,0,0]","[90,0,-45,-45,45]",0.25,PracBlue_2,"[-45,45,90,0,0]","[90,0,-45,-45,45]",5,1,1.0711,0,0,0,9,1,BLUE,3,Same,5,3,,,,,,,,,,,,,,,,,,,,,,,,,,,,,,,,,,,,,,,,,,,,,,,,,,,,,,
,,,,,,,,66243f204cef464daff99f8d,2025-01-21_21h30.48.923,VisualArraysMentalRotation_v4,2021.1.4,Win32,60.24096386,679054f2072d526265aabff2,6790661caa236d2e606faf23,"[45,-45,-45,90,0]","[0,45,45,90,45]",0.25,PracBlue_4,"[45,-45,-45,90,0]","[0,45,45,0,45]",6,1,1.4633,0,1,1,15,1,BLUE,5,Different,6,3,,,,,,,,,,,,,,,,,,,,,,,,,,,,,,,,,,,,,,,,,,,,,,,,,,,,,,
,,,,,,,,66243f204cef464daff99f8d,2025-01-21_21h30.48.923,VisualArraysMentalRotation_v4,2021.1.4,Win32,60.24096386,679054f2072d526265aabff2,6790661caa236d2e606faf23,"[-45,0,-45,45,90]","[90,45,0,90,0]",0.25,PracRed_5,"[-45,0,-45,45,0]","[90,45,0,90,0]",6,1,0.9347,0,2,2,6,1,RED,5,Different,6,1,,,,,,,,,,,,,,,,,,,,,,,,,,,,,,,,,,,,,,,,,,,,,,,,,,,,,,
,,,,,,,,66243f204cef464daff99f8d,2025-01-21_21h30.48.923,VisualArraysMentalRotation_v4,2021.1.4,Win32,60.24096386,679054f2072d526265aabff2,6790661caa236d2e606faf23,"[-45,-45,-45,90,90]","[45,90,0,90,0]",0.25,PracBlue_3,"[-45,-45,-45,90,90]","[45,90,45,90,0]",6,1,1.2348,0,3,3,14,1,BLUE,5,Different,6,1,,,,,,,,,,,,,,,,,,,,,,,,,,,,,,,,,,,,,,,,,,,,,,,,,,,,,,
,,,,,,,,66243f204cef464daff99f8d,2025-01-21_21h30.48.923,VisualArraysMentalRotation_v4,2021.1.4,Win32,60.24096386,679054f2072d526265aabff2,6790661caa236d2e606faf23,"[90,45,90,45,-45]","[0,90,90,45,45]",0.25,PracRed_2,"[90,45,90,45,-45]","[0,90,90,45,45]",5,1,0.7746,0,4,4,0,1,RED,3,Same,5,1,,,,,,,,,,,,,,,,,,,,,,,,,,,,,,,,,,,,,,,,,,,,,,,,,,,,,,
,,,,,,,,66243f204cef464daff99f8d,2025-01-21_21h30.48.923,VisualArraysMentalRotation_v4,2021.1.4,Win32,60.24096386,679054f2072d526265aabff2,6790661caa236d2e606faf23,"[45,0,90,90,90]","[45,90,0,0,90]",0.25,PracRed_1,"[-45,0,90,90,90]","[45,90,0,0,90]",6,1,1.2124,0,5,5,5,1,RED,3,Different,6,3,,,,,,,,,,,,,,,,,,,,,,,,,,,,,,,,,,,,,,,,,,,,,,,,,,,,,,
,,,,,,,,66243f204cef464daff99f8d,2025-01-21_21h30.48.923,VisualArraysMentalRotation_v4,2021.1.4,Win32,60.24096386,679054f2072d526265aabff2,6790661caa236d2e606faf23,"[45,0,-45,45,-45]","[45,0,90,0,0]",0.25,PracBlue_2,"[45,0,-45,45,-45]","[45,0,90,0,0]",6,0,1.0103,0,6,6,11,1,BLUE,5,Same,5,3,,,,,,,,,,,,,,,,,,,,,,,,,,,,,,,,,,,,,,,,,,,,,,,,,,,,,,
,,,,,,,,66243f204cef464daff99f8d,2025-01-21_21h30.48.923,VisualArraysMentalRotation_v4,2021.1.4,Win32,60.24096386,679054f2072d526265aabff2,6790661caa236d2e606faf23,"[90,45,90,45,45]","[90,45,45,-45,45]",0.25,PracRed_2,"[90,90,90,45,45]","[90,45,45,-45,45]",6,1,0.9629,0,7,7,7,1,RED,5,Different,6,3,,,,,,,,,,,,,,,,,,,,,,,,,,,,,,,,,,,,,,,,,,,,,,,,,,,,,,
,,,,,,,,66243f204cef464daff99f8d,2025-01-21_21h30.48.923,VisualArraysMentalRotation_v4,2021.1.4,Win32,60.24096386,679054f2072d526265aabff2,6790661caa236d2e606faf23,"[45,0,0,45,0]","[-45,90,45,0,0]",0.25,PracBlue_1,"[45,0,0,45,0]","[45,90,45,0,0]",6,1,0.9237,0,8,8,12,1,BLUE,3,Different,6,1,,,,,,,,,,,,,,,,,,,,,,,,,,,,,,,,,,,,,,,,,,,,,,,,,,,,,,
,,,,,,,,66243f204cef464daff99f8d,2025-01-21_21h30.48.923,VisualArraysMentalRotation_v4,2021.1.4,Win32,60.24096386,679054f2072d526265aabff2,6790661caa236d2e606faf23,"[-45,-45,90,90,90]","[-45,90,-45,90,45]",0.25,PracRed_2,"[-45,-45,90,90,90]","[-45,90,-45,90,45]",5,1,0.9846,0,9,9,2,1,RED,5,Same,5,1,,,,,,,,,,,,,,,,,,,,,,,,,,,,,,,,,,,,,,,,,,,,,,,,,,,,,,
,,,,,,,,66243f204cef464daff99f8d,2025-01-21_21h30.48.923,VisualArraysMentalRotation_v4,2021.1.4,Win32,60.24096386,679054f2072d526265aabff2,6790661caa236d2e606faf23,"[45,0,-45,45,90]","[0,0,-45,90,-45]",0.25,PracRed_3,"[45,0,-45,45,90]","[0,0,-45,90,-45]",6,0,1.0093,0,10,10,1,1,RED,3,Same,5,3,,,,,,,,,,,,,,,,,,,,,,,,,,,,,,,,,,,,,,,,,,,,,,,,,,,,,,
,,,,,,,,66243f204cef464daff99f8d,2025-01-21_21h30.48.923,VisualArraysMentalRotation_v4,2021.1.4,Win32,60.24096386,679054f2072d526265aabff2,6790661caa236d2e606faf23,"[-45,0,0,45,45]","[-45,0,0,90,90]",0.25,PracRed_1,"[-45,0,0,45,45]","[-45,0,0,90,90]",5,1,0.9358,0,11,11,3,1,RED,5,Same,5,3,,,,,,,,,,,,,,,,,,,,,,,,,,,,,,,,,,,,,,,,,,,,,,,,,,,,,,
,,,,,,,,66243f204cef464daff99f8d,2025-01-21_21h30.48.923,VisualArraysMentalRotation_v4,2021.1.4,Win32,60.24096386,679054f2072d526265aabff2,6790661caa236d2e606faf23,"[0,90,-45,90,45]","[-45,-45,90,90,90]",0.25,PracBlue_1,"[0,90,-45,90,45]","[-45,-45,90,90,90]",6,0,1.2684,0,12,12,10,1,BLUE,5,Same,5,1,,,,,,,,,,,,,,,,,,,,,,,,,,,,,,,,,,,,,,,,,,,,,,,,,,,,,,
,,,,,,,,66243f204cef464daff99f8d,2025-01-21_21h30.48.923,VisualArraysMentalRotation_v4,2021.1.4,Win32,60.24096386,679054f2072d526265aabff2,6790661caa236d2e606faf23,"[0,90,0,90,0]","[45,-45,45,45,-45]",0.25,PracBlue_2,"[0,90,0,90,0]","[45,-45,45,45,-45]",6,0,1.1676,0,13,13,8,1,BLUE,3,Same,5,1,,,,,,,,,,,,,,,,,,,,,,,,,,,,,,,,,,,,,,,,,,,,,,,,,,,,,,
,,,,,,,,66243f204cef464daff99f8d,2025-01-21_21h30.48.923,VisualArraysMentalRotation_v4,2021.1.4,Win32,60.24096386,679054f2072d526265aabff2,6790661caa236d2e606faf23,"[45,-45,45,-45,0]","[0,90,45,45,90]",0.25,PracBlue_1,"[45,-45,45,-45,0]","[90,90,45,45,90]",6,1,1.4674,0,14,14,13,1,BLUE,3,Different,6,3,,,,,,,,,,,,,,,,,,,,,,,,,,,,,,,,,,,,,,,,,,,,,,,,,,,,,,
,,,,,,,,66243f204cef464daff99f8d,2025-01-21_21h30.48.923,VisualArraysMentalRotation_v4,2021.1.4,Win32,60.24096386,679054f2072d526265aabff2,6790661caa236d2e606faf23,"[90,-45,90,45,-45]","[-45,-45,90,45,45]",0.25,PracRed_1,"[-45,-45,90,45,-45]","[-45,-45,90,45,45]",6,1,0.9182,0,15,15,4,1,RED,3,Different,6,1,,,,,,,,,,,,,,,,,,,,,,,,,,,,,,,,,,,,,,,,,,,,,,,,,,,,,,
,,,,,,,,66243f204cef464daff99f8d,2025-01-21_21h30.48.923,VisualArraysMentalRotation_v4,2021.1.4,Win32,60.24096386,679054f2072d526265aabff2,6790661caa236d2e606faf23,,,,,,,,,,,,,,,,,,,,1,0,1,0,1,,,,,,,,,,,,,,,,,,,,,,,,,,,,,,,,,,,,,,,,,,,,,,,,,
,,,,,,,,66243f204cef464daff99f8d,2025-01-21_21h30.48.923,VisualArraysMentalRotation_v4,2021.1.4,Win32,60.24096386,679054f2072d526265aabff2,6790661caa236d2e606faf23,"[-45,45,90,-45,90]","[0,0,0,90,0]",,Red_1,"[-45,45,90,-45,90]","[0,0,0,90,0]",,,,,,,,,RED,5,Same,5,3,,,,,,6,0,1.2275,0,0,0,3,1,,,,,,,,,,,,,,,,,,,,,,,,,,,,,,,,,,,,,,,,,
,,,,,,,,66243f204cef464daff99f8d,2025-01-21_21h30.48.923,VisualArraysMentalRotation_v4,2021.1.4,Win32,60.24096386,679054f2072d526265aabff2,6790661caa236d2e606faf23,"[45,90,45,-45,0]","[45,90,-45,-45,45]",,Red_5,"[45,90,45,-45,90]","[45,90,-45,-45,45]",,,,,,,,,RED,5,Different,6,3,,,,,,5,0,1.2364,0,1,1,7,1,,,,,,,,,,,,,,,,,,,,,,,,,,,,,,,,,,,,,,,,,
,,,,,,,,66243f204cef464daff99f8d,2025-01-21_21h30.48.923,VisualArraysMentalRotation_v4,2021.1.4,Win32,60.24096386,679054f2072d526265aabff2,6790661caa236d2e606faf23,"[-45,90,45,90,45]","[90,-45,0,-45,0]",,Blue_1,"[-45,90,45,90,45]","[45,-45,0,-45,0]",,,,,,,,,BLUE,3,Different,6,3,,,,,,6,1,1.1239,0,2,2,13,1,,,,,,,,,,,,,,,,,,,,,,,,,,,,,,,,,,,,,,,,,
,,,,,,,,66243f204cef464daff99f8d,2025-01-21_21h30.48.923,VisualArraysMentalRotation_v4,2021.1.4,Win32,60.24096386,679054f2072d526265aabff2,6790661caa236d2e606faf23,"[-45,-45,90,0,45]","[45,0,45,45,-45]",,Red_2,"[-45,90,90,0,45]","[45,0,45,45,-45]",,,,,,,,,RED,3,Different,6,3,,,,,,5,0,1.7461,0,3,3,5,1,,,,,,,,,,,,,,,,,,,,,,,,,,,,,,,,,,,,,,,,,
,,,,,,,,66243f204cef464daff99f8d,2025-01-21_21h30.48.923,VisualArraysMentalRotation_v4,2021.1.4,Win32,60.24096386,679054f2072d526265aabff2,6790661caa236d2e606faf23,"[45,-45,45,90,0]","[0,-45,45,90,0]",,Blue_3,"[45,-45,45,90,0]","[0,-45,-45,90,0]",,,,,,,,,BLUE,3,Different,6,1,,,,,,6,1,1.0226,0,4,4,12,1,,,,,,,,,,,,,,,,,,,,,,,,,,,,,,,,,,,,,,,,,
,,,,,,,,66243f204cef464daff99f8d,2025-01-21_21h30.48.923,VisualArraysMentalRotation_v4,2021.1.4,Win32,60.24096386,679054f2072d526265aabff2,6790661caa236d2e606faf23,"[90,90,-45,90,0]","[45,90,45,-45,90]",,Blue_1,"[90,90,-45,90,0]","[45,90,45,-45,90]",,,,,,,,,BLUE,3,Same,5,3,,,,,,5,1,1.0344,0,5,5,9,1,,,,,,,,,,,,,,,,,,,,,,,,,,,,,,,,,,,,,,,,,
,,,,,,,,66243f204cef464daff99f8d,2025-01-21_21h30.48.923,VisualArraysMentalRotation_v4,2021.1.4,Win32,60.24096386,679054f2072d526265aabff2,6790661caa236d2e606faf23,"[90,-45,0,0,45]","[-45,45,-45,0,90]",,Blue_4,"[90,-45,0,0,45]","[-45,45,-45,0,90]",,,,,,,,,BLUE,5,Same,5,1,,,,,,5,1,0.991,0,6,6,10,1,,,,,,,,,,,,,,,,,,,,,,,,,,,,,,,,,,,,,,,,,
,,,,,,,,66243f204cef464daff99f8d,2025-01-21_21h30.48.923,VisualArraysMentalRotation_v4,2021.1.4,Win32,60.24096386,679054f2072d526265aabff2,6790661caa236d2e606faf23,"[0,45,-45,-45,45]","[-45,-45,90,-45,-45]",,Red_2,"[0,-45,-45,-45,45]","[-45,-45,90,-45,-45]",,,,,,,,,RED,3,Different,6,1,,,,,,6,1,0.8725,0,7,7,4,1,,,,,,,,,,,,,,,,,,,,,,,,,,,,,,,,,,,,,,,,,
,,,,,,,,66243f204cef464daff99f8d,2025-01-21_21h30.48.923,VisualArraysMentalRotation_v4,2021.1.4,Win32,60.24096386,679054f2072d526265aabff2,6790661caa236d2e606faf23,"[90,-45,90,45,90]","[45,-45,45,0,-45]",,Blue_2,"[90,-45,90,45,90]","[45,-45,45,0,-45]",,,,,,,,,BLUE,5,Same,5,3,,,,,,6,0,1.2759,0,8,8,11,1,,,,,,,,,,,,,,,,,,,,,,,,,,,,,,,,,,,,,,,,,
,,,,,,,,66243f204cef464daff99f8d,2025-01-21_21h30.48.923,VisualArraysMentalRotation_v4,2021.1.4,Win32,60.24096386,679054f2072d526265aabff2,6790661caa236d2e606faf23,"[90,0,0,90,90]","[-45,45,0,45,-45]",,Red_3,"[90,0,0,90,90]","[-45,45,0,45,-45]",,,,,,,,,RED,3,Same,5,3,,,,,,5,1,0.9263,0,9,9,1,1,,,,,,,,,,,,,,,,,,,,,,,,,,,,,,,,,,,,,,,,,
,,,,,,,,66243f204cef464daff99f8d,2025-01-21_21h30.48.923,VisualArraysMentalRotation_v4,2021.1.4,Win32,60.24096386,679054f2072d526265aabff2,6790661caa236d2e606faf23,"[-45,0,-45,45,90]","[-45,-45,90,0,45]",,Blue_4,"[-45,0,-45,45,90]","[-45,-45,90,45,45]",,,,,,,,,BLUE,5,Different,6,3,,,,,,6,1,1.8678,0,10,10,15,1,,,,,,,,,,,,,,,,,,,,,,,,,,,,,,,,,,,,,,,,,
,,,,,,,,66243f204cef464daff99f8d,2025-01-21_21h30.48.923,VisualArraysMentalRotation_v4,2021.1.4,Win32,60.24096386,679054f2072d526265aabff2,6790661caa236d2e606faf23,"[90,90,-45,45,90]","[0,90,0,-45,45]",,Blue_1,"[90,90,-45,45,90]","[0,90,0,-45,45]",,,,,,,,,BLUE,3,Same,5,1,,,,,,5,1,0.9085,0,11,11,8,1,,,,,,,,,,,,,,,,,,,,,,,,,,,,,,,,,,,,,,,,,
,,,,,,,,66243f204cef464daff99f8d,2025-01-21_21h30.48.923,VisualArraysMentalRotation_v4,2021.1.4,Win32,60.24096386,679054f2072d526265aabff2,6790661caa236d2e606faf23,"[90,90,-45,90,0]","[90,-45,0,90,0]",,Red_3,"[90,90,-45,90,0]","[90,-45,0,90,0]",,,,,,,,,RED,3,Same,5,1,,,,,,5,1,0.8735,0,12,12,0,1,,,,,,,,,,,,,,,,,,,,,,,,,,,,,,,,,,,,,,,,,
,,,,,,,,66243f204cef464daff99f8d,2025-01-21_21h30.48.923,VisualArraysMentalRotation_v4,2021.1.4,Win32,60.24096386,679054f2072d526265aabff2,6790661caa236d2e606faf23,"[0,0,-45,45,0]","[-45,45,0,45,-45]",,Red_5,"[0,0,-45,45,0]","[-45,45,0,45,-45]",,,,,,,,,RED,5,Same,5,1,,,,,,5,1,1.0012,0,13,13,2,1,,,,,,,,,,,,,,,,,,,,,,,,,,,,,,,,,,,,,,,,,
,,,,,,,,66243f204cef464daff99f8d,2025-01-21_21h30.48.923,VisualArraysMentalRotation_v4,2021.1.4,Win32,60.24096386,679054f2072d526265aabff2,6790661caa236d2e606faf23,"[45,90,0,90,0]","[90,-45,45,45,90]",,Blue_1,"[45,90,0,90,0]","[-45,-45,45,45,90]",,,,,,,,,BLUE,5,Different,6,1,,,,,,6,1,0.9631,0,14,14,14,1,,,,,,,,,,,,,,,,,,,,,,,,,,,,,,,,,,,,,,,,,
,,,,,,,,66243f204cef464daff99f8d,2025-01-21_21h30.48.923,VisualArraysMentalRotation_v4,2021.1.4,Win32,60.24096386,679054f2072d526265aabff2,6790661caa236d2e606faf23,"[0,90,-45,-45,-45]","[45,-45,90,45,0]",,Red_1,"[45,90,-45,-45,-45]","[45,-45,90,45,0]",,,,,,,,,RED,5,Different,6,1,,,,,,5,0,1.9963,0,15,15,6,1,,,,,,,,,,,,,,,,,,,,,,,,,,,,,,,,,,,,,,,,,
,,,,,,,,66243f204cef464daff99f8d,2025-01-21_21h30.48.923,VisualArraysMentalRotation_v4,2021.1.4,Win32,60.24096386,679054f2072d526265aabff2,6790661caa236d2e606faf23,"[90,90,0,45,45]","[45,0,90,-45,45]",,Red_1,"[90,90,0,45,45]","[45,0,90,-45,45]",,,,,,,,,RED,3,Same,5,3,,,,,,5,1,1.091,1,0,16,1,1,,,,,,,,,,,,,,,,,,,,,,,,,,,,,,,,,,,,,,,,,
,,,,,,,,66243f204cef464daff99f8d,2025-01-21_21h30.48.923,VisualArraysMentalRotation_v4,2021.1.4,Win32,60.24096386,679054f2072d526265aabff2,6790661caa236d2e606faf23,"[0,90,0,90,90]","[0,90,45,-45,90]",,Blue_5,"[0,90,0,90,90]","[0,90,45,-45,0]",,,,,,,,,BLUE,5,Different,6,3,,,,,,6,1,1.1183,1,1,17,15,1,,,,,,,,,,,,,,,,,,,,,,,,,,,,,,,,,,,,,,,,,
,,,,,,,,66243f204cef464daff99f8d,2025-01-21_21h30.48.923,VisualArraysMentalRotation_v4,2021.1.4,Win32,60.24096386,679054f2072d526265aabff2,6790661caa236d2e606faf23,"[45,90,-45,45,-45]","[90,0,-45,0,45]",,Blue_3,"[45,90,-45,45,-45]","[90,0,45,0,45]",,,,,,,,,BLUE,5,Different,6,1,,,,,,6,1,1.6013,1,2,18,14,1,,,,,,,,,,,,,,,,,,,,,,,,,,,,,,,,,,,,,,,,,
,,,,,,,,66243f204cef464daff99f8d,2025-01-21_21h30.48.923,VisualArraysMentalRotation_v4,2021.1.4,Win32,60.24096386,679054f2072d526265aabff2,6790661caa236d2e606faf23,"[45,45,45,45,90]","[-45,45,90,-45,-45]",,Blue_2,"[45,45,45,45,90]","[-45,90,90,-45,-45]",,,,,,,,,BLUE,3,Different,6,1,,,,,,6,1,1.9517,1,3,19,12,1,,,,,,,,,,,,,,,,,,,,,,,,,,,,,,,,,,,,,,,,,
,,,,,,,,66243f204cef464daff99f8d,2025-01-21_21h30.48.923,VisualArraysMentalRotation_v4,2021.1.4,Win32,60.24096386,679054f2072d526265aabff2,6790661caa236d2e606faf23,"[45,90,45,45,0]","[0,45,-45,-45,-45]",,Red_1,"[-45,90,45,45,0]","[0,45,-45,-45,-45]",,,,,,,,,RED,5,Different,6,1,,,,,,6,1,1.5015,1,4,20,6,1,,,,,,,,,,,,,,,,,,,,,,,,,,,,,,,,,,,,,,,,,
,,,,,,,,66243f204cef464daff99f8d,2025-01-21_21h30.48.923,VisualArraysMentalRotation_v4,2021.1.4,Win32,60.24096386,679054f2072d526265aabff2,6790661caa236d2e606faf23,"[90,0,45,0,90]","[0,0,-45,-45,-45]",,Blue_4,"[90,0,45,0,90]","[0,0,-45,-45,-45]",,,,,,,,,BLUE,5,Same,5,3,,,,,,5,1,0.7844,1,5,21,11,1,,,,,,,,,,,,,,,,,,,,,,,,,,,,,,,,,,,,,,,,,
,,,,,,,,66243f204cef464daff99f8d,2025-01-21_21h30.48.923,VisualArraysMentalRotation_v4,2021.1.4,Win32,60.24096386,679054f2072d526265aabff2,6790661caa236d2e606faf23,"[0,0,90,90,0]","[45,45,-45,0,90]",,Blue_1,"[0,0,90,90,0]","[45,45,-45,0,90]",,,,,,,,,BLUE,3,Same,5,3,,,,,,5,1,0.8608,1,6,22,9,1,,,,,,,,,,,,,,,,,,,,,,,,,,,,,,,,,,,,,,,,,
,,,,,,,,66243f204cef464daff99f8d,2025-01-21_21h30.48.923,VisualArraysMentalRotation_v4,2021.1.4,Win32,60.24096386,679054f2072d526265aabff2,6790661caa236d2e606faf23,"[-45,-45,0,90,0]","[0,0,0,90,-45]",,Red_3,"[-45,-45,0,90,0]","[0,0,0,90,-45]",,,,,,,,,RED,5,Same,5,1,,,,,,5,1,1.2349,1,7,23,2,1,,,,,,,,,,,,,,,,,,,,,,,,,,,,,,,,,,,,,,,,,
,,,,,,,,66243f204cef464daff99f8d,2025-01-21_21h30.48.923,VisualArraysMentalRotation_v4,2021.1.4,Win32,60.24096386,679054f2072d526265aabff2,6790661caa236d2e606faf23,"[-45,0,90,45,90]","[-45,-45,90,90,45]",,Red_1,"[-45,0,90,45,90]","[-45,-45,90,90,45]",,,,,,,,,RED,3,Same,5,1,,,,,,5,1,0.9195,1,8,24,0,1,,,,,,,,,,,,,,,,,,,,,,,,,,,,,,,,,,,,,,,,,
,,,,,,,,66243f204cef464daff99f8d,2025-01-21_21h30.48.923,VisualArraysMentalRotation_v4,2021.1.4,Win32,60.24096386,679054f2072d526265aabff2,6790661caa236d2e606faf23,"[90,45,90,90,45]","[0,90,90,90,45]",,Blue_1,"[90,45,90,90,45]","[-45,90,90,90,45]",,,,,,,,,BLUE,3,Different,6,3,,,,,,6,1,1.0415,1,9,25,13,1,,,,,,,,,,,,,,,,,,,,,,,,,,,,,,,,,,,,,,,,,
,,,,,,,,66243f204cef464daff99f8d,2025-01-21_21h30.48.923,VisualArraysMentalRotation_v4,2021.1.4,Win32,60.24096386,679054f2072d526265aabff2,6790661caa236d2e606faf23,"[45,-45,45,90,0]","[90,0,-45,0,0]",,Red_5,"[45,-45,45,90,0]","[90,0,-45,0,0]",,,,,,,,,RED,5,Same,5,3,,,,,,5,1,0.9175,1,10,26,3,1,,,,,,,,,,,,,,,,,,,,,,,,,,,,,,,,,,,,,,,,,
,,,,,,,,66243f204cef464daff99f8d,2025-01-21_21h30.48.923,VisualArraysMentalRotation_v4,2021.1.4,Win32,60.24096386,679054f2072d526265aabff2,6790661caa236d2e606faf23,"[-45,90,0,-45,-45]","[45,-45,90,45,90]",,Blue_1,"[-45,90,0,-45,-45]","[45,-45,90,45,90]",,,,,,,,,BLUE,5,Same,5,1,,,,,,6,0,2.343,1,11,27,10,1,,,,,,,,,,,,,,,,,,,,,,,,,,,,,,,,,,,,,,,,,
,,,,,,,,66243f204cef464daff99f8d,2025-01-21_21h30.48.923,VisualArraysMentalRotation_v4,2021.1.4,Win32,60.24096386,679054f2072d526265aabff2,6790661caa236d2e606faf23,"[0,90,-45,-45,-45]","[90,45,90,-45,90]",,Red_3,"[0,90,45,-45,-45]","[90,45,90,-45,90]",,,,,,,,,RED,3,Different,6,1,,,,,,5,0,1.2353,1,12,28,4,1,,,,,,,,,,,,,,,,,,,,,,,,,,,,,,,,,,,,,,,,,
,,,,,,,,66243f204cef464daff99f8d,2025-01-21_21h30.48.923,VisualArraysMentalRotation_v4,2021.1.4,Win32,60.24096386,679054f2072d526265aabff2,6790661caa236d2e606faf23,"[0,90,-45,-45,0]","[45,-45,90,90,90]",,Red_2,"[0,45,-45,-45,0]","[45,-45,90,90,90]",,,,,,,,,RED,5,Different,6,3,,,,,,5,0,1.8514,1,13,29,7,1,,,,,,,,,,,,,,,,,,,,,,,,,,,,,,,,,,,,,,,,,
,,,,,,,,66243f204cef464daff99f8d,2025-01-21_21h30.48.923,VisualArraysMentalRotation_v4,2021.1.4,Win32,60.24096386,679054f2072d526265aabff2,6790661caa236d2e606faf23,"[90,45,45,0,-45]","[-45,90,45,45,45]",,Red_3,"[90,45,0,0,-45]","[-45,90,45,45,45]",,,,,,,,,RED,3,Different,6,3,,,,,,6,1,1.6346,1,14,30,5,1,,,,,,,,,,,,,,,,,,,,,,,,,,,,,,,,,,,,,,,,,
,,,,,,,,66243f204cef464daff99f8d,2025-01-21_21h30.48.923,VisualArraysMentalRotation_v4,2021.1.4,Win32,60.24096386,679054f2072d526265aabff2,6790661caa236d2e606faf23,"[0,90,90,90,-45]","[0,90,0,-45,45]",,Blue_1,"[0,90,90,90,-45]","[0,90,0,-45,45]",,,,,,,,,BLUE,3,Same,5,1,,,,,,5,1,0.9769,1,15,31,8,1,,,,,,,,,,,,,,,,,,,,,,,,,,,,,,,,,,,,,,,,,
,,,,,,,,66243f204cef464daff99f8d,2025-01-21_21h30.48.923,VisualArraysMentalRotation_v4,2021.1.4,Win32,60.24096386,679054f2072d526265aabff2,6790661caa236d2e606faf23,"[45,0,45,0,45]","[0,-45,0,0,0]",,Red_3,"[45,0,45,0,45]","[0,-45,0,0,0]",,,,,,,,,RED,5,Same,5,1,,,,,,5,1,0.9564,2,0,32,2,1,,,,,,,,,,,,,,,,,,,,,,,,,,,,,,,,,,,,,,,,,
,,,,,,,,66243f204cef464daff99f8d,2025-01-21_21h30.48.923,VisualArraysMentalRotation_v4,2021.1.4,Win32,60.24096386,679054f2072d526265aabff2,6790661caa236d2e606faf23,"[90,45,45,90,0]","[0,-45,-45,90,-45]",,Red_3,"[90,45,45,90,0]","[0,-45,-45,90,-45]",,,,,,,,,RED,3,Same,5,3,,,,,,5,1,0.9845,2,1,33,1,1,,,,,,,,,,,,,,,,,,,,,,,,,,,,,,,,,,,,,,,,,
,,,,,,,,66243f204cef464daff99f8d,2025-01-21_21h30.48.923,VisualArraysMentalRotation_v4,2021.1.4,Win32,60.24096386,679054f2072d526265aabff2,6790661caa236d2e606faf23,"[-45,90,-45,-45,0]","[-45,90,0,45,90]",,Red_3,"[-45,90,-45,-45,0]","[-45,90,0,45,90]",,,,,,,,,RED,3,Same,5,1,,,,,,6,0,1.7356,2,2,34,0,1,,,,,,,,,,,,,,,,,,,,,,,,,,,,,,,,,,,,,,,,,
,,,,,,,,66243f204cef464daff99f8d,2025-01-21_21h30.48.923,VisualArraysMentalRotation_v4,2021.1.4,Win32,60.24096386,679054f2072d526265aabff2,6790661caa236d2e606faf23,"[90,-45,0,0,45]","[45,90,90,-45,90]",,Blue_3,"[90,-45,0,0,45]","[45,90,45,-45,90]",,,,,,,,,BLUE,3,Different,6,1,,,,,,6,1,1.2948,2,3,35,12,1,,,,,,,,,,,,,,,,,,,,,,,,,,,,,,,,,,,,,,,,,
,,,,,,,,66243f204cef464daff99f8d,2025-01-21_21h30.48.923,VisualArraysMentalRotation_v4,2021.1.4,Win32,60.24096386,679054f2072d526265aabff2,6790661caa236d2e606faf23,"[-45,-45,-45,0,90]","[0,0,45,90,45]",,Red_3,"[-45,-45,-45,0,90]","[0,0,45,90,45]",,,,,,,,,RED,5,Same,5,3,,,,,,5,1,1.8567,2,4,36,3,1,,,,,,,,,,,,,,,,,,,,,,,,,,,,,,,,,,,,,,,,,
,,,,,,,,66243f204cef464daff99f8d,2025-01-21_21h30.48.923,VisualArraysMentalRotation_v4,2021.1.4,Win32,60.24096386,679054f2072d526265aabff2,6790661caa236d2e606faf23,"[-45,90,90,0,45]","[90,0,90,-45,90]",,Blue_1,"[-45,90,90,0,45]","[0,0,90,-45,90]",,,,,,,,,BLUE,3,Different,6,3,,,,,,6,1,1.3024,2,5,37,13,1,,,,,,,,,,,,,,,,,,,,,,,,,,,,,,,,,,,,,,,,,
,,,,,,,,66243f204cef464daff99f8d,2025-01-21_21h30.48.923,VisualArraysMentalRotation_v4,2021.1.4,Win32,60.24096386,679054f2072d526265aabff2,6790661caa236d2e606faf23,"[0,45,45,0,0]","[90,-45,90,-45,45]",,Blue_4,"[0,45,45,0,0]","[90,-45,90,-45,45]",,,,,,,,,BLUE,5,Same,5,3,,,,,,5,1,2.0212,2,6,38,11,1,,,,,,,,,,,,,,,,,,,,,,,,,,,,,,,,,,,,,,,,,
,,,,,,,,66243f204cef464daff99f8d,2025-01-21_21h30.48.923,VisualArraysMentalRotation_v4,2021.1.4,Win32,60.24096386,679054f2072d526265aabff2,6790661caa236d2e606faf23,"[0,45,90,-45,-45]","[-45,90,90,-45,0]",,Red_2,"[0,0,90,-45,-45]","[-45,90,90,-45,0]",,,,,,,,,RED,3,Different,6,1,,,,,,6,1,1.2061,2,7,39,4,1,,,,,,,,,,,,,,,,,,,,,,,,,,,,,,,,,,,,,,,,,
,,,,,,,,66243f204cef464daff99f8d,2025-01-21_21h30.48.923,VisualArraysMentalRotation_v4,2021.1.4,Win32,60.24096386,679054f2072d526265aabff2,6790661caa236d2e606faf23,"[90,0,0,45,90]","[90,0,0,45,0]",,Red_1,"[45,0,0,45,90]","[90,0,0,45,0]",,,,,,,,,RED,5,Different,6,3,,,,,,6,1,1.3884,2,8,40,7,1,,,,,,,,,,,,,,,,,,,,,,,,,,,,,,,,,,,,,,,,,
,,,,,,,,66243f204cef464daff99f8d,2025-01-21_21h30.48.923,VisualArraysMentalRotation_v4,2021.1.4,Win32,60.24096386,679054f2072d526265aabff2,6790661caa236d2e606faf23,"[0,0,-45,90,90]","[45,90,0,-45,90]",,Blue_3,"[0,0,-45,90,90]","[45,90,0,-45,90]",,,,,,,,,BLUE,3,Same,5,3,,,,,,5,1,1.3042,2,9,41,9,1,,,,,,,,,,,,,,,,,,,,,,,,,,,,,,,,,,,,,,,,,
,,,,,,,,66243f204cef464daff99f8d,2025-01-21_21h30.48.923,VisualArraysMentalRotation_v4,2021.1.4,Win32,60.24096386,679054f2072d526265aabff2,6790661caa236d2e606faf23,"[0,-45,90,0,0]","[0,0,0,0,90]",,Blue_4,"[0,-45,90,0,0]","[0,0,0,90,90]",,,,,,,,,BLUE,5,Different,6,3,,,,,,6,1,1.4079,2,10,42,15,1,,,,,,,,,,,,,,,,,,,,,,,,,,,,,,,,,,,,,,,,,
,,,,,,,,66243f204cef464daff99f8d,2025-01-21_21h30.48.923,VisualArraysMentalRotation_v4,2021.1.4,Win32,60.24096386,679054f2072d526265aabff2,6790661caa236d2e606faf23,"[45,0,90,0,-45]","[0,0,0,90,0]",,Blue_4,"[45,0,90,0,-45]","[0,0,0,-45,0]",,,,,,,,,BLUE,5,Different,6,1,,,,,,6,1,1.0728,2,11,43,14,1,,,,,,,,,,,,,,,,,,,,,,,,,,,,,,,,,,,,,,,,,
,,,,,,,,66243f204cef464daff99f8d,2025-01-21_21h30.48.923,VisualArraysMentalRotation_v4,2021.1.4,Win32,60.24096386,679054f2072d526265aabff2,6790661caa236d2e606faf23,"[45,45,-45,90,-45]","[90,0,45,-45,-45]",,Red_2,"[45,0,-45,90,-45]","[90,0,45,-45,-45]",,,,,,,,,RED,3,Different,6,3,,,,,,6,1,1.7849,2,12,44,5,1,,,,,,,,,,,,,,,,,,,,,,,,,,,,,,,,,,,,,,,,,
,,,,,,,,66243f204cef464daff99f8d,2025-01-21_21h30.48.923,VisualArraysMentalRotation_v4,2021.1.4,Win32,60.24096386,679054f2072d526265aabff2,6790661caa236d2e606faf23,"[-45,0,90,-45,0]","[90,0,0,0,0]",,Red_1,"[90,0,90,-45,0]","[90,0,0,0,0]",,,,,,,,,RED,5,Different,6,1,,,,,,5,0,1.7231,2,13,45,6,1,,,,,,,,,,,,,,,,,,,,,,,,,,,,,,,,,,,,,,,,,
,,,,,,,,66243f204cef464daff99f8d,2025-01-21_21h30.48.923,VisualArraysMentalRotation_v4,2021.1.4,Win32,60.24096386,679054f2072d526265aabff2,6790661caa236d2e606faf23,"[0,45,45,90,90]","[-45,45,-45,0,45]",,Blue_5,"[0,45,45,90,90]","[-45,45,-45,0,45]",,,,,,,,,BLUE,5,Same,5,1,,,,,,5,1,1.8399,2,14,46,10,1,,,,,,,,,,,,,,,,,,,,,,,,,,,,,,,,,,,,,,,,,
,,,,,,,,66243f204cef464daff99f8d,2025-01-21_21h30.48.923,VisualArraysMentalRotation_v4,2021.1.4,Win32,60.24096386,679054f2072d526265aabff2,6790661caa236d2e606faf23,"[0,90,-45,0,0]","[-45,45,45,0,90]",,Blue_1,"[0,90,-45,0,0]","[-45,45,45,0,90]",,,,,,,,,BLUE,3,Same,5,1,,,,,,5,1,0.9237,2,15,47,8,1,,,,,,,,,,,,,,,,,,,,,,,,,,,,,,,,,,,,,,,,,
,,,,,,,,66243f204cef464daff99f8d,2025-01-21_21h30.48.923,VisualArraysMentalRotation_v4,2021.1.4,Win32,60.24096386,679054f2072d526265aabff2,6790661caa236d2e606faf23,"[45,0,0,0,0]","[0,0,90,90,90]",,Blue_3,"[45,0,0,0,0]","[0,0,90,90,90]",,,,,,,,,BLUE,3,Same,5,1,,,,,,5,1,0.8734,3,0,48,8,1,,,,,,,,,,,,,,,,,,,,,,,,,,,,,,,,,,,,,,,,,
,,,,,,,,66243f204cef464daff99f8d,2025-01-21_21h30.48.923,VisualArraysMentalRotation_v4,2021.1.4,Win32,60.24096386,679054f2072d526265aabff2,6790661caa236d2e606faf23,"[45,45,90,90,45]","[0,0,90,45,90]",,Red_3,"[45,45,90,90,45]","[0,0,90,45,90]",,,,,,,,,RED,3,Same,5,3,,,,,,5,1,1.0015,3,1,49,1,1,,,,,,,,,,,,,,,,,,,,,,,,,,,,,,,,,,,,,,,,,
,,,,,,,,66243f204cef464daff99f8d,2025-01-21_21h30.48.923,VisualArraysMentalRotation_v4,2021.1.4,Win32,60.24096386,679054f2072d526265aabff2,6790661caa236d2e606faf23,"[0,-45,-45,90,90]","[45,45,45,45,-45]",,Red_2,"[0,-45,-45,90,90]","[45,45,45,45,-45]",,,,,,,,,RED,3,Same,5,1,,,,,,5,1,0.8023,3,2,50,0,1,,,,,,,,,,,,,,,,,,,,,,,,,,,,,,,,,,,,,,,,,
,,,,,,,,66243f204cef464daff99f8d,2025-01-21_21h30.48.923,VisualArraysMentalRotation_v4,2021.1.4,Win32,60.24096386,679054f2072d526265aabff2,6790661caa236d2e606faf23,"[45,45,0,45,90]","[0,0,45,0,0]",,Blue_1,"[45,45,0,45,90]","[90,0,45,0,0]",,,,,,,,,BLUE,5,Different,6,3,,,,,,6,1,2.6408,3,3,51,15,1,,,,,,,,,,,,,,,,,,,,,,,,,,,,,,,,,,,,,,,,,
,,,,,,,,66243f204cef464daff99f8d,2025-01-21_21h30.48.923,VisualArraysMentalRotation_v4,2021.1.4,Win32,60.24096386,679054f2072d526265aabff2,6790661caa236d2e606faf23,"[-45,90,45,0,45]","[0,0,45,0,-45]",,Blue_2,"[-45,90,45,0,45]","[0,0,45,0,-45]",,,,,,,,,BLUE,3,Same,5,3,,,,,,5,1,1.2068,3,4,52,9,1,,,,,,,,,,,,,,,,,,,,,,,,,,,,,,,,,,,,,,,,,
,,,,,,,,66243f204cef464daff99f8d,2025-01-21_21h30.48.923,VisualArraysMentalRotation_v4,2021.1.4,Win32,60.24096386,679054f2072d526265aabff2,6790661caa236d2e606faf23,"[0,-45,-45,90,0]","[90,45,-45,45,90]",,Red_2,"[0,90,-45,90,0]","[90,45,-45,45,90]",,,,,,,,,RED,3,Different,6,3,,,,,,6,1,1.268,3,5,53,5,1,,,,,,,,,,,,,,,,,,,,,,,,,,,,,,,,,,,,,,,,,
,,,,,,,,66243f204cef464daff99f8d,2025-01-21_21h30.48.923,VisualArraysMentalRotation_v4,2021.1.4,Win32,60.24096386,679054f2072d526265aabff2,6790661caa236d2e606faf23,"[-45,90,45,90,90]","[45,90,90,-45,-45]",,Red_3,"[-45,90,45,90,90]","[45,90,90,-45,-45]",,,,,,,,,RED,5,Same,5,3,,,,,,5,1,1.2067,3,6,54,3,1,,,,,,,,,,,,,,,,,,,,,,,,,,,,,,,,,,,,,,,,,
,,,,,,,,66243f204cef464daff99f8d,2025-01-21_21h30.48.923,VisualArraysMentalRotation_v4,2021.1.4,Win32,60.24096386,679054f2072d526265aabff2,6790661caa236d2e606faf23,"[90,90,-45,-45,45]","[90,45,45,0,45]",,Blue_4,"[90,90,-45,-45,45]","[90,45,45,0,45]",,,,,,,,,BLUE,5,Same,5,3,,,,,,5,1,0.8848,3,7,55,11,1,,,,,,,,,,,,,,,,,,,,,,,,,,,,,,,,,,,,,,,,,
,,,,,,,,66243f204cef464daff99f8d,2025-01-21_21h30.48.923,VisualArraysMentalRotation_v4,2021.1.4,Win32,60.24096386,679054f2072d526265aabff2,6790661caa236d2e606faf23,"[0,45,45,45,45]","[45,-45,90,-45,-45]",,Blue_2,"[0,45,45,45,45]","[45,0,90,-45,-45]",,,,,,,,,BLUE,3,Different,6,3,,,,,,6,1,0.7611,3,8,56,13,1,,,,,,,,,,,,,,,,,,,,,,,,,,,,,,,,,,,,,,,,,
,,,,,,,,66243f204cef464daff99f8d,2025-01-21_21h30.48.923,VisualArraysMentalRotation_v4,2021.1.4,Win32,60.24096386,679054f2072d526265aabff2,6790661caa236d2e606faf23,"[0,-45,0,45,0]","[-45,45,45,45,0]",,Blue_4,"[0,-45,0,45,0]","[-45,45,45,-45,0]",,,,,,,,,BLUE,5,Different,6,1,,,,,,6,1,1.0674,3,9,57,14,1,,,,,,,,,,,,,,,,,,,,,,,,,,,,,,,,,,,,,,,,,
,,,,,,,,66243f204cef464daff99f8d,2025-01-21_21h30.48.923,VisualArraysMentalRotation_v4,2021.1.4,Win32,60.24096386,679054f2072d526265aabff2,6790661caa236d2e606faf23,"[-45,90,0,90,90]","[45,0,0,90,90]",,Red_5,"[-45,90,0,90,-45]","[45,0,0,90,90]",,,,,,,,,RED,5,Different,6,1,,,,,,6,1,1.4002,3,10,58,6,1,,,,,,,,,,,,,,,,,,,,,,,,,,,,,,,,,,,,,,,,,
,,,,,,,,66243f204cef464daff99f8d,2025-01-21_21h30.48.923,VisualArraysMentalRotation_v4,2021.1.4,Win32,60.24096386,679054f2072d526265aabff2,6790661caa236d2e606faf23,"[90,0,0,-45,0]","[90,0,90,45,90]",,Red_2,"[90,0,0,-45,0]","[90,0,90,45,90]",,,,,,,,,RED,5,Same,5,1,,,,,,5,1,1.0228,3,11,59,2,1,,,,,,,,,,,,,,,,,,,,,,,,,,,,,,,,,,,,,,,,,
,,,,,,,,66243f204cef464daff99f8d,2025-01-21_21h30.48.923,VisualArraysMentalRotation_v4,2021.1.4,Win32,60.24096386,679054f2072d526265aabff2,6790661caa236d2e606faf23,"[45,0,90,90,45]","[-45,-45,90,90,45]",,Blue_2,"[45,0,90,90,45]","[-45,90,90,90,45]",,,,,,,,,BLUE,3,Different,6,1,,,,,,5,0,0.9771,3,12,60,12,1,,,,,,,,,,,,,,,,,,,,,,,,,,,,,,,,,,,,,,,,,
,,,,,,,,66243f204cef464daff99f8d,2025-01-21_21h30.48.923,VisualArraysMentalRotation_v4,2021.1.4,Win32,60.24096386,679054f2072d526265aabff2,6790661caa236d2e606faf23,"[90,90,-45,45,45]","[-45,90,-45,0,-45]",,Blue_4,"[90,90,-45,45,45]","[-45,90,-45,0,-45]",,,,,,,,,BLUE,5,Same,5,1,,,,,,6,0,1.8013,3,13,61,10,1,,,,,,,,,,,,,,,,,,,,,,,,,,,,,,,,,,,,,,,,,
,,,,,,,,66243f204cef464daff99f8d,2025-01-21_21h30.48.923,VisualArraysMentalRotation_v4,2021.1.4,Win32,60.24096386,679054f2072d526265aabff2,6790661caa236d2e606faf23,"[-45,90,0,0,-45]","[0,-45,90,0,0]",,Red_5,"[-45,90,0,0,0]","[0,-45,90,0,0]",,,,,,,,,RED,5,Different,6,3,,,,,,5,0,0.9899,3,14,62,7,1,,,,,,,,,,,,,,,,,,,,,,,,,,,,,,,,,,,,,,,,,
,,,,,,,,66243f204cef464daff99f8d,2025-01-21_21h30.48.923,VisualArraysMentalRotation_v4,2021.1.4,Win32,60.24096386,679054f2072d526265aabff2,6790661caa236d2e606faf23,"[-45,0,90,-45,90]","[-45,90,90,0,45]",,Red_2,"[-45,-45,90,-45,90]","[-45,90,90,0,45]",,,,,,,,,RED,3,Different,6,1,,,,,,6,1,1.1079,3,15,63,4,1,,,,,,,,,,,,,,,,,,,,,,,,,,,,,,,,,,,,,,,,,
,,,,,,,,66243f204cef464daff99f8d,2025-01-21_21h30.48.923,VisualArraysMentalRotation_v4,2021.1.4,Win32,60.24096386,679054f2072d526265aabff2,6790661caa236d2e606faf23,"[90,0,90,45,90]","[0,45,90,0,45]",,Blue_5,"[90,0,90,45,90]","[0,45,90,0,45]",,,,,,,,,BLUE,5,Same,5,3,,,,,,5,1,1.235,4,0,64,11,1,,,,,,,,,,,,,,,,,,,,,,,,,,,,,,,,,,,,,,,,,
,,,,,,,,66243f204cef464daff99f8d,2025-01-21_21h30.48.923,VisualArraysMentalRotation_v4,2021.1.4,Win32,60.24096386,679054f2072d526265aabff2,6790661caa236d2e606faf23,"[0,45,0,0,45]","[0,90,45,0,45]",,Blue_5,"[0,45,0,0,45]","[0,90,45,0,-45]",,,,,,,,,BLUE,5,Different,6,1,,,,,,6,1,1.019,4,1,65,14,1,,,,,,,,,,,,,,,,,,,,,,,,,,,,,,,,,,,,,,,,,
,,,,,,,,66243f204cef464daff99f8d,2025-01-21_21h30.48.923,VisualArraysMentalRotation_v4,2021.1.4,Win32,60.24096386,679054f2072d526265aabff2,6790661caa236d2e606faf23,"[0,0,45,90,-45]","[0,90,45,0,0]",,Red_3,"[0,0,-45,90,-45]","[0,90,45,0,0]",,,,,,,,,RED,3,Different,6,3,,,,,,6,1,0.985,4,2,66,5,1,,,,,,,,,,,,,,,,,,,,,,,,,,,,,,,,,,,,,,,,,
,,,,,,,,66243f204cef464daff99f8d,2025-01-21_21h30.48.923,VisualArraysMentalRotation_v4,2021.1.4,Win32,60.24096386,679054f2072d526265aabff2,6790661caa236d2e606faf23,"[90,-45,45,45,90]","[-45,-45,45,45,-45]",,Blue_2,"[90,-45,45,45,90]","[-45,-45,45,45,-45]",,,,,,,,,BLUE,3,Same,5,3,,,,,,5,1,0.9679,4,3,67,9,1,,,,,,,,,,,,,,,,,,,,,,,,,,,,,,,,,,,,,,,,,
,,,,,,,,66243f204cef464daff99f8d,2025-01-21_21h30.48.923,VisualArraysMentalRotation_v4,2021.1.4,Win32,60.24096386,679054f2072d526265aabff2,6790661caa236d2e606faf23,"[45,-45,0,45,90]","[-45,45,90,90,0]",,Red_2,"[45,-45,0,45,90]","[-45,45,90,90,0]",,,,,,,,,RED,3,Same,5,3,,,,,,5,1,1.7001,4,4,68,1,1,,,,,,,,,,,,,,,,,,,,,,,,,,,,,,,,,,,,,,,,,
,,,,,,,,66243f204cef464daff99f8d,2025-01-21_21h30.48.923,VisualArraysMentalRotation_v4,2021.1.4,Win32,60.24096386,679054f2072d526265aabff2,6790661caa236d2e606faf23,"[90,90,0,45,0]","[0,0,45,45,45]",,Blue_4,"[90,90,0,45,0]","[0,0,45,-45,45]",,,,,,,,,BLUE,5,Different,6,3,,,,,,6,1,1.2267,4,5,69,15,1,,,,,,,,,,,,,,,,,,,,,,,,,,,,,,,,,,,,,,,,,
,,,,,,,,66243f204cef464daff99f8d,2025-01-21_21h30.48.923,VisualArraysMentalRotation_v4,2021.1.4,Win32,60.24096386,679054f2072d526265aabff2,6790661caa236d2e606faf23,"[45,90,45,-45,-45]","[-45,0,0,90,-45]",,Red_3,"[45,90,90,-45,-45]","[-45,0,0,90,-45]",,,,,,,,,RED,5,Different,6,1,,,,,,5,0,1.7019,4,6,70,6,1,,,,,,,,,,,,,,,,,,,,,,,,,,,,,,,,,,,,,,,,,
,,,,,,,,66243f204cef464daff99f8d,2025-01-21_21h30.48.923,VisualArraysMentalRotation_v4,2021.1.4,Win32,60.24096386,679054f2072d526265aabff2,6790661caa236d2e606faf23,"[90,-45,45,-45,0]","[90,45,45,45,-45]",,Red_1,"[0,-45,45,-45,0]","[90,45,45,45,-45]",,,,,,,,,RED,3,Different,6,1,,,,,,6,1,1.0789,4,7,71,4,1,,,,,,,,,,,,,,,,,,,,,,,,,,,,,,,,,,,,,,,,,
,,,,,,,,66243f204cef464daff99f8d,2025-01-21_21h30.48.923,VisualArraysMentalRotation_v4,2021.1.4,Win32,60.24096386,679054f2072d526265aabff2,6790661caa236d2e606faf23,"[90,90,-45,0,-45]","[0,-45,-45,-45,45]",,Red_5,"[90,90,-45,0,-45]","[0,-45,-45,-45,45]",,,,,,,,,RED,5,Same,5,1,,,,,,5,1,1.4097,4,8,72,2,1,,,,,,,,,,,,,,,,,,,,,,,,,,,,,,,,,,,,,,,,,
,,,,,,,,66243f204cef464daff99f8d,2025-01-21_21h30.48.923,VisualArraysMentalRotation_v4,2021.1.4,Win32,60.24096386,679054f2072d526265aabff2,6790661caa236d2e606faf23,"[0,45,-45,90,90]","[45,-45,45,0,90]",,Blue_2,"[0,45,-45,90,90]","[45,-45,45,0,90]",,,,,,,,,BLUE,3,Same,5,1,,,,,,5,1,1.0017,4,9,73,8,1,,,,,,,,,,,,,,,,,,,,,,,,,,,,,,,,,,,,,,,,,
,,,,,,,,66243f204cef464daff99f8d,2025-01-21_21h30.48.923,VisualArraysMentalRotation_v4,2021.1.4,Win32,60.24096386,679054f2072d526265aabff2,6790661caa236d2e606faf23,"[0,0,0,45,45]","[90,-45,-45,0,-45]",,Blue_3,"[0,0,0,45,45]","[90,-45,90,0,-45]",,,,,,,,,BLUE,3,Different,6,3,,,,,,6,1,1.6394,4,10,74,13,1,,,,,,,,,,,,,,,,,,,,,,,,,,,,,,,,,,,,,,,,,
,,,,,,,,66243f204cef464daff99f8d,2025-01-21_21h30.48.923,VisualArraysMentalRotation_v4,2021.1.4,Win32,60.24096386,679054f2072d526265aabff2,6790661caa236d2e606faf23,"[45,0,0,-45,90]","[90,90,-45,0,45]",,Red_2,"[45,0,0,-45,90]","[90,90,-45,0,45]",,,,,,,,,RED,3,Same,5,1,,,,,,5,1,1.2624,4,11,75,0,1,,,,,,,,,,,,,,,,,,,,,,,,,,,,,,,,,,,,,,,,,
,,,,,,,,66243f204cef464daff99f8d,2025-01-21_21h30.48.923,VisualArraysMentalRotation_v4,2021.1.4,Win32,60.24096386,679054f2072d526265aabff2,6790661caa236d2e606faf23,"[45,-45,45,-45,-45]","[90,-45,-45,45,45]",,Blue_2,"[45,-45,45,-45,-45]","[90,90,-45,45,45]",,,,,,,,,BLUE,3,Different,6,1,,,,,,6,1,2.0221,4,12,76,12,1,,,,,,,,,,,,,,,,,,,,,,,,,,,,,,,,,,,,,,,,,
,,,,,,,,66243f204cef464daff99f8d,2025-01-21_21h30.48.923,VisualArraysMentalRotation_v4,2021.1.4,Win32,60.24096386,679054f2072d526265aabff2,6790661caa236d2e606faf23,"[-45,90,45,-45,0]","[-45,45,0,90,0]",,Red_3,"[-45,90,45,-45,0]","[-45,45,0,90,0]",,,,,,,,,RED,5,Same,5,3,,,,,,6,0,1.1566,4,13,77,3,1,,,,,,,,,,,,,,,,,,,,,,,,,,,,,,,,,,,,,,,,,
,,,,,,,,66243f204cef464daff99f8d,2025-01-21_21h30.48.923,VisualArraysMentalRotation_v4,2021.1.4,Win32,60.24096386,679054f2072d526265aabff2,6790661caa236d2e606faf23,"[0,45,45,0,-45]","[90,0,0,90,-45]",,Red_5,"[0,45,45,0,90]","[90,0,0,90,-45]",,,,,,,,,RED,5,Different,6,3,,,,,,5,0,1.8895,4,14,78,7,1,,,,,,,,,,,,,,,,,,,,,,,,,,,,,,,,,,,,,,,,,
,,,,,,,,66243f204cef464daff99f8d,2025-01-21_21h30.48.923,VisualArraysMentalRotation_v4,2021.1.4,Win32,60.24096386,679054f2072d526265aabff2,6790661caa236d2e606faf23,"[90,90,45,90,-45]","[-45,0,45,45,0]",,Blue_1,"[90,90,45,90,-45]","[-45,0,45,45,0]",,,,,,,,,BLUE,5,Same,5,1,,,,,,5,1,1.2861,4,15,79,10,1,,,,,,,,,,,,,,,,,,,,,,,,,,,,,,,,,,,,,,,,,
,,,,,,,,66243f204cef464daff99f8d,2025-01-21_21h30.48.923,VisualArraysMentalRotation_v4,2021.1.4,Win32,60.24096386,679054f2072d526265aabff2,6790661caa236d2e606faf23,"[0,45,90,-45,0]","[-45,-45,45,45,90]",,Red_5,"[0,45,90,-45,45]","[-45,-45,45,45,90]",,,,,,,,,RED,5,Different,6,1,,,,,,5,0,0.9892,5,0,80,6,1,,,,,,,,,,,,,,,,,,,,,,,,,,,,,,,,,,,,,,,,,
,,,,,,,,66243f204cef464daff99f8d,2025-01-21_21h30.48.923,VisualArraysMentalRotation_v4,2021.1.4,Win32,60.24096386,679054f2072d526265aabff2,6790661caa236d2e606faf23,"[-45,-45,90,90,-45]","[-45,90,45,-45,90]",,Red_5,"[-45,-45,90,90,-45]","[-45,90,45,-45,90]",,,,,,,,,RED,5,Same,5,3,,,,,,5,1,1.6404,5,1,81,3,1,,,,,,,,,,,,,,,,,,,,,,,,,,,,,,,,,,,,,,,,,
,,,,,,,,66243f204cef464daff99f8d,2025-01-21_21h30.48.923,VisualArraysMentalRotation_v4,2021.1.4,Win32,60.24096386,679054f2072d526265aabff2,6790661caa236d2e606faf23,"[45,-45,45,45,90]","[90,-45,0,0,0]",,Blue_3,"[45,-45,45,45,90]","[90,-45,-45,0,0]",,,,,,,,,BLUE,3,Different,6,3,,,,,,6,1,1.6177,5,2,82,13,1,,,,,,,,,,,,,,,,,,,,,,,,,,,,,,,,,,,,,,,,,
,,,,,,,,66243f204cef464daff99f8d,2025-01-21_21h30.48.923,VisualArraysMentalRotation_v4,2021.1.4,Win32,60.24096386,679054f2072d526265aabff2,6790661caa236d2e606faf23,"[90,-45,45,0,0]","[90,45,45,-45,-45]",,Red_2,"[90,-45,45,0,0]","[90,45,45,-45,-45]",,,,,,,,,RED,3,Same,5,3,,,,,,5,1,1.0921,5,3,83,1,1,,,,,,,,,,,,,,,,,,,,,,,,,,,,,,,,,,,,,,,,,
,,,,,,,,66243f204cef464daff99f8d,2025-01-21_21h30.48.923,VisualArraysMentalRotation_v4,2021.1.4,Win32,60.24096386,679054f2072d526265aabff2,6790661caa236d2e606faf23,"[90,0,45,-45,-45]","[0,90,45,-45,45]",,Blue_3,"[90,0,45,-45,-45]","[0,90,45,-45,45]",,,,,,,,,BLUE,5,Same,5,3,,,,,,6,0,1.2528,5,4,84,11,1,,,,,,,,,,,,,,,,,,,,,,,,,,,,,,,,,,,,,,,,,
,,,,,,,,66243f204cef464daff99f8d,2025-01-21_21h30.48.923,VisualArraysMentalRotation_v4,2021.1.4,Win32,60.24096386,679054f2072d526265aabff2,6790661caa236d2e606faf23,"[90,-45,0,0,0]","[0,45,45,90,0]",,Blue_4,"[90,-45,0,0,0]","[0,45,45,90,0]",,,,,,,,,BLUE,5,Same,5,1,,,,,,5,1,1.074,5,5,85,10,1,,,,,,,,,,,,,,,,,,,,,,,,,,,,,,,,,,,,,,,,,
,,,,,,,,66243f204cef464daff99f8d,2025-01-21_21h30.48.923,VisualArraysMentalRotation_v4,2021.1.4,Win32,60.24096386,679054f2072d526265aabff2,6790661caa236d2e606faf23,"[45,-45,0,90,45]","[45,0,90,45,-45]",,Red_3,"[45,-45,0,90,45]","[45,0,90,45,-45]",,,,,,,,,RED,3,Same,5,1,,,,,,5,1,1.0509,5,6,86,0,1,,,,,,,,,,,,,,,,,,,,,,,,,,,,,,,,,,,,,,,,,
,,,,,,,,66243f204cef464daff99f8d,2025-01-21_21h30.48.923,VisualArraysMentalRotation_v4,2021.1.4,Win32,60.24096386,679054f2072d526265aabff2,6790661caa236d2e606faf23,"[-45,45,90,90,45]","[-45,45,-45,0,0]",,Red_2,"[-45,90,90,90,45]","[-45,45,-45,0,0]",,,,,,,,,RED,5,Different,6,3,,,,,,5,0,1.4011,5,7,87,7,1,,,,,,,,,,,,,,,,,,,,,,,,,,,,,,,,,,,,,,,,,
,,,,,,,,66243f204cef464daff99f8d,2025-01-21_21h30.48.923,VisualArraysMentalRotation_v4,2021.1.4,Win32,60.24096386,679054f2072d526265aabff2,6790661caa236d2e606faf23,"[0,45,0,-45,45]","[0,45,-45,-45,90]",,Blue_1,"[0,45,0,-45,45]","[0,45,-45,-45,90]",,,,,,,,,BLUE,3,Same,5,3,,,,,,5,1,1.0508,5,8,88,9,1,,,,,,,,,,,,,,,,,,,,,,,,,,,,,,,,,,,,,,,,,
,,,,,,,,66243f204cef464daff99f8d,2025-01-21_21h30.48.923,VisualArraysMentalRotation_v4,2021.1.4,Win32,60.24096386,679054f2072d526265aabff2,6790661caa236d2e606faf23,"[90,-45,0,0,0]","[0,90,0,0,90]",,Blue_3,"[90,-45,0,0,0]","[0,90,45,0,90]",,,,,,,,,BLUE,5,Different,6,3,,,,,,6,1,1.2346,5,9,89,15,1,,,,,,,,,,,,,,,,,,,,,,,,,,,,,,,,,,,,,,,,,
,,,,,,,,66243f204cef464daff99f8d,2025-01-21_21h30.48.923,VisualArraysMentalRotation_v4,2021.1.4,Win32,60.24096386,679054f2072d526265aabff2,6790661caa236d2e606faf23,"[45,90,90,45,-45]","[45,0,90,-45,90]",,Red_3,"[45,90,45,45,-45]","[45,0,90,-45,90]",,,,,,,,,RED,3,Different,6,1,,,,,,6,1,1.1344,5,10,90,4,1,,,,,,,,,,,,,,,,,,,,,,,,,,,,,,,,,,,,,,,,,
,,,,,,,,66243f204cef464daff99f8d,2025-01-21_21h30.48.923,VisualArraysMentalRotation_v4,2021.1.4,Win32,60.24096386,679054f2072d526265aabff2,6790661caa236d2e606faf23,"[45,45,45,90,-45]","[90,45,90,45,45]",,Red_2,"[45,45,45,90,-45]","[90,45,90,45,45]",,,,,,,,,RED,5,Same,5,1,,,,,,5,1,2.3863,5,11,91,2,1,,,,,,,,,,,,,,,,,,,,,,,,,,,,,,,,,,,,,,,,,
,,,,,,,,66243f204cef464daff99f8d,2025-01-21_21h30.48.923,VisualArraysMentalRotation_v4,2021.1.4,Win32,60.24096386,679054f2072d526265aabff2,6790661caa236d2e606faf23,"[90,-45,0,45,0]","[-45,-45,0,90,0]",,Blue_3,"[90,-45,0,45,0]","[-45,-45,0,90,0]",,,,,,,,,BLUE,3,Same,5,1,,,,,,5,1,1.7185,5,12,92,8,1,,,,,,,,,,,,,,,,,,,,,,,,,,,,,,,,,,,,,,,,,
,,,,,,,,66243f204cef464daff99f8d,2025-01-21_21h30.48.923,VisualArraysMentalRotation_v4,2021.1.4,Win32,60.24096386,679054f2072d526265aabff2,6790661caa236d2e606faf23,"[-45,90,0,0,-45]","[45,90,90,90,-45]",,Red_3,"[-45,90,-45,0,-45]","[45,90,90,90,-45]",,,,,,,,,RED,3,Different,6,3,,,,,,5,0,1.0797,5,13,93,5,1,,,,,,,,,,,,,,,,,,,,,,,,,,,,,,,,,,,,,,,,,
,,,,,,,,66243f204cef464daff99f8d,2025-01-21_21h30.48.923,VisualArraysMentalRotation_v4,2021.1.4,Win32,60.24096386,679054f2072d526265aabff2,6790661caa236d2e606faf23,"[0,45,90,90,-45]","[45,-45,0,-45,45]",,Blue_2,"[0,45,90,90,-45]","[45,45,0,-45,45]",,,,,,,,,BLUE,3,Different,6,1,,,,,,6,1,1.5681,5,14,94,12,1,,,,,,,,,,,,,,,,,,,,,,,,,,,,,,,,,,,,,,,,,
,,,,,,,,66243f204cef464daff99f8d,2025-01-21_21h30.48.923,VisualArraysMentalRotation_v4,2021.1.4,Win32,60.24096386,679054f2072d526265aabff2,6790661caa236d2e606faf23,"[-45,90,0,-45,90]","[0,0,-45,0,90]",,Blue_1,"[-45,90,0,-45,90]","[45,0,-45,0,90]",,,,,,,,,BLUE,5,Different,6,1,,,,,,5,0,1.6514,5,15,95,14,1,,,,,,,,,,,,,,,,,,,,,,,,,,,,,,,,,,,,,,,,,
,,,,,,,,66243f204cef464daff99f8d,2025-01-21_21h30.48.923,VisualArraysMentalRotation_v4,2021.1.4,Win32,60.24096386,679054f2072d526265aabff2,6790661caa236d2e606faf23,"[45,45,90,90,45]","[0,0,0,0,45]",,Red_4,"[45,45,90,-45,45]","[0,0,0,0,45]",,,,,,,,,RED,5,Different,6,1,,,,,,6,1,1.2012,6,0,96,6,1,,,,,,,,,,,,,,,,,,,,,,,,,,,,,,,,,,,,,,,,,
,,,,,,,,66243f204cef464daff99f8d,2025-01-21_21h30.48.923,VisualArraysMentalRotation_v4,2021.1.4,Win32,60.24096386,679054f2072d526265aabff2,6790661caa236d2e606faf23,"[45,0,-45,-45,90]","[45,0,0,45,-45]",,Red_4,"[45,0,-45,-45,90]","[45,0,0,45,-45]",,,,,,,,,RED,5,Same,5,3,,,,,,5,1,1.8012,6,1,97,3,1,,,,,,,,,,,,,,,,,,,,,,,,,,,,,,,,,,,,,,,,,
,,,,,,,,66243f204cef464daff99f8d,2025-01-21_21h30.48.923,VisualArraysMentalRotation_v4,2021.1.4,Win32,60.24096386,679054f2072d526265aabff2,6790661caa236d2e606faf23,"[0,45,0,90,45]","[90,90,0,45,90]",,Blue_3,"[0,45,0,90,45]","[90,90,45,45,90]",,,,,,,,,BLUE,3,Different,6,1,,,,,,6,1,1.772,6,2,98,12,1,,,,,,,,,,,,,,,,,,,,,,,,,,,,,,,,,,,,,,,,,
,,,,,,,,66243f204cef464daff99f8d,2025-01-21_21h30.48.923,VisualArraysMentalRotation_v4,2021.1.4,Win32,60.24096386,679054f2072d526265aabff2,6790661caa236d2e606faf23,"[-45,-45,0,45,45]","[-45,-45,45,0,45]",,Red_3,"[-45,-45,0,45,45]","[-45,-45,45,0,45]",,,,,,,,,RED,3,Same,5,1,,,,,,5,1,1.1378,6,3,99,0,1,,,,,,,,,,,,,,,,,,,,,,,,,,,,,,,,,,,,,,,,,
,,,,,,,,66243f204cef464daff99f8d,2025-01-21_21h30.48.923,VisualArraysMentalRotation_v4,2021.1.4,Win32,60.24096386,679054f2072d526265aabff2,6790661caa236d2e606faf23,"[90,45,0,90,0]","[45,-45,-45,-45,45]",,Red_3,"[90,45,90,90,0]","[45,-45,-45,-45,45]",,,,,,,,,RED,3,Different,6,3,,,,,,6,1,1.1123,6,4,100,5,1,,,,,,,,,,,,,,,,,,,,,,,,,,,,,,,,,,,,,,,,,
,,,,,,,,66243f204cef464daff99f8d,2025-01-21_21h30.48.923,VisualArraysMentalRotation_v4,2021.1.4,Win32,60.24096386,679054f2072d526265aabff2,6790661caa236d2e606faf23,"[90,90,45,-45,90]","[-45,45,45,45,45]",,Blue_3,"[90,90,45,-45,90]","[-45,45,45,45,45]",,,,,,,,,BLUE,5,Same,5,1,,,,,,5,1,0.9747,6,5,101,10,1,,,,,,,,,,,,,,,,,,,,,,,,,,,,,,,,,,,,,,,,,
,,,,,,,,66243f204cef464daff99f8d,2025-01-21_21h30.48.923,VisualArraysMentalRotation_v4,2021.1.4,Win32,60.24096386,679054f2072d526265aabff2,6790661caa236d2e606faf23,"[45,0,45,-45,90]","[-45,45,90,-45,-45]",,Blue_2,"[45,0,45,-45,90]","[-45,90,90,-45,-45]",,,,,,,,,BLUE,3,Different,6,3,,,,,,6,1,1.1347,6,6,102,13,1,,,,,,,,,,,,,,,,,,,,,,,,,,,,,,,,,,,,,,,,,
,,,,,,,,66243f204cef464daff99f8d,2025-01-21_21h30.48.923,VisualArraysMentalRotation_v4,2021.1.4,Win32,60.24096386,679054f2072d526265aabff2,6790661caa236d2e606faf23,"[90,90,-45,45,0]","[90,45,0,90,90]",,Red_2,"[90,90,-45,45,0]","[90,45,0,90,90]",,,,,,,,,RED,5,Same,5,1,,,,,,5,1,1.029,6,7,103,2,1,,,,,,,,,,,,,,,,,,,,,,,,,,,,,,,,,,,,,,,,,
,,,,,,,,66243f204cef464daff99f8d,2025-01-21_21h30.48.923,VisualArraysMentalRotation_v4,2021.1.4,Win32,60.24096386,679054f2072d526265aabff2,6790661caa236d2e606faf23,"[-45,45,-45,90,0]","[-45,90,-45,0,0]",,Blue_2,"[-45,45,-45,90,0]","[-45,0,-45,0,0]",,,,,,,,,BLUE,5,Different,6,3,,,,,,5,0,1.9766,6,8,104,15,1,,,,,,,,,,,,,,,,,,,,,,,,,,,,,,,,,,,,,,,,,
,,,,,,,,66243f204cef464daff99f8d,2025-01-21_21h30.48.923,VisualArraysMentalRotation_v4,2021.1.4,Win32,60.24096386,679054f2072d526265aabff2,6790661caa236d2e606faf23,"[-45,0,0,0,90]","[0,0,0,-45,-45]",,Blue_5,"[-45,0,0,0,90]","[0,0,0,-45,-45]",,,,,,,,,BLUE,5,Same,5,3,,,,,,6,0,0.9344,6,9,105,11,1,,,,,,,,,,,,,,,,,,,,,,,,,,,,,,,,,,,,,,,,,
,,,,,,,,66243f204cef464daff99f8d,2025-01-21_21h30.48.923,VisualArraysMentalRotation_v4,2021.1.4,Win32,60.24096386,679054f2072d526265aabff2,6790661caa236d2e606faf23,"[45,-45,90,90,45]","[-45,0,45,90,45]",,Red_3,"[45,-45,90,90,45]","[-45,0,45,90,45]",,,,,,,,,RED,3,Same,5,3,,,,,,5,1,1.018,6,10,106,1,1,,,,,,,,,,,,,,,,,,,,,,,,,,,,,,,,,,,,,,,,,
,,,,,,,,66243f204cef464daff99f8d,2025-01-21_21h30.48.923,VisualArraysMentalRotation_v4,2021.1.4,Win32,60.24096386,679054f2072d526265aabff2,6790661caa236d2e606faf23,"[0,45,90,0,45]","[45,90,-45,45,-45]",,Red_3,"[0,45,45,0,45]","[45,90,-45,45,-45]",,,,,,,,,RED,3,Different,6,1,,,,,,6,1,1.1522,6,11,107,4,1,,,,,,,,,,,,,,,,,,,,,,,,,,,,,,,,,,,,,,,,,
,,,,,,,,66243f204cef464daff99f8d,2025-01-21_21h30.48.923,VisualArraysMentalRotation_v4,2021.1.4,Win32,60.24096386,679054f2072d526265aabff2,6790661caa236d2e606faf23,"[-45,90,45,90,-45]","[-45,0,90,0,45]",,Blue_2,"[-45,90,45,90,-45]","[-45,0,90,0,45]",,,,,,,,,BLUE,3,Same,5,3,,,,,,5,1,0.8431,6,12,108,9,1,,,,,,,,,,,,,,,,,,,,,,,,,,,,,,,,,,,,,,,,,
,,,,,,,,66243f204cef464daff99f8d,2025-01-21_21h30.48.923,VisualArraysMentalRotation_v4,2021.1.4,Win32,60.24096386,679054f2072d526265aabff2,6790661caa236d2e606faf23,"[45,45,90,0,-45]","[-45,0,90,0,45]",,Blue_1,"[45,45,90,0,-45]","[90,0,90,0,45]",,,,,,,,,BLUE,5,Different,6,1,,,,,,6,1,1.1672,6,13,109,14,1,,,,,,,,,,,,,,,,,,,,,,,,,,,,,,,,,,,,,,,,,
,,,,,,,,66243f204cef464daff99f8d,2025-01-21_21h30.48.923,VisualArraysMentalRotation_v4,2021.1.4,Win32,60.24096386,679054f2072d526265aabff2,6790661caa236d2e606faf23,"[45,0,90,0,-45]","[-45,0,-45,45,45]",,Blue_1,"[45,0,90,0,-45]","[-45,0,-45,45,45]",,,,,,,,,BLUE,3,Same,5,1,,,,,,5,1,0.9282,6,14,110,8,1,,,,,,,,,,,,,,,,,,,,,,,,,,,,,,,,,,,,,,,,,
,,,,,,,,66243f204cef464daff99f8d,2025-01-21_21h30.48.923,VisualArraysMentalRotation_v4,2021.1.4,Win32,60.24096386,679054f2072d526265aabff2,6790661caa236d2e606faf23,"[-45,0,-45,45,90]","[0,-45,90,-45,45]",,Red_4,"[-45,0,-45,-45,90]","[0,-45,90,-45,45]",,,,,,,,,RED,5,Different,6,3,,,,,,6,1,0.841,6,15,111,7,1,,,,,,,,,,,,,,,,,,,,,,,,,,,,,,,,,,,,,,,,,
,,,,,,,,66243f204cef464daff99f8d,2025-01-21_21h30.48.923,VisualArraysMentalRotation_v4,2021.1.4,Win32,60.24096386,679054f2072d526265aabff2,6790661caa236d2e606faf23,,,,,,,,,,,,,,,,,,,,,,,,,,,,,,,,,0,0,0,0,1,,,,,,,,,,,,,,,,,,,,,,,,,,,,,,,,,,,,
,,,,,,,,66243f204cef464daff99f8d,2025-01-21_21h30.48.923,VisualArraysMentalRotation_v4,2021.1.4,Win32,60.24096386,679054f2072d526265aabff2,6790661caa236d2e606faf23,,,,,,,,,,,,,,,,,,,,,,,,,,,,,,,,,,,,,,0,0,0,0,1,1,0,,,,,,,,,,,,,,,,,,,,,,,,,,,,,
,,,,,,,,66243f204cef464daff99f8d,2025-01-21_21h30.48.923,VisualArraysMentalRotation_v4,2021.1.4,Win32,60.24096386,679054f2072d526265aabff2,6790661caa236d2e606faf23,,,,,,,,,,,,,,,,,,,,,,,,,,,,,,,,,,,,,,,,,,,,,b,1,5.5757,0,0,0,4,1,PracticeStim/25_150.jpg,150,Same,b,,,,,,,,,,,,,,,,,
,,,,,,,,66243f204cef464daff99f8d,2025-01-21_21h30.48.923,VisualArraysMentalRotation_v4,2021.1.4,Win32,60.24096386,679054f2072d526265aabff2,6790661caa236d2e606faf23,,,,,,,,,,,,,,,,,,,,,,,,,,,,,,,,,,,,,,,,,,,,,n,1,2.9288,0,1,1,0,1,PracticeStim/7_100_R.jpg,100,Different,n,,,,,,,,,,,,,,,,,
,,,,,,,,66243f204cef464daff99f8d,2025-01-21_21h30.48.923,VisualArraysMentalRotation_v4,2021.1.4,Win32,60.24096386,679054f2072d526265aabff2,6790661caa236d2e606faf23,,,,,,,,,,,,,,,,,,,,,,,,,,,,,,,,,,,,,,,,,,,,,,0,,0,2,2,11,1,PracticeStim/42_50.jpg,50,Same,b,,,,,,,,,,,,,,,,,
,,,,,,,,66243f204cef464daff99f8d,2025-01-21_21h30.48.923,VisualArraysMentalRotation_v4,2021.1.4,Win32,60.24096386,679054f2072d526265aabff2,6790661caa236d2e606faf23,,,,,,,,,,,,,,,,,,,,,,,,,,,,,,,,,,,,,,,,,,,,,b,1,3.7299,0,3,3,10,1,PracticeStim/41_150.jpg,150,Same,b,,,,,,,,,,,,,,,,,
,,,,,,,,66243f204cef464daff99f8d,2025-01-21_21h30.48.923,VisualArraysMentalRotation_v4,2021.1.4,Win32,60.24096386,679054f2072d526265aabff2,6790661caa236d2e606faf23,,,,,,,,,,,,,,,,,,,,,,,,,,,,,,,,,,,,,,,,,,,,,n,1,3.4146,0,4,4,9,1,PracticeStim/36_100_R.jpg,100,Different,n,,,,,,,,,,,,,,,,,
,,,,,,,,66243f204cef464daff99f8d,2025-01-21_21h30.48.923,VisualArraysMentalRotation_v4,2021.1.4,Win32,60.24096386,679054f2072d526265aabff2,6790661caa236d2e606faf23,,,,,,,,,,,,,,,,,,,,,,,,,,,,,,,,,,,,,,,,,,,,,n,0,3.775,0,5,5,5,1,PracticeStim/26_150.jpg,150,Same,b,,,,,,,,,,,,,,,,,
,,,,,,,,66243f204cef464daff99f8d,2025-01-21_21h30.48.923,VisualArraysMentalRotation_v4,2021.1.4,Win32,60.24096386,679054f2072d526265aabff2,6790661caa236d2e606faf23,,,,,,,,,,,,,,,,,,,,,,,,,,,,,,,,,,,,,,,,,,,,,n,1,2.5174,0,6,6,7,1,PracticeStim/31_50_R.jpg,50,Different,n,,,,,,,,,,,,,,,,,
,,,,,,,,66243f204cef464daff99f8d,2025-01-21_21h30.48.923,VisualArraysMentalRotation_v4,2021.1.4,Win32,60.24096386,679054f2072d526265aabff2,6790661caa236d2e606faf23,,,,,,,,,,,,,,,,,,,,,,,,,,,,,,,,,,,,,,,,,,,,,b,1,3.4759,0,7,7,2,1,PracticeStim/17_50.jpg,50,Same,b,,,,,,,,,,,,,,,,,
,,,,,,,,66243f204cef464daff99f8d,2025-01-21_21h30.48.923,VisualArraysMentalRotation_v4,2021.1.4,Win32,60.24096386,679054f2072d526265aabff2,6790661caa236d2e606faf23,,,,,,,,,,,,,,,,,,,,,,,,,,,,,,,,,,,,,,,,,,,,,n,1,2.8978,0,8,8,6,1,PracticeStim/30_100_R.jpg,100,Different,n,,,,,,,,,,,,,,,,,
,,,,,,,,66243f204cef464daff99f8d,2025-01-21_21h30.48.923,VisualArraysMentalRotation_v4,2021.1.4,Win32,60.24096386,679054f2072d526265aabff2,6790661caa236d2e606faf23,,,,,,,,,,,,,,,,,,,,,,,,,,,,,,,,,,,,,,,,,,,,,n,1,2.2245,0,9,9,8,1,PracticeStim/33_50_R.jpg,50,Different,n,,,,,,,,,,,,,,,,,
,,,,,,,,66243f204cef464daff99f8d,2025-01-21_21h30.48.923,VisualArraysMentalRotation_v4,2021.1.4,Win32,60.24096386,679054f2072d526265aabff2,6790661caa236d2e606faf23,,,,,,,,,,,,,,,,,,,,,,,,,,,,,,,,,,,,,,,,,,,,,b,1,3.1691,0,10,10,3,1,PracticeStim/18_150.jpg,150,Same,b,,,,,,,,,,,,,,,,,
,,,,,,,,66243f204cef464daff99f8d,2025-01-21_21h30.48.923,VisualArraysMentalRotation_v4,2021.1.4,Win32,60.24096386,679054f2072d526265aabff2,6790661caa236d2e606faf23,,,,,,,,,,,,,,,,,,,,,,,,,,,,,,,,,,,,,,,,,,,,,n,1,1.909,0,11,11,1,1,PracticeStim/9_100_R.jpg,100,Different,n,,,,,,,,,,,,,,,,,
,,,,,,,,66243f204cef464daff99f8d,2025-01-21_21h30.48.923,VisualArraysMentalRotation_v4,2021.1.4,Win32,60.24096386,679054f2072d526265aabff2,6790661caa236d2e606faf23,,,,,,,,,,,,,,,,,,,,,,,,,,,,,,,,,,,,,,,,,,,,,,,,,,,,,,,,,Stimuli/19_150_R.jpg,Different,150,n,b,0,4.2417,0,0,0,0,1,,,,,
,,,,,,,,66243f204cef464daff99f8d,2025-01-21_21h30.48.923,VisualArraysMentalRotation_v4,2021.1.4,Win32,60.24096386,679054f2072d526265aabff2,6790661caa236d2e606faf23,,,,,,,,,,,,,,,,,,,,,,,,,,,,,,,,,,,,,,,,,,,,,,,,,,,,,,,,,Stimuli/44_50.jpg,Same,50,b,b,1,4.0917,1,0,1,0,1,,,,,
,,,,,,,,66243f204cef464daff99f8d,2025-01-21_21h30.48.923,VisualArraysMentalRotation_v4,2021.1.4,Win32,60.24096386,679054f2072d526265aabff2,6790661caa236d2e606faf23,,,,,,,,,,,,,,,,,,,,,,,,,,,,,,,,,,,,,,,,,,,,,,,,,,,,,,,,,Stimuli/27_50.jpg,Same,50,b,b,1,2.6256,2,0,2,0,1,,,,,
,,,,,,,,66243f204cef464daff99f8d,2025-01-21_21h30.48.923,VisualArraysMentalRotation_v4,2021.1.4,Win32,60.24096386,679054f2072d526265aabff2,6790661caa236d2e606faf23,,,,,,,,,,,,,,,,,,,,,,,,,,,,,,,,,,,,,,,,,,,,,,,,,,,,,,,,,Stimuli/28_0_R.jpg,Different,0,n,n,1,1.3556,3,0,3,0,1,,,,,
,,,,,,,,66243f204cef464daff99f8d,2025-01-21_21h30.48.923,VisualArraysMentalRotation_v4,2021.1.4,Win32,60.24096386,679054f2072d526265aabff2,6790661caa236d2e606faf23,,,,,,,,,,,,,,,,,,,,,,,,,,,,,,,,,,,,,,,,,,,,,,,,,,,,,,,,,Stimuli/38_100_R.jpg,Different,100,n,n,1,3.8419,4,0,4,0,1,,,,,
,,,,,,,,66243f204cef464daff99f8d,2025-01-21_21h30.48.923,VisualArraysMentalRotation_v4,2021.1.4,Win32,60.24096386,679054f2072d526265aabff2,6790661caa236d2e606faf23,,,,,,,,,,,,,,,,,,,,,,,,,,,,,,,,,,,,,,,,,,,,,,,,,,,,,,,,,Stimuli/3_100_R.jpg,Different,100,n,b,0,3.4924,5,0,5,0,1,,,,,
,,,,,,,,66243f204cef464daff99f8d,2025-01-21_21h30.48.923,VisualArraysMentalRotation_v4,2021.1.4,Win32,60.24096386,679054f2072d526265aabff2,6790661caa236d2e606faf23,,,,,,,,,,,,,,,,,,,,,,,,,,,,,,,,,,,,,,,,,,,,,,,,,,,,,,,,,Stimuli/3_50.jpg,Same,50,b,b,1,2.6757,6,0,6,0,1,,,,,
,,,,,,,,66243f204cef464daff99f8d,2025-01-21_21h30.48.923,VisualArraysMentalRotation_v4,2021.1.4,Win32,60.24096386,679054f2072d526265aabff2,6790661caa236d2e606faf23,,,,,,,,,,,,,,,,,,,,,,,,,,,,,,,,,,,,,,,,,,,,,,,,,,,,,,,,,Stimuli/22_100.jpg,Same,100,b,b,1,2.1607,7,0,7,0,1,,,,,
,,,,,,,,66243f204cef464daff99f8d,2025-01-21_21h30.48.923,VisualArraysMentalRotation_v4,2021.1.4,Win32,60.24096386,679054f2072d526265aabff2,6790661caa236d2e606faf23,,,,,,,,,,,,,,,,,,,,,,,,,,,,,,,,,,,,,,,,,,,,,,,,,,,,,,,,,Stimuli/27_100.jpg,Same,100,b,b,1,2.9748,8,0,8,0,1,,,,,
,,,,,,,,66243f204cef464daff99f8d,2025-01-21_21h30.48.923,VisualArraysMentalRotation_v4,2021.1.4,Win32,60.24096386,679054f2072d526265aabff2,6790661caa236d2e606faf23,,,,,,,,,,,,,,,,,,,,,,,,,,,,,,,,,,,,,,,,,,,,,,,,,,,,,,,,,Stimuli/22_0_R.jpg,Different,0,n,n,1,1.9179,9,0,9,0,1,,,,,
,,,,,,,,66243f204cef464daff99f8d,2025-01-21_21h30.48.923,VisualArraysMentalRotation_v4,2021.1.4,Win32,60.24096386,679054f2072d526265aabff2,6790661caa236d2e606faf23,,,,,,,,,,,,,,,,,,,,,,,,,,,,,,,,,,,,,,,,,,,,,,,,,,,,,,,,,Stimuli/21_100.jpg,Same,100,b,b,1,2.502,10,0,10,0,1,,,,,
,,,,,,,,66243f204cef464daff99f8d,2025-01-21_21h30.48.923,VisualArraysMentalRotation_v4,2021.1.4,Win32,60.24096386,679054f2072d526265aabff2,6790661caa236d2e606faf23,,,,,,,,,,,,,,,,,,,,,,,,,,,,,,,,,,,,,,,,,,,,,,,,,,,,,,,,,Stimuli/19_100_R.jpg,Different,100,n,n,1,6.7375,11,0,11,0,1,,,,,
,,,,,,,,66243f204cef464daff99f8d,2025-01-21_21h30.48.923,VisualArraysMentalRotation_v4,2021.1.4,Win32,60.24096386,679054f2072d526265aabff2,6790661caa236d2e606faf23,,,,,,,,,,,,,,,,,,,,,,,,,,,,,,,,,,,,,,,,,,,,,,,,,,,,,,,,,Stimuli/22_150.jpg,Same,150,b,b,1,2.4646,12,0,12,0,1,,,,,
,,,,,,,,66243f204cef464daff99f8d,2025-01-21_21h30.48.923,VisualArraysMentalRotation_v4,2021.1.4,Win32,60.24096386,679054f2072d526265aabff2,6790661caa236d2e606faf23,,,,,,,,,,,,,,,,,,,,,,,,,,,,,,,,,,,,,,,,,,,,,,,,,,,,,,,,,Stimuli/19_0.jpg,Same,0,b,b,1,1.2265,13,0,13,0,1,,,,,
,,,,,,,,66243f204cef464daff99f8d,2025-01-21_21h30.48.923,VisualArraysMentalRotation_v4,2021.1.4,Win32,60.24096386,679054f2072d526265aabff2,6790661caa236d2e606faf23,,,,,,,,,,,,,,,,,,,,,,,,,,,,,,,,,,,,,,,,,,,,,,,,,,,,,,,,,Stimuli/44_0_R.jpg,Different,0,n,n,1,2.1147,14,0,14,0,1,,,,,
,,,,,,,,66243f204cef464daff99f8d,2025-01-21_21h30.48.923,VisualArraysMentalRotation_v4,2021.1.4,Win32,60.24096386,679054f2072d526265aabff2,6790661caa236d2e606faf23,,,,,,,,,,,,,,,,,,,,,,,,,,,,,,,,,,,,,,,,,,,,,,,,,,,,,,,,,Stimuli/44_150_R.jpg,Different,150,n,b,0,6.3142,15,0,15,0,1,,,,,
,,,,,,,,66243f204cef464daff99f8d,2025-01-21_21h30.48.923,VisualArraysMentalRotation_v4,2021.1.4,Win32,60.24096386,679054f2072d526265aabff2,6790661caa236d2e606faf23,,,,,,,,,,,,,,,,,,,,,,,,,,,,,,,,,,,,,,,,,,,,,,,,,,,,,,,,,Stimuli/22_50.jpg,Same,50,b,b,1,2.0572,16,0,16,0,1,,,,,
,,,,,,,,66243f204cef464daff99f8d,2025-01-21_21h30.48.923,VisualArraysMentalRotation_v4,2021.1.4,Win32,60.24096386,679054f2072d526265aabff2,6790661caa236d2e606faf23,,,,,,,,,,,,,,,,,,,,,,,,,,,,,,,,,,,,,,,,,,,,,,,,,,,,,,,,,Stimuli/43_150.jpg,Same,150,b,b,1,5.3462,17,0,17,0,1,,,,,
,,,,,,,,66243f204cef464daff99f8d,2025-01-21_21h30.48.923,VisualArraysMentalRotation_v4,2021.1.4,Win32,60.24096386,679054f2072d526265aabff2,6790661caa236d2e606faf23,,,,,,,,,,,,,,,,,,,,,,,,,,,,,,,,,,,,,,,,,,,,,,,,,,,,,,,,,Stimuli/43_0_R.jpg,Different,0,n,n,1,1.1599,18,0,18,0,1,,,,,
,,,,,,,,66243f204cef464daff99f8d,2025-01-21_21h30.48.923,VisualArraysMentalRotation_v4,2021.1.4,Win32,60.24096386,679054f2072d526265aabff2,6790661caa236d2e606faf23,,,,,,,,,,,,,,,,,,,,,,,,,,,,,,,,,,,,,,,,,,,,,,,,,,,,,,,,,Stimuli/28_100.jpg,Same,100,b,b,1,3.8773,19,0,19,0,1,,,,,
,,,,,,,,66243f204cef464daff99f8d,2025-01-21_21h30.48.923,VisualArraysMentalRotation_v4,2021.1.4,Win32,60.24096386,679054f2072d526265aabff2,6790661caa236d2e606faf23,,,,,,,,,,,,,,,,,,,,,,,,,,,,,,,,,,,,,,,,,,,,,,,,,,,,,,,,,Stimuli/3_150_R.jpg,Different,150,n,n,1,4.4121,20,0,20,0,1,,,,,
,,,,,,,,66243f204cef464daff99f8d,2025-01-21_21h30.48.923,VisualArraysMentalRotation_v4,2021.1.4,Win32,60.24096386,679054f2072d526265aabff2,6790661caa236d2e606faf23,,,,,,,,,,,,,,,,,,,,,,,,,,,,,,,,,,,,,,,,,,,,,,,,,,,,,,,,,Stimuli/44_150.jpg,Same,150,b,b,1,2.9505,21,0,21,0,1,,,,,
,,,,,,,,66243f204cef464daff99f8d,2025-01-21_21h30.48.923,VisualArraysMentalRotation_v4,2021.1.4,Win32,60.24096386,679054f2072d526265aabff2,6790661caa236d2e606faf23,,,,,,,,,,,,,,,,,,,,,,,,,,,,,,,,,,,,,,,,,,,,,,,,,,,,,,,,,Stimuli/3_0.jpg,Same,0,b,b,1,1.1529,22,0,22,0,1,,,,,
,,,,,,,,66243f204cef464daff99f8d,2025-01-21_21h30.48.923,VisualArraysMentalRotation_v4,2021.1.4,Win32,60.24096386,679054f2072d526265aabff2,6790661caa236d2e606faf23,,,,,,,,,,,,,,,,,,,,,,,,,,,,,,,,,,,,,,,,,,,,,,,,,,,,,,,,,Stimuli/3_150.jpg,Same,150,b,b,1,6.2163,23,0,23,0,1,,,,,
,,,,,,,,66243f204cef464daff99f8d,2025-01-21_21h30.48.923,VisualArraysMentalRotation_v4,2021.1.4,Win32,60.24096386,679054f2072d526265aabff2,6790661caa236d2e606faf23,,,,,,,,,,,,,,,,,,,,,,,,,,,,,,,,,,,,,,,,,,,,,,,,,,,,,,,,,Stimuli/27_50_R.jpg,Different,50,n,n,1,2.2081,24,0,24,0,1,,,,,
,,,,,,,,66243f204cef464daff99f8d,2025-01-21_21h30.48.923,VisualArraysMentalRotation_v4,2021.1.4,Win32,60.24096386,679054f2072d526265aabff2,6790661caa236d2e606faf23,,,,,,,,,,,,,,,,,,,,,,,,,,,,,,,,,,,,,,,,,,,,,,,,,,,,,,,,,Stimuli/40_100.jpg,Same,100,b,b,1,5.5754,25,0,25,0,1,,,,,
,,,,,,,,66243f204cef464daff99f8d,2025-01-21_21h30.48.923,VisualArraysMentalRotation_v4,2021.1.4,Win32,60.24096386,679054f2072d526265aabff2,6790661caa236d2e606faf23,,,,,,,,,,,,,,,,,,,,,,,,,,,,,,,,,,,,,,,,,,,,,,,,,,,,,,,,,Stimuli/22_100_R.jpg,Different,100,n,n,1,1.6326,26,0,26,0,1,,,,,
,,,,,,,,66243f204cef464daff99f8d,2025-01-21_21h30.48.923,VisualArraysMentalRotation_v4,2021.1.4,Win32,60.24096386,679054f2072d526265aabff2,6790661caa236d2e606faf23,,,,,,,,,,,,,,,,,,,,,,,,,,,,,,,,,,,,,,,,,,,,,,,,,,,,,,,,,Stimuli/16_100.jpg,Same,100,b,b,1,1.6999,27,0,27,0,1,,,,,
,,,,,,,,66243f204cef464daff99f8d,2025-01-21_21h30.48.923,VisualArraysMentalRotation_v4,2021.1.4,Win32,60.24096386,679054f2072d526265aabff2,6790661caa236d2e606faf23,,,,,,,,,,,,,,,,,,,,,,,,,,,,,,,,,,,,,,,,,,,,,,,,,,,,,,,,,Stimuli/40_0_R.jpg,Different,0,n,n,1,3.427,28,0,28,0,1,,,,,
,,,,,,,,66243f204cef464daff99f8d,2025-01-21_21h30.48.923,VisualArraysMentalRotation_v4,2021.1.4,Win32,60.24096386,679054f2072d526265aabff2,6790661caa236d2e606faf23,,,,,,,,,,,,,,,,,,,,,,,,,,,,,,,,,,,,,,,,,,,,,,,,,,,,,,,,,Stimuli/43_50_R.jpg,Different,50,n,n,1,2.1467,29,0,29,0,1,,,,,
,,,,,,,,66243f204cef464daff99f8d,2025-01-21_21h30.48.923,VisualArraysMentalRotation_v4,2021.1.4,Win32,60.24096386,679054f2072d526265aabff2,6790661caa236d2e606faf23,,,,,,,,,,,,,,,,,,,,,,,,,,,,,,,,,,,,,,,,,,,,,,,,,,,,,,,,,Stimuli/21_150.jpg,Same,150,b,b,1,2.9942,30,0,30,0,1,,,,,
,,,,,,,,66243f204cef464daff99f8d,2025-01-21_21h30.48.923,VisualArraysMentalRotation_v4,2021.1.4,Win32,60.24096386,679054f2072d526265aabff2,6790661caa236d2e606faf23,,,,,,,,,,,,,,,,,,,,,,,,,,,,,,,,,,,,,,,,,,,,,,,,,,,,,,,,,Stimuli/21_100_R.jpg,Different,100,n,n,1,2.4448,31,0,31,0,1,,,,,
,,,,,,,,66243f204cef464daff99f8d,2025-01-21_21h30.48.923,VisualArraysMentalRotation_v4,2021.1.4,Win32,60.24096386,679054f2072d526265aabff2,6790661caa236d2e606faf23,,,,,,,,,,,,,,,,,,,,,,,,,,,,,,,,,,,,,,,,,,,,,,,,,,,,,,,,,Stimuli/43_0.jpg,Same,0,b,b,1,1.0988,32,0,32,0,1,,,,,
,,,,,,,,66243f204cef464daff99f8d,2025-01-21_21h30.48.923,VisualArraysMentalRotation_v4,2021.1.4,Win32,60.24096386,679054f2072d526265aabff2,6790661caa236d2e606faf23,,,,,,,,,,,,,,,,,,,,,,,,,,,,,,,,,,,,,,,,,,,,,,,,,,,,,,,,,Stimuli/16_100_R.jpg,Different,100,n,n,1,2.4349,33,0,33,0,1,,,,,
,,,,,,,,66243f204cef464daff99f8d,2025-01-21_21h30.48.923,VisualArraysMentalRotation_v4,2021.1.4,Win32,60.24096386,679054f2072d526265aabff2,6790661caa236d2e606faf23,,,,,,,,,,,,,,,,,,,,,,,,,,,,,,,,,,,,,,,,,,,,,,,,,,,,,,,,,Stimuli/16_150.jpg,Same,150,b,b,1,2.4458,34,0,34,0,1,,,,,
,,,,,,,,66243f204cef464daff99f8d,2025-01-21_21h30.48.923,VisualArraysMentalRotation_v4,2021.1.4,Win32,60.24096386,679054f2072d526265aabff2,6790661caa236d2e606faf23,,,,,,,,,,,,,,,,,,,,,,,,,,,,,,,,,,,,,,,,,,,,,,,,,,,,,,,,,Stimuli/19_0_R.jpg,Different,0,n,n,1,1.3423,35,0,35,0,1,,,,,
,,,,,,,,66243f204cef464daff99f8d,2025-01-21_21h30.48.923,VisualArraysMentalRotation_v4,2021.1.4,Win32,60.24096386,679054f2072d526265aabff2,6790661caa236d2e606faf23,,,,,,,,,,,,,,,,,,,,,,,,,,,,,,,,,,,,,,,,,,,,,,,,,,,,,,,,,Stimuli/40_50_R.jpg,Different,50,n,n,1,1.6306,36,0,36,0,1,,,,,
,,,,,,,,66243f204cef464daff99f8d,2025-01-21_21h30.48.923,VisualArraysMentalRotation_v4,2021.1.4,Win32,60.24096386,679054f2072d526265aabff2,6790661caa236d2e606faf23,,,,,,,,,,,,,,,,,,,,,,,,,,,,,,,,,,,,,,,,,,,,,,,,,,,,,,,,,Stimuli/38_0.jpg,Same,0,b,b,1,1.008,37,0,37,0,1,,,,,
,,,,,,,,66243f204cef464daff99f8d,2025-01-21_21h30.48.923,VisualArraysMentalRotation_v4,2021.1.4,Win32,60.24096386,679054f2072d526265aabff2,6790661caa236d2e606faf23,,,,,,,,,,,,,,,,,,,,,,,,,,,,,,,,,,,,,,,,,,,,,,,,,,,,,,,,,Stimuli/38_150_R.jpg,Different,150,n,n,1,5.7463,38,0,38,0,1,,,,,
,,,,,,,,66243f204cef464daff99f8d,2025-01-21_21h30.48.923,VisualArraysMentalRotation_v4,2021.1.4,Win32,60.24096386,679054f2072d526265aabff2,6790661caa236d2e606faf23,,,,,,,,,,,,,,,,,,,,,,,,,,,,,,,,,,,,,,,,,,,,,,,,,,,,,,,,,Stimuli/44_0.jpg,Same,0,b,b,1,0.8459,39,0,39,0,1,,,,,
,,,,,,,,66243f204cef464daff99f8d,2025-01-21_21h30.48.923,VisualArraysMentalRotation_v4,2021.1.4,Win32,60.24096386,679054f2072d526265aabff2,6790661caa236d2e606faf23,,,,,,,,,,,,,,,,,,,,,,,,,,,,,,,,,,,,,,,,,,,,,,,,,,,,,,,,,Stimuli/44_50_R.jpg,Different,50,n,n,1,2.1286,40,0,40,0,1,,,,,
,,,,,,,,66243f204cef464daff99f8d,2025-01-21_21h30.48.923,VisualArraysMentalRotation_v4,2021.1.4,Win32,60.24096386,679054f2072d526265aabff2,6790661caa236d2e606faf23,,,,,,,,,,,,,,,,,,,,,,,,,,,,,,,,,,,,,,,,,,,,,,,,,,,,,,,,,Stimuli/16_50.jpg,Same,50,b,b,1,1.4131,41,0,41,0,1,,,,,
,,,,,,,,66243f204cef464daff99f8d,2025-01-21_21h30.48.923,VisualArraysMentalRotation_v4,2021.1.4,Win32,60.24096386,679054f2072d526265aabff2,6790661caa236d2e606faf23,,,,,,,,,,,,,,,,,,,,,,,,,,,,,,,,,,,,,,,,,,,,,,,,,,,,,,,,,Stimuli/27_150_R.jpg,Different,150,n,n,1,3.3258,42,0,42,0,1,,,,,
,,,,,,,,66243f204cef464daff99f8d,2025-01-21_21h30.48.923,VisualArraysMentalRotation_v4,2021.1.4,Win32,60.24096386,679054f2072d526265aabff2,6790661caa236d2e606faf23,,,,,,,,,,,,,,,,,,,,,,,,,,,,,,,,,,,,,,,,,,,,,,,,,,,,,,,,,Stimuli/16_50_R.jpg,Different,50,n,n,1,1.5426,43,0,43,0,1,,,,,
,,,,,,,,66243f204cef464daff99f8d,2025-01-21_21h30.48.923,VisualArraysMentalRotation_v4,2021.1.4,Win32,60.24096386,679054f2072d526265aabff2,6790661caa236d2e606faf23,,,,,,,,,,,,,,,,,,,,,,,,,,,,,,,,,,,,,,,,,,,,,,,,,,,,,,,,,Stimuli/19_50.jpg,Same,50,b,b,1,1.6477,44,0,44,0,1,,,,,
,,,,,,,,66243f204cef464daff99f8d,2025-01-21_21h30.48.923,VisualArraysMentalRotation_v4,2021.1.4,Win32,60.24096386,679054f2072d526265aabff2,6790661caa236d2e606faf23,,,,,,,,,,,,,,,,,,,,,,,,,,,,,,,,,,,,,,,,,,,,,,,,,,,,,,,,,Stimuli/28_0.jpg,Same,0,b,b,1,1.4516,45,0,45,0,1,,,,,
,,,,,,,,66243f204cef464daff99f8d,2025-01-21_21h30.48.923,VisualArraysMentalRotation_v4,2021.1.4,Win32,60.24096386,679054f2072d526265aabff2,6790661caa236d2e606faf23,,,,,,,,,,,,,,,,,,,,,,,,,,,,,,,,,,,,,,,,,,,,,,,,,,,,,,,,,Stimuli/3_50_R.jpg,Different,50,n,n,1,2.9882,46,0,46,0,1,,,,,
,,,,,,,,66243f204cef464daff99f8d,2025-01-21_21h30.48.923,VisualArraysMentalRotation_v4,2021.1.4,Win32,60.24096386,679054f2072d526265aabff2,6790661caa236d2e606faf23,,,,,,,,,,,,,,,,,,,,,,,,,,,,,,,,,,,,,,,,,,,,,,,,,,,,,,,,,Stimuli/43_150_R.jpg,Different,150,n,n,1,4.9066,47,0,47,0,1,,,,,
,,,,,,,,66243f204cef464daff99f8d,2025-01-21_21h30.48.923,VisualArraysMentalRotation_v4,2021.1.4,Win32,60.24096386,679054f2072d526265aabff2,6790661caa236d2e606faf23,,,,,,,,,,,,,,,,,,,,,,,,,,,,,,,,,,,,,,,,,,,,,,,,,,,,,,,,,Stimuli/16_150_R.jpg,Different,150,n,n,1,2.2565,48,0,48,0,1,,,,,
,,,,,,,,66243f204cef464daff99f8d,2025-01-21_21h30.48.923,VisualArraysMentalRotation_v4,2021.1.4,Win32,60.24096386,679054f2072d526265aabff2,6790661caa236d2e606faf23,,,,,,,,,,,,,,,,,,,,,,,,,,,,,,,,,,,,,,,,,,,,,,,,,,,,,,,,,Stimuli/38_50_R.jpg,Different,50,n,n,1,2.4814,49,0,49,0,1,,,,,
,,,,,,,,66243f204cef464daff99f8d,2025-01-21_21h30.48.923,VisualArraysMentalRotation_v4,2021.1.4,Win32,60.24096386,679054f2072d526265aabff2,6790661caa236d2e606faf23,,,,,,,,,,,,,,,,,,,,,,,,,,,,,,,,,,,,,,,,,,,,,,,,,,,,,,,,,Stimuli/22_150_R.jpg,Different,150,n,n,1,1.9839,50,0,50,0,1,,,,,
,,,,,,,,66243f204cef464daff99f8d,2025-01-21_21h30.48.923,VisualArraysMentalRotation_v4,2021.1.4,Win32,60.24096386,679054f2072d526265aabff2,6790661caa236d2e606faf23,,,,,,,,,,,,,,,,,,,,,,,,,,,,,,,,,,,,,,,,,,,,,,,,,,,,,,,,,Stimuli/27_150.jpg,Same,150,b,b,1,2.7579,51,0,51,0,1,,,,,
,,,,,,,,66243f204cef464daff99f8d,2025-01-21_21h30.48.923,VisualArraysMentalRotation_v4,2021.1.4,Win32,60.24096386,679054f2072d526265aabff2,6790661caa236d2e606faf23,,,,,,,,,,,,,,,,,,,,,,,,,,,,,,,,,,,,,,,,,,,,,,,,,,,,,,,,,Stimuli/19_50_R.jpg,Different,50,n,n,1,2.3978,52,0,52,0,1,,,,,
,,,,,,,,66243f204cef464daff99f8d,2025-01-21_21h30.48.923,VisualArraysMentalRotation_v4,2021.1.4,Win32,60.24096386,679054f2072d526265aabff2,6790661caa236d2e606faf23,,,,,,,,,,,,,,,,,,,,,,,,,,,,,,,,,,,,,,,,,,,,,,,,,,,,,,,,,Stimuli/3_100.jpg,Same,100,b,b,1,3.7082,53,0,53,0,1,,,,,
,,,,,,,,66243f204cef464daff99f8d,2025-01-21_21h30.48.923,VisualArraysMentalRotation_v4,2021.1.4,Win32,60.24096386,679054f2072d526265aabff2,6790661caa236d2e606faf23,,,,,,,,,,,,,,,,,,,,,,,,,,,,,,,,,,,,,,,,,,,,,,,,,,,,,,,,,Stimuli/16_0.jpg,Same,0,b,b,1,1.3254,54,0,54,0,1,,,,,
,,,,,,,,66243f204cef464daff99f8d,2025-01-21_21h30.48.923,VisualArraysMentalRotation_v4,2021.1.4,Win32,60.24096386,679054f2072d526265aabff2,6790661caa236d2e606faf23,,,,,,,,,,,,,,,,,,,,,,,,,,,,,,,,,,,,,,,,,,,,,,,,,,,,,,,,,Stimuli/22_0.jpg,Same,0,b,b,1,0.9987,55,0,55,0,1,,,,,
,,,,,,,,66243f204cef464daff99f8d,2025-01-21_21h30.48.923,VisualArraysMentalRotation_v4,2021.1.4,Win32,60.24096386,679054f2072d526265aabff2,6790661caa236d2e606faf23,,,,,,,,,,,,,,,,,,,,,,,,,,,,,,,,,,,,,,,,,,,,,,,,,,,,,,,,,Stimuli/32_50_R.jpg,Different,50,n,n,1,3.7824,56,0,56,0,1,,,,,
,,,,,,,,66243f204cef464daff99f8d,2025-01-21_21h30.48.923,VisualArraysMentalRotation_v4,2021.1.4,Win32,60.24096386,679054f2072d526265aabff2,6790661caa236d2e606faf23,,,,,,,,,,,,,,,,,,,,,,,,,,,,,,,,,,,,,,,,,,,,,,,,,,,,,,,,,Stimuli/38_100.jpg,Same,100,b,b,1,4.0724,57,0,57,0,1,,,,,
,,,,,,,,66243f204cef464daff99f8d,2025-01-21_21h30.48.923,VisualArraysMentalRotation_v4,2021.1.4,Win32,60.24096386,679054f2072d526265aabff2,6790661caa236d2e606faf23,,,,,,,,,,,,,,,,,,,,,,,,,,,,,,,,,,,,,,,,,,,,,,,,,,,,,,,,,Stimuli/3_0_R.jpg,Different,0,n,n,1,1.2383,58,0,58,0,1,,,,,
,,,,,,,,66243f204cef464daff99f8d,2025-01-21_21h30.48.923,VisualArraysMentalRotation_v4,2021.1.4,Win32,60.24096386,679054f2072d526265aabff2,6790661caa236d2e606faf23,,,,,,,,,,,,,,,,,,,,,,,,,,,,,,,,,,,,,,,,,,,,,,,,,,,,,,,,,Stimuli/32_0.jpg,Same,0,b,b,1,1.1629,59,0,59,0,1,,,,,
,,,,,,,,66243f204cef464daff99f8d,2025-01-21_21h30.48.923,VisualArraysMentalRotation_v4,2021.1.4,Win32,60.24096386,679054f2072d526265aabff2,6790661caa236d2e606faf23,,,,,,,,,,,,,,,,,,,,,,,,,,,,,,,,,,,,,,,,,,,,,,,,,,,,,,,,,Stimuli/27_100_R.jpg,Different,100,n,n,1,3.3079,60,0,60,0,1,,,,,
,,,,,,,,66243f204cef464daff99f8d,2025-01-21_21h30.48.923,VisualArraysMentalRotation_v4,2021.1.4,Win32,60.24096386,679054f2072d526265aabff2,6790661caa236d2e606faf23,,,,,,,,,,,,,,,,,,,,,,,,,,,,,,,,,,,,,,,,,,,,,,,,,,,,,,,,,Stimuli/32_100.jpg,Same,100,b,b,1,3.9986,61,0,61,0,1,,,,,
,,,,,,,,66243f204cef464daff99f8d,2025-01-21_21h30.48.923,VisualArraysMentalRotation_v4,2021.1.4,Win32,60.24096386,679054f2072d526265aabff2,6790661caa236d2e606faf23,,,,,,,,,,,,,,,,,,,,,,,,,,,,,,,,,,,,,,,,,,,,,,,,,,,,,,,,,Stimuli/21_150_R.jpg,Different,150,n,n,1,2.2084,62,0,62,0,1,,,,,
,,,,,,,,66243f204cef464daff99f8d,2025-01-21_21h30.48.923,VisualArraysMentalRotation_v4,2021.1.4,Win32,60.24096386,679054f2072d526265aabff2,6790661caa236d2e606faf23,,,,,,,,,,,,,,,,,,,,,,,,,,,,,,,,,,,,,,,,,,,,,,,,,,,,,,,,,Stimuli/21_50_R.jpg,Different,50,n,n,1,1.5972,63,0,63,0,1,,,,,
,,,,,,,,66243f204cef464daff99f8d,2025-01-21_21h30.48.923,VisualArraysMentalRotation_v4,2021.1.4,Win32,60.24096386,679054f2072d526265aabff2,6790661caa236d2e606faf23,,,,,,,,,,,,,,,,,,,,,,,,,,,,,,,,,,,,,,,,,,,,,,,,,,,,,,,,,Stimuli/27_0.jpg,Same,0,b,b,1,0.9798,64,0,64,0,1,,,,,
,,,,,,,,66243f204cef464daff99f8d,2025-01-21_21h30.48.923,VisualArraysMentalRotation_v4,2021.1.4,Win32,60.24096386,679054f2072d526265aabff2,6790661caa236d2e606faf23,,,,,,,,,,,,,,,,,,,,,,,,,,,,,,,,,,,,,,,,,,,,,,,,,,,,,,,,,Stimuli/43_100.jpg,Same,100,b,b,1,2.3915,65,0,65,0,1,,,,,
,,,,,,,,66243f204cef464daff99f8d,2025-01-21_21h30.48.923,VisualArraysMentalRotation_v4,2021.1.4,Win32,60.24096386,679054f2072d526265aabff2,6790661caa236d2e606faf23,,,,,,,,,,,,,,,,,,,,,,,,,,,,,,,,,,,,,,,,,,,,,,,,,,,,,,,,,Stimuli/40_150.jpg,Same,150,b,b,1,5.7441,66,0,66,0,1,,,,,
,,,,,,,,66243f204cef464daff99f8d,2025-01-21_21h30.48.923,VisualArraysMentalRotation_v4,2021.1.4,Win32,60.24096386,679054f2072d526265aabff2,6790661caa236d2e606faf23,,,,,,,,,,,,,,,,,,,,,,,,,,,,,,,,,,,,,,,,,,,,,,,,,,,,,,,,,Stimuli/38_0_R.jpg,Different,0,n,n,1,1.9407,67,0,67,0,1,,,,,
,,,,,,,,66243f204cef464daff99f8d,2025-01-21_21h30.48.923,VisualArraysMentalRotation_v4,2021.1.4,Win32,60.24096386,679054f2072d526265aabff2,6790661caa236d2e606faf23,,,,,,,,,,,,,,,,,,,,,,,,,,,,,,,,,,,,,,,,,,,,,,,,,,,,,,,,,Stimuli/19_150.jpg,Same,150,b,b,1,1.5467,68,0,68,0,1,,,,,
,,,,,,,,66243f204cef464daff99f8d,2025-01-21_21h30.48.923,VisualArraysMentalRotation_v4,2021.1.4,Win32,60.24096386,679054f2072d526265aabff2,6790661caa236d2e606faf23,,,,,,,,,,,,,,,,,,,,,,,,,,,,,,,,,,,,,,,,,,,,,,,,,,,,,,,,,Stimuli/40_100_R.jpg,Different,100,n,b,0,5.7304,69,0,69,0,1,,,,,
,,,,,,,,66243f204cef464daff99f8d,2025-01-21_21h30.48.923,VisualArraysMentalRotation_v4,2021.1.4,Win32,60.24096386,679054f2072d526265aabff2,6790661caa236d2e606faf23,,,,,,,,,,,,,,,,,,,,,,,,,,,,,,,,,,,,,,,,,,,,,,,,,,,,,,,,,Stimuli/32_150.jpg,Same,150,b,b,1,2.8928,70,0,70,0,1,,,,,
,,,,,,,,66243f204cef464daff99f8d,2025-01-21_21h30.48.923,VisualArraysMentalRotation_v4,2021.1.4,Win32,60.24096386,679054f2072d526265aabff2,6790661caa236d2e606faf23,,,,,,,,,,,,,,,,,,,,,,,,,,,,,,,,,,,,,,,,,,,,,,,,,,,,,,,,,Stimuli/28_100_R.jpg,Different,100,n,n,1,2.7086,71,0,71,0,1,,,,,
,,,,,,,,66243f204cef464daff99f8d,2025-01-21_21h30.48.923,VisualArraysMentalRotation_v4,2021.1.4,Win32,60.24096386,679054f2072d526265aabff2,6790661caa236d2e606faf23,,,,,,,,,,,,,,,,,,,,,,,,,,,,,,,,,,,,,,,,,,,,,,,,,,,,,,,,,Stimuli/28_50_R.jpg,Different,50,n,n,1,2.5491,72,0,72,0,1,,,,,
,,,,,,,,66243f204cef464daff99f8d,2025-01-21_21h30.48.923,VisualArraysMentalRotation_v4,2021.1.4,Win32,60.24096386,679054f2072d526265aabff2,6790661caa236d2e606faf23,,,,,,,,,,,,,,,,,,,,,,,,,,,,,,,,,,,,,,,,,,,,,,,,,,,,,,,,,Stimuli/40_0.jpg,Same,0,b,b,1,1.3436,73,0,73,0,1,,,,,
,,,,,,,,66243f204cef464daff99f8d,2025-01-21_21h30.48.923,VisualArraysMentalRotation_v4,2021.1.4,Win32,60.24096386,679054f2072d526265aabff2,6790661caa236d2e606faf23,,,,,,,,,,,,,,,,,,,,,,,,,,,,,,,,,,,,,,,,,,,,,,,,,,,,,,,,,Stimuli/44_100_R.jpg,Different,100,n,n,1,2.0433,74,0,74,0,1,,,,,
,,,,,,,,66243f204cef464daff99f8d,2025-01-21_21h30.48.923,VisualArraysMentalRotation_v4,2021.1.4,Win32,60.24096386,679054f2072d526265aabff2,6790661caa236d2e606faf23,,,,,,,,,,,,,,,,,,,,,,,,,,,,,,,,,,,,,,,,,,,,,,,,,,,,,,,,,Stimuli/40_50.jpg,Same,50,b,b,1,3.3762,75,0,75,0,1,,,,,
,,,,,,,,66243f204cef464daff99f8d,2025-01-21_21h30.48.923,VisualArraysMentalRotation_v4,2021.1.4,Win32,60.24096386,679054f2072d526265aabff2,6790661caa236d2e606faf23,,,,,,,,,,,,,,,,,,,,,,,,,,,,,,,,,,,,,,,,,,,,,,,,,,,,,,,,,Stimuli/43_50.jpg,Same,50,b,b,1,5.2927,76,0,76,0,1,,,,,
,,,,,,,,66243f204cef464daff99f8d,2025-01-21_21h30.48.923,VisualArraysMentalRotation_v4,2021.1.4,Win32,60.24096386,679054f2072d526265aabff2,6790661caa236d2e606faf23,,,,,,,,,,,,,,,,,,,,,,,,,,,,,,,,,,,,,,,,,,,,,,,,,,,,,,,,,Stimuli/22_50_R.jpg,Different,50,n,n,1,1.6246,77,0,77,0,1,,,,,
,,,,,,,,66243f204cef464daff99f8d,2025-01-21_21h30.48.923,VisualArraysMentalRotation_v4,2021.1.4,Win32,60.24096386,679054f2072d526265aabff2,6790661caa236d2e606faf23,,,,,,,,,,,,,,,,,,,,,,,,,,,,,,,,,,,,,,,,,,,,,,,,,,,,,,,,,Stimuli/32_150_R.jpg,Different,150,n,b,0,4.6797,78,0,78,0,1,,,,,
,,,,,,,,66243f204cef464daff99f8d,2025-01-21_21h30.48.923,VisualArraysMentalRotation_v4,2021.1.4,Win32,60.24096386,679054f2072d526265aabff2,6790661caa236d2e606faf23,,,,,,,,,,,,,,,,,,,,,,,,,,,,,,,,,,,,,,,,,,,,,,,,,,,,,,,,,Stimuli/38_150.jpg,Same,150,b,b,1,4.2211,79,0,79,0,1,,,,,
,,,,,,,,66243f204cef464daff99f8d,2025-01-21_21h30.48.923,VisualArraysMentalRotation_v4,2021.1.4,Win32,60.24096386,679054f2072d526265aabff2,6790661caa236d2e606faf23,,,,,,,,,,,,,,,,,,,,,,,,,,,,,,,,,,,,,,,,,,,,,,,,,,,,,,,,,Stimuli/32_50.jpg,Same,50,b,b,1,4.8539,80,0,80,0,1,,,,,
,,,,,,,,66243f204cef464daff99f8d,2025-01-21_21h30.48.923,VisualArraysMentalRotation_v4,2021.1.4,Win32,60.24096386,679054f2072d526265aabff2,6790661caa236d2e606faf23,,,,,,,,,,,,,,,,,,,,,,,,,,,,,,,,,,,,,,,,,,,,,,,,,,,,,,,,,Stimuli/32_0_R.jpg,Different,0,n,n,1,1.5557,81,0,81,0,1,,,,,
,,,,,,,,66243f204cef464daff99f8d,2025-01-21_21h30.48.923,VisualArraysMentalRotation_v4,2021.1.4,Win32,60.24096386,679054f2072d526265aabff2,6790661caa236d2e606faf23,,,,,,,,,,,,,,,,,,,,,,,,,,,,,,,,,,,,,,,,,,,,,,,,,,,,,,,,,Stimuli/43_100_R.jpg,Different,100,n,n,1,3.2596,82,0,82,0,1,,,,,
,,,,,,,,66243f204cef464daff99f8d,2025-01-21_21h30.48.923,VisualArraysMentalRotation_v4,2021.1.4,Win32,60.24096386,679054f2072d526265aabff2,6790661caa236d2e606faf23,,,,,,,,,,,,,,,,,,,,,,,,,,,,,,,,,,,,,,,,,,,,,,,,,,,,,,,,,Stimuli/40_150_R.jpg,Different,150,n,n,1,5.366,83,0,83,0,1,,,,,
,,,,,,,,66243f204cef464daff99f8d,2025-01-21_21h30.48.923,VisualArraysMentalRotation_v4,2021.1.4,Win32,60.24096386,679054f2072d526265aabff2,6790661caa236d2e606faf23,,,,,,,,,,,,,,,,,,,,,,,,,,,,,,,,,,,,,,,,,,,,,,,,,,,,,,,,,Stimuli/44_100.jpg,Same,100,b,b,1,1.6107,84,0,84,0,1,,,,,
,,,,,,,,66243f204cef464daff99f8d,2025-01-21_21h30.48.923,VisualArraysMentalRotation_v4,2021.1.4,Win32,60.24096386,679054f2072d526265aabff2,6790661caa236d2e606faf23,,,,,,,,,,,,,,,,,,,,,,,,,,,,,,,,,,,,,,,,,,,,,,,,,,,,,,,,,Stimuli/38_50.jpg,Same,50,b,b,1,1.3266,85,0,85,0,1,,,,,
,,,,,,,,66243f204cef464daff99f8d,2025-01-21_21h30.48.923,VisualArraysMentalRotation_v4,2021.1.4,Win32,60.24096386,679054f2072d526265aabff2,6790661caa236d2e606faf23,,,,,,,,,,,,,,,,,,,,,,,,,,,,,,,,,,,,,,,,,,,,,,,,,,,,,,,,,Stimuli/28_150_R.jpg,Different,150,n,n,1,2.9087,86,0,86,0,1,,,,,
,,,,,,,,66243f204cef464daff99f8d,2025-01-21_21h30.48.923,VisualArraysMentalRotation_v4,2021.1.4,Win32,60.24096386,679054f2072d526265aabff2,6790661caa236d2e606faf23,,,,,,,,,,,,,,,,,,,,,,,,,,,,,,,,,,,,,,,,,,,,,,,,,,,,,,,,,Stimuli/21_0_R.jpg,Different,0,n,n,1,2.0913,87,0,87,0,1,,,,,
,,,,,,,,66243f204cef464daff99f8d,2025-01-21_21h30.48.923,VisualArraysMentalRotation_v4,2021.1.4,Win32,60.24096386,679054f2072d526265aabff2,6790661caa236d2e606faf23,,,,,,,,,,,,,,,,,,,,,,,,,,,,,,,,,,,,,,,,,,,,,,,,,,,,,,,,,Stimuli/16_0_R.jpg,Different,0,n,n,1,1.2013,88,0,88,0,1,,,,,
,,,,,,,,66243f204cef464daff99f8d,2025-01-21_21h30.48.923,VisualArraysMentalRotation_v4,2021.1.4,Win32,60.24096386,679054f2072d526265aabff2,6790661caa236d2e606faf23,,,,,,,,,,,,,,,,,,,,,,,,,,,,,,,,,,,,,,,,,,,,,,,,,,,,,,,,,Stimuli/21_50.jpg,Same,50,b,b,1,1.41,89,0,89,0,1,,,,,
,,,,,,,,66243f204cef464daff99f8d,2025-01-21_21h30.48.923,VisualArraysMentalRotation_v4,2021.1.4,Win32,60.24096386,679054f2072d526265aabff2,6790661caa236d2e606faf23,,,,,,,,,,,,,,,,,,,,,,,,,,,,,,,,,,,,,,,,,,,,,,,,,,,,,,,,,Stimuli/21_0.jpg,Same,0,b,b,1,0.8462,90,0,90,0,1,,,,,
,,,,,,,,66243f204cef464daff99f8d,2025-01-21_21h30.48.923,VisualArraysMentalRotation_v4,2021.1.4,Win32,60.24096386,679054f2072d526265aabff2,6790661caa236d2e606faf23,,,,,,,,,,,,,,,,,,,,,,,,,,,,,,,,,,,,,,,,,,,,,,,,,,,,,,,,,Stimuli/28_150.jpg,Same,150,b,b,1,3.2617,91,0,91,0,1,,,,,
,,,,,,,,66243f204cef464daff99f8d,2025-01-21_21h30.48.923,VisualArraysMentalRotation_v4,2021.1.4,Win32,60.24096386,679054f2072d526265aabff2,6790661caa236d2e606faf23,,,,,,,,,,,,,,,,,,,,,,,,,,,,,,,,,,,,,,,,,,,,,,,,,,,,,,,,,Stimuli/32_100_R.jpg,Different,100,n,n,1,2.8823,92,0,92,0,1,,,,,
,,,,,,,,66243f204cef464daff99f8d,2025-01-21_21h30.48.923,VisualArraysMentalRotation_v4,2021.1.4,Win32,60.24096386,679054f2072d526265aabff2,6790661caa236d2e606faf23,,,,,,,,,,,,,,,,,,,,,,,,,,,,,,,,,,,,,,,,,,,,,,,,,,,,,,,,,Stimuli/19_100.jpg,Same,100,b,b,1,1.8097,93,0,93,0,1,,,,,
,,,,,,,,66243f204cef464daff99f8d,2025-01-21_21h30.48.923,VisualArraysMentalRotation_v4,2021.1.4,Win32,60.24096386,679054f2072d526265aabff2,6790661caa236d2e606faf23,,,,,,,,,,,,,,,,,,,,,,,,,,,,,,,,,,,,,,,,,,,,,,,,,,,,,,,,,Stimuli/27_0_R.jpg,Different,0,n,n,1,4.6601,94,0,94,0,1,,,,,
,,,,,,,,66243f204cef464daff99f8d,2025-01-21_21h30.48.923,VisualArraysMentalRotation_v4,2021.1.4,Win32,60.24096386,679054f2072d526265aabff2,6790661caa236d2e606faf23,,,,,,,,,,,,,,,,,,,,,,,,,,,,,,,,,,,,,,,,,,,,,,,,,,,,,,,,,Stimuli/28_50.jpg,Same,50,b,b,1,1.8654,95,0,95,0,1,,,,,
,,,,,,,,66243f204cef464daff99f8d,2025-01-21_21h30.48.923,VisualArraysMentalRotation_v4,2021.1.4,Win32,60.24096386,679054f2072d526265aabff2,6790661caa236d2e606faf23,,,,,,,,,,,,,,,,,,,,,,,,,,,,,,,,,,,,,,,,,,,,,,,,,,,,,,,,,,,,,,,,,,,,,0,0,0,0,1
,,,,,,,,66243f204cef464daff99f8d,2025-01-21_21h30.48.923,VisualArraysMentalRotation_v4,2021.1.4,Win32,60.24096386,679054f2072d526265aabff2,6790661caa236d2e606faf23,,,,,,,,,,,,,,,,,,,,,,,,,,,,,,,,,,,,,,0,1,1,1,1,0,1,,,,,,,,,,,,,,,,,,,,,,,,,,,,,
