TaskOrder,consent_final_key_resp.keys,consent_final_key_resp.rt,VA_InstructionsLoop.thisRepN,VA_InstructionsLoop.thisTrialN,VA_InstructionsLoop.thisN,VA_InstructionsLoop.thisIndex,VA_InstructionsLoop.ran,PROLIFIC_PID,date,expName,psychopyVersion,OS,frameRate,STUDY_ID,SESSION_ID,Red Orientations,Blue Orientations,VA_array_dur,Target Rectangle,New Red Orientations,New Blue Orientations,VA_PracResponse.keys,VA_PracResponse.corr,VA_PracResponse.rt,PracTrials.thisRepN,PracTrials.thisTrialN,PracTrials.thisN,PracTrials.thisIndex,PracTrials.ran,VA_Target,VA_TargetNumber,VA_Orientation,VA_Answer,VA_DelayDur,VA_PracTrialsSpeed.thisRepN,VA_PracTrialsSpeed.thisTrialN,VA_PracTrialsSpeed.thisN,VA_PracTrialsSpeed.thisIndex,VA_PracTrialsSpeed.ran,VA_TestResponse.keys,VA_TestResponse.corr,VA_TestResponse.rt,VA_TestTrials.thisRepN,VA_TestTrials.thisTrialN,VA_TestTrials.thisN,VA_TestTrials.thisIndex,VA_TestTrials.ran,VA_Task.thisRepN,VA_Task.thisTrialN,VA_Task.thisN,VA_Task.thisIndex,VA_Task.ran,TasksLoop.thisRepN,TasksLoop.thisTrialN,TasksLoop.thisN,TasksLoop.thisIndex,TasksLoop.ran,nRepsVA,nRepsMRT,MRTPracResponse.keys,MRTPracResponse.corr,MRTPracResponse.rt,MRTPracticeTrials.thisRepN,MRTPracticeTrials.thisTrialN,MRTPracticeTrials.thisN,MRTPracticeTrials.thisIndex,MRTPracticeTrials.ran,PracStimulus,PracDegRotation,PracType,MRTPracCorrectAns,MRT_prac_blocks.thisRepN,MRT_prac_blocks.thisTrialN,MRT_prac_blocks.thisN,MRT_prac_blocks.thisIndex,MRT_prac_blocks.ran,MRTStimulus,MRTType,MRTDegRotation,MRTCorrectAns,MRTTestResponse.keys,MRTTestResponse.corr,MRTTestTrials.thisRepN,MRTTestTrials.thisTrialN,MRTTestTrials.thisN,MRTTestTrials.thisIndex,MRTTestTrials.ran,MRTTestResponse.rt,MRT_Task.thisRepN,MRT_Task.thisTrialN,MRT_Task.thisN,MRT_Task.thisIndex,MRT_Task.ran
1,y,9.7732,0,0,0,0,1,674e0771f3216542d0539c7b,2025-01-21_22h25.53.589,VisualArraysMentalRotation_v4,2021.1.4,Win32,29.85074627,679054f2072d526265aabff2,6790650266ee2dcb237a4914,,,,,,,,,,,,,,,,,,,,,,,,,,,,,,,,,,,,,,,,,,,,,,,,,,,,,,,,,,,,,,,,,,,,,,,,,,,,,,
,,,,,,,,674e0771f3216542d0539c7b,2025-01-21_22h25.53.589,VisualArraysMentalRotation_v4,2021.1.4,Win32,29.85074627,679054f2072d526265aabff2,6790650266ee2dcb237a4914,"[45,90,0,-45,0]","[-45,90,0,45,-45]",0.25,PracRed_3,"[45,90,0,-45,0]","[-45,90,0,45,-45]",5,1,4.4103,0,0,0,2,1,RED,5,Same,5,1,,,,,,,,,,,,,,,,,,,,,,,,,,,,,,,,,,,,,,,,,,,,,,,,,,,,,,,,,,,
,,,,,,,,674e0771f3216542d0539c7b,2025-01-21_22h25.53.589,VisualArraysMentalRotation_v4,2021.1.4,Win32,29.85074627,679054f2072d526265aabff2,6790650266ee2dcb237a4914,"[45,-45,45,-45,-45]","[45,90,90,90,-45]",0.25,PracRed_2,"[45,45,45,-45,-45]","[45,90,90,90,-45]",6,1,2.886,0,1,1,5,1,RED,3,Different,6,3,,,,,,,,,,,,,,,,,,,,,,,,,,,,,,,,,,,,,,,,,,,,,,,,,,,,,,,,,,,
,,,,,,,,674e0771f3216542d0539c7b,2025-01-21_22h25.53.589,VisualArraysMentalRotation_v4,2021.1.4,Win32,29.85074627,679054f2072d526265aabff2,6790650266ee2dcb237a4914,"[45,90,45,-45,0]","[45,0,90,90,45]",0.25,PracBlue_3,"[45,90,45,-45,0]","[45,0,90,90,45]",5,1,2.6459,0,2,2,8,1,BLUE,3,Same,5,1,,,,,,,,,,,,,,,,,,,,,,,,,,,,,,,,,,,,,,,,,,,,,,,,,,,,,,,,,,,
,,,,,,,,674e0771f3216542d0539c7b,2025-01-21_22h25.53.589,VisualArraysMentalRotation_v4,2021.1.4,Win32,29.85074627,679054f2072d526265aabff2,6790650266ee2dcb237a4914,"[-45,45,45,90,90]","[0,90,-45,-45,90]",0.25,PracRed_2,"[-45,45,45,90,90]","[0,90,-45,-45,90]",5,1,2.3343,0,3,3,0,1,RED,3,Same,5,1,,,,,,,,,,,,,,,,,,,,,,,,,,,,,,,,,,,,,,,,,,,,,,,,,,,,,,,,,,,
,,,,,,,,674e0771f3216542d0539c7b,2025-01-21_22h25.53.589,VisualArraysMentalRotation_v4,2021.1.4,Win32,29.85074627,679054f2072d526265aabff2,6790650266ee2dcb237a4914,"[-45,-45,45,-45,0]","[90,90,-45,90,90]",0.25,PracRed_5,"[-45,-45,45,-45,90]","[90,90,-45,90,90]",6,1,2.0728,0,4,4,7,1,RED,5,Different,6,3,,,,,,,,,,,,,,,,,,,,,,,,,,,,,,,,,,,,,,,,,,,,,,,,,,,,,,,,,,,
,,,,,,,,674e0771f3216542d0539c7b,2025-01-21_22h25.53.589,VisualArraysMentalRotation_v4,2021.1.4,Win32,29.85074627,679054f2072d526265aabff2,6790650266ee2dcb237a4914,"[45,-45,-45,90,45]","[90,0,0,-45,45]",0.25,PracRed_1,"[0,-45,-45,90,45]","[90,0,0,-45,45]",6,1,2.156,0,5,5,4,1,RED,3,Different,6,1,,,,,,,,,,,,,,,,,,,,,,,,,,,,,,,,,,,,,,,,,,,,,,,,,,,,,,,,,,,
,,,,,,,,674e0771f3216542d0539c7b,2025-01-21_22h25.53.589,VisualArraysMentalRotation_v4,2021.1.4,Win32,29.85074627,679054f2072d526265aabff2,6790650266ee2dcb237a4914,"[0,-45,90,90,90]","[-45,-45,45,90,90]",0.25,PracBlue_2,"[0,-45,90,90,90]","[-45,90,45,90,90]",6,1,4.3235,0,6,6,13,1,BLUE,3,Different,6,3,,,,,,,,,,,,,,,,,,,,,,,,,,,,,,,,,,,,,,,,,,,,,,,,,,,,,,,,,,,
,,,,,,,,674e0771f3216542d0539c7b,2025-01-21_22h25.53.589,VisualArraysMentalRotation_v4,2021.1.4,Win32,29.85074627,679054f2072d526265aabff2,6790650266ee2dcb237a4914,"[45,-45,0,45,90]","[0,0,-45,-45,45]",0.25,PracBlue_1,"[45,-45,0,45,90]","[0,0,-45,-45,45]",5,1,2.8252,0,7,7,10,1,BLUE,5,Same,5,1,,,,,,,,,,,,,,,,,,,,,,,,,,,,,,,,,,,,,,,,,,,,,,,,,,,,,,,,,,,
,,,,,,,,674e0771f3216542d0539c7b,2025-01-21_22h25.53.589,VisualArraysMentalRotation_v4,2021.1.4,Win32,29.85074627,679054f2072d526265aabff2,6790650266ee2dcb237a4914,"[90,-45,-45,45,-45]","[90,90,45,-45,45]",0.25,PracBlue_2,"[90,-45,-45,45,-45]","[90,90,45,-45,45]",5,1,1.5181,0,8,8,11,1,BLUE,5,Same,5,3,,,,,,,,,,,,,,,,,,,,,,,,,,,,,,,,,,,,,,,,,,,,,,,,,,,,,,,,,,,
,,,,,,,,674e0771f3216542d0539c7b,2025-01-21_22h25.53.589,VisualArraysMentalRotation_v4,2021.1.4,Win32,29.85074627,679054f2072d526265aabff2,6790650266ee2dcb237a4914,"[0,90,45,45,0]","[-45,90,-45,0,0]",0.25,PracRed_2,"[0,90,45,45,0]","[-45,90,-45,0,0]",5,1,5.1202,0,9,9,3,1,RED,5,Same,5,3,,,,,,,,,,,,,,,,,,,,,,,,,,,,,,,,,,,,,,,,,,,,,,,,,,,,,,,,,,,
,,,,,,,,674e0771f3216542d0539c7b,2025-01-21_22h25.53.589,VisualArraysMentalRotation_v4,2021.1.4,Win32,29.85074627,679054f2072d526265aabff2,6790650266ee2dcb237a4914,"[-45,45,-45,90,-45]","[0,45,0,45,0]",0.25,PracBlue_2,"[-45,45,-45,90,-45]","[0,90,0,45,0]",6,1,1.4816,0,10,10,14,1,BLUE,5,Different,6,1,,,,,,,,,,,,,,,,,,,,,,,,,,,,,,,,,,,,,,,,,,,,,,,,,,,,,,,,,,,
,,,,,,,,674e0771f3216542d0539c7b,2025-01-21_22h25.53.589,VisualArraysMentalRotation_v4,2021.1.4,Win32,29.85074627,679054f2072d526265aabff2,6790650266ee2dcb237a4914,"[45,90,-45,0,90]","[0,0,-45,90,45]",0.25,PracRed_5,"[45,90,-45,0,45]","[0,0,-45,90,45]",6,1,3.7052,0,11,11,6,1,RED,5,Different,6,1,,,,,,,,,,,,,,,,,,,,,,,,,,,,,,,,,,,,,,,,,,,,,,,,,,,,,,,,,,,
,,,,,,,,674e0771f3216542d0539c7b,2025-01-21_22h25.53.589,VisualArraysMentalRotation_v4,2021.1.4,Win32,29.85074627,679054f2072d526265aabff2,6790650266ee2dcb237a4914,"[-45,90,45,0,0]","[-45,0,-45,0,90]",0.25,PracRed_3,"[-45,90,45,0,0]","[-45,0,-45,0,90]",6,0,2.3425,0,12,12,1,1,RED,3,Same,5,3,,,,,,,,,,,,,,,,,,,,,,,,,,,,,,,,,,,,,,,,,,,,,,,,,,,,,,,,,,,
,,,,,,,,674e0771f3216542d0539c7b,2025-01-21_22h25.53.589,VisualArraysMentalRotation_v4,2021.1.4,Win32,29.85074627,679054f2072d526265aabff2,6790650266ee2dcb237a4914,"[-45,90,-45,45,-45]","[-45,0,45,90,-45]",0.25,PracBlue_2,"[-45,90,-45,45,-45]","[-45,90,45,90,-45]",5,0,1.9995,0,13,13,12,1,BLUE,3,Different,6,1,,,,,,,,,,,,,,,,,,,,,,,,,,,,,,,,,,,,,,,,,,,,,,,,,,,,,,,,,,,
,,,,,,,,674e0771f3216542d0539c7b,2025-01-21_22h25.53.589,VisualArraysMentalRotation_v4,2021.1.4,Win32,29.85074627,679054f2072d526265aabff2,6790650266ee2dcb237a4914,"[0,45,90,0,-45]","[-45,90,90,-45,-45]",0.25,PracBlue_3,"[0,45,90,0,-45]","[-45,90,90,-45,-45]",6,0,2.2384,0,14,14,9,1,BLUE,3,Same,5,3,,,,,,,,,,,,,,,,,,,,,,,,,,,,,,,,,,,,,,,,,,,,,,,,,,,,,,,,,,,
,,,,,,,,674e0771f3216542d0539c7b,2025-01-21_22h25.53.589,VisualArraysMentalRotation_v4,2021.1.4,Win32,29.85074627,679054f2072d526265aabff2,6790650266ee2dcb237a4914,"[-45,-45,-45,-45,0]","[0,-45,90,45,45]",0.25,PracBlue_4,"[-45,-45,-45,-45,0]","[0,-45,90,-45,45]",5,0,1.3516,0,15,15,15,1,BLUE,5,Different,6,3,,,,,,,,,,,,,,,,,,,,,,,,,,,,,,,,,,,,,,,,,,,,,,,,,,,,,,,,,,,
,,,,,,,,674e0771f3216542d0539c7b,2025-01-21_22h25.53.589,VisualArraysMentalRotation_v4,2021.1.4,Win32,29.85074627,679054f2072d526265aabff2,6790650266ee2dcb237a4914,,,,,,,,,,,,,,,,,,,,0,0,0,0,1,,,,,,,,,,,,,,,,,,,,,,,,,,,,,,,,,,,,,,,,,,,,,,,,,,,,,,
,,,,,,,,674e0771f3216542d0539c7b,2025-01-21_22h25.53.589,VisualArraysMentalRotation_v4,2021.1.4,Win32,29.85074627,679054f2072d526265aabff2,6790650266ee2dcb237a4914,"[0,0,45,45,45]","[-45,-45,45,0,45]",0.25,PracRed_2,"[0,-45,45,45,45]","[-45,-45,45,0,45]",6,1,1.5938,0,0,0,4,1,RED,3,Different,6,1,,,,,,,,,,,,,,,,,,,,,,,,,,,,,,,,,,,,,,,,,,,,,,,,,,,,,,,,,,,
,,,,,,,,674e0771f3216542d0539c7b,2025-01-21_22h25.53.589,VisualArraysMentalRotation_v4,2021.1.4,Win32,29.85074627,679054f2072d526265aabff2,6790650266ee2dcb237a4914,"[-45,-45,90,0,90]","[-45,45,-45,0,90]",0.25,PracBlue_3,"[-45,-45,90,0,90]","[-45,45,-45,0,90]",5,1,3.0081,0,1,1,8,1,BLUE,3,Same,5,1,,,,,,,,,,,,,,,,,,,,,,,,,,,,,,,,,,,,,,,,,,,,,,,,,,,,,,,,,,,
,,,,,,,,674e0771f3216542d0539c7b,2025-01-21_22h25.53.589,VisualArraysMentalRotation_v4,2021.1.4,Win32,29.85074627,679054f2072d526265aabff2,6790650266ee2dcb237a4914,"[45,45,0,-45,0]","[-45,-45,0,-45,45]",0.25,PracBlue_1,"[45,45,0,-45,0]","[90,-45,0,-45,45]",6,1,0.9543,0,2,2,13,1,BLUE,3,Different,6,3,,,,,,,,,,,,,,,,,,,,,,,,,,,,,,,,,,,,,,,,,,,,,,,,,,,,,,,,,,,
,,,,,,,,674e0771f3216542d0539c7b,2025-01-21_22h25.53.589,VisualArraysMentalRotation_v4,2021.1.4,Win32,29.85074627,679054f2072d526265aabff2,6790650266ee2dcb237a4914,"[0,0,0,45,90]","[-45,-45,-45,-45,90]",0.25,PracBlue_2,"[0,0,0,45,90]","[-45,-45,-45,-45,90]",6,0,1.1842,0,3,3,10,1,BLUE,5,Same,5,1,,,,,,,,,,,,,,,,,,,,,,,,,,,,,,,,,,,,,,,,,,,,,,,,,,,,,,,,,,,
,,,,,,,,674e0771f3216542d0539c7b,2025-01-21_22h25.53.589,VisualArraysMentalRotation_v4,2021.1.4,Win32,29.85074627,679054f2072d526265aabff2,6790650266ee2dcb237a4914,"[45,90,-45,45,-45]","[45,0,0,0,45]",0.25,PracBlue_1,"[45,90,-45,45,-45]","[45,0,0,0,45]",6,0,1.8066,0,4,4,9,1,BLUE,3,Same,5,3,,,,,,,,,,,,,,,,,,,,,,,,,,,,,,,,,,,,,,,,,,,,,,,,,,,,,,,,,,,
,,,,,,,,674e0771f3216542d0539c7b,2025-01-21_22h25.53.589,VisualArraysMentalRotation_v4,2021.1.4,Win32,29.85074627,679054f2072d526265aabff2,6790650266ee2dcb237a4914,"[90,-45,90,-45,0]","[-45,45,90,90,45]",0.25,PracBlue_1,"[90,-45,90,-45,0]","[0,45,90,90,45]",6,1,1.5398,0,5,5,15,1,BLUE,5,Different,6,3,,,,,,,,,,,,,,,,,,,,,,,,,,,,,,,,,,,,,,,,,,,,,,,,,,,,,,,,,,,
,,,,,,,,674e0771f3216542d0539c7b,2025-01-21_22h25.53.589,VisualArraysMentalRotation_v4,2021.1.4,Win32,29.85074627,679054f2072d526265aabff2,6790650266ee2dcb237a4914,"[0,-45,-45,-45,90]","[90,0,90,90,0]",0.25,PracBlue_5,"[0,-45,-45,-45,90]","[90,0,90,90,-45]",5,0,1.0379,0,6,6,14,1,BLUE,5,Different,6,1,,,,,,,,,,,,,,,,,,,,,,,,,,,,,,,,,,,,,,,,,,,,,,,,,,,,,,,,,,,
,,,,,,,,674e0771f3216542d0539c7b,2025-01-21_22h25.53.589,VisualArraysMentalRotation_v4,2021.1.4,Win32,29.85074627,679054f2072d526265aabff2,6790650266ee2dcb237a4914,"[-45,-45,90,90,90]","[90,45,90,-45,45]",0.25,PracRed_2,"[-45,-45,90,90,90]","[90,45,90,-45,45]",5,1,2.3011,0,7,7,1,1,RED,3,Same,5,3,,,,,,,,,,,,,,,,,,,,,,,,,,,,,,,,,,,,,,,,,,,,,,,,,,,,,,,,,,,
,,,,,,,,674e0771f3216542d0539c7b,2025-01-21_22h25.53.589,VisualArraysMentalRotation_v4,2021.1.4,Win32,29.85074627,679054f2072d526265aabff2,6790650266ee2dcb237a4914,"[-45,45,-45,90,90]","[0,45,0,45,-45]",0.25,PracBlue_3,"[-45,45,-45,90,90]","[0,45,90,45,-45]",6,1,2.0403,0,8,8,12,1,BLUE,3,Different,6,1,,,,,,,,,,,,,,,,,,,,,,,,,,,,,,,,,,,,,,,,,,,,,,,,,,,,,,,,,,,
,,,,,,,,674e0771f3216542d0539c7b,2025-01-21_22h25.53.589,VisualArraysMentalRotation_v4,2021.1.4,Win32,29.85074627,679054f2072d526265aabff2,6790650266ee2dcb237a4914,"[-45,45,-45,-45,-45]","[90,90,-45,0,0]",0.25,PracRed_5,"[-45,45,-45,-45,45]","[90,90,-45,0,0]",5,0,2.1663,0,9,9,7,1,RED,5,Different,6,3,,,,,,,,,,,,,,,,,,,,,,,,,,,,,,,,,,,,,,,,,,,,,,,,,,,,,,,,,,,
,,,,,,,,674e0771f3216542d0539c7b,2025-01-21_22h25.53.589,VisualArraysMentalRotation_v4,2021.1.4,Win32,29.85074627,679054f2072d526265aabff2,6790650266ee2dcb237a4914,"[45,45,90,-45,90]","[90,90,90,0,90]",0.25,PracRed_4,"[45,45,90,-45,90]","[90,90,90,0,90]",5,1,1.9031,0,10,10,3,1,RED,5,Same,5,3,,,,,,,,,,,,,,,,,,,,,,,,,,,,,,,,,,,,,,,,,,,,,,,,,,,,,,,,,,,
,,,,,,,,674e0771f3216542d0539c7b,2025-01-21_22h25.53.589,VisualArraysMentalRotation_v4,2021.1.4,Win32,29.85074627,679054f2072d526265aabff2,6790650266ee2dcb237a4914,"[45,0,0,0,90]","[45,90,-45,-45,90]",0.25,PracRed_3,"[45,0,-45,0,90]","[45,90,-45,-45,90]",6,1,1.2367,0,11,11,5,1,RED,3,Different,6,3,,,,,,,,,,,,,,,,,,,,,,,,,,,,,,,,,,,,,,,,,,,,,,,,,,,,,,,,,,,
,,,,,,,,674e0771f3216542d0539c7b,2025-01-21_22h25.53.589,VisualArraysMentalRotation_v4,2021.1.4,Win32,29.85074627,679054f2072d526265aabff2,6790650266ee2dcb237a4914,"[-45,90,45,90,0]","[90,45,0,90,0]",0.25,PracRed_2,"[-45,90,45,90,0]","[90,45,0,90,0]",6,0,0.8484,0,12,12,2,1,RED,5,Same,5,1,,,,,,,,,,,,,,,,,,,,,,,,,,,,,,,,,,,,,,,,,,,,,,,,,,,,,,,,,,,
,,,,,,,,674e0771f3216542d0539c7b,2025-01-21_22h25.53.589,VisualArraysMentalRotation_v4,2021.1.4,Win32,29.85074627,679054f2072d526265aabff2,6790650266ee2dcb237a4914,"[-45,0,-45,90,0]","[90,90,-45,0,-45]",0.25,PracBlue_5,"[-45,0,-45,90,0]","[90,90,-45,0,-45]",6,0,3.9739,0,13,13,11,1,BLUE,5,Same,5,3,,,,,,,,,,,,,,,,,,,,,,,,,,,,,,,,,,,,,,,,,,,,,,,,,,,,,,,,,,,
,,,,,,,,674e0771f3216542d0539c7b,2025-01-21_22h25.53.589,VisualArraysMentalRotation_v4,2021.1.4,Win32,29.85074627,679054f2072d526265aabff2,6790650266ee2dcb237a4914,"[0,-45,45,45,-45]","[0,0,90,45,0]",0.25,PracRed_1,"[0,-45,45,45,-45]","[0,0,90,45,0]",5,1,1.0554,0,14,14,0,1,RED,3,Same,5,1,,,,,,,,,,,,,,,,,,,,,,,,,,,,,,,,,,,,,,,,,,,,,,,,,,,,,,,,,,,
,,,,,,,,674e0771f3216542d0539c7b,2025-01-21_22h25.53.589,VisualArraysMentalRotation_v4,2021.1.4,Win32,29.85074627,679054f2072d526265aabff2,6790650266ee2dcb237a4914,"[90,0,0,-45,90]","[90,-45,-45,45,-45]",0.25,PracRed_1,"[0,0,0,-45,90]","[90,-45,-45,45,-45]",5,0,0.6934,0,15,15,6,1,RED,5,Different,6,1,,,,,,,,,,,,,,,,,,,,,,,,,,,,,,,,,,,,,,,,,,,,,,,,,,,,,,,,,,,
,,,,,,,,674e0771f3216542d0539c7b,2025-01-21_22h25.53.589,VisualArraysMentalRotation_v4,2021.1.4,Win32,29.85074627,679054f2072d526265aabff2,6790650266ee2dcb237a4914,,,,,,,,,,,,,,,,,,,,1,0,1,0,1,,,,,,,,,,,,,,,,,,,,,,,,,,,,,,,,,,,,,,,,,,,,,,,,,,,,,,
,,,,,,,,674e0771f3216542d0539c7b,2025-01-21_22h25.53.589,VisualArraysMentalRotation_v4,2021.1.4,Win32,29.85074627,679054f2072d526265aabff2,6790650266ee2dcb237a4914,"[-45,-45,45,90,45]","[0,-45,45,45,-45]",,Red_1,"[-45,-45,45,90,45]","[0,-45,45,45,-45]",,,,,,,,,RED,3,Same,5,3,,,,,,6,0,2.6084,0,0,0,1,1,,,,,,,,,,,,,,,,,,,,,,,,,,,,,,,,,,,,,,,,,,,,,,
,,,,,,,,674e0771f3216542d0539c7b,2025-01-21_22h25.53.589,VisualArraysMentalRotation_v4,2021.1.4,Win32,29.85074627,679054f2072d526265aabff2,6790650266ee2dcb237a4914,"[0,-45,0,45,90]","[0,45,90,90,-45]",,Blue_1,"[0,-45,0,45,90]","[0,45,90,90,-45]",,,,,,,,,BLUE,5,Same,5,1,,,,,,5,1,0.8854,0,1,1,10,1,,,,,,,,,,,,,,,,,,,,,,,,,,,,,,,,,,,,,,,,,,,,,,
,,,,,,,,674e0771f3216542d0539c7b,2025-01-21_22h25.53.589,VisualArraysMentalRotation_v4,2021.1.4,Win32,29.85074627,679054f2072d526265aabff2,6790650266ee2dcb237a4914,"[45,90,0,-45,-45]","[0,0,90,90,-45]",,Red_2,"[45,90,0,-45,-45]","[0,0,90,90,-45]",,,,,,,,,RED,5,Same,5,1,,,,,,5,1,0.5773,0,2,2,2,1,,,,,,,,,,,,,,,,,,,,,,,,,,,,,,,,,,,,,,,,,,,,,,
,,,,,,,,674e0771f3216542d0539c7b,2025-01-21_22h25.53.589,VisualArraysMentalRotation_v4,2021.1.4,Win32,29.85074627,679054f2072d526265aabff2,6790650266ee2dcb237a4914,"[-45,90,90,0,90]","[90,-45,90,90,45]",,Blue_5,"[-45,90,90,0,90]","[90,-45,90,90,90]",,,,,,,,,BLUE,5,Different,6,1,,,,,,5,0,0.7015,0,3,3,14,1,,,,,,,,,,,,,,,,,,,,,,,,,,,,,,,,,,,,,,,,,,,,,,
,,,,,,,,674e0771f3216542d0539c7b,2025-01-21_22h25.53.589,VisualArraysMentalRotation_v4,2021.1.4,Win32,29.85074627,679054f2072d526265aabff2,6790650266ee2dcb237a4914,"[90,45,-45,45,-45]","[0,90,0,0,-45]",,Red_2,"[90,45,-45,45,-45]","[0,90,0,0,-45]",,,,,,,,,RED,3,Same,5,1,,,,,,6,0,1.2022,0,4,4,0,1,,,,,,,,,,,,,,,,,,,,,,,,,,,,,,,,,,,,,,,,,,,,,,
,,,,,,,,674e0771f3216542d0539c7b,2025-01-21_22h25.53.589,VisualArraysMentalRotation_v4,2021.1.4,Win32,29.85074627,679054f2072d526265aabff2,6790650266ee2dcb237a4914,"[45,90,-45,90,90]","[-45,45,90,90,45]",,Red_5,"[45,90,-45,90,45]","[-45,45,90,90,45]",,,,,,,,,RED,5,Different,6,3,,,,,,6,1,1.9854,0,5,5,7,1,,,,,,,,,,,,,,,,,,,,,,,,,,,,,,,,,,,,,,,,,,,,,,
,,,,,,,,674e0771f3216542d0539c7b,2025-01-21_22h25.53.589,VisualArraysMentalRotation_v4,2021.1.4,Win32,29.85074627,679054f2072d526265aabff2,6790650266ee2dcb237a4914,"[45,-45,-45,-45,90]","[90,90,90,45,90]",,Red_1,"[-45,-45,-45,-45,90]","[90,90,90,45,90]",,,,,,,,,RED,3,Different,6,3,,,,,,6,1,1.6723,0,6,6,5,1,,,,,,,,,,,,,,,,,,,,,,,,,,,,,,,,,,,,,,,,,,,,,,
,,,,,,,,674e0771f3216542d0539c7b,2025-01-21_22h25.53.589,VisualArraysMentalRotation_v4,2021.1.4,Win32,29.85074627,679054f2072d526265aabff2,6790650266ee2dcb237a4914,"[45,45,90,0,45]","[45,0,90,0,90]",,Red_2,"[45,0,90,0,45]","[45,0,90,0,90]",,,,,,,,,RED,3,Different,6,1,,,,,,5,0,1.4348,0,7,7,4,1,,,,,,,,,,,,,,,,,,,,,,,,,,,,,,,,,,,,,,,,,,,,,,
,,,,,,,,674e0771f3216542d0539c7b,2025-01-21_22h25.53.589,VisualArraysMentalRotation_v4,2021.1.4,Win32,29.85074627,679054f2072d526265aabff2,6790650266ee2dcb237a4914,"[90,-45,90,-45,0]","[-45,0,90,-45,-45]",,Red_3,"[90,-45,90,-45,0]","[-45,0,90,-45,-45]",,,,,,,,,RED,5,Same,5,3,,,,,,6,0,0.9081,0,8,8,3,1,,,,,,,,,,,,,,,,,,,,,,,,,,,,,,,,,,,,,,,,,,,,,,
,,,,,,,,674e0771f3216542d0539c7b,2025-01-21_22h25.53.589,VisualArraysMentalRotation_v4,2021.1.4,Win32,29.85074627,679054f2072d526265aabff2,6790650266ee2dcb237a4914,"[90,90,90,0,45]","[-45,-45,-45,90,45]",,Blue_2,"[90,90,90,0,45]","[-45,-45,-45,90,45]",,,,,,,,,BLUE,3,Same,5,1,,,,,,5,1,0.7217,0,9,9,8,1,,,,,,,,,,,,,,,,,,,,,,,,,,,,,,,,,,,,,,,,,,,,,,
,,,,,,,,674e0771f3216542d0539c7b,2025-01-21_22h25.53.589,VisualArraysMentalRotation_v4,2021.1.4,Win32,29.85074627,679054f2072d526265aabff2,6790650266ee2dcb237a4914,"[90,45,0,45,0]","[90,45,0,90,90]",,Blue_1,"[90,45,0,45,0]","[0,45,0,90,90]",,,,,,,,,BLUE,5,Different,6,3,,,,,,6,1,0.6178,0,10,10,15,1,,,,,,,,,,,,,,,,,,,,,,,,,,,,,,,,,,,,,,,,,,,,,,
,,,,,,,,674e0771f3216542d0539c7b,2025-01-21_22h25.53.589,VisualArraysMentalRotation_v4,2021.1.4,Win32,29.85074627,679054f2072d526265aabff2,6790650266ee2dcb237a4914,"[45,-45,0,90,-45]","[90,0,0,0,0]",,Blue_2,"[45,-45,0,90,-45]","[90,0,0,0,0]",,,,,,,,,BLUE,3,Same,5,3,,,,,,5,1,2.0879,0,11,11,9,1,,,,,,,,,,,,,,,,,,,,,,,,,,,,,,,,,,,,,,,,,,,,,,
,,,,,,,,674e0771f3216542d0539c7b,2025-01-21_22h25.53.589,VisualArraysMentalRotation_v4,2021.1.4,Win32,29.85074627,679054f2072d526265aabff2,6790650266ee2dcb237a4914,"[0,-45,-45,90,90]","[90,45,0,45,-45]",,Red_1,"[-45,-45,-45,90,90]","[90,45,0,45,-45]",,,,,,,,,RED,5,Different,6,1,,,,,,6,1,1.9013,0,12,12,6,1,,,,,,,,,,,,,,,,,,,,,,,,,,,,,,,,,,,,,,,,,,,,,,
,,,,,,,,674e0771f3216542d0539c7b,2025-01-21_22h25.53.589,VisualArraysMentalRotation_v4,2021.1.4,Win32,29.85074627,679054f2072d526265aabff2,6790650266ee2dcb237a4914,"[45,90,-45,0,-45]","[45,45,0,45,90]",,Blue_3,"[45,90,-45,0,-45]","[45,45,-45,45,90]",,,,,,,,,BLUE,3,Different,6,3,,,,,,6,1,1.6323,0,13,13,13,1,,,,,,,,,,,,,,,,,,,,,,,,,,,,,,,,,,,,,,,,,,,,,,
,,,,,,,,674e0771f3216542d0539c7b,2025-01-21_22h25.53.589,VisualArraysMentalRotation_v4,2021.1.4,Win32,29.85074627,679054f2072d526265aabff2,6790650266ee2dcb237a4914,"[45,-45,45,90,90]","[-45,-45,45,45,45]",,Blue_2,"[45,-45,45,90,90]","[-45,-45,45,45,45]",,,,,,,,,BLUE,5,Same,5,3,,,,,,5,1,2.1717,0,14,14,11,1,,,,,,,,,,,,,,,,,,,,,,,,,,,,,,,,,,,,,,,,,,,,,,
,,,,,,,,674e0771f3216542d0539c7b,2025-01-21_22h25.53.589,VisualArraysMentalRotation_v4,2021.1.4,Win32,29.85074627,679054f2072d526265aabff2,6790650266ee2dcb237a4914,"[0,-45,90,0,90]","[45,0,0,90,45]",,Blue_3,"[0,-45,90,0,90]","[45,0,90,90,45]",,,,,,,,,BLUE,3,Different,6,1,,,,,,6,1,2.0033,0,15,15,12,1,,,,,,,,,,,,,,,,,,,,,,,,,,,,,,,,,,,,,,,,,,,,,,
,,,,,,,,674e0771f3216542d0539c7b,2025-01-21_22h25.53.589,VisualArraysMentalRotation_v4,2021.1.4,Win32,29.85074627,679054f2072d526265aabff2,6790650266ee2dcb237a4914,"[90,0,0,-45,45]","[45,90,45,90,45]",,Red_4,"[90,0,0,45,45]","[45,90,45,90,45]",,,,,,,,,RED,5,Different,6,1,,,,,,6,1,1.9826,1,0,16,6,1,,,,,,,,,,,,,,,,,,,,,,,,,,,,,,,,,,,,,,,,,,,,,,
,,,,,,,,674e0771f3216542d0539c7b,2025-01-21_22h25.53.589,VisualArraysMentalRotation_v4,2021.1.4,Win32,29.85074627,679054f2072d526265aabff2,6790650266ee2dcb237a4914,"[45,90,90,-45,0]","[-45,45,-45,45,90]",,Blue_2,"[45,90,90,-45,0]","[-45,90,-45,45,90]",,,,,,,,,BLUE,3,Different,6,1,,,,,,5,0,1.8719,1,1,17,12,1,,,,,,,,,,,,,,,,,,,,,,,,,,,,,,,,,,,,,,,,,,,,,,
,,,,,,,,674e0771f3216542d0539c7b,2025-01-21_22h25.53.589,VisualArraysMentalRotation_v4,2021.1.4,Win32,29.85074627,679054f2072d526265aabff2,6790650266ee2dcb237a4914,"[-45,90,0,90,45]","[-45,-45,45,0,90]",,Blue_1,"[-45,90,0,90,45]","[45,-45,45,0,90]",,,,,,,,,BLUE,5,Different,6,1,,,,,,6,1,1.7846,1,2,18,14,1,,,,,,,,,,,,,,,,,,,,,,,,,,,,,,,,,,,,,,,,,,,,,,
,,,,,,,,674e0771f3216542d0539c7b,2025-01-21_22h25.53.589,VisualArraysMentalRotation_v4,2021.1.4,Win32,29.85074627,679054f2072d526265aabff2,6790650266ee2dcb237a4914,"[-45,-45,-45,45,90]","[90,45,45,-45,45]",,Blue_1,"[-45,-45,-45,45,90]","[0,45,45,-45,45]",,,,,,,,,BLUE,5,Different,6,3,,,,,,5,0,1.9784,1,3,19,15,1,,,,,,,,,,,,,,,,,,,,,,,,,,,,,,,,,,,,,,,,,,,,,,
,,,,,,,,674e0771f3216542d0539c7b,2025-01-21_22h25.53.589,VisualArraysMentalRotation_v4,2021.1.4,Win32,29.85074627,679054f2072d526265aabff2,6790650266ee2dcb237a4914,"[45,0,90,45,90]","[0,45,0,0,0]",,Blue_4,"[45,0,90,45,90]","[0,45,0,0,0]",,,,,,,,,BLUE,5,Same,5,3,,,,,,5,1,1.2891,1,4,20,11,1,,,,,,,,,,,,,,,,,,,,,,,,,,,,,,,,,,,,,,,,,,,,,,
,,,,,,,,674e0771f3216542d0539c7b,2025-01-21_22h25.53.589,VisualArraysMentalRotation_v4,2021.1.4,Win32,29.85074627,679054f2072d526265aabff2,6790650266ee2dcb237a4914,"[0,90,-45,-45,45]","[-45,90,-45,90,0]",,Red_5,"[0,90,-45,-45,-45]","[-45,90,-45,90,0]",,,,,,,,,RED,5,Different,6,3,,,,,,6,1,0.74,1,5,21,7,1,,,,,,,,,,,,,,,,,,,,,,,,,,,,,,,,,,,,,,,,,,,,,,
,,,,,,,,674e0771f3216542d0539c7b,2025-01-21_22h25.53.589,VisualArraysMentalRotation_v4,2021.1.4,Win32,29.85074627,679054f2072d526265aabff2,6790650266ee2dcb237a4914,"[90,45,0,45,45]","[45,45,45,45,90]",,Red_3,"[90,45,90,45,45]","[45,45,45,45,90]",,,,,,,,,RED,3,Different,6,1,,,,,,6,1,2.3337,1,6,22,4,1,,,,,,,,,,,,,,,,,,,,,,,,,,,,,,,,,,,,,,,,,,,,,,
,,,,,,,,674e0771f3216542d0539c7b,2025-01-21_22h25.53.589,VisualArraysMentalRotation_v4,2021.1.4,Win32,29.85074627,679054f2072d526265aabff2,6790650266ee2dcb237a4914,"[-45,-45,0,90,90]","[90,90,90,45,0]",,Red_2,"[-45,-45,0,90,90]","[90,90,90,45,0]",,,,,,,,,RED,3,Same,5,3,,,,,,5,1,3.4341,1,7,23,1,1,,,,,,,,,,,,,,,,,,,,,,,,,,,,,,,,,,,,,,,,,,,,,,
,,,,,,,,674e0771f3216542d0539c7b,2025-01-21_22h25.53.589,VisualArraysMentalRotation_v4,2021.1.4,Win32,29.85074627,679054f2072d526265aabff2,6790650266ee2dcb237a4914,"[90,45,-45,0,45]","[45,-45,0,0,45]",,Red_3,"[90,45,90,0,45]","[45,-45,0,0,45]",,,,,,,,,RED,3,Different,6,3,,,,,,6,1,1.1738,1,8,24,5,1,,,,,,,,,,,,,,,,,,,,,,,,,,,,,,,,,,,,,,,,,,,,,,
,,,,,,,,674e0771f3216542d0539c7b,2025-01-21_22h25.53.589,VisualArraysMentalRotation_v4,2021.1.4,Win32,29.85074627,679054f2072d526265aabff2,6790650266ee2dcb237a4914,"[0,45,90,0,90]","[0,0,-45,90,90]",,Red_2,"[0,45,90,0,90]","[0,0,-45,90,90]",,,,,,,,,RED,5,Same,5,3,,,,,,5,1,0.983,1,9,25,3,1,,,,,,,,,,,,,,,,,,,,,,,,,,,,,,,,,,,,,,,,,,,,,,
,,,,,,,,674e0771f3216542d0539c7b,2025-01-21_22h25.53.589,VisualArraysMentalRotation_v4,2021.1.4,Win32,29.85074627,679054f2072d526265aabff2,6790650266ee2dcb237a4914,"[45,-45,0,90,90]","[-45,45,0,90,90]",,Blue_3,"[45,-45,0,90,90]","[-45,45,45,90,90]",,,,,,,,,BLUE,3,Different,6,3,,,,,,6,1,1.7715,1,10,26,13,1,,,,,,,,,,,,,,,,,,,,,,,,,,,,,,,,,,,,,,,,,,,,,,
,,,,,,,,674e0771f3216542d0539c7b,2025-01-21_22h25.53.589,VisualArraysMentalRotation_v4,2021.1.4,Win32,29.85074627,679054f2072d526265aabff2,6790650266ee2dcb237a4914,"[0,45,0,-45,0]","[0,45,45,45,0]",,Red_3,"[0,45,0,-45,0]","[0,45,45,45,0]",,,,,,,,,RED,3,Same,5,1,,,,,,5,1,2.3033,1,11,27,0,1,,,,,,,,,,,,,,,,,,,,,,,,,,,,,,,,,,,,,,,,,,,,,,
,,,,,,,,674e0771f3216542d0539c7b,2025-01-21_22h25.53.589,VisualArraysMentalRotation_v4,2021.1.4,Win32,29.85074627,679054f2072d526265aabff2,6790650266ee2dcb237a4914,"[0,45,90,90,-45]","[90,-45,45,0,90]",,Red_2,"[0,45,90,90,-45]","[90,-45,45,0,90]",,,,,,,,,RED,5,Same,5,1,,,,,,6,0,1.2747,1,12,28,2,1,,,,,,,,,,,,,,,,,,,,,,,,,,,,,,,,,,,,,,,,,,,,,,
,,,,,,,,674e0771f3216542d0539c7b,2025-01-21_22h25.53.589,VisualArraysMentalRotation_v4,2021.1.4,Win32,29.85074627,679054f2072d526265aabff2,6790650266ee2dcb237a4914,"[90,-45,90,0,-45]","[45,0,45,0,90]",,Blue_3,"[90,-45,90,0,-45]","[45,0,45,0,90]",,,,,,,,,BLUE,3,Same,5,1,,,,,,5,1,1.5558,1,13,29,8,1,,,,,,,,,,,,,,,,,,,,,,,,,,,,,,,,,,,,,,,,,,,,,,
,,,,,,,,674e0771f3216542d0539c7b,2025-01-21_22h25.53.589,VisualArraysMentalRotation_v4,2021.1.4,Win32,29.85074627,679054f2072d526265aabff2,6790650266ee2dcb237a4914,"[90,0,45,45,0]","[-45,0,-45,90,45]",,Blue_2,"[90,0,45,45,0]","[-45,0,-45,90,45]",,,,,,,,,BLUE,3,Same,5,3,,,,,,6,0,1.6413,1,14,30,9,1,,,,,,,,,,,,,,,,,,,,,,,,,,,,,,,,,,,,,,,,,,,,,,
,,,,,,,,674e0771f3216542d0539c7b,2025-01-21_22h25.53.589,VisualArraysMentalRotation_v4,2021.1.4,Win32,29.85074627,679054f2072d526265aabff2,6790650266ee2dcb237a4914,"[-45,0,90,-45,45]","[-45,0,45,90,0]",,Blue_5,"[-45,0,90,-45,45]","[-45,0,45,90,0]",,,,,,,,,BLUE,5,Same,5,1,,,,,,5,1,0.9792,1,15,31,10,1,,,,,,,,,,,,,,,,,,,,,,,,,,,,,,,,,,,,,,,,,,,,,,
,,,,,,,,674e0771f3216542d0539c7b,2025-01-21_22h25.53.589,VisualArraysMentalRotation_v4,2021.1.4,Win32,29.85074627,679054f2072d526265aabff2,6790650266ee2dcb237a4914,"[90,-45,90,-45,0]","[-45,90,0,90,45]",,Red_2,"[90,45,90,-45,0]","[-45,90,0,90,45]",,,,,,,,,RED,3,Different,6,1,,,,,,6,1,0.9197,2,0,32,4,1,,,,,,,,,,,,,,,,,,,,,,,,,,,,,,,,,,,,,,,,,,,,,,
,,,,,,,,674e0771f3216542d0539c7b,2025-01-21_22h25.53.589,VisualArraysMentalRotation_v4,2021.1.4,Win32,29.85074627,679054f2072d526265aabff2,6790650266ee2dcb237a4914,"[0,45,45,90,0]","[-45,90,90,0,45]",,Blue_3,"[0,45,45,90,0]","[-45,90,90,0,45]",,,,,,,,,BLUE,3,Same,5,1,,,,,,5,1,1.0469,2,1,33,8,1,,,,,,,,,,,,,,,,,,,,,,,,,,,,,,,,,,,,,,,,,,,,,,
,,,,,,,,674e0771f3216542d0539c7b,2025-01-21_22h25.53.589,VisualArraysMentalRotation_v4,2021.1.4,Win32,29.85074627,679054f2072d526265aabff2,6790650266ee2dcb237a4914,"[0,0,45,45,45]","[-45,-45,45,90,90]",,Red_3,"[0,0,45,45,45]","[-45,-45,45,90,90]",,,,,,,,,RED,5,Same,5,1,,,,,,6,0,3.3677,2,2,34,2,1,,,,,,,,,,,,,,,,,,,,,,,,,,,,,,,,,,,,,,,,,,,,,,
,,,,,,,,674e0771f3216542d0539c7b,2025-01-21_22h25.53.589,VisualArraysMentalRotation_v4,2021.1.4,Win32,29.85074627,679054f2072d526265aabff2,6790650266ee2dcb237a4914,"[45,90,45,90,-45]","[-45,90,45,0,45]",,Red_2,"[45,-45,45,90,-45]","[-45,90,45,0,45]",,,,,,,,,RED,3,Different,6,3,,,,,,6,1,1.322,2,3,35,5,1,,,,,,,,,,,,,,,,,,,,,,,,,,,,,,,,,,,,,,,,,,,,,,
,,,,,,,,674e0771f3216542d0539c7b,2025-01-21_22h25.53.589,VisualArraysMentalRotation_v4,2021.1.4,Win32,29.85074627,679054f2072d526265aabff2,6790650266ee2dcb237a4914,"[0,90,90,0,45]","[90,90,-45,45,-45]",,Red_2,"[0,-45,90,0,45]","[90,90,-45,45,-45]",,,,,,,,,RED,5,Different,6,3,,,,,,6,1,1.0358,2,4,36,7,1,,,,,,,,,,,,,,,,,,,,,,,,,,,,,,,,,,,,,,,,,,,,,,
,,,,,,,,674e0771f3216542d0539c7b,2025-01-21_22h25.53.589,VisualArraysMentalRotation_v4,2021.1.4,Win32,29.85074627,679054f2072d526265aabff2,6790650266ee2dcb237a4914,"[-45,90,45,45,0]","[45,45,45,-45,-45]",,Blue_2,"[-45,90,45,45,0]","[45,0,45,-45,-45]",,,,,,,,,BLUE,5,Different,6,3,,,,,,6,1,1.3756,2,5,37,15,1,,,,,,,,,,,,,,,,,,,,,,,,,,,,,,,,,,,,,,,,,,,,,,
,,,,,,,,674e0771f3216542d0539c7b,2025-01-21_22h25.53.589,VisualArraysMentalRotation_v4,2021.1.4,Win32,29.85074627,679054f2072d526265aabff2,6790650266ee2dcb237a4914,"[45,90,0,-45,0]","[-45,-45,45,45,0]",,Red_1,"[45,90,0,-45,0]","[-45,-45,45,45,0]",,,,,,,,,RED,3,Same,5,3,,,,,,5,1,0.9216,2,6,38,1,1,,,,,,,,,,,,,,,,,,,,,,,,,,,,,,,,,,,,,,,,,,,,,,
,,,,,,,,674e0771f3216542d0539c7b,2025-01-21_22h25.53.589,VisualArraysMentalRotation_v4,2021.1.4,Win32,29.85074627,679054f2072d526265aabff2,6790650266ee2dcb237a4914,"[45,-45,0,0,90]","[0,90,45,90,90]",,Blue_3,"[45,-45,0,0,90]","[0,90,45,90,90]",,,,,,,,,BLUE,5,Same,5,1,,,,,,5,1,0.8182,2,7,39,10,1,,,,,,,,,,,,,,,,,,,,,,,,,,,,,,,,,,,,,,,,,,,,,,
,,,,,,,,674e0771f3216542d0539c7b,2025-01-21_22h25.53.589,VisualArraysMentalRotation_v4,2021.1.4,Win32,29.85074627,679054f2072d526265aabff2,6790650266ee2dcb237a4914,"[45,-45,90,90,0]","[0,90,45,-45,-45]",,Blue_1,"[45,-45,90,90,0]","[-45,90,45,-45,-45]",,,,,,,,,BLUE,3,Different,6,3,,,,,,6,1,2.6727,2,8,40,13,1,,,,,,,,,,,,,,,,,,,,,,,,,,,,,,,,,,,,,,,,,,,,,,
,,,,,,,,674e0771f3216542d0539c7b,2025-01-21_22h25.53.589,VisualArraysMentalRotation_v4,2021.1.4,Win32,29.85074627,679054f2072d526265aabff2,6790650266ee2dcb237a4914,"[-45,0,45,90,90]","[45,45,90,90,45]",,Blue_2,"[-45,0,45,90,90]","[45,45,90,90,45]",,,,,,,,,BLUE,3,Same,5,3,,,,,,5,1,0.7517,2,9,41,9,1,,,,,,,,,,,,,,,,,,,,,,,,,,,,,,,,,,,,,,,,,,,,,,
,,,,,,,,674e0771f3216542d0539c7b,2025-01-21_22h25.53.589,VisualArraysMentalRotation_v4,2021.1.4,Win32,29.85074627,679054f2072d526265aabff2,6790650266ee2dcb237a4914,"[-45,90,-45,0,-45]","[-45,45,90,45,0]",,Red_3,"[-45,90,-45,0,-45]","[-45,45,90,45,0]",,,,,,,,,RED,3,Same,5,1,,,,,,5,1,0.9235,2,10,42,0,1,,,,,,,,,,,,,,,,,,,,,,,,,,,,,,,,,,,,,,,,,,,,,,
,,,,,,,,674e0771f3216542d0539c7b,2025-01-21_22h25.53.589,VisualArraysMentalRotation_v4,2021.1.4,Win32,29.85074627,679054f2072d526265aabff2,6790650266ee2dcb237a4914,"[45,-45,-45,0,-45]","[90,0,90,-45,0]",,Red_1,"[-45,-45,-45,0,-45]","[90,0,90,-45,0]",,,,,,,,,RED,5,Different,6,1,,,,,,6,1,1.2105,2,11,43,6,1,,,,,,,,,,,,,,,,,,,,,,,,,,,,,,,,,,,,,,,,,,,,,,
,,,,,,,,674e0771f3216542d0539c7b,2025-01-21_22h25.53.589,VisualArraysMentalRotation_v4,2021.1.4,Win32,29.85074627,679054f2072d526265aabff2,6790650266ee2dcb237a4914,"[-45,90,-45,0,-45]","[90,45,0,0,-45]",,Blue_5,"[-45,90,-45,0,-45]","[90,45,0,0,45]",,,,,,,,,BLUE,5,Different,6,1,,,,,,6,1,1.2358,2,12,44,14,1,,,,,,,,,,,,,,,,,,,,,,,,,,,,,,,,,,,,,,,,,,,,,,
,,,,,,,,674e0771f3216542d0539c7b,2025-01-21_22h25.53.589,VisualArraysMentalRotation_v4,2021.1.4,Win32,29.85074627,679054f2072d526265aabff2,6790650266ee2dcb237a4914,"[90,-45,90,0,0]","[-45,-45,-45,0,45]",,Blue_2,"[90,-45,90,0,0]","[-45,90,-45,0,45]",,,,,,,,,BLUE,3,Different,6,1,,,,,,5,0,0.9683,2,13,45,12,1,,,,,,,,,,,,,,,,,,,,,,,,,,,,,,,,,,,,,,,,,,,,,,
,,,,,,,,674e0771f3216542d0539c7b,2025-01-21_22h25.53.589,VisualArraysMentalRotation_v4,2021.1.4,Win32,29.85074627,679054f2072d526265aabff2,6790650266ee2dcb237a4914,"[45,-45,45,-45,45]","[45,-45,90,-45,90]",,Blue_1,"[45,-45,45,-45,45]","[45,-45,90,-45,90]",,,,,,,,,BLUE,5,Same,5,3,,,,,,5,1,0.9352,2,14,46,11,1,,,,,,,,,,,,,,,,,,,,,,,,,,,,,,,,,,,,,,,,,,,,,,
,,,,,,,,674e0771f3216542d0539c7b,2025-01-21_22h25.53.589,VisualArraysMentalRotation_v4,2021.1.4,Win32,29.85074627,679054f2072d526265aabff2,6790650266ee2dcb237a4914,"[0,90,90,90,45]","[45,90,-45,90,90]",,Red_5,"[0,90,90,90,45]","[45,90,-45,90,90]",,,,,,,,,RED,5,Same,5,3,,,,,,5,1,0.8348,2,15,47,3,1,,,,,,,,,,,,,,,,,,,,,,,,,,,,,,,,,,,,,,,,,,,,,,
,,,,,,,,674e0771f3216542d0539c7b,2025-01-21_22h25.53.589,VisualArraysMentalRotation_v4,2021.1.4,Win32,29.85074627,679054f2072d526265aabff2,6790650266ee2dcb237a4914,"[45,90,0,-45,-45]","[-45,0,-45,0,-45]",,Blue_1,"[45,90,0,-45,-45]","[45,0,-45,0,-45]",,,,,,,,,BLUE,5,Different,6,1,,,,,,6,1,0.9677,3,0,48,14,1,,,,,,,,,,,,,,,,,,,,,,,,,,,,,,,,,,,,,,,,,,,,,,
,,,,,,,,674e0771f3216542d0539c7b,2025-01-21_22h25.53.589,VisualArraysMentalRotation_v4,2021.1.4,Win32,29.85074627,679054f2072d526265aabff2,6790650266ee2dcb237a4914,"[90,0,45,90,0]","[90,0,-45,45,90]",,Red_2,"[90,90,45,90,0]","[90,0,-45,45,90]",,,,,,,,,RED,5,Different,6,3,,,,,,6,1,1.1463,3,1,49,7,1,,,,,,,,,,,,,,,,,,,,,,,,,,,,,,,,,,,,,,,,,,,,,,
,,,,,,,,674e0771f3216542d0539c7b,2025-01-21_22h25.53.589,VisualArraysMentalRotation_v4,2021.1.4,Win32,29.85074627,679054f2072d526265aabff2,6790650266ee2dcb237a4914,"[-45,45,45,0,90]","[-45,0,45,-45,-45]",,Red_5,"[-45,45,45,0,-45]","[-45,0,45,-45,-45]",,,,,,,,,RED,5,Different,6,1,,,,,,6,1,1.6233,3,2,50,6,1,,,,,,,,,,,,,,,,,,,,,,,,,,,,,,,,,,,,,,,,,,,,,,
,,,,,,,,674e0771f3216542d0539c7b,2025-01-21_22h25.53.589,VisualArraysMentalRotation_v4,2021.1.4,Win32,29.85074627,679054f2072d526265aabff2,6790650266ee2dcb237a4914,"[90,90,0,45,-45]","[90,-45,-45,-45,90]",,Red_4,"[90,90,0,45,-45]","[90,-45,-45,-45,90]",,,,,,,,,RED,5,Same,5,1,,,,,,5,1,1.1685,3,3,51,2,1,,,,,,,,,,,,,,,,,,,,,,,,,,,,,,,,,,,,,,,,,,,,,,
,,,,,,,,674e0771f3216542d0539c7b,2025-01-21_22h25.53.589,VisualArraysMentalRotation_v4,2021.1.4,Win32,29.85074627,679054f2072d526265aabff2,6790650266ee2dcb237a4914,"[-45,0,90,0,-45]","[90,45,45,0,90]",,Red_1,"[-45,0,90,0,-45]","[90,45,45,0,90]",,,,,,,,,RED,3,Same,5,3,,,,,,5,1,1.4877,3,4,52,1,1,,,,,,,,,,,,,,,,,,,,,,,,,,,,,,,,,,,,,,,,,,,,,,
,,,,,,,,674e0771f3216542d0539c7b,2025-01-21_22h25.53.589,VisualArraysMentalRotation_v4,2021.1.4,Win32,29.85074627,679054f2072d526265aabff2,6790650266ee2dcb237a4914,"[45,45,45,-45,90]","[45,90,0,0,-45]",,Blue_3,"[45,45,45,-45,90]","[45,90,0,0,-45]",,,,,,,,,BLUE,3,Same,5,1,,,,,,5,1,0.9782,3,5,53,8,1,,,,,,,,,,,,,,,,,,,,,,,,,,,,,,,,,,,,,,,,,,,,,,
,,,,,,,,674e0771f3216542d0539c7b,2025-01-21_22h25.53.589,VisualArraysMentalRotation_v4,2021.1.4,Win32,29.85074627,679054f2072d526265aabff2,6790650266ee2dcb237a4914,"[90,45,90,-45,-45]","[90,90,0,90,45]",,Blue_2,"[90,45,90,-45,-45]","[90,0,0,90,45]",,,,,,,,,BLUE,5,Different,6,3,,,,,,6,1,0.9601,3,6,54,15,1,,,,,,,,,,,,,,,,,,,,,,,,,,,,,,,,,,,,,,,,,,,,,,
,,,,,,,,674e0771f3216542d0539c7b,2025-01-21_22h25.53.589,VisualArraysMentalRotation_v4,2021.1.4,Win32,29.85074627,679054f2072d526265aabff2,6790650266ee2dcb237a4914,"[0,45,-45,-45,90]","[90,90,45,-45,45]",,Red_1,"[0,45,-45,-45,90]","[90,90,45,-45,45]",,,,,,,,,RED,3,Same,5,1,,,,,,5,1,0.9892,3,7,55,0,1,,,,,,,,,,,,,,,,,,,,,,,,,,,,,,,,,,,,,,,,,,,,,,
,,,,,,,,674e0771f3216542d0539c7b,2025-01-21_22h25.53.589,VisualArraysMentalRotation_v4,2021.1.4,Win32,29.85074627,679054f2072d526265aabff2,6790650266ee2dcb237a4914,"[45,-45,90,45,90]","[0,45,90,0,45]",,Blue_3,"[45,-45,90,45,90]","[0,45,45,0,45]",,,,,,,,,BLUE,3,Different,6,3,,,,,,6,1,1.5886,3,8,56,13,1,,,,,,,,,,,,,,,,,,,,,,,,,,,,,,,,,,,,,,,,,,,,,,
,,,,,,,,674e0771f3216542d0539c7b,2025-01-21_22h25.53.589,VisualArraysMentalRotation_v4,2021.1.4,Win32,29.85074627,679054f2072d526265aabff2,6790650266ee2dcb237a4914,"[-45,90,45,0,45]","[90,0,90,45,-45]",,Red_1,"[45,90,45,0,45]","[90,0,90,45,-45]",,,,,,,,,RED,3,Different,6,3,,,,,,6,1,1.6238,3,9,57,5,1,,,,,,,,,,,,,,,,,,,,,,,,,,,,,,,,,,,,,,,,,,,,,,
,,,,,,,,674e0771f3216542d0539c7b,2025-01-21_22h25.53.589,VisualArraysMentalRotation_v4,2021.1.4,Win32,29.85074627,679054f2072d526265aabff2,6790650266ee2dcb237a4914,"[90,-45,-45,0,90]","[-45,90,90,-45,90]",,Red_1,"[90,-45,-45,0,90]","[-45,90,90,-45,90]",,,,,,,,,RED,5,Same,5,3,,,,,,5,1,1.6853,3,10,58,3,1,,,,,,,,,,,,,,,,,,,,,,,,,,,,,,,,,,,,,,,,,,,,,,
,,,,,,,,674e0771f3216542d0539c7b,2025-01-21_22h25.53.589,VisualArraysMentalRotation_v4,2021.1.4,Win32,29.85074627,679054f2072d526265aabff2,6790650266ee2dcb237a4914,"[0,45,-45,0,-45]","[45,-45,-45,-45,45]",,Blue_4,"[0,45,-45,0,-45]","[45,-45,-45,-45,45]",,,,,,,,,BLUE,5,Same,5,3,,,,,,5,1,1.0342,3,11,59,11,1,,,,,,,,,,,,,,,,,,,,,,,,,,,,,,,,,,,,,,,,,,,,,,
,,,,,,,,674e0771f3216542d0539c7b,2025-01-21_22h25.53.589,VisualArraysMentalRotation_v4,2021.1.4,Win32,29.85074627,679054f2072d526265aabff2,6790650266ee2dcb237a4914,"[0,45,90,45,45]","[45,90,-45,-45,45]",,Blue_2,"[0,45,90,45,45]","[45,90,-45,-45,45]",,,,,,,,,BLUE,3,Same,5,3,,,,,,5,1,0.7125,3,12,60,9,1,,,,,,,,,,,,,,,,,,,,,,,,,,,,,,,,,,,,,,,,,,,,,,
,,,,,,,,674e0771f3216542d0539c7b,2025-01-21_22h25.53.589,VisualArraysMentalRotation_v4,2021.1.4,Win32,29.85074627,679054f2072d526265aabff2,6790650266ee2dcb237a4914,"[45,45,45,0,90]","[45,90,0,0,90]",,Blue_2,"[45,45,45,0,90]","[45,45,0,0,90]",,,,,,,,,BLUE,3,Different,6,1,,,,,,6,1,0.9745,3,13,61,12,1,,,,,,,,,,,,,,,,,,,,,,,,,,,,,,,,,,,,,,,,,,,,,,
,,,,,,,,674e0771f3216542d0539c7b,2025-01-21_22h25.53.589,VisualArraysMentalRotation_v4,2021.1.4,Win32,29.85074627,679054f2072d526265aabff2,6790650266ee2dcb237a4914,"[0,45,45,90,45]","[90,-45,45,-45,90]",,Blue_1,"[0,45,45,90,45]","[90,-45,45,-45,90]",,,,,,,,,BLUE,5,Same,5,1,,,,,,6,0,1.4237,3,14,62,10,1,,,,,,,,,,,,,,,,,,,,,,,,,,,,,,,,,,,,,,,,,,,,,,
,,,,,,,,674e0771f3216542d0539c7b,2025-01-21_22h25.53.589,VisualArraysMentalRotation_v4,2021.1.4,Win32,29.85074627,679054f2072d526265aabff2,6790650266ee2dcb237a4914,"[0,45,0,90,45]","[90,-45,45,-45,90]",,Red_2,"[0,90,0,90,45]","[90,-45,45,-45,90]",,,,,,,,,RED,3,Different,6,1,,,,,,6,1,0.9871,3,15,63,4,1,,,,,,,,,,,,,,,,,,,,,,,,,,,,,,,,,,,,,,,,,,,,,,
,,,,,,,,674e0771f3216542d0539c7b,2025-01-21_22h25.53.589,VisualArraysMentalRotation_v4,2021.1.4,Win32,29.85074627,679054f2072d526265aabff2,6790650266ee2dcb237a4914,"[-45,-45,-45,90,45]","[0,90,90,90,-45]",,Red_2,"[-45,-45,-45,90,45]","[0,90,90,90,-45]",,,,,,,,,RED,3,Same,5,3,,,,,,5,1,0.9535,4,0,64,1,1,,,,,,,,,,,,,,,,,,,,,,,,,,,,,,,,,,,,,,,,,,,,,,
,,,,,,,,674e0771f3216542d0539c7b,2025-01-21_22h25.53.589,VisualArraysMentalRotation_v4,2021.1.4,Win32,29.85074627,679054f2072d526265aabff2,6790650266ee2dcb237a4914,"[-45,0,45,45,-45]","[-45,-45,-45,-45,45]",,Blue_3,"[-45,0,45,45,-45]","[-45,-45,-45,-45,45]",,,,,,,,,BLUE,3,Same,5,1,,,,,,5,1,1.9029,4,1,65,8,1,,,,,,,,,,,,,,,,,,,,,,,,,,,,,,,,,,,,,,,,,,,,,,
,,,,,,,,674e0771f3216542d0539c7b,2025-01-21_22h25.53.589,VisualArraysMentalRotation_v4,2021.1.4,Win32,29.85074627,679054f2072d526265aabff2,6790650266ee2dcb237a4914,"[-45,90,45,45,45]","[0,90,0,0,-45]",,Red_4,"[-45,90,45,45,45]","[0,90,0,0,-45]",,,,,,,,,RED,5,Same,5,1,,,,,,5,1,1.0164,4,2,66,2,1,,,,,,,,,,,,,,,,,,,,,,,,,,,,,,,,,,,,,,,,,,,,,,
,,,,,,,,674e0771f3216542d0539c7b,2025-01-21_22h25.53.589,VisualArraysMentalRotation_v4,2021.1.4,Win32,29.85074627,679054f2072d526265aabff2,6790650266ee2dcb237a4914,"[45,0,0,90,0]","[-45,0,45,90,45]",,Red_1,"[-45,0,0,90,0]","[-45,0,45,90,45]",,,,,,,,,RED,5,Different,6,3,,,,,,6,1,0.8918,4,3,67,7,1,,,,,,,,,,,,,,,,,,,,,,,,,,,,,,,,,,,,,,,,,,,,,,
,,,,,,,,674e0771f3216542d0539c7b,2025-01-21_22h25.53.589,VisualArraysMentalRotation_v4,2021.1.4,Win32,29.85074627,679054f2072d526265aabff2,6790650266ee2dcb237a4914,"[-45,-45,0,0,-45]","[45,-45,45,90,-45]",,Red_2,"[-45,0,0,0,-45]","[45,-45,45,90,-45]",,,,,,,,,RED,5,Different,6,1,,,,,,6,1,1.0939,4,4,68,6,1,,,,,,,,,,,,,,,,,,,,,,,,,,,,,,,,,,,,,,,,,,,,,,
,,,,,,,,674e0771f3216542d0539c7b,2025-01-21_22h25.53.589,VisualArraysMentalRotation_v4,2021.1.4,Win32,29.85074627,679054f2072d526265aabff2,6790650266ee2dcb237a4914,"[90,90,45,-45,-45]","[90,0,-45,0,-45]",,Blue_3,"[90,90,45,-45,-45]","[90,0,90,0,-45]",,,,,,,,,BLUE,3,Different,6,1,,,,,,5,0,2.6529,4,5,69,12,1,,,,,,,,,,,,,,,,,,,,,,,,,,,,,,,,,,,,,,,,,,,,,,
,,,,,,,,674e0771f3216542d0539c7b,2025-01-21_22h25.53.589,VisualArraysMentalRotation_v4,2021.1.4,Win32,29.85074627,679054f2072d526265aabff2,6790650266ee2dcb237a4914,"[0,45,90,90,45]","[0,90,45,-45,90]",,Blue_2,"[0,45,90,90,45]","[0,90,45,-45,90]",,,,,,,,,BLUE,5,Same,5,1,,,,,,5,1,2.3688,4,6,70,10,1,,,,,,,,,,,,,,,,,,,,,,,,,,,,,,,,,,,,,,,,,,,,,,
,,,,,,,,674e0771f3216542d0539c7b,2025-01-21_22h25.53.589,VisualArraysMentalRotation_v4,2021.1.4,Win32,29.85074627,679054f2072d526265aabff2,6790650266ee2dcb237a4914,"[-45,0,45,0,0]","[-45,45,-45,45,90]",,Blue_5,"[-45,0,45,0,0]","[-45,45,-45,45,-45]",,,,,,,,,BLUE,5,Different,6,1,,,,,,6,1,1.4508,4,7,71,14,1,,,,,,,,,,,,,,,,,,,,,,,,,,,,,,,,,,,,,,,,,,,,,,
,,,,,,,,674e0771f3216542d0539c7b,2025-01-21_22h25.53.589,VisualArraysMentalRotation_v4,2021.1.4,Win32,29.85074627,679054f2072d526265aabff2,6790650266ee2dcb237a4914,"[45,0,90,0,90]","[90,-45,45,45,-45]",,Blue_5,"[45,0,90,0,90]","[90,-45,45,45,-45]",,,,,,,,,BLUE,5,Same,5,3,,,,,,6,0,1.0558,4,8,72,11,1,,,,,,,,,,,,,,,,,,,,,,,,,,,,,,,,,,,,,,,,,,,,,,
,,,,,,,,674e0771f3216542d0539c7b,2025-01-21_22h25.53.589,VisualArraysMentalRotation_v4,2021.1.4,Win32,29.85074627,679054f2072d526265aabff2,6790650266ee2dcb237a4914,"[45,-45,0,-45,90]","[0,0,-45,0,90]",,Blue_2,"[45,-45,0,-45,90]","[0,0,-45,0,90]",,,,,,,,,BLUE,3,Same,5,3,,,,,,5,1,2.202,4,9,73,9,1,,,,,,,,,,,,,,,,,,,,,,,,,,,,,,,,,,,,,,,,,,,,,,
,,,,,,,,674e0771f3216542d0539c7b,2025-01-21_22h25.53.589,VisualArraysMentalRotation_v4,2021.1.4,Win32,29.85074627,679054f2072d526265aabff2,6790650266ee2dcb237a4914,"[0,45,90,-45,45]","[90,90,-45,90,90]",,Red_5,"[0,45,90,-45,45]","[90,90,-45,90,90]",,,,,,,,,RED,5,Same,5,3,,,,,,6,0,1.5451,4,10,74,3,1,,,,,,,,,,,,,,,,,,,,,,,,,,,,,,,,,,,,,,,,,,,,,,
,,,,,,,,674e0771f3216542d0539c7b,2025-01-21_22h25.53.589,VisualArraysMentalRotation_v4,2021.1.4,Win32,29.85074627,679054f2072d526265aabff2,6790650266ee2dcb237a4914,"[90,90,0,90,-45]","[45,45,90,-45,0]",,Blue_3,"[90,90,0,90,-45]","[45,45,45,-45,0]",,,,,,,,,BLUE,3,Different,6,3,,,,,,6,1,1.3117,4,11,75,13,1,,,,,,,,,,,,,,,,,,,,,,,,,,,,,,,,,,,,,,,,,,,,,,
,,,,,,,,674e0771f3216542d0539c7b,2025-01-21_22h25.53.589,VisualArraysMentalRotation_v4,2021.1.4,Win32,29.85074627,679054f2072d526265aabff2,6790650266ee2dcb237a4914,"[-45,90,0,45,-45]","[45,45,0,90,90]",,Red_1,"[45,90,0,45,-45]","[45,45,0,90,90]",,,,,,,,,RED,3,Different,6,1,,,,,,6,1,1.9411,4,12,76,4,1,,,,,,,,,,,,,,,,,,,,,,,,,,,,,,,,,,,,,,,,,,,,,,
,,,,,,,,674e0771f3216542d0539c7b,2025-01-21_22h25.53.589,VisualArraysMentalRotation_v4,2021.1.4,Win32,29.85074627,679054f2072d526265aabff2,6790650266ee2dcb237a4914,"[-45,0,0,90,45]","[-45,0,0,90,45]",,Blue_4,"[-45,0,0,90,45]","[-45,0,0,0,45]",,,,,,,,,BLUE,5,Different,6,3,,,,,,6,1,1.1695,4,13,77,15,1,,,,,,,,,,,,,,,,,,,,,,,,,,,,,,,,,,,,,,,,,,,,,,
,,,,,,,,674e0771f3216542d0539c7b,2025-01-21_22h25.53.589,VisualArraysMentalRotation_v4,2021.1.4,Win32,29.85074627,679054f2072d526265aabff2,6790650266ee2dcb237a4914,"[0,90,-45,0,0]","[90,-45,90,90,45]",,Red_2,"[0,-45,-45,0,0]","[90,-45,90,90,45]",,,,,,,,,RED,3,Different,6,3,,,,,,6,1,0.9208,4,14,78,5,1,,,,,,,,,,,,,,,,,,,,,,,,,,,,,,,,,,,,,,,,,,,,,,
,,,,,,,,674e0771f3216542d0539c7b,2025-01-21_22h25.53.589,VisualArraysMentalRotation_v4,2021.1.4,Win32,29.85074627,679054f2072d526265aabff2,6790650266ee2dcb237a4914,"[90,0,-45,0,90]","[45,0,45,0,-45]",,Red_3,"[90,0,-45,0,90]","[45,0,45,0,-45]",,,,,,,,,RED,3,Same,5,1,,,,,,5,1,0.9857,4,15,79,0,1,,,,,,,,,,,,,,,,,,,,,,,,,,,,,,,,,,,,,,,,,,,,,,
,,,,,,,,674e0771f3216542d0539c7b,2025-01-21_22h25.53.589,VisualArraysMentalRotation_v4,2021.1.4,Win32,29.85074627,679054f2072d526265aabff2,6790650266ee2dcb237a4914,"[-45,90,90,45,45]","[-45,45,90,45,90]",,Blue_1,"[-45,90,90,45,45]","[-45,45,90,45,90]",,,,,,,,,BLUE,5,Same,5,1,,,,,,5,1,0.7213,5,0,80,10,1,,,,,,,,,,,,,,,,,,,,,,,,,,,,,,,,,,,,,,,,,,,,,,
,,,,,,,,674e0771f3216542d0539c7b,2025-01-21_22h25.53.589,VisualArraysMentalRotation_v4,2021.1.4,Win32,29.85074627,679054f2072d526265aabff2,6790650266ee2dcb237a4914,"[-45,0,45,90,90]","[90,90,90,90,90]",,Red_4,"[-45,0,45,90,90]","[90,90,90,90,90]",,,,,,,,,RED,5,Same,5,3,,,,,,6,0,0.6044,5,1,81,3,1,,,,,,,,,,,,,,,,,,,,,,,,,,,,,,,,,,,,,,,,,,,,,,
,,,,,,,,674e0771f3216542d0539c7b,2025-01-21_22h25.53.589,VisualArraysMentalRotation_v4,2021.1.4,Win32,29.85074627,679054f2072d526265aabff2,6790650266ee2dcb237a4914,"[45,90,90,45,-45]","[90,45,45,45,-45]",,Blue_3,"[45,90,90,45,-45]","[90,45,-45,45,-45]",,,,,,,,,BLUE,5,Different,6,3,,,,,,5,0,1.6235,5,2,82,15,1,,,,,,,,,,,,,,,,,,,,,,,,,,,,,,,,,,,,,,,,,,,,,,
,,,,,,,,674e0771f3216542d0539c7b,2025-01-21_22h25.53.589,VisualArraysMentalRotation_v4,2021.1.4,Win32,29.85074627,679054f2072d526265aabff2,6790650266ee2dcb237a4914,"[0,45,-45,90,0]","[0,45,45,-45,45]",,Red_3,"[0,45,-45,90,0]","[0,45,45,-45,45]",,,,,,,,,RED,3,Same,5,1,,,,,,5,1,0.7608,5,3,83,0,1,,,,,,,,,,,,,,,,,,,,,,,,,,,,,,,,,,,,,,,,,,,,,,
,,,,,,,,674e0771f3216542d0539c7b,2025-01-21_22h25.53.589,VisualArraysMentalRotation_v4,2021.1.4,Win32,29.85074627,679054f2072d526265aabff2,6790650266ee2dcb237a4914,"[45,0,45,45,45]","[45,0,-45,-45,-45]",,Blue_1,"[45,0,45,45,45]","[90,0,-45,-45,-45]",,,,,,,,,BLUE,5,Different,6,1,,,,,,5,0,0.9704,5,4,84,14,1,,,,,,,,,,,,,,,,,,,,,,,,,,,,,,,,,,,,,,,,,,,,,,
,,,,,,,,674e0771f3216542d0539c7b,2025-01-21_22h25.53.589,VisualArraysMentalRotation_v4,2021.1.4,Win32,29.85074627,679054f2072d526265aabff2,6790650266ee2dcb237a4914,"[45,45,45,-45,90]","[45,90,90,0,45]",,Red_2,"[45,90,45,-45,90]","[45,90,90,0,45]",,,,,,,,,RED,5,Different,6,3,,,,,,6,1,0.7008,5,5,85,7,1,,,,,,,,,,,,,,,,,,,,,,,,,,,,,,,,,,,,,,,,,,,,,,
,,,,,,,,674e0771f3216542d0539c7b,2025-01-21_22h25.53.589,VisualArraysMentalRotation_v4,2021.1.4,Win32,29.85074627,679054f2072d526265aabff2,6790650266ee2dcb237a4914,"[-45,0,90,0,45]","[45,-45,0,0,45]",,Red_1,"[90,0,90,0,45]","[45,-45,0,0,45]",,,,,,,,,RED,5,Different,6,1,,,,,,5,0,1.7568,5,6,86,6,1,,,,,,,,,,,,,,,,,,,,,,,,,,,,,,,,,,,,,,,,,,,,,,
,,,,,,,,674e0771f3216542d0539c7b,2025-01-21_22h25.53.589,VisualArraysMentalRotation_v4,2021.1.4,Win32,29.85074627,679054f2072d526265aabff2,6790650266ee2dcb237a4914,"[0,90,0,0,90]","[45,90,-45,45,0]",,Blue_3,"[0,90,0,0,90]","[45,90,0,45,0]",,,,,,,,,BLUE,3,Different,6,1,,,,,,5,0,1.1409,5,7,87,12,1,,,,,,,,,,,,,,,,,,,,,,,,,,,,,,,,,,,,,,,,,,,,,,
,,,,,,,,674e0771f3216542d0539c7b,2025-01-21_22h25.53.589,VisualArraysMentalRotation_v4,2021.1.4,Win32,29.85074627,679054f2072d526265aabff2,6790650266ee2dcb237a4914,"[45,45,90,90,-45]","[45,0,90,90,45]",,Blue_3,"[45,45,90,90,-45]","[45,0,90,90,45]",,,,,,,,,BLUE,3,Same,5,1,,,,,,6,0,1.1392,5,8,88,8,1,,,,,,,,,,,,,,,,,,,,,,,,,,,,,,,,,,,,,,,,,,,,,,
,,,,,,,,674e0771f3216542d0539c7b,2025-01-21_22h25.53.589,VisualArraysMentalRotation_v4,2021.1.4,Win32,29.85074627,679054f2072d526265aabff2,6790650266ee2dcb237a4914,"[0,90,45,0,-45]","[0,90,90,90,-45]",,Red_1,"[0,90,45,0,-45]","[0,90,90,90,-45]",,,,,,,,,RED,3,Same,5,3,,,,,,5,1,0.5193,5,9,89,1,1,,,,,,,,,,,,,,,,,,,,,,,,,,,,,,,,,,,,,,,,,,,,,,
,,,,,,,,674e0771f3216542d0539c7b,2025-01-21_22h25.53.589,VisualArraysMentalRotation_v4,2021.1.4,Win32,29.85074627,679054f2072d526265aabff2,6790650266ee2dcb237a4914,"[45,90,0,0,-45]","[0,90,45,90,-45]",,Red_3,"[45,90,-45,0,-45]","[0,90,45,90,-45]",,,,,,,,,RED,3,Different,6,3,,,,,,6,1,1.492,5,10,90,5,1,,,,,,,,,,,,,,,,,,,,,,,,,,,,,,,,,,,,,,,,,,,,,,
,,,,,,,,674e0771f3216542d0539c7b,2025-01-21_22h25.53.589,VisualArraysMentalRotation_v4,2021.1.4,Win32,29.85074627,679054f2072d526265aabff2,6790650266ee2dcb237a4914,"[-45,45,0,-45,0]","[45,90,-45,45,0]",,Red_5,"[-45,45,0,-45,0]","[45,90,-45,45,0]",,,,,,,,,RED,5,Same,5,1,,,,,,6,0,0.6712,5,11,91,2,1,,,,,,,,,,,,,,,,,,,,,,,,,,,,,,,,,,,,,,,,,,,,,,
,,,,,,,,674e0771f3216542d0539c7b,2025-01-21_22h25.53.589,VisualArraysMentalRotation_v4,2021.1.4,Win32,29.85074627,679054f2072d526265aabff2,6790650266ee2dcb237a4914,"[90,90,-45,90,-45]","[90,90,-45,0,45]",,Blue_3,"[90,90,-45,90,-45]","[90,90,90,0,45]",,,,,,,,,BLUE,3,Different,6,3,,,,,,6,1,1.0418,5,12,92,13,1,,,,,,,,,,,,,,,,,,,,,,,,,,,,,,,,,,,,,,,,,,,,,,
,,,,,,,,674e0771f3216542d0539c7b,2025-01-21_22h25.53.589,VisualArraysMentalRotation_v4,2021.1.4,Win32,29.85074627,679054f2072d526265aabff2,6790650266ee2dcb237a4914,"[45,-45,45,-45,-45]","[0,45,-45,45,45]",,Red_1,"[90,-45,45,-45,-45]","[0,45,-45,45,45]",,,,,,,,,RED,3,Different,6,1,,,,,,6,1,0.8544,5,13,93,4,1,,,,,,,,,,,,,,,,,,,,,,,,,,,,,,,,,,,,,,,,,,,,,,
,,,,,,,,674e0771f3216542d0539c7b,2025-01-21_22h25.53.589,VisualArraysMentalRotation_v4,2021.1.4,Win32,29.85074627,679054f2072d526265aabff2,6790650266ee2dcb237a4914,"[90,90,45,0,45]","[-45,45,45,90,-45]",,Blue_3,"[90,90,45,0,45]","[-45,45,45,90,-45]",,,,,,,,,BLUE,5,Same,5,3,,,,,,5,1,1.9517,5,14,94,11,1,,,,,,,,,,,,,,,,,,,,,,,,,,,,,,,,,,,,,,,,,,,,,,
,,,,,,,,674e0771f3216542d0539c7b,2025-01-21_22h25.53.589,VisualArraysMentalRotation_v4,2021.1.4,Win32,29.85074627,679054f2072d526265aabff2,6790650266ee2dcb237a4914,"[45,90,-45,-45,45]","[0,-45,0,90,-45]",,Blue_3,"[45,90,-45,-45,45]","[0,-45,0,90,-45]",,,,,,,,,BLUE,3,Same,5,3,,,,,,5,1,0.6587,5,15,95,9,1,,,,,,,,,,,,,,,,,,,,,,,,,,,,,,,,,,,,,,,,,,,,,,
,,,,,,,,674e0771f3216542d0539c7b,2025-01-21_22h25.53.589,VisualArraysMentalRotation_v4,2021.1.4,Win32,29.85074627,679054f2072d526265aabff2,6790650266ee2dcb237a4914,"[-45,45,90,-45,45]","[-45,45,0,0,-45]",,Red_4,"[-45,45,90,90,45]","[-45,45,0,0,-45]",,,,,,,,,RED,5,Different,6,1,,,,,,6,1,0.8818,6,0,96,6,1,,,,,,,,,,,,,,,,,,,,,,,,,,,,,,,,,,,,,,,,,,,,,,
,,,,,,,,674e0771f3216542d0539c7b,2025-01-21_22h25.53.589,VisualArraysMentalRotation_v4,2021.1.4,Win32,29.85074627,679054f2072d526265aabff2,6790650266ee2dcb237a4914,"[-45,-45,45,-45,45]","[45,0,90,45,45]",,Red_4,"[-45,-45,45,-45,45]","[45,0,90,45,45]",,,,,,,,,RED,5,Same,5,3,,,,,,6,0,0.7495,6,1,97,3,1,,,,,,,,,,,,,,,,,,,,,,,,,,,,,,,,,,,,,,,,,,,,,,
,,,,,,,,674e0771f3216542d0539c7b,2025-01-21_22h25.53.589,VisualArraysMentalRotation_v4,2021.1.4,Win32,29.85074627,679054f2072d526265aabff2,6790650266ee2dcb237a4914,"[-45,0,90,90,45]","[45,-45,45,-45,90]",,Red_3,"[-45,0,90,90,45]","[45,-45,45,-45,90]",,,,,,,,,RED,3,Same,5,3,,,,,,5,1,0.9758,6,2,98,1,1,,,,,,,,,,,,,,,,,,,,,,,,,,,,,,,,,,,,,,,,,,,,,,
,,,,,,,,674e0771f3216542d0539c7b,2025-01-21_22h25.53.589,VisualArraysMentalRotation_v4,2021.1.4,Win32,29.85074627,679054f2072d526265aabff2,6790650266ee2dcb237a4914,"[0,0,90,45,0]","[-45,-45,0,0,0]",,Blue_1,"[0,0,90,45,0]","[90,-45,0,0,0]",,,,,,,,,BLUE,3,Different,6,3,,,,,,6,1,0.8114,6,3,99,13,1,,,,,,,,,,,,,,,,,,,,,,,,,,,,,,,,,,,,,,,,,,,,,,
,,,,,,,,674e0771f3216542d0539c7b,2025-01-21_22h25.53.589,VisualArraysMentalRotation_v4,2021.1.4,Win32,29.85074627,679054f2072d526265aabff2,6790650266ee2dcb237a4914,"[45,-45,-45,90,-45]","[45,-45,-45,-45,0]",,Blue_1,"[45,-45,-45,90,-45]","[0,-45,-45,-45,0]",,,,,,,,,BLUE,5,Different,6,1,,,,,,6,1,0.5826,6,4,100,14,1,,,,,,,,,,,,,,,,,,,,,,,,,,,,,,,,,,,,,,,,,,,,,,
,,,,,,,,674e0771f3216542d0539c7b,2025-01-21_22h25.53.589,VisualArraysMentalRotation_v4,2021.1.4,Win32,29.85074627,679054f2072d526265aabff2,6790650266ee2dcb237a4914,"[0,-45,-45,90,90]","[0,0,-45,-45,0]",,Blue_2,"[0,-45,-45,90,90]","[0,0,-45,-45,0]",,,,,,,,,BLUE,5,Same,5,3,,,,,,5,1,0.514,6,5,101,11,1,,,,,,,,,,,,,,,,,,,,,,,,,,,,,,,,,,,,,,,,,,,,,,
,,,,,,,,674e0771f3216542d0539c7b,2025-01-21_22h25.53.589,VisualArraysMentalRotation_v4,2021.1.4,Win32,29.85074627,679054f2072d526265aabff2,6790650266ee2dcb237a4914,"[0,-45,-45,45,45]","[0,45,90,0,-45]",,Red_2,"[0,90,-45,45,45]","[0,45,90,0,-45]",,,,,,,,,RED,3,Different,6,3,,,,,,6,1,0.6412,6,6,102,5,1,,,,,,,,,,,,,,,,,,,,,,,,,,,,,,,,,,,,,,,,,,,,,,
,,,,,,,,674e0771f3216542d0539c7b,2025-01-21_22h25.53.589,VisualArraysMentalRotation_v4,2021.1.4,Win32,29.85074627,679054f2072d526265aabff2,6790650266ee2dcb237a4914,"[45,-45,90,0,45]","[-45,-45,90,-45,0]",,Blue_3,"[45,-45,90,0,45]","[-45,-45,90,-45,0]",,,,,,,,,BLUE,3,Same,5,3,,,,,,5,1,0.3394,6,7,103,9,1,,,,,,,,,,,,,,,,,,,,,,,,,,,,,,,,,,,,,,,,,,,,,,
,,,,,,,,674e0771f3216542d0539c7b,2025-01-21_22h25.53.589,VisualArraysMentalRotation_v4,2021.1.4,Win32,29.85074627,679054f2072d526265aabff2,6790650266ee2dcb237a4914,"[90,45,0,90,-45]","[-45,45,0,90,45]",,Blue_4,"[90,45,0,90,-45]","[-45,45,0,45,45]",,,,,,,,,BLUE,5,Different,6,3,,,,,,5,0,0.8876,6,8,104,15,1,,,,,,,,,,,,,,,,,,,,,,,,,,,,,,,,,,,,,,,,,,,,,,
,,,,,,,,674e0771f3216542d0539c7b,2025-01-21_22h25.53.589,VisualArraysMentalRotation_v4,2021.1.4,Win32,29.85074627,679054f2072d526265aabff2,6790650266ee2dcb237a4914,"[0,-45,45,45,45]","[0,-45,0,90,90]",,Red_5,"[0,-45,45,45,45]","[0,-45,0,90,90]",,,,,,,,,RED,5,Same,5,1,,,,,,6,0,0.5022,6,9,105,2,1,,,,,,,,,,,,,,,,,,,,,,,,,,,,,,,,,,,,,,,,,,,,,,
,,,,,,,,674e0771f3216542d0539c7b,2025-01-21_22h25.53.589,VisualArraysMentalRotation_v4,2021.1.4,Win32,29.85074627,679054f2072d526265aabff2,6790650266ee2dcb237a4914,"[90,0,90,45,45]","[90,45,45,90,-45]",,Red_3,"[90,0,0,45,45]","[90,45,45,90,-45]",,,,,,,,,RED,3,Different,6,1,,,,,,5,0,1.1908,6,10,106,4,1,,,,,,,,,,,,,,,,,,,,,,,,,,,,,,,,,,,,,,,,,,,,,,
,,,,,,,,674e0771f3216542d0539c7b,2025-01-21_22h25.53.589,VisualArraysMentalRotation_v4,2021.1.4,Win32,29.85074627,679054f2072d526265aabff2,6790650266ee2dcb237a4914,"[0,0,-45,45,90]","[90,0,45,-45,90]",,Blue_2,"[0,0,-45,45,90]","[90,0,45,-45,90]",,,,,,,,,BLUE,3,Same,5,1,,,,,,5,1,0.8911,6,11,107,8,1,,,,,,,,,,,,,,,,,,,,,,,,,,,,,,,,,,,,,,,,,,,,,,
,,,,,,,,674e0771f3216542d0539c7b,2025-01-21_22h25.53.589,VisualArraysMentalRotation_v4,2021.1.4,Win32,29.85074627,679054f2072d526265aabff2,6790650266ee2dcb237a4914,"[45,-45,0,-45,0]","[45,90,0,0,90]",,Red_1,"[90,-45,0,-45,0]","[45,90,0,0,90]",,,,,,,,,RED,5,Different,6,3,,,,,,6,1,0.2868,6,12,108,7,1,,,,,,,,,,,,,,,,,,,,,,,,,,,,,,,,,,,,,,,,,,,,,,
,,,,,,,,674e0771f3216542d0539c7b,2025-01-21_22h25.53.589,VisualArraysMentalRotation_v4,2021.1.4,Win32,29.85074627,679054f2072d526265aabff2,6790650266ee2dcb237a4914,"[-45,45,0,-45,0]","[45,-45,45,0,90]",,Blue_5,"[-45,45,0,-45,0]","[45,-45,45,0,90]",,,,,,,,,BLUE,5,Same,5,1,,,,,,5,1,0.3933,6,13,109,10,1,,,,,,,,,,,,,,,,,,,,,,,,,,,,,,,,,,,,,,,,,,,,,,
,,,,,,,,674e0771f3216542d0539c7b,2025-01-21_22h25.53.589,VisualArraysMentalRotation_v4,2021.1.4,Win32,29.85074627,679054f2072d526265aabff2,6790650266ee2dcb237a4914,"[0,90,0,0,-45]","[45,90,45,90,45]",,Blue_1,"[0,90,0,0,-45]","[0,90,45,90,45]",,,,,,,,,BLUE,3,Different,6,1,,,,,,6,1,1.0754,6,14,110,12,1,,,,,,,,,,,,,,,,,,,,,,,,,,,,,,,,,,,,,,,,,,,,,,
,,,,,,,,674e0771f3216542d0539c7b,2025-01-21_22h25.53.589,VisualArraysMentalRotation_v4,2021.1.4,Win32,29.85074627,679054f2072d526265aabff2,6790650266ee2dcb237a4914,"[45,0,-45,45,0]","[90,45,-45,0,45]",,Red_3,"[45,0,-45,45,0]","[90,45,-45,0,45]",,,,,,,,,RED,3,Same,5,1,,,,,,5,1,0.8942,6,15,111,0,1,,,,,,,,,,,,,,,,,,,,,,,,,,,,,,,,,,,,,,,,,,,,,,
,,,,,,,,674e0771f3216542d0539c7b,2025-01-21_22h25.53.589,VisualArraysMentalRotation_v4,2021.1.4,Win32,29.85074627,679054f2072d526265aabff2,6790650266ee2dcb237a4914,,,,,,,,,,,,,,,,,,,,,,,,,,,,,,,,,0,0,0,0,1,,,,,,,,,,,,,,,,,,,,,,,,,,,,,,,,,,,,,,,,,
,,,,,,,,674e0771f3216542d0539c7b,2025-01-21_22h25.53.589,VisualArraysMentalRotation_v4,2021.1.4,Win32,29.85074627,679054f2072d526265aabff2,6790650266ee2dcb237a4914,,,,,,,,,,,,,,,,,,,,,,,,,,,,,,,,,,,,,,0,0,0,0,1,1,0,,,,,,,,,,,,,,,,,,,,,,,,,,,,,,,,,,
,,,,,,,,674e0771f3216542d0539c7b,2025-01-21_22h25.53.589,VisualArraysMentalRotation_v4,2021.1.4,Win32,29.85074627,679054f2072d526265aabff2,6790650266ee2dcb237a4914,,,,,,,,,,,,,,,,,,,,,,,,,,,,,,,,,,,,,,,,,,,,,n,0,3.7998,0,0,0,5,1,PracticeStim/26_150.jpg,150,Same,b,,,,,,,,,,,,,,,,,,,,,,
,,,,,,,,674e0771f3216542d0539c7b,2025-01-21_22h25.53.589,VisualArraysMentalRotation_v4,2021.1.4,Win32,29.85074627,679054f2072d526265aabff2,6790650266ee2dcb237a4914,,,,,,,,,,,,,,,,,,,,,,,,,,,,,,,,,,,,,,,,,,,,,n,0,2.8015,0,1,1,10,1,PracticeStim/41_150.jpg,150,Same,b,,,,,,,,,,,,,,,,,,,,,,
,,,,,,,,674e0771f3216542d0539c7b,2025-01-21_22h25.53.589,VisualArraysMentalRotation_v4,2021.1.4,Win32,29.85074627,679054f2072d526265aabff2,6790650266ee2dcb237a4914,,,,,,,,,,,,,,,,,,,,,,,,,,,,,,,,,,,,,,,,,,,,,b,1,1.5888,0,2,2,2,1,PracticeStim/17_50.jpg,50,Same,b,,,,,,,,,,,,,,,,,,,,,,
,,,,,,,,674e0771f3216542d0539c7b,2025-01-21_22h25.53.589,VisualArraysMentalRotation_v4,2021.1.4,Win32,29.85074627,679054f2072d526265aabff2,6790650266ee2dcb237a4914,,,,,,,,,,,,,,,,,,,,,,,,,,,,,,,,,,,,,,,,,,,,,b,0,3.1997,0,3,3,0,1,PracticeStim/7_100_R.jpg,100,Different,n,,,,,,,,,,,,,,,,,,,,,,
,,,,,,,,674e0771f3216542d0539c7b,2025-01-21_22h25.53.589,VisualArraysMentalRotation_v4,2021.1.4,Win32,29.85074627,679054f2072d526265aabff2,6790650266ee2dcb237a4914,,,,,,,,,,,,,,,,,,,,,,,,,,,,,,,,,,,,,,,,,,,,,n,1,1.4863,0,4,4,8,1,PracticeStim/33_50_R.jpg,50,Different,n,,,,,,,,,,,,,,,,,,,,,,
,,,,,,,,674e0771f3216542d0539c7b,2025-01-21_22h25.53.589,VisualArraysMentalRotation_v4,2021.1.4,Win32,29.85074627,679054f2072d526265aabff2,6790650266ee2dcb237a4914,,,,,,,,,,,,,,,,,,,,,,,,,,,,,,,,,,,,,,,,,,,,,b,1,2.8085,0,5,5,4,1,PracticeStim/25_150.jpg,150,Same,b,,,,,,,,,,,,,,,,,,,,,,
,,,,,,,,674e0771f3216542d0539c7b,2025-01-21_22h25.53.589,VisualArraysMentalRotation_v4,2021.1.4,Win32,29.85074627,679054f2072d526265aabff2,6790650266ee2dcb237a4914,,,,,,,,,,,,,,,,,,,,,,,,,,,,,,,,,,,,,,,,,,,,,b,0,3.8374,0,6,6,1,1,PracticeStim/9_100_R.jpg,100,Different,n,,,,,,,,,,,,,,,,,,,,,,
,,,,,,,,674e0771f3216542d0539c7b,2025-01-21_22h25.53.589,VisualArraysMentalRotation_v4,2021.1.4,Win32,29.85074627,679054f2072d526265aabff2,6790650266ee2dcb237a4914,,,,,,,,,,,,,,,,,,,,,,,,,,,,,,,,,,,,,,,,,,,,,n,1,3.6593,0,7,7,7,1,PracticeStim/31_50_R.jpg,50,Different,n,,,,,,,,,,,,,,,,,,,,,,
,,,,,,,,674e0771f3216542d0539c7b,2025-01-21_22h25.53.589,VisualArraysMentalRotation_v4,2021.1.4,Win32,29.85074627,679054f2072d526265aabff2,6790650266ee2dcb237a4914,,,,,,,,,,,,,,,,,,,,,,,,,,,,,,,,,,,,,,,,,,,,,n,1,2.0765,0,8,8,6,1,PracticeStim/30_100_R.jpg,100,Different,n,,,,,,,,,,,,,,,,,,,,,,
,,,,,,,,674e0771f3216542d0539c7b,2025-01-21_22h25.53.589,VisualArraysMentalRotation_v4,2021.1.4,Win32,29.85074627,679054f2072d526265aabff2,6790650266ee2dcb237a4914,,,,,,,,,,,,,,,,,,,,,,,,,,,,,,,,,,,,,,,,,,,,,n,1,1.6247,0,9,9,9,1,PracticeStim/36_100_R.jpg,100,Different,n,,,,,,,,,,,,,,,,,,,,,,
,,,,,,,,674e0771f3216542d0539c7b,2025-01-21_22h25.53.589,VisualArraysMentalRotation_v4,2021.1.4,Win32,29.85074627,679054f2072d526265aabff2,6790650266ee2dcb237a4914,,,,,,,,,,,,,,,,,,,,,,,,,,,,,,,,,,,,,,,,,,,,,n,0,2.6443,0,10,10,11,1,PracticeStim/42_50.jpg,50,Same,b,,,,,,,,,,,,,,,,,,,,,,
,,,,,,,,674e0771f3216542d0539c7b,2025-01-21_22h25.53.589,VisualArraysMentalRotation_v4,2021.1.4,Win32,29.85074627,679054f2072d526265aabff2,6790650266ee2dcb237a4914,,,,,,,,,,,,,,,,,,,,,,,,,,,,,,,,,,,,,,,,,,,,,b,1,1.5427,0,11,11,3,1,PracticeStim/18_150.jpg,150,Same,b,,,,,,,,,,,,,,,,,,,,,,
,,,,,,,,674e0771f3216542d0539c7b,2025-01-21_22h25.53.589,VisualArraysMentalRotation_v4,2021.1.4,Win32,29.85074627,679054f2072d526265aabff2,6790650266ee2dcb237a4914,,,,,,,,,,,,,,,,,,,,,,,,,,,,,,,,,,,,,,,,,,,,,,,,,,,,,,,,,0,0,0,0,1,,,,,,,,,,,,,,,,,
,,,,,,,,674e0771f3216542d0539c7b,2025-01-21_22h25.53.589,VisualArraysMentalRotation_v4,2021.1.4,Win32,29.85074627,679054f2072d526265aabff2,6790650266ee2dcb237a4914,,,,,,,,,,,,,,,,,,,,,,,,,,,,,,,,,,,,,,,,,,,,,n,1,6.1647,0,0,0,9,1,PracticeStim/36_100_R.jpg,100,Different,n,,,,,,,,,,,,,,,,,,,,,,
,,,,,,,,674e0771f3216542d0539c7b,2025-01-21_22h25.53.589,VisualArraysMentalRotation_v4,2021.1.4,Win32,29.85074627,679054f2072d526265aabff2,6790650266ee2dcb237a4914,,,,,,,,,,,,,,,,,,,,,,,,,,,,,,,,,,,,,,,,,,,,,n,0,6.9868,0,1,1,4,1,PracticeStim/25_150.jpg,150,Same,b,,,,,,,,,,,,,,,,,,,,,,
,,,,,,,,674e0771f3216542d0539c7b,2025-01-21_22h25.53.589,VisualArraysMentalRotation_v4,2021.1.4,Win32,29.85074627,679054f2072d526265aabff2,6790650266ee2dcb237a4914,,,,,,,,,,,,,,,,,,,,,,,,,,,,,,,,,,,,,,,,,,,,,b,1,2.2357,0,2,2,5,1,PracticeStim/26_150.jpg,150,Same,b,,,,,,,,,,,,,,,,,,,,,,
,,,,,,,,674e0771f3216542d0539c7b,2025-01-21_22h25.53.589,VisualArraysMentalRotation_v4,2021.1.4,Win32,29.85074627,679054f2072d526265aabff2,6790650266ee2dcb237a4914,,,,,,,,,,,,,,,,,,,,,,,,,,,,,,,,,,,,,,,,,,,,,n,1,1.7981,0,3,3,1,1,PracticeStim/9_100_R.jpg,100,Different,n,,,,,,,,,,,,,,,,,,,,,,
,,,,,,,,674e0771f3216542d0539c7b,2025-01-21_22h25.53.589,VisualArraysMentalRotation_v4,2021.1.4,Win32,29.85074627,679054f2072d526265aabff2,6790650266ee2dcb237a4914,,,,,,,,,,,,,,,,,,,,,,,,,,,,,,,,,,,,,,,,,,,,,b,1,3.0404,0,4,4,3,1,PracticeStim/18_150.jpg,150,Same,b,,,,,,,,,,,,,,,,,,,,,,
,,,,,,,,674e0771f3216542d0539c7b,2025-01-21_22h25.53.589,VisualArraysMentalRotation_v4,2021.1.4,Win32,29.85074627,679054f2072d526265aabff2,6790650266ee2dcb237a4914,,,,,,,,,,,,,,,,,,,,,,,,,,,,,,,,,,,,,,,,,,,,,n,1,6.9295,0,5,5,7,1,PracticeStim/31_50_R.jpg,50,Different,n,,,,,,,,,,,,,,,,,,,,,,
,,,,,,,,674e0771f3216542d0539c7b,2025-01-21_22h25.53.589,VisualArraysMentalRotation_v4,2021.1.4,Win32,29.85074627,679054f2072d526265aabff2,6790650266ee2dcb237a4914,,,,,,,,,,,,,,,,,,,,,,,,,,,,,,,,,,,,,,,,,,,,,b,1,1.8373,0,6,6,11,1,PracticeStim/42_50.jpg,50,Same,b,,,,,,,,,,,,,,,,,,,,,,
,,,,,,,,674e0771f3216542d0539c7b,2025-01-21_22h25.53.589,VisualArraysMentalRotation_v4,2021.1.4,Win32,29.85074627,679054f2072d526265aabff2,6790650266ee2dcb237a4914,,,,,,,,,,,,,,,,,,,,,,,,,,,,,,,,,,,,,,,,,,,,,b,1,3.3835,0,7,7,2,1,PracticeStim/17_50.jpg,50,Same,b,,,,,,,,,,,,,,,,,,,,,,
,,,,,,,,674e0771f3216542d0539c7b,2025-01-21_22h25.53.589,VisualArraysMentalRotation_v4,2021.1.4,Win32,29.85074627,679054f2072d526265aabff2,6790650266ee2dcb237a4914,,,,,,,,,,,,,,,,,,,,,,,,,,,,,,,,,,,,,,,,,,,,,n,1,4.8115,0,8,8,8,1,PracticeStim/33_50_R.jpg,50,Different,n,,,,,,,,,,,,,,,,,,,,,,
,,,,,,,,674e0771f3216542d0539c7b,2025-01-21_22h25.53.589,VisualArraysMentalRotation_v4,2021.1.4,Win32,29.85074627,679054f2072d526265aabff2,6790650266ee2dcb237a4914,,,,,,,,,,,,,,,,,,,,,,,,,,,,,,,,,,,,,,,,,,,,,n,1,2.2906,0,9,9,6,1,PracticeStim/30_100_R.jpg,100,Different,n,,,,,,,,,,,,,,,,,,,,,,
,,,,,,,,674e0771f3216542d0539c7b,2025-01-21_22h25.53.589,VisualArraysMentalRotation_v4,2021.1.4,Win32,29.85074627,679054f2072d526265aabff2,6790650266ee2dcb237a4914,,,,,,,,,,,,,,,,,,,,,,,,,,,,,,,,,,,,,,,,,,,,,b,1,2.5942,0,10,10,10,1,PracticeStim/41_150.jpg,150,Same,b,,,,,,,,,,,,,,,,,,,,,,
,,,,,,,,674e0771f3216542d0539c7b,2025-01-21_22h25.53.589,VisualArraysMentalRotation_v4,2021.1.4,Win32,29.85074627,679054f2072d526265aabff2,6790650266ee2dcb237a4914,,,,,,,,,,,,,,,,,,,,,,,,,,,,,,,,,,,,,,,,,,,,,n,1,3.9243,0,11,11,0,1,PracticeStim/7_100_R.jpg,100,Different,n,,,,,,,,,,,,,,,,,,,,,,
,,,,,,,,674e0771f3216542d0539c7b,2025-01-21_22h25.53.589,VisualArraysMentalRotation_v4,2021.1.4,Win32,29.85074627,679054f2072d526265aabff2,6790650266ee2dcb237a4914,,,,,,,,,,,,,,,,,,,,,,,,,,,,,,,,,,,,,,,,,,,,,,,,,,,,,,,,,,,,,,Stimuli/40_150_R.jpg,Different,150,n,,0,0,0,0,0,1,,,,,,
,,,,,,,,674e0771f3216542d0539c7b,2025-01-21_22h25.53.589,VisualArraysMentalRotation_v4,2021.1.4,Win32,29.85074627,679054f2072d526265aabff2,6790650266ee2dcb237a4914,,,,,,,,,,,,,,,,,,,,,,,,,,,,,,,,,,,,,,,,,,,,,,,,,,,,,,,,,,,,,,Stimuli/27_150.jpg,Same,150,b,n,0,1,0,1,0,1,1.8209,,,,,
,,,,,,,,674e0771f3216542d0539c7b,2025-01-21_22h25.53.589,VisualArraysMentalRotation_v4,2021.1.4,Win32,29.85074627,679054f2072d526265aabff2,6790650266ee2dcb237a4914,,,,,,,,,,,,,,,,,,,,,,,,,,,,,,,,,,,,,,,,,,,,,,,,,,,,,,,,,,,,,,Stimuli/40_100.jpg,Same,100,b,n,0,2,0,2,0,1,1.8375,,,,,
,,,,,,,,674e0771f3216542d0539c7b,2025-01-21_22h25.53.589,VisualArraysMentalRotation_v4,2021.1.4,Win32,29.85074627,679054f2072d526265aabff2,6790650266ee2dcb237a4914,,,,,,,,,,,,,,,,,,,,,,,,,,,,,,,,,,,,,,,,,,,,,,,,,,,,,,,,,,,,,,Stimuli/16_100_R.jpg,Different,100,n,n,1,3,0,3,0,1,3.144,,,,,
,,,,,,,,674e0771f3216542d0539c7b,2025-01-21_22h25.53.589,VisualArraysMentalRotation_v4,2021.1.4,Win32,29.85074627,679054f2072d526265aabff2,6790650266ee2dcb237a4914,,,,,,,,,,,,,,,,,,,,,,,,,,,,,,,,,,,,,,,,,,,,,,,,,,,,,,,,,,,,,,Stimuli/19_150.jpg,Same,150,b,b,1,4,0,4,0,1,2.0493,,,,,
,,,,,,,,674e0771f3216542d0539c7b,2025-01-21_22h25.53.589,VisualArraysMentalRotation_v4,2021.1.4,Win32,29.85074627,679054f2072d526265aabff2,6790650266ee2dcb237a4914,,,,,,,,,,,,,,,,,,,,,,,,,,,,,,,,,,,,,,,,,,,,,,,,,,,,,,,,,,,,,,Stimuli/43_100_R.jpg,Different,100,n,n,1,5,0,5,0,1,3.4233,,,,,
,,,,,,,,674e0771f3216542d0539c7b,2025-01-21_22h25.53.589,VisualArraysMentalRotation_v4,2021.1.4,Win32,29.85074627,679054f2072d526265aabff2,6790650266ee2dcb237a4914,,,,,,,,,,,,,,,,,,,,,,,,,,,,,,,,,,,,,,,,,,,,,,,,,,,,,,,,,,,,,,Stimuli/40_0.jpg,Same,0,b,b,1,6,0,6,0,1,1.1419,,,,,
,,,,,,,,674e0771f3216542d0539c7b,2025-01-21_22h25.53.589,VisualArraysMentalRotation_v4,2021.1.4,Win32,29.85074627,679054f2072d526265aabff2,6790650266ee2dcb237a4914,,,,,,,,,,,,,,,,,,,,,,,,,,,,,,,,,,,,,,,,,,,,,,,,,,,,,,,,,,,,,,Stimuli/32_150_R.jpg,Different,150,n,n,1,7,0,7,0,1,2.4927,,,,,
,,,,,,,,674e0771f3216542d0539c7b,2025-01-21_22h25.53.589,VisualArraysMentalRotation_v4,2021.1.4,Win32,29.85074627,679054f2072d526265aabff2,6790650266ee2dcb237a4914,,,,,,,,,,,,,,,,,,,,,,,,,,,,,,,,,,,,,,,,,,,,,,,,,,,,,,,,,,,,,,Stimuli/21_100_R.jpg,Different,100,n,n,1,8,0,8,0,1,1.9549,,,,,
,,,,,,,,674e0771f3216542d0539c7b,2025-01-21_22h25.53.589,VisualArraysMentalRotation_v4,2021.1.4,Win32,29.85074627,679054f2072d526265aabff2,6790650266ee2dcb237a4914,,,,,,,,,,,,,,,,,,,,,,,,,,,,,,,,,,,,,,,,,,,,,,,,,,,,,,,,,,,,,,Stimuli/21_150.jpg,Same,150,b,b,1,9,0,9,0,1,2.4242,,,,,
,,,,,,,,674e0771f3216542d0539c7b,2025-01-21_22h25.53.589,VisualArraysMentalRotation_v4,2021.1.4,Win32,29.85074627,679054f2072d526265aabff2,6790650266ee2dcb237a4914,,,,,,,,,,,,,,,,,,,,,,,,,,,,,,,,,,,,,,,,,,,,,,,,,,,,,,,,,,,,,,Stimuli/3_150.jpg,Same,150,b,b,1,10,0,10,0,1,2.8225,,,,,
,,,,,,,,674e0771f3216542d0539c7b,2025-01-21_22h25.53.589,VisualArraysMentalRotation_v4,2021.1.4,Win32,29.85074627,679054f2072d526265aabff2,6790650266ee2dcb237a4914,,,,,,,,,,,,,,,,,,,,,,,,,,,,,,,,,,,,,,,,,,,,,,,,,,,,,,,,,,,,,,Stimuli/44_0.jpg,Same,0,b,b,1,11,0,11,0,1,0.9084,,,,,
,,,,,,,,674e0771f3216542d0539c7b,2025-01-21_22h25.53.589,VisualArraysMentalRotation_v4,2021.1.4,Win32,29.85074627,679054f2072d526265aabff2,6790650266ee2dcb237a4914,,,,,,,,,,,,,,,,,,,,,,,,,,,,,,,,,,,,,,,,,,,,,,,,,,,,,,,,,,,,,,Stimuli/19_100_R.jpg,Different,100,n,n,1,12,0,12,0,1,3.1501,,,,,
,,,,,,,,674e0771f3216542d0539c7b,2025-01-21_22h25.53.589,VisualArraysMentalRotation_v4,2021.1.4,Win32,29.85074627,679054f2072d526265aabff2,6790650266ee2dcb237a4914,,,,,,,,,,,,,,,,,,,,,,,,,,,,,,,,,,,,,,,,,,,,,,,,,,,,,,,,,,,,,,Stimuli/16_100.jpg,Same,100,b,b,1,13,0,13,0,1,1.9408,,,,,
,,,,,,,,674e0771f3216542d0539c7b,2025-01-21_22h25.53.589,VisualArraysMentalRotation_v4,2021.1.4,Win32,29.85074627,679054f2072d526265aabff2,6790650266ee2dcb237a4914,,,,,,,,,,,,,,,,,,,,,,,,,,,,,,,,,,,,,,,,,,,,,,,,,,,,,,,,,,,,,,Stimuli/28_150_R.jpg,Different,150,n,n,1,14,0,14,0,1,3.8098,,,,,
,,,,,,,,674e0771f3216542d0539c7b,2025-01-21_22h25.53.589,VisualArraysMentalRotation_v4,2021.1.4,Win32,29.85074627,679054f2072d526265aabff2,6790650266ee2dcb237a4914,,,,,,,,,,,,,,,,,,,,,,,,,,,,,,,,,,,,,,,,,,,,,,,,,,,,,,,,,,,,,,Stimuli/21_0.jpg,Same,0,b,b,1,15,0,15,0,1,0.8443,,,,,
,,,,,,,,674e0771f3216542d0539c7b,2025-01-21_22h25.53.589,VisualArraysMentalRotation_v4,2021.1.4,Win32,29.85074627,679054f2072d526265aabff2,6790650266ee2dcb237a4914,,,,,,,,,,,,,,,,,,,,,,,,,,,,,,,,,,,,,,,,,,,,,,,,,,,,,,,,,,,,,,Stimuli/43_50.jpg,Same,50,b,b,1,16,0,16,0,1,1.9242,,,,,
,,,,,,,,674e0771f3216542d0539c7b,2025-01-21_22h25.53.589,VisualArraysMentalRotation_v4,2021.1.4,Win32,29.85074627,679054f2072d526265aabff2,6790650266ee2dcb237a4914,,,,,,,,,,,,,,,,,,,,,,,,,,,,,,,,,,,,,,,,,,,,,,,,,,,,,,,,,,,,,,Stimuli/22_150_R.jpg,Different,150,n,n,1,17,0,17,0,1,1.9452,,,,,
,,,,,,,,674e0771f3216542d0539c7b,2025-01-21_22h25.53.589,VisualArraysMentalRotation_v4,2021.1.4,Win32,29.85074627,679054f2072d526265aabff2,6790650266ee2dcb237a4914,,,,,,,,,,,,,,,,,,,,,,,,,,,,,,,,,,,,,,,,,,,,,,,,,,,,,,,,,,,,,,Stimuli/32_100.jpg,Same,100,b,b,1,18,0,18,0,1,3.3572,,,,,
,,,,,,,,674e0771f3216542d0539c7b,2025-01-21_22h25.53.589,VisualArraysMentalRotation_v4,2021.1.4,Win32,29.85074627,679054f2072d526265aabff2,6790650266ee2dcb237a4914,,,,,,,,,,,,,,,,,,,,,,,,,,,,,,,,,,,,,,,,,,,,,,,,,,,,,,,,,,,,,,Stimuli/27_50.jpg,Same,50,b,b,1,19,0,19,0,1,1.6117,,,,,
,,,,,,,,674e0771f3216542d0539c7b,2025-01-21_22h25.53.589,VisualArraysMentalRotation_v4,2021.1.4,Win32,29.85074627,679054f2072d526265aabff2,6790650266ee2dcb237a4914,,,,,,,,,,,,,,,,,,,,,,,,,,,,,,,,,,,,,,,,,,,,,,,,,,,,,,,,,,,,,,Stimuli/22_50.jpg,Same,50,b,b,1,20,0,20,0,1,1.695,,,,,
,,,,,,,,674e0771f3216542d0539c7b,2025-01-21_22h25.53.589,VisualArraysMentalRotation_v4,2021.1.4,Win32,29.85074627,679054f2072d526265aabff2,6790650266ee2dcb237a4914,,,,,,,,,,,,,,,,,,,,,,,,,,,,,,,,,,,,,,,,,,,,,,,,,,,,,,,,,,,,,,Stimuli/40_50_R.jpg,Different,50,n,n,1,21,0,21,0,1,1.1475,,,,,
,,,,,,,,674e0771f3216542d0539c7b,2025-01-21_22h25.53.589,VisualArraysMentalRotation_v4,2021.1.4,Win32,29.85074627,679054f2072d526265aabff2,6790650266ee2dcb237a4914,,,,,,,,,,,,,,,,,,,,,,,,,,,,,,,,,,,,,,,,,,,,,,,,,,,,,,,,,,,,,,Stimuli/38_150_R.jpg,Different,150,n,n,1,22,0,22,0,1,3.5886,,,,,
,,,,,,,,674e0771f3216542d0539c7b,2025-01-21_22h25.53.589,VisualArraysMentalRotation_v4,2021.1.4,Win32,29.85074627,679054f2072d526265aabff2,6790650266ee2dcb237a4914,,,,,,,,,,,,,,,,,,,,,,,,,,,,,,,,,,,,,,,,,,,,,,,,,,,,,,,,,,,,,,Stimuli/16_0.jpg,Same,0,b,b,1,23,0,23,0,1,0.762,,,,,
,,,,,,,,674e0771f3216542d0539c7b,2025-01-21_22h25.53.589,VisualArraysMentalRotation_v4,2021.1.4,Win32,29.85074627,679054f2072d526265aabff2,6790650266ee2dcb237a4914,,,,,,,,,,,,,,,,,,,,,,,,,,,,,,,,,,,,,,,,,,,,,,,,,,,,,,,,,,,,,,Stimuli/16_50_R.jpg,Different,50,n,n,1,24,0,24,0,1,0.9821,,,,,
,,,,,,,,674e0771f3216542d0539c7b,2025-01-21_22h25.53.589,VisualArraysMentalRotation_v4,2021.1.4,Win32,29.85074627,679054f2072d526265aabff2,6790650266ee2dcb237a4914,,,,,,,,,,,,,,,,,,,,,,,,,,,,,,,,,,,,,,,,,,,,,,,,,,,,,,,,,,,,,,Stimuli/28_100.jpg,Same,100,b,b,1,25,0,25,0,1,1.9398,,,,,
,,,,,,,,674e0771f3216542d0539c7b,2025-01-21_22h25.53.589,VisualArraysMentalRotation_v4,2021.1.4,Win32,29.85074627,679054f2072d526265aabff2,6790650266ee2dcb237a4914,,,,,,,,,,,,,,,,,,,,,,,,,,,,,,,,,,,,,,,,,,,,,,,,,,,,,,,,,,,,,,Stimuli/38_0_R.jpg,Different,0,n,n,1,26,0,26,0,1,1.2958,,,,,
,,,,,,,,674e0771f3216542d0539c7b,2025-01-21_22h25.53.589,VisualArraysMentalRotation_v4,2021.1.4,Win32,29.85074627,679054f2072d526265aabff2,6790650266ee2dcb237a4914,,,,,,,,,,,,,,,,,,,,,,,,,,,,,,,,,,,,,,,,,,,,,,,,,,,,,,,,,,,,,,Stimuli/38_0.jpg,Same,0,b,b,1,27,0,27,0,1,0.7474,,,,,
,,,,,,,,674e0771f3216542d0539c7b,2025-01-21_22h25.53.589,VisualArraysMentalRotation_v4,2021.1.4,Win32,29.85074627,679054f2072d526265aabff2,6790650266ee2dcb237a4914,,,,,,,,,,,,,,,,,,,,,,,,,,,,,,,,,,,,,,,,,,,,,,,,,,,,,,,,,,,,,,Stimuli/19_150_R.jpg,Different,150,n,b,0,28,0,28,0,1,1.8959,,,,,
,,,,,,,,674e0771f3216542d0539c7b,2025-01-21_22h25.53.589,VisualArraysMentalRotation_v4,2021.1.4,Win32,29.85074627,679054f2072d526265aabff2,6790650266ee2dcb237a4914,,,,,,,,,,,,,,,,,,,,,,,,,,,,,,,,,,,,,,,,,,,,,,,,,,,,,,,,,,,,,,Stimuli/27_0_R.jpg,Different,0,n,n,1,29,0,29,0,1,0.893,,,,,
,,,,,,,,674e0771f3216542d0539c7b,2025-01-21_22h25.53.589,VisualArraysMentalRotation_v4,2021.1.4,Win32,29.85074627,679054f2072d526265aabff2,6790650266ee2dcb237a4914,,,,,,,,,,,,,,,,,,,,,,,,,,,,,,,,,,,,,,,,,,,,,,,,,,,,,,,,,,,,,,Stimuli/32_150.jpg,Same,150,b,b,1,30,0,30,0,1,1.7582,,,,,
,,,,,,,,674e0771f3216542d0539c7b,2025-01-21_22h25.53.589,VisualArraysMentalRotation_v4,2021.1.4,Win32,29.85074627,679054f2072d526265aabff2,6790650266ee2dcb237a4914,,,,,,,,,,,,,,,,,,,,,,,,,,,,,,,,,,,,,,,,,,,,,,,,,,,,,,,,,,,,,,Stimuli/3_0_R.jpg,Different,0,n,n,1,31,0,31,0,1,1.3664,,,,,
,,,,,,,,674e0771f3216542d0539c7b,2025-01-21_22h25.53.589,VisualArraysMentalRotation_v4,2021.1.4,Win32,29.85074627,679054f2072d526265aabff2,6790650266ee2dcb237a4914,,,,,,,,,,,,,,,,,,,,,,,,,,,,,,,,,,,,,,,,,,,,,,,,,,,,,,,,,,,,,,Stimuli/40_100_R.jpg,Different,100,n,n,1,32,0,32,0,1,3.2752,,,,,
,,,,,,,,674e0771f3216542d0539c7b,2025-01-21_22h25.53.589,VisualArraysMentalRotation_v4,2021.1.4,Win32,29.85074627,679054f2072d526265aabff2,6790650266ee2dcb237a4914,,,,,,,,,,,,,,,,,,,,,,,,,,,,,,,,,,,,,,,,,,,,,,,,,,,,,,,,,,,,,,Stimuli/21_0_R.jpg,Different,0,n,n,1,33,0,33,0,1,0.9699,,,,,
,,,,,,,,674e0771f3216542d0539c7b,2025-01-21_22h25.53.589,VisualArraysMentalRotation_v4,2021.1.4,Win32,29.85074627,679054f2072d526265aabff2,6790650266ee2dcb237a4914,,,,,,,,,,,,,,,,,,,,,,,,,,,,,,,,,,,,,,,,,,,,,,,,,,,,,,,,,,,,,,Stimuli/16_150.jpg,Same,150,b,b,1,34,0,34,0,1,1.3817,,,,,
,,,,,,,,674e0771f3216542d0539c7b,2025-01-21_22h25.53.589,VisualArraysMentalRotation_v4,2021.1.4,Win32,29.85074627,679054f2072d526265aabff2,6790650266ee2dcb237a4914,,,,,,,,,,,,,,,,,,,,,,,,,,,,,,,,,,,,,,,,,,,,,,,,,,,,,,,,,,,,,,Stimuli/21_50.jpg,Same,50,b,b,1,35,0,35,0,1,1.2396,,,,,
,,,,,,,,674e0771f3216542d0539c7b,2025-01-21_22h25.53.589,VisualArraysMentalRotation_v4,2021.1.4,Win32,29.85074627,679054f2072d526265aabff2,6790650266ee2dcb237a4914,,,,,,,,,,,,,,,,,,,,,,,,,,,,,,,,,,,,,,,,,,,,,,,,,,,,,,,,,,,,,,Stimuli/16_0_R.jpg,Different,0,n,n,1,36,0,36,0,1,0.8934,,,,,
,,,,,,,,674e0771f3216542d0539c7b,2025-01-21_22h25.53.589,VisualArraysMentalRotation_v4,2021.1.4,Win32,29.85074627,679054f2072d526265aabff2,6790650266ee2dcb237a4914,,,,,,,,,,,,,,,,,,,,,,,,,,,,,,,,,,,,,,,,,,,,,,,,,,,,,,,,,,,,,,Stimuli/38_100.jpg,Same,100,b,b,1,37,0,37,0,1,3.0724,,,,,
,,,,,,,,674e0771f3216542d0539c7b,2025-01-21_22h25.53.589,VisualArraysMentalRotation_v4,2021.1.4,Win32,29.85074627,679054f2072d526265aabff2,6790650266ee2dcb237a4914,,,,,,,,,,,,,,,,,,,,,,,,,,,,,,,,,,,,,,,,,,,,,,,,,,,,,,,,,,,,,,Stimuli/28_50_R.jpg,Different,50,n,n,1,38,0,38,0,1,1.1823,,,,,
,,,,,,,,674e0771f3216542d0539c7b,2025-01-21_22h25.53.589,VisualArraysMentalRotation_v4,2021.1.4,Win32,29.85074627,679054f2072d526265aabff2,6790650266ee2dcb237a4914,,,,,,,,,,,,,,,,,,,,,,,,,,,,,,,,,,,,,,,,,,,,,,,,,,,,,,,,,,,,,,Stimuli/22_100.jpg,Same,100,b,b,1,39,0,39,0,1,1.8773,,,,,
,,,,,,,,674e0771f3216542d0539c7b,2025-01-21_22h25.53.589,VisualArraysMentalRotation_v4,2021.1.4,Win32,29.85074627,679054f2072d526265aabff2,6790650266ee2dcb237a4914,,,,,,,,,,,,,,,,,,,,,,,,,,,,,,,,,,,,,,,,,,,,,,,,,,,,,,,,,,,,,,Stimuli/44_100_R.jpg,Different,100,n,n,1,40,0,40,0,1,1.7055,,,,,
,,,,,,,,674e0771f3216542d0539c7b,2025-01-21_22h25.53.589,VisualArraysMentalRotation_v4,2021.1.4,Win32,29.85074627,679054f2072d526265aabff2,6790650266ee2dcb237a4914,,,,,,,,,,,,,,,,,,,,,,,,,,,,,,,,,,,,,,,,,,,,,,,,,,,,,,,,,,,,,,Stimuli/28_50.jpg,Same,50,b,b,1,41,0,41,0,1,1.1392,,,,,
,,,,,,,,674e0771f3216542d0539c7b,2025-01-21_22h25.53.589,VisualArraysMentalRotation_v4,2021.1.4,Win32,29.85074627,679054f2072d526265aabff2,6790650266ee2dcb237a4914,,,,,,,,,,,,,,,,,,,,,,,,,,,,,,,,,,,,,,,,,,,,,,,,,,,,,,,,,,,,,,Stimuli/38_50_R.jpg,Different,50,n,n,1,42,0,42,0,1,0.8066,,,,,
,,,,,,,,674e0771f3216542d0539c7b,2025-01-21_22h25.53.589,VisualArraysMentalRotation_v4,2021.1.4,Win32,29.85074627,679054f2072d526265aabff2,6790650266ee2dcb237a4914,,,,,,,,,,,,,,,,,,,,,,,,,,,,,,,,,,,,,,,,,,,,,,,,,,,,,,,,,,,,,,Stimuli/19_50.jpg,Same,50,b,b,1,43,0,43,0,1,0.8436,,,,,
,,,,,,,,674e0771f3216542d0539c7b,2025-01-21_22h25.53.589,VisualArraysMentalRotation_v4,2021.1.4,Win32,29.85074627,679054f2072d526265aabff2,6790650266ee2dcb237a4914,,,,,,,,,,,,,,,,,,,,,,,,,,,,,,,,,,,,,,,,,,,,,,,,,,,,,,,,,,,,,,Stimuli/19_50_R.jpg,Different,50,n,n,1,44,0,44,0,1,1.3373,,,,,
,,,,,,,,674e0771f3216542d0539c7b,2025-01-21_22h25.53.589,VisualArraysMentalRotation_v4,2021.1.4,Win32,29.85074627,679054f2072d526265aabff2,6790650266ee2dcb237a4914,,,,,,,,,,,,,,,,,,,,,,,,,,,,,,,,,,,,,,,,,,,,,,,,,,,,,,,,,,,,,,Stimuli/28_0.jpg,Same,0,b,b,1,45,0,45,0,1,1.7557,,,,,
,,,,,,,,674e0771f3216542d0539c7b,2025-01-21_22h25.53.589,VisualArraysMentalRotation_v4,2021.1.4,Win32,29.85074627,679054f2072d526265aabff2,6790650266ee2dcb237a4914,,,,,,,,,,,,,,,,,,,,,,,,,,,,,,,,,,,,,,,,,,,,,,,,,,,,,,,,,,,,,,Stimuli/40_0_R.jpg,Different,0,n,n,1,46,0,46,0,1,2.0948,,,,,
,,,,,,,,674e0771f3216542d0539c7b,2025-01-21_22h25.53.589,VisualArraysMentalRotation_v4,2021.1.4,Win32,29.85074627,679054f2072d526265aabff2,6790650266ee2dcb237a4914,,,,,,,,,,,,,,,,,,,,,,,,,,,,,,,,,,,,,,,,,,,,,,,,,,,,,,,,,,,,,,Stimuli/44_50_R.jpg,Different,50,n,n,1,47,0,47,0,1,2.2469,,,,,
,,,,,,,,674e0771f3216542d0539c7b,2025-01-21_22h25.53.589,VisualArraysMentalRotation_v4,2021.1.4,Win32,29.85074627,679054f2072d526265aabff2,6790650266ee2dcb237a4914,,,,,,,,,,,,,,,,,,,,,,,,,,,,,,,,,,,,,,,,,,,,,,,,,,,,,,,,,,,,,,Stimuli/28_150.jpg,Same,150,b,b,1,48,0,48,0,1,1.6248,,,,,
,,,,,,,,674e0771f3216542d0539c7b,2025-01-21_22h25.53.589,VisualArraysMentalRotation_v4,2021.1.4,Win32,29.85074627,679054f2072d526265aabff2,6790650266ee2dcb237a4914,,,,,,,,,,,,,,,,,,,,,,,,,,,,,,,,,,,,,,,,,,,,,,,,,,,,,,,,,,,,,,Stimuli/43_50_R.jpg,Different,50,n,n,1,49,0,49,0,1,2.605,,,,,
,,,,,,,,674e0771f3216542d0539c7b,2025-01-21_22h25.53.589,VisualArraysMentalRotation_v4,2021.1.4,Win32,29.85074627,679054f2072d526265aabff2,6790650266ee2dcb237a4914,,,,,,,,,,,,,,,,,,,,,,,,,,,,,,,,,,,,,,,,,,,,,,,,,,,,,,,,,,,,,,Stimuli/28_100_R.jpg,Different,100,n,n,1,50,0,50,0,1,1.9642,,,,,
,,,,,,,,674e0771f3216542d0539c7b,2025-01-21_22h25.53.589,VisualArraysMentalRotation_v4,2021.1.4,Win32,29.85074627,679054f2072d526265aabff2,6790650266ee2dcb237a4914,,,,,,,,,,,,,,,,,,,,,,,,,,,,,,,,,,,,,,,,,,,,,,,,,,,,,,,,,,,,,,Stimuli/3_0.jpg,Same,0,b,b,1,51,0,51,0,1,0.8268,,,,,
,,,,,,,,674e0771f3216542d0539c7b,2025-01-21_22h25.53.589,VisualArraysMentalRotation_v4,2021.1.4,Win32,29.85074627,679054f2072d526265aabff2,6790650266ee2dcb237a4914,,,,,,,,,,,,,,,,,,,,,,,,,,,,,,,,,,,,,,,,,,,,,,,,,,,,,,,,,,,,,,Stimuli/3_100.jpg,Same,100,b,b,1,52,0,52,0,1,3.0043,,,,,
,,,,,,,,674e0771f3216542d0539c7b,2025-01-21_22h25.53.589,VisualArraysMentalRotation_v4,2021.1.4,Win32,29.85074627,679054f2072d526265aabff2,6790650266ee2dcb237a4914,,,,,,,,,,,,,,,,,,,,,,,,,,,,,,,,,,,,,,,,,,,,,,,,,,,,,,,,,,,,,,Stimuli/43_100.jpg,Same,100,b,b,1,53,0,53,0,1,5.1054,,,,,
,,,,,,,,674e0771f3216542d0539c7b,2025-01-21_22h25.53.589,VisualArraysMentalRotation_v4,2021.1.4,Win32,29.85074627,679054f2072d526265aabff2,6790650266ee2dcb237a4914,,,,,,,,,,,,,,,,,,,,,,,,,,,,,,,,,,,,,,,,,,,,,,,,,,,,,,,,,,,,,,Stimuli/32_100_R.jpg,Different,100,n,n,1,54,0,54,0,1,1.6261,,,,,
,,,,,,,,674e0771f3216542d0539c7b,2025-01-21_22h25.53.589,VisualArraysMentalRotation_v4,2021.1.4,Win32,29.85074627,679054f2072d526265aabff2,6790650266ee2dcb237a4914,,,,,,,,,,,,,,,,,,,,,,,,,,,,,,,,,,,,,,,,,,,,,,,,,,,,,,,,,,,,,,Stimuli/43_0_R.jpg,Different,0,n,n,1,55,0,55,0,1,2.188,,,,,
,,,,,,,,674e0771f3216542d0539c7b,2025-01-21_22h25.53.589,VisualArraysMentalRotation_v4,2021.1.4,Win32,29.85074627,679054f2072d526265aabff2,6790650266ee2dcb237a4914,,,,,,,,,,,,,,,,,,,,,,,,,,,,,,,,,,,,,,,,,,,,,,,,,,,,,,,,,,,,,,Stimuli/27_100.jpg,Same,100,b,b,1,56,0,56,0,1,2.3793,,,,,
,,,,,,,,674e0771f3216542d0539c7b,2025-01-21_22h25.53.589,VisualArraysMentalRotation_v4,2021.1.4,Win32,29.85074627,679054f2072d526265aabff2,6790650266ee2dcb237a4914,,,,,,,,,,,,,,,,,,,,,,,,,,,,,,,,,,,,,,,,,,,,,,,,,,,,,,,,,,,,,,Stimuli/44_150_R.jpg,Different,150,n,n,1,57,0,57,0,1,5.4207,,,,,
,,,,,,,,674e0771f3216542d0539c7b,2025-01-21_22h25.53.589,VisualArraysMentalRotation_v4,2021.1.4,Win32,29.85074627,679054f2072d526265aabff2,6790650266ee2dcb237a4914,,,,,,,,,,,,,,,,,,,,,,,,,,,,,,,,,,,,,,,,,,,,,,,,,,,,,,,,,,,,,,Stimuli/40_150.jpg,Same,150,b,b,1,58,0,58,0,1,4.227,,,,,
,,,,,,,,674e0771f3216542d0539c7b,2025-01-21_22h25.53.589,VisualArraysMentalRotation_v4,2021.1.4,Win32,29.85074627,679054f2072d526265aabff2,6790650266ee2dcb237a4914,,,,,,,,,,,,,,,,,,,,,,,,,,,,,,,,,,,,,,,,,,,,,,,,,,,,,,,,,,,,,,Stimuli/3_100_R.jpg,Different,100,n,n,1,59,0,59,0,1,3.1781,,,,,
,,,,,,,,674e0771f3216542d0539c7b,2025-01-21_22h25.53.589,VisualArraysMentalRotation_v4,2021.1.4,Win32,29.85074627,679054f2072d526265aabff2,6790650266ee2dcb237a4914,,,,,,,,,,,,,,,,,,,,,,,,,,,,,,,,,,,,,,,,,,,,,,,,,,,,,,,,,,,,,,Stimuli/22_150.jpg,Same,150,b,b,1,60,0,60,0,1,5.0216,,,,,
,,,,,,,,674e0771f3216542d0539c7b,2025-01-21_22h25.53.589,VisualArraysMentalRotation_v4,2021.1.4,Win32,29.85074627,679054f2072d526265aabff2,6790650266ee2dcb237a4914,,,,,,,,,,,,,,,,,,,,,,,,,,,,,,,,,,,,,,,,,,,,,,,,,,,,,,,,,,,,,,Stimuli/3_50.jpg,Same,50,b,b,1,61,0,61,0,1,2.3244,,,,,
,,,,,,,,674e0771f3216542d0539c7b,2025-01-21_22h25.53.589,VisualArraysMentalRotation_v4,2021.1.4,Win32,29.85074627,679054f2072d526265aabff2,6790650266ee2dcb237a4914,,,,,,,,,,,,,,,,,,,,,,,,,,,,,,,,,,,,,,,,,,,,,,,,,,,,,,,,,,,,,,Stimuli/27_150_R.jpg,Different,150,n,n,1,62,0,62,0,1,2.1147,,,,,
,,,,,,,,674e0771f3216542d0539c7b,2025-01-21_22h25.53.589,VisualArraysMentalRotation_v4,2021.1.4,Win32,29.85074627,679054f2072d526265aabff2,6790650266ee2dcb237a4914,,,,,,,,,,,,,,,,,,,,,,,,,,,,,,,,,,,,,,,,,,,,,,,,,,,,,,,,,,,,,,Stimuli/43_0.jpg,Same,0,b,b,1,63,0,63,0,1,1.2908,,,,,
,,,,,,,,674e0771f3216542d0539c7b,2025-01-21_22h25.53.589,VisualArraysMentalRotation_v4,2021.1.4,Win32,29.85074627,679054f2072d526265aabff2,6790650266ee2dcb237a4914,,,,,,,,,,,,,,,,,,,,,,,,,,,,,,,,,,,,,,,,,,,,,,,,,,,,,,,,,,,,,,Stimuli/44_150.jpg,Same,150,b,b,1,64,0,64,0,1,6.5983,,,,,
,,,,,,,,674e0771f3216542d0539c7b,2025-01-21_22h25.53.589,VisualArraysMentalRotation_v4,2021.1.4,Win32,29.85074627,679054f2072d526265aabff2,6790650266ee2dcb237a4914,,,,,,,,,,,,,,,,,,,,,,,,,,,,,,,,,,,,,,,,,,,,,,,,,,,,,,,,,,,,,,Stimuli/16_50.jpg,Same,50,b,b,1,65,0,65,0,1,1.3945,,,,,
,,,,,,,,674e0771f3216542d0539c7b,2025-01-21_22h25.53.589,VisualArraysMentalRotation_v4,2021.1.4,Win32,29.85074627,679054f2072d526265aabff2,6790650266ee2dcb237a4914,,,,,,,,,,,,,,,,,,,,,,,,,,,,,,,,,,,,,,,,,,,,,,,,,,,,,,,,,,,,,,Stimuli/21_150_R.jpg,Different,150,n,b,0,66,0,66,0,1,3.267,,,,,
,,,,,,,,674e0771f3216542d0539c7b,2025-01-21_22h25.53.589,VisualArraysMentalRotation_v4,2021.1.4,Win32,29.85074627,679054f2072d526265aabff2,6790650266ee2dcb237a4914,,,,,,,,,,,,,,,,,,,,,,,,,,,,,,,,,,,,,,,,,,,,,,,,,,,,,,,,,,,,,,Stimuli/27_0.jpg,Same,0,b,b,1,67,0,67,0,1,1.6609,,,,,
,,,,,,,,674e0771f3216542d0539c7b,2025-01-21_22h25.53.589,VisualArraysMentalRotation_v4,2021.1.4,Win32,29.85074627,679054f2072d526265aabff2,6790650266ee2dcb237a4914,,,,,,,,,,,,,,,,,,,,,,,,,,,,,,,,,,,,,,,,,,,,,,,,,,,,,,,,,,,,,,Stimuli/43_150_R.jpg,Different,150,n,n,1,68,0,68,0,1,2.1757,,,,,
,,,,,,,,674e0771f3216542d0539c7b,2025-01-21_22h25.53.589,VisualArraysMentalRotation_v4,2021.1.4,Win32,29.85074627,679054f2072d526265aabff2,6790650266ee2dcb237a4914,,,,,,,,,,,,,,,,,,,,,,,,,,,,,,,,,,,,,,,,,,,,,,,,,,,,,,,,,,,,,,Stimuli/38_150.jpg,Same,150,b,b,1,69,0,69,0,1,4.0438,,,,,
,,,,,,,,674e0771f3216542d0539c7b,2025-01-21_22h25.53.589,VisualArraysMentalRotation_v4,2021.1.4,Win32,29.85074627,679054f2072d526265aabff2,6790650266ee2dcb237a4914,,,,,,,,,,,,,,,,,,,,,,,,,,,,,,,,,,,,,,,,,,,,,,,,,,,,,,,,,,,,,,Stimuli/21_50_R.jpg,Different,50,n,n,1,70,0,70,0,1,0.9108,,,,,
,,,,,,,,674e0771f3216542d0539c7b,2025-01-21_22h25.53.589,VisualArraysMentalRotation_v4,2021.1.4,Win32,29.85074627,679054f2072d526265aabff2,6790650266ee2dcb237a4914,,,,,,,,,,,,,,,,,,,,,,,,,,,,,,,,,,,,,,,,,,,,,,,,,,,,,,,,,,,,,,Stimuli/40_50.jpg,Same,50,b,n,0,71,0,71,0,1,3.8346,,,,,
,,,,,,,,674e0771f3216542d0539c7b,2025-01-21_22h25.53.589,VisualArraysMentalRotation_v4,2021.1.4,Win32,29.85074627,679054f2072d526265aabff2,6790650266ee2dcb237a4914,,,,,,,,,,,,,,,,,,,,,,,,,,,,,,,,,,,,,,,,,,,,,,,,,,,,,,,,,,,,,,Stimuli/43_150.jpg,Same,150,b,b,1,72,0,72,0,1,5.8412,,,,,
,,,,,,,,674e0771f3216542d0539c7b,2025-01-21_22h25.53.589,VisualArraysMentalRotation_v4,2021.1.4,Win32,29.85074627,679054f2072d526265aabff2,6790650266ee2dcb237a4914,,,,,,,,,,,,,,,,,,,,,,,,,,,,,,,,,,,,,,,,,,,,,,,,,,,,,,,,,,,,,,Stimuli/38_100_R.jpg,Different,100,n,n,1,73,0,73,0,1,1.4389,,,,,
,,,,,,,,674e0771f3216542d0539c7b,2025-01-21_22h25.53.589,VisualArraysMentalRotation_v4,2021.1.4,Win32,29.85074627,679054f2072d526265aabff2,6790650266ee2dcb237a4914,,,,,,,,,,,,,,,,,,,,,,,,,,,,,,,,,,,,,,,,,,,,,,,,,,,,,,,,,,,,,,Stimuli/44_50.jpg,Same,50,b,b,1,74,0,74,0,1,2.8229,,,,,
,,,,,,,,674e0771f3216542d0539c7b,2025-01-21_22h25.53.589,VisualArraysMentalRotation_v4,2021.1.4,Win32,29.85074627,679054f2072d526265aabff2,6790650266ee2dcb237a4914,,,,,,,,,,,,,,,,,,,,,,,,,,,,,,,,,,,,,,,,,,,,,,,,,,,,,,,,,,,,,,Stimuli/32_50.jpg,Same,50,b,b,1,75,0,75,0,1,2.0608,,,,,
,,,,,,,,674e0771f3216542d0539c7b,2025-01-21_22h25.53.589,VisualArraysMentalRotation_v4,2021.1.4,Win32,29.85074627,679054f2072d526265aabff2,6790650266ee2dcb237a4914,,,,,,,,,,,,,,,,,,,,,,,,,,,,,,,,,,,,,,,,,,,,,,,,,,,,,,,,,,,,,,Stimuli/44_0_R.jpg,Different,0,n,n,1,76,0,76,0,1,0.9363,,,,,
,,,,,,,,674e0771f3216542d0539c7b,2025-01-21_22h25.53.589,VisualArraysMentalRotation_v4,2021.1.4,Win32,29.85074627,679054f2072d526265aabff2,6790650266ee2dcb237a4914,,,,,,,,,,,,,,,,,,,,,,,,,,,,,,,,,,,,,,,,,,,,,,,,,,,,,,,,,,,,,,Stimuli/27_50_R.jpg,Different,50,n,n,1,77,0,77,0,1,1.6798,,,,,
,,,,,,,,674e0771f3216542d0539c7b,2025-01-21_22h25.53.589,VisualArraysMentalRotation_v4,2021.1.4,Win32,29.85074627,679054f2072d526265aabff2,6790650266ee2dcb237a4914,,,,,,,,,,,,,,,,,,,,,,,,,,,,,,,,,,,,,,,,,,,,,,,,,,,,,,,,,,,,,,Stimuli/3_150_R.jpg,Different,150,n,n,1,78,0,78,0,1,5.0978,,,,,
,,,,,,,,674e0771f3216542d0539c7b,2025-01-21_22h25.53.589,VisualArraysMentalRotation_v4,2021.1.4,Win32,29.85074627,679054f2072d526265aabff2,6790650266ee2dcb237a4914,,,,,,,,,,,,,,,,,,,,,,,,,,,,,,,,,,,,,,,,,,,,,,,,,,,,,,,,,,,,,,Stimuli/38_50.jpg,Same,50,b,b,1,79,0,79,0,1,1.178,,,,,
,,,,,,,,674e0771f3216542d0539c7b,2025-01-21_22h25.53.589,VisualArraysMentalRotation_v4,2021.1.4,Win32,29.85074627,679054f2072d526265aabff2,6790650266ee2dcb237a4914,,,,,,,,,,,,,,,,,,,,,,,,,,,,,,,,,,,,,,,,,,,,,,,,,,,,,,,,,,,,,,Stimuli/16_150_R.jpg,Different,150,n,n,1,80,0,80,0,1,1.7222,,,,,
,,,,,,,,674e0771f3216542d0539c7b,2025-01-21_22h25.53.589,VisualArraysMentalRotation_v4,2021.1.4,Win32,29.85074627,679054f2072d526265aabff2,6790650266ee2dcb237a4914,,,,,,,,,,,,,,,,,,,,,,,,,,,,,,,,,,,,,,,,,,,,,,,,,,,,,,,,,,,,,,Stimuli/22_100_R.jpg,Different,100,n,n,1,81,0,81,0,1,2.6343,,,,,
,,,,,,,,674e0771f3216542d0539c7b,2025-01-21_22h25.53.589,VisualArraysMentalRotation_v4,2021.1.4,Win32,29.85074627,679054f2072d526265aabff2,6790650266ee2dcb237a4914,,,,,,,,,,,,,,,,,,,,,,,,,,,,,,,,,,,,,,,,,,,,,,,,,,,,,,,,,,,,,,Stimuli/19_0_R.jpg,Different,0,n,b,0,82,0,82,0,1,0.8754,,,,,
,,,,,,,,674e0771f3216542d0539c7b,2025-01-21_22h25.53.589,VisualArraysMentalRotation_v4,2021.1.4,Win32,29.85074627,679054f2072d526265aabff2,6790650266ee2dcb237a4914,,,,,,,,,,,,,,,,,,,,,,,,,,,,,,,,,,,,,,,,,,,,,,,,,,,,,,,,,,,,,,Stimuli/21_100.jpg,Same,100,b,b,1,83,0,83,0,1,1.8739,,,,,
,,,,,,,,674e0771f3216542d0539c7b,2025-01-21_22h25.53.589,VisualArraysMentalRotation_v4,2021.1.4,Win32,29.85074627,679054f2072d526265aabff2,6790650266ee2dcb237a4914,,,,,,,,,,,,,,,,,,,,,,,,,,,,,,,,,,,,,,,,,,,,,,,,,,,,,,,,,,,,,,Stimuli/28_0_R.jpg,Different,0,n,n,1,84,0,84,0,1,1.1328,,,,,
,,,,,,,,674e0771f3216542d0539c7b,2025-01-21_22h25.53.589,VisualArraysMentalRotation_v4,2021.1.4,Win32,29.85074627,679054f2072d526265aabff2,6790650266ee2dcb237a4914,,,,,,,,,,,,,,,,,,,,,,,,,,,,,,,,,,,,,,,,,,,,,,,,,,,,,,,,,,,,,,Stimuli/19_0.jpg,Same,0,b,b,1,85,0,85,0,1,0.8458,,,,,
,,,,,,,,674e0771f3216542d0539c7b,2025-01-21_22h25.53.589,VisualArraysMentalRotation_v4,2021.1.4,Win32,29.85074627,679054f2072d526265aabff2,6790650266ee2dcb237a4914,,,,,,,,,,,,,,,,,,,,,,,,,,,,,,,,,,,,,,,,,,,,,,,,,,,,,,,,,,,,,,Stimuli/44_100.jpg,Same,100,b,b,1,86,0,86,0,1,2.831,,,,,
,,,,,,,,674e0771f3216542d0539c7b,2025-01-21_22h25.53.589,VisualArraysMentalRotation_v4,2021.1.4,Win32,29.85074627,679054f2072d526265aabff2,6790650266ee2dcb237a4914,,,,,,,,,,,,,,,,,,,,,,,,,,,,,,,,,,,,,,,,,,,,,,,,,,,,,,,,,,,,,,Stimuli/22_50_R.jpg,Different,50,n,n,1,87,0,87,0,1,2.3652,,,,,
,,,,,,,,674e0771f3216542d0539c7b,2025-01-21_22h25.53.589,VisualArraysMentalRotation_v4,2021.1.4,Win32,29.85074627,679054f2072d526265aabff2,6790650266ee2dcb237a4914,,,,,,,,,,,,,,,,,,,,,,,,,,,,,,,,,,,,,,,,,,,,,,,,,,,,,,,,,,,,,,Stimuli/19_100.jpg,Same,100,b,b,1,88,0,88,0,1,1.8773,,,,,
,,,,,,,,674e0771f3216542d0539c7b,2025-01-21_22h25.53.589,VisualArraysMentalRotation_v4,2021.1.4,Win32,29.85074627,679054f2072d526265aabff2,6790650266ee2dcb237a4914,,,,,,,,,,,,,,,,,,,,,,,,,,,,,,,,,,,,,,,,,,,,,,,,,,,,,,,,,,,,,,Stimuli/3_50_R.jpg,Different,50,n,n,1,89,0,89,0,1,4.3474,,,,,
,,,,,,,,674e0771f3216542d0539c7b,2025-01-21_22h25.53.589,VisualArraysMentalRotation_v4,2021.1.4,Win32,29.85074627,679054f2072d526265aabff2,6790650266ee2dcb237a4914,,,,,,,,,,,,,,,,,,,,,,,,,,,,,,,,,,,,,,,,,,,,,,,,,,,,,,,,,,,,,,Stimuli/22_0_R.jpg,Different,0,n,n,1,90,0,90,0,1,3.4672,,,,,
,,,,,,,,674e0771f3216542d0539c7b,2025-01-21_22h25.53.589,VisualArraysMentalRotation_v4,2021.1.4,Win32,29.85074627,679054f2072d526265aabff2,6790650266ee2dcb237a4914,,,,,,,,,,,,,,,,,,,,,,,,,,,,,,,,,,,,,,,,,,,,,,,,,,,,,,,,,,,,,,Stimuli/32_0.jpg,Same,0,b,b,1,91,0,91,0,1,0.7638,,,,,
,,,,,,,,674e0771f3216542d0539c7b,2025-01-21_22h25.53.589,VisualArraysMentalRotation_v4,2021.1.4,Win32,29.85074627,679054f2072d526265aabff2,6790650266ee2dcb237a4914,,,,,,,,,,,,,,,,,,,,,,,,,,,,,,,,,,,,,,,,,,,,,,,,,,,,,,,,,,,,,,Stimuli/32_50_R.jpg,Different,50,n,n,1,92,0,92,0,1,1.1724,,,,,
,,,,,,,,674e0771f3216542d0539c7b,2025-01-21_22h25.53.589,VisualArraysMentalRotation_v4,2021.1.4,Win32,29.85074627,679054f2072d526265aabff2,6790650266ee2dcb237a4914,,,,,,,,,,,,,,,,,,,,,,,,,,,,,,,,,,,,,,,,,,,,,,,,,,,,,,,,,,,,,,Stimuli/32_0_R.jpg,Different,0,n,n,1,93,0,93,0,1,1.7691,,,,,
,,,,,,,,674e0771f3216542d0539c7b,2025-01-21_22h25.53.589,VisualArraysMentalRotation_v4,2021.1.4,Win32,29.85074627,679054f2072d526265aabff2,6790650266ee2dcb237a4914,,,,,,,,,,,,,,,,,,,,,,,,,,,,,,,,,,,,,,,,,,,,,,,,,,,,,,,,,,,,,,Stimuli/27_100_R.jpg,Different,100,n,n,1,94,0,94,0,1,4.4657,,,,,
,,,,,,,,674e0771f3216542d0539c7b,2025-01-21_22h25.53.589,VisualArraysMentalRotation_v4,2021.1.4,Win32,29.85074627,679054f2072d526265aabff2,6790650266ee2dcb237a4914,,,,,,,,,,,,,,,,,,,,,,,,,,,,,,,,,,,,,,,,,,,,,,,,,,,,,,,,,,,,,,Stimuli/22_0.jpg,Same,0,b,b,1,95,0,95,0,1,0.611,,,,,
,,,,,,,,674e0771f3216542d0539c7b,2025-01-21_22h25.53.589,VisualArraysMentalRotation_v4,2021.1.4,Win32,29.85074627,679054f2072d526265aabff2,6790650266ee2dcb237a4914,,,,,,,,,,,,,,,,,,,,,,,,,,,,,,,,,,,,,,,,,,,,,,,,,,,,,,,,,,,,,,,,,,,,,,,,,,0,0,0,0,1
,,,,,,,,674e0771f3216542d0539c7b,2025-01-21_22h25.53.589,VisualArraysMentalRotation_v4,2021.1.4,Win32,29.85074627,679054f2072d526265aabff2,6790650266ee2dcb237a4914,,,,,,,,,,,,,,,,,,,,,,,,,,,,,,,,,,,,,,0,1,1,1,1,0,1,,,,,,,,,,,,,,,,,,,,,,,,,,,,,,,,,,
