TaskOrder,consent_final_key_resp.keys,consent_final_key_resp.rt,MRTPracResponse.keys,MRTPracResponse.corr,MRTPracResponse.rt,MRTPracticeTrials.thisRepN,MRTPracticeTrials.thisTrialN,MRTPracticeTrials.thisN,MRTPracticeTrials.thisIndex,MRTPracticeTrials.ran,PracStimulus,PracDegRotation,PracType,MRTPracCorrectAns,PROLIFIC_PID,date,expName,psychopyVersion,OS,frameRate,STUDY_ID,SESSION_ID,MRTStimulus,MRTType,MRTDegRotation,MRTCorrectAns,MRTTestResponse.keys,MRTTestResponse.corr,MRTTestResponse.rt,MRTTestTrials.thisRepN,MRTTestTrials.thisTrialN,MRTTestTrials.thisN,MRTTestTrials.thisIndex,MRTTestTrials.ran,MRT_Task.thisRepN,MRT_Task.thisTrialN,MRT_Task.thisN,MRT_Task.thisIndex,MRT_Task.ran,TasksLoop.thisRepN,TasksLoop.thisTrialN,TasksLoop.thisN,TasksLoop.thisIndex,TasksLoop.ran,nRepsVA,nRepsMRT,Red Orientations,Blue Orientations,VA_array_dur,Target Rectangle,New Red Orientations,New Blue Orientations,VA_PracResponse.keys,VA_PracResponse.corr,VA_PracResponse.rt,PracTrials.thisRepN,PracTrials.thisTrialN,PracTrials.thisN,PracTrials.thisIndex,PracTrials.ran,VA_Target,VA_TargetNumber,VA_Orientation,VA_Answer,VA_DelayDur,VA_PracTrialsSpeed.thisRepN,VA_PracTrialsSpeed.thisTrialN,VA_PracTrialsSpeed.thisN,VA_PracTrialsSpeed.thisIndex,VA_PracTrialsSpeed.ran,VA_TestResponse.keys,VA_TestResponse.corr,VA_TestResponse.rt,VA_TestTrials.thisRepN,VA_TestTrials.thisTrialN,VA_TestTrials.thisN,VA_TestTrials.thisIndex,VA_TestTrials.ran,VA_Task.thisRepN,VA_Task.thisTrialN,VA_Task.thisN,VA_Task.thisIndex,VA_Task.ran
2,y,6.7181,b,1,2.8088,0,0,0,10,1,PracticeStim/41_150.jpg,150,Same,b,671469967e2a4f2e612e3846,2025-01-21_20h51.17.248,VisualArraysMentalRotation_v4,2021.1.4,Win32,20.40816327,679054f2072d526265aabff2,6790699eef4fd92042eb857e,,,,,,,,,,,,,,,,,,,,,,,,,,,,,,,,,,,,,,,,,,,,,,,,,,,,,,,,,,,,,
,,,n,1,2.6619,0,1,1,8,1,PracticeStim/33_50_R.jpg,50,Different,n,671469967e2a4f2e612e3846,2025-01-21_20h51.17.248,VisualArraysMentalRotation_v4,2021.1.4,Win32,20.40816327,679054f2072d526265aabff2,6790699eef4fd92042eb857e,,,,,,,,,,,,,,,,,,,,,,,,,,,,,,,,,,,,,,,,,,,,,,,,,,,,,,,,,,,,,
,,,b,1,3.2938,0,2,2,11,1,PracticeStim/42_50.jpg,50,Same,b,671469967e2a4f2e612e3846,2025-01-21_20h51.17.248,VisualArraysMentalRotation_v4,2021.1.4,Win32,20.40816327,679054f2072d526265aabff2,6790699eef4fd92042eb857e,,,,,,,,,,,,,,,,,,,,,,,,,,,,,,,,,,,,,,,,,,,,,,,,,,,,,,,,,,,,,
,,,n,1,1.6976,0,3,3,7,1,PracticeStim/31_50_R.jpg,50,Different,n,671469967e2a4f2e612e3846,2025-01-21_20h51.17.248,VisualArraysMentalRotation_v4,2021.1.4,Win32,20.40816327,679054f2072d526265aabff2,6790699eef4fd92042eb857e,,,,,,,,,,,,,,,,,,,,,,,,,,,,,,,,,,,,,,,,,,,,,,,,,,,,,,,,,,,,,
,,,n,1,2.0955,0,4,4,9,1,PracticeStim/36_100_R.jpg,100,Different,n,671469967e2a4f2e612e3846,2025-01-21_20h51.17.248,VisualArraysMentalRotation_v4,2021.1.4,Win32,20.40816327,679054f2072d526265aabff2,6790699eef4fd92042eb857e,,,,,,,,,,,,,,,,,,,,,,,,,,,,,,,,,,,,,,,,,,,,,,,,,,,,,,,,,,,,,
,,,n,1,2.9681,0,5,5,0,1,PracticeStim/7_100_R.jpg,100,Different,n,671469967e2a4f2e612e3846,2025-01-21_20h51.17.248,VisualArraysMentalRotation_v4,2021.1.4,Win32,20.40816327,679054f2072d526265aabff2,6790699eef4fd92042eb857e,,,,,,,,,,,,,,,,,,,,,,,,,,,,,,,,,,,,,,,,,,,,,,,,,,,,,,,,,,,,,
,,,n,0,3.2309,0,6,6,5,1,PracticeStim/26_150.jpg,150,Same,b,671469967e2a4f2e612e3846,2025-01-21_20h51.17.248,VisualArraysMentalRotation_v4,2021.1.4,Win32,20.40816327,679054f2072d526265aabff2,6790699eef4fd92042eb857e,,,,,,,,,,,,,,,,,,,,,,,,,,,,,,,,,,,,,,,,,,,,,,,,,,,,,,,,,,,,,
,,,n,0,3.5636,0,7,7,4,1,PracticeStim/25_150.jpg,150,Same,b,671469967e2a4f2e612e3846,2025-01-21_20h51.17.248,VisualArraysMentalRotation_v4,2021.1.4,Win32,20.40816327,679054f2072d526265aabff2,6790699eef4fd92042eb857e,,,,,,,,,,,,,,,,,,,,,,,,,,,,,,,,,,,,,,,,,,,,,,,,,,,,,,,,,,,,,
,,,n,1,3.2642,0,8,8,1,1,PracticeStim/9_100_R.jpg,100,Different,n,671469967e2a4f2e612e3846,2025-01-21_20h51.17.248,VisualArraysMentalRotation_v4,2021.1.4,Win32,20.40816327,679054f2072d526265aabff2,6790699eef4fd92042eb857e,,,,,,,,,,,,,,,,,,,,,,,,,,,,,,,,,,,,,,,,,,,,,,,,,,,,,,,,,,,,,
,,,b,1,4.0652,0,9,9,3,1,PracticeStim/18_150.jpg,150,Same,b,671469967e2a4f2e612e3846,2025-01-21_20h51.17.248,VisualArraysMentalRotation_v4,2021.1.4,Win32,20.40816327,679054f2072d526265aabff2,6790699eef4fd92042eb857e,,,,,,,,,,,,,,,,,,,,,,,,,,,,,,,,,,,,,,,,,,,,,,,,,,,,,,,,,,,,,
,,,n,0,3.2618,0,10,10,2,1,PracticeStim/17_50.jpg,50,Same,b,671469967e2a4f2e612e3846,2025-01-21_20h51.17.248,VisualArraysMentalRotation_v4,2021.1.4,Win32,20.40816327,679054f2072d526265aabff2,6790699eef4fd92042eb857e,,,,,,,,,,,,,,,,,,,,,,,,,,,,,,,,,,,,,,,,,,,,,,,,,,,,,,,,,,,,,
,,,n,1,4.3147,0,11,11,6,1,PracticeStim/30_100_R.jpg,100,Different,n,671469967e2a4f2e612e3846,2025-01-21_20h51.17.248,VisualArraysMentalRotation_v4,2021.1.4,Win32,20.40816327,679054f2072d526265aabff2,6790699eef4fd92042eb857e,,,,,,,,,,,,,,,,,,,,,,,,,,,,,,,,,,,,,,,,,,,,,,,,,,,,,,,,,,,,,
,,,,,,,,,,,,,,,671469967e2a4f2e612e3846,2025-01-21_20h51.17.248,VisualArraysMentalRotation_v4,2021.1.4,Win32,20.40816327,679054f2072d526265aabff2,6790699eef4fd92042eb857e,Stimuli/3_50_R.jpg,Different,50,n,n,1,4.0788,0,0,0,0,1,,,,,,,,,,,,,,,,,,,,,,,,,,,,,,,,,,,,,,,,,,,,,,,,,
,,,,,,,,,,,,,,,671469967e2a4f2e612e3846,2025-01-21_20h51.17.248,VisualArraysMentalRotation_v4,2021.1.4,Win32,20.40816327,679054f2072d526265aabff2,6790699eef4fd92042eb857e,Stimuli/19_0_R.jpg,Different,0,n,n,1,1.5659,1,0,1,0,1,,,,,,,,,,,,,,,,,,,,,,,,,,,,,,,,,,,,,,,,,,,,,,,,,
,,,,,,,,,,,,,,,671469967e2a4f2e612e3846,2025-01-21_20h51.17.248,VisualArraysMentalRotation_v4,2021.1.4,Win32,20.40816327,679054f2072d526265aabff2,6790699eef4fd92042eb857e,Stimuli/21_100.jpg,Same,100,b,b,1,5.6046,2,0,2,0,1,,,,,,,,,,,,,,,,,,,,,,,,,,,,,,,,,,,,,,,,,,,,,,,,,
,,,,,,,,,,,,,,,671469967e2a4f2e612e3846,2025-01-21_20h51.17.248,VisualArraysMentalRotation_v4,2021.1.4,Win32,20.40816327,679054f2072d526265aabff2,6790699eef4fd92042eb857e,Stimuli/27_0.jpg,Same,0,b,b,1,2.699,3,0,3,0,1,,,,,,,,,,,,,,,,,,,,,,,,,,,,,,,,,,,,,,,,,,,,,,,,,
,,,,,,,,,,,,,,,671469967e2a4f2e612e3846,2025-01-21_20h51.17.248,VisualArraysMentalRotation_v4,2021.1.4,Win32,20.40816327,679054f2072d526265aabff2,6790699eef4fd92042eb857e,Stimuli/27_100_R.jpg,Different,100,n,,0,,4,0,4,0,1,,,,,,,,,,,,,,,,,,,,,,,,,,,,,,,,,,,,,,,,,,,,,,,,,
,,,,,,,,,,,,,,,671469967e2a4f2e612e3846,2025-01-21_20h51.17.248,VisualArraysMentalRotation_v4,2021.1.4,Win32,20.40816327,679054f2072d526265aabff2,6790699eef4fd92042eb857e,Stimuli/32_50.jpg,Same,50,b,b,1,1.6631,5,0,5,0,1,,,,,,,,,,,,,,,,,,,,,,,,,,,,,,,,,,,,,,,,,,,,,,,,,
,,,,,,,,,,,,,,,671469967e2a4f2e612e3846,2025-01-21_20h51.17.248,VisualArraysMentalRotation_v4,2021.1.4,Win32,20.40816327,679054f2072d526265aabff2,6790699eef4fd92042eb857e,Stimuli/19_150_R.jpg,Different,150,n,b,0,2.4932,6,0,6,0,1,,,,,,,,,,,,,,,,,,,,,,,,,,,,,,,,,,,,,,,,,,,,,,,,,
,,,,,,,,,,,,,,,671469967e2a4f2e612e3846,2025-01-21_20h51.17.248,VisualArraysMentalRotation_v4,2021.1.4,Win32,20.40816327,679054f2072d526265aabff2,6790699eef4fd92042eb857e,Stimuli/3_0.jpg,Same,0,b,b,1,1.7421,7,0,7,0,1,,,,,,,,,,,,,,,,,,,,,,,,,,,,,,,,,,,,,,,,,,,,,,,,,
,,,,,,,,,,,,,,,671469967e2a4f2e612e3846,2025-01-21_20h51.17.248,VisualArraysMentalRotation_v4,2021.1.4,Win32,20.40816327,679054f2072d526265aabff2,6790699eef4fd92042eb857e,Stimuli/38_150_R.jpg,Different,150,n,n,1,3.018,8,0,8,0,1,,,,,,,,,,,,,,,,,,,,,,,,,,,,,,,,,,,,,,,,,,,,,,,,,
,,,,,,,,,,,,,,,671469967e2a4f2e612e3846,2025-01-21_20h51.17.248,VisualArraysMentalRotation_v4,2021.1.4,Win32,20.40816327,679054f2072d526265aabff2,6790699eef4fd92042eb857e,Stimuli/40_150.jpg,Same,150,b,b,1,4.0831,9,0,9,0,1,,,,,,,,,,,,,,,,,,,,,,,,,,,,,,,,,,,,,,,,,,,,,,,,,
,,,,,,,,,,,,,,,671469967e2a4f2e612e3846,2025-01-21_20h51.17.248,VisualArraysMentalRotation_v4,2021.1.4,Win32,20.40816327,679054f2072d526265aabff2,6790699eef4fd92042eb857e,Stimuli/38_50.jpg,Same,50,b,b,1,1.6028,10,0,10,0,1,,,,,,,,,,,,,,,,,,,,,,,,,,,,,,,,,,,,,,,,,,,,,,,,,
,,,,,,,,,,,,,,,671469967e2a4f2e612e3846,2025-01-21_20h51.17.248,VisualArraysMentalRotation_v4,2021.1.4,Win32,20.40816327,679054f2072d526265aabff2,6790699eef4fd92042eb857e,Stimuli/40_150_R.jpg,Different,150,n,n,1,2.5801,11,0,11,0,1,,,,,,,,,,,,,,,,,,,,,,,,,,,,,,,,,,,,,,,,,,,,,,,,,
,,,,,,,,,,,,,,,671469967e2a4f2e612e3846,2025-01-21_20h51.17.248,VisualArraysMentalRotation_v4,2021.1.4,Win32,20.40816327,679054f2072d526265aabff2,6790699eef4fd92042eb857e,Stimuli/16_50_R.jpg,Different,50,n,n,1,2.2632,12,0,12,0,1,,,,,,,,,,,,,,,,,,,,,,,,,,,,,,,,,,,,,,,,,,,,,,,,,
,,,,,,,,,,,,,,,671469967e2a4f2e612e3846,2025-01-21_20h51.17.248,VisualArraysMentalRotation_v4,2021.1.4,Win32,20.40816327,679054f2072d526265aabff2,6790699eef4fd92042eb857e,Stimuli/22_0_R.jpg,Different,0,n,n,1,1.4341,13,0,13,0,1,,,,,,,,,,,,,,,,,,,,,,,,,,,,,,,,,,,,,,,,,,,,,,,,,
,,,,,,,,,,,,,,,671469967e2a4f2e612e3846,2025-01-21_20h51.17.248,VisualArraysMentalRotation_v4,2021.1.4,Win32,20.40816327,679054f2072d526265aabff2,6790699eef4fd92042eb857e,Stimuli/40_50.jpg,Same,50,b,b,1,2.6495,14,0,14,0,1,,,,,,,,,,,,,,,,,,,,,,,,,,,,,,,,,,,,,,,,,,,,,,,,,
,,,,,,,,,,,,,,,671469967e2a4f2e612e3846,2025-01-21_20h51.17.248,VisualArraysMentalRotation_v4,2021.1.4,Win32,20.40816327,679054f2072d526265aabff2,6790699eef4fd92042eb857e,Stimuli/40_50_R.jpg,Different,50,n,n,1,4.0291,15,0,15,0,1,,,,,,,,,,,,,,,,,,,,,,,,,,,,,,,,,,,,,,,,,,,,,,,,,
,,,,,,,,,,,,,,,671469967e2a4f2e612e3846,2025-01-21_20h51.17.248,VisualArraysMentalRotation_v4,2021.1.4,Win32,20.40816327,679054f2072d526265aabff2,6790699eef4fd92042eb857e,Stimuli/44_0.jpg,Same,0,b,b,1,1.3339,16,0,16,0,1,,,,,,,,,,,,,,,,,,,,,,,,,,,,,,,,,,,,,,,,,,,,,,,,,
,,,,,,,,,,,,,,,671469967e2a4f2e612e3846,2025-01-21_20h51.17.248,VisualArraysMentalRotation_v4,2021.1.4,Win32,20.40816327,679054f2072d526265aabff2,6790699eef4fd92042eb857e,Stimuli/32_150_R.jpg,Different,150,n,b,0,4.0545,17,0,17,0,1,,,,,,,,,,,,,,,,,,,,,,,,,,,,,,,,,,,,,,,,,,,,,,,,,
,,,,,,,,,,,,,,,671469967e2a4f2e612e3846,2025-01-21_20h51.17.248,VisualArraysMentalRotation_v4,2021.1.4,Win32,20.40816327,679054f2072d526265aabff2,6790699eef4fd92042eb857e,Stimuli/16_150.jpg,Same,150,b,b,1,2.7917,18,0,18,0,1,,,,,,,,,,,,,,,,,,,,,,,,,,,,,,,,,,,,,,,,,,,,,,,,,
,,,,,,,,,,,,,,,671469967e2a4f2e612e3846,2025-01-21_20h51.17.248,VisualArraysMentalRotation_v4,2021.1.4,Win32,20.40816327,679054f2072d526265aabff2,6790699eef4fd92042eb857e,Stimuli/19_50.jpg,Same,50,b,b,1,1.6987,19,0,19,0,1,,,,,,,,,,,,,,,,,,,,,,,,,,,,,,,,,,,,,,,,,,,,,,,,,
,,,,,,,,,,,,,,,671469967e2a4f2e612e3846,2025-01-21_20h51.17.248,VisualArraysMentalRotation_v4,2021.1.4,Win32,20.40816327,679054f2072d526265aabff2,6790699eef4fd92042eb857e,Stimuli/43_100_R.jpg,Different,100,n,n,1,4.4958,20,0,20,0,1,,,,,,,,,,,,,,,,,,,,,,,,,,,,,,,,,,,,,,,,,,,,,,,,,
,,,,,,,,,,,,,,,671469967e2a4f2e612e3846,2025-01-21_20h51.17.248,VisualArraysMentalRotation_v4,2021.1.4,Win32,20.40816327,679054f2072d526265aabff2,6790699eef4fd92042eb857e,Stimuli/27_100.jpg,Same,100,b,b,1,2.7681,21,0,21,0,1,,,,,,,,,,,,,,,,,,,,,,,,,,,,,,,,,,,,,,,,,,,,,,,,,
,,,,,,,,,,,,,,,671469967e2a4f2e612e3846,2025-01-21_20h51.17.248,VisualArraysMentalRotation_v4,2021.1.4,Win32,20.40816327,679054f2072d526265aabff2,6790699eef4fd92042eb857e,Stimuli/21_150_R.jpg,Different,150,n,n,1,1.1964,22,0,22,0,1,,,,,,,,,,,,,,,,,,,,,,,,,,,,,,,,,,,,,,,,,,,,,,,,,
,,,,,,,,,,,,,,,671469967e2a4f2e612e3846,2025-01-21_20h51.17.248,VisualArraysMentalRotation_v4,2021.1.4,Win32,20.40816327,679054f2072d526265aabff2,6790699eef4fd92042eb857e,Stimuli/19_50_R.jpg,Different,50,n,b,0,1.6482,23,0,23,0,1,,,,,,,,,,,,,,,,,,,,,,,,,,,,,,,,,,,,,,,,,,,,,,,,,
,,,,,,,,,,,,,,,671469967e2a4f2e612e3846,2025-01-21_20h51.17.248,VisualArraysMentalRotation_v4,2021.1.4,Win32,20.40816327,679054f2072d526265aabff2,6790699eef4fd92042eb857e,Stimuli/3_100.jpg,Same,100,b,n,0,2.0842,24,0,24,0,1,,,,,,,,,,,,,,,,,,,,,,,,,,,,,,,,,,,,,,,,,,,,,,,,,
,,,,,,,,,,,,,,,671469967e2a4f2e612e3846,2025-01-21_20h51.17.248,VisualArraysMentalRotation_v4,2021.1.4,Win32,20.40816327,679054f2072d526265aabff2,6790699eef4fd92042eb857e,Stimuli/28_0.jpg,Same,0,b,b,1,1.2451,25,0,25,0,1,,,,,,,,,,,,,,,,,,,,,,,,,,,,,,,,,,,,,,,,,,,,,,,,,
,,,,,,,,,,,,,,,671469967e2a4f2e612e3846,2025-01-21_20h51.17.248,VisualArraysMentalRotation_v4,2021.1.4,Win32,20.40816327,679054f2072d526265aabff2,6790699eef4fd92042eb857e,Stimuli/40_100.jpg,Same,100,b,b,1,6.9988,26,0,26,0,1,,,,,,,,,,,,,,,,,,,,,,,,,,,,,,,,,,,,,,,,,,,,,,,,,
,,,,,,,,,,,,,,,671469967e2a4f2e612e3846,2025-01-21_20h51.17.248,VisualArraysMentalRotation_v4,2021.1.4,Win32,20.40816327,679054f2072d526265aabff2,6790699eef4fd92042eb857e,Stimuli/32_50_R.jpg,Different,50,n,n,1,1.8524,27,0,27,0,1,,,,,,,,,,,,,,,,,,,,,,,,,,,,,,,,,,,,,,,,,,,,,,,,,
,,,,,,,,,,,,,,,671469967e2a4f2e612e3846,2025-01-21_20h51.17.248,VisualArraysMentalRotation_v4,2021.1.4,Win32,20.40816327,679054f2072d526265aabff2,6790699eef4fd92042eb857e,Stimuli/21_100_R.jpg,Different,100,n,n,1,3.757,28,0,28,0,1,,,,,,,,,,,,,,,,,,,,,,,,,,,,,,,,,,,,,,,,,,,,,,,,,
,,,,,,,,,,,,,,,671469967e2a4f2e612e3846,2025-01-21_20h51.17.248,VisualArraysMentalRotation_v4,2021.1.4,Win32,20.40816327,679054f2072d526265aabff2,6790699eef4fd92042eb857e,Stimuli/40_0.jpg,Same,0,b,b,1,1.0051,29,0,29,0,1,,,,,,,,,,,,,,,,,,,,,,,,,,,,,,,,,,,,,,,,,,,,,,,,,
,,,,,,,,,,,,,,,671469967e2a4f2e612e3846,2025-01-21_20h51.17.248,VisualArraysMentalRotation_v4,2021.1.4,Win32,20.40816327,679054f2072d526265aabff2,6790699eef4fd92042eb857e,Stimuli/44_150.jpg,Same,150,b,b,1,3.3531,30,0,30,0,1,,,,,,,,,,,,,,,,,,,,,,,,,,,,,,,,,,,,,,,,,,,,,,,,,
,,,,,,,,,,,,,,,671469967e2a4f2e612e3846,2025-01-21_20h51.17.248,VisualArraysMentalRotation_v4,2021.1.4,Win32,20.40816327,679054f2072d526265aabff2,6790699eef4fd92042eb857e,Stimuli/19_100_R.jpg,Different,100,n,b,0,3.0418,31,0,31,0,1,,,,,,,,,,,,,,,,,,,,,,,,,,,,,,,,,,,,,,,,,,,,,,,,,
,,,,,,,,,,,,,,,671469967e2a4f2e612e3846,2025-01-21_20h51.17.248,VisualArraysMentalRotation_v4,2021.1.4,Win32,20.40816327,679054f2072d526265aabff2,6790699eef4fd92042eb857e,Stimuli/40_0_R.jpg,Different,0,n,n,1,1.2655,32,0,32,0,1,,,,,,,,,,,,,,,,,,,,,,,,,,,,,,,,,,,,,,,,,,,,,,,,,
,,,,,,,,,,,,,,,671469967e2a4f2e612e3846,2025-01-21_20h51.17.248,VisualArraysMentalRotation_v4,2021.1.4,Win32,20.40816327,679054f2072d526265aabff2,6790699eef4fd92042eb857e,Stimuli/27_50.jpg,Same,50,b,b,1,1.9751,33,0,33,0,1,,,,,,,,,,,,,,,,,,,,,,,,,,,,,,,,,,,,,,,,,,,,,,,,,
,,,,,,,,,,,,,,,671469967e2a4f2e612e3846,2025-01-21_20h51.17.248,VisualArraysMentalRotation_v4,2021.1.4,Win32,20.40816327,679054f2072d526265aabff2,6790699eef4fd92042eb857e,Stimuli/43_50.jpg,Same,50,b,b,1,1.9679,34,0,34,0,1,,,,,,,,,,,,,,,,,,,,,,,,,,,,,,,,,,,,,,,,,,,,,,,,,
,,,,,,,,,,,,,,,671469967e2a4f2e612e3846,2025-01-21_20h51.17.248,VisualArraysMentalRotation_v4,2021.1.4,Win32,20.40816327,679054f2072d526265aabff2,6790699eef4fd92042eb857e,Stimuli/28_150.jpg,Same,150,b,b,1,2.8356,35,0,35,0,1,,,,,,,,,,,,,,,,,,,,,,,,,,,,,,,,,,,,,,,,,,,,,,,,,
,,,,,,,,,,,,,,,671469967e2a4f2e612e3846,2025-01-21_20h51.17.248,VisualArraysMentalRotation_v4,2021.1.4,Win32,20.40816327,679054f2072d526265aabff2,6790699eef4fd92042eb857e,Stimuli/32_0_R.jpg,Different,0,n,b,0,1.709,36,0,36,0,1,,,,,,,,,,,,,,,,,,,,,,,,,,,,,,,,,,,,,,,,,,,,,,,,,
,,,,,,,,,,,,,,,671469967e2a4f2e612e3846,2025-01-21_20h51.17.248,VisualArraysMentalRotation_v4,2021.1.4,Win32,20.40816327,679054f2072d526265aabff2,6790699eef4fd92042eb857e,Stimuli/3_100_R.jpg,Different,100,n,n,1,2.3475,37,0,37,0,1,,,,,,,,,,,,,,,,,,,,,,,,,,,,,,,,,,,,,,,,,,,,,,,,,
,,,,,,,,,,,,,,,671469967e2a4f2e612e3846,2025-01-21_20h51.17.248,VisualArraysMentalRotation_v4,2021.1.4,Win32,20.40816327,679054f2072d526265aabff2,6790699eef4fd92042eb857e,Stimuli/28_100.jpg,Same,100,b,b,1,2.3473,38,0,38,0,1,,,,,,,,,,,,,,,,,,,,,,,,,,,,,,,,,,,,,,,,,,,,,,,,,
,,,,,,,,,,,,,,,671469967e2a4f2e612e3846,2025-01-21_20h51.17.248,VisualArraysMentalRotation_v4,2021.1.4,Win32,20.40816327,679054f2072d526265aabff2,6790699eef4fd92042eb857e,Stimuli/27_50_R.jpg,Different,50,n,n,1,1.5848,39,0,39,0,1,,,,,,,,,,,,,,,,,,,,,,,,,,,,,,,,,,,,,,,,,,,,,,,,,
,,,,,,,,,,,,,,,671469967e2a4f2e612e3846,2025-01-21_20h51.17.248,VisualArraysMentalRotation_v4,2021.1.4,Win32,20.40816327,679054f2072d526265aabff2,6790699eef4fd92042eb857e,Stimuli/21_0_R.jpg,Different,0,n,n,1,1.2079,40,0,40,0,1,,,,,,,,,,,,,,,,,,,,,,,,,,,,,,,,,,,,,,,,,,,,,,,,,
,,,,,,,,,,,,,,,671469967e2a4f2e612e3846,2025-01-21_20h51.17.248,VisualArraysMentalRotation_v4,2021.1.4,Win32,20.40816327,679054f2072d526265aabff2,6790699eef4fd92042eb857e,Stimuli/19_150.jpg,Same,150,b,b,1,1.5794,41,0,41,0,1,,,,,,,,,,,,,,,,,,,,,,,,,,,,,,,,,,,,,,,,,,,,,,,,,
,,,,,,,,,,,,,,,671469967e2a4f2e612e3846,2025-01-21_20h51.17.248,VisualArraysMentalRotation_v4,2021.1.4,Win32,20.40816327,679054f2072d526265aabff2,6790699eef4fd92042eb857e,Stimuli/43_150_R.jpg,Different,150,n,n,1,4.1253,42,0,42,0,1,,,,,,,,,,,,,,,,,,,,,,,,,,,,,,,,,,,,,,,,,,,,,,,,,
,,,,,,,,,,,,,,,671469967e2a4f2e612e3846,2025-01-21_20h51.17.248,VisualArraysMentalRotation_v4,2021.1.4,Win32,20.40816327,679054f2072d526265aabff2,6790699eef4fd92042eb857e,Stimuli/32_150.jpg,Same,150,b,b,1,2.7646,43,0,43,0,1,,,,,,,,,,,,,,,,,,,,,,,,,,,,,,,,,,,,,,,,,,,,,,,,,
,,,,,,,,,,,,,,,671469967e2a4f2e612e3846,2025-01-21_20h51.17.248,VisualArraysMentalRotation_v4,2021.1.4,Win32,20.40816327,679054f2072d526265aabff2,6790699eef4fd92042eb857e,Stimuli/28_100_R.jpg,Different,100,n,n,1,2.9268,44,0,44,0,1,,,,,,,,,,,,,,,,,,,,,,,,,,,,,,,,,,,,,,,,,,,,,,,,,
,,,,,,,,,,,,,,,671469967e2a4f2e612e3846,2025-01-21_20h51.17.248,VisualArraysMentalRotation_v4,2021.1.4,Win32,20.40816327,679054f2072d526265aabff2,6790699eef4fd92042eb857e,Stimuli/19_0.jpg,Same,0,b,b,1,1.2947,45,0,45,0,1,,,,,,,,,,,,,,,,,,,,,,,,,,,,,,,,,,,,,,,,,,,,,,,,,
,,,,,,,,,,,,,,,671469967e2a4f2e612e3846,2025-01-21_20h51.17.248,VisualArraysMentalRotation_v4,2021.1.4,Win32,20.40816327,679054f2072d526265aabff2,6790699eef4fd92042eb857e,Stimuli/16_0_R.jpg,Different,0,n,n,1,1.1965,46,0,46,0,1,,,,,,,,,,,,,,,,,,,,,,,,,,,,,,,,,,,,,,,,,,,,,,,,,
,,,,,,,,,,,,,,,671469967e2a4f2e612e3846,2025-01-21_20h51.17.248,VisualArraysMentalRotation_v4,2021.1.4,Win32,20.40816327,679054f2072d526265aabff2,6790699eef4fd92042eb857e,Stimuli/44_100.jpg,Same,100,b,b,1,2.0943,47,0,47,0,1,,,,,,,,,,,,,,,,,,,,,,,,,,,,,,,,,,,,,,,,,,,,,,,,,
,,,,,,,,,,,,,,,671469967e2a4f2e612e3846,2025-01-21_20h51.17.248,VisualArraysMentalRotation_v4,2021.1.4,Win32,20.40816327,679054f2072d526265aabff2,6790699eef4fd92042eb857e,Stimuli/22_100_R.jpg,Different,100,n,n,1,2.7292,48,0,48,0,1,,,,,,,,,,,,,,,,,,,,,,,,,,,,,,,,,,,,,,,,,,,,,,,,,
,,,,,,,,,,,,,,,671469967e2a4f2e612e3846,2025-01-21_20h51.17.248,VisualArraysMentalRotation_v4,2021.1.4,Win32,20.40816327,679054f2072d526265aabff2,6790699eef4fd92042eb857e,Stimuli/16_50.jpg,Same,50,b,b,1,1.259,49,0,49,0,1,,,,,,,,,,,,,,,,,,,,,,,,,,,,,,,,,,,,,,,,,,,,,,,,,
,,,,,,,,,,,,,,,671469967e2a4f2e612e3846,2025-01-21_20h51.17.248,VisualArraysMentalRotation_v4,2021.1.4,Win32,20.40816327,679054f2072d526265aabff2,6790699eef4fd92042eb857e,Stimuli/28_150_R.jpg,Different,150,n,n,1,2.1114,50,0,50,0,1,,,,,,,,,,,,,,,,,,,,,,,,,,,,,,,,,,,,,,,,,,,,,,,,,
,,,,,,,,,,,,,,,671469967e2a4f2e612e3846,2025-01-21_20h51.17.248,VisualArraysMentalRotation_v4,2021.1.4,Win32,20.40816327,679054f2072d526265aabff2,6790699eef4fd92042eb857e,Stimuli/43_0_R.jpg,Different,0,n,n,1,5.0284,51,0,51,0,1,,,,,,,,,,,,,,,,,,,,,,,,,,,,,,,,,,,,,,,,,,,,,,,,,
,,,,,,,,,,,,,,,671469967e2a4f2e612e3846,2025-01-21_20h51.17.248,VisualArraysMentalRotation_v4,2021.1.4,Win32,20.40816327,679054f2072d526265aabff2,6790699eef4fd92042eb857e,Stimuli/22_150_R.jpg,Different,150,n,b,0,5.1412,52,0,52,0,1,,,,,,,,,,,,,,,,,,,,,,,,,,,,,,,,,,,,,,,,,,,,,,,,,
,,,,,,,,,,,,,,,671469967e2a4f2e612e3846,2025-01-21_20h51.17.248,VisualArraysMentalRotation_v4,2021.1.4,Win32,20.40816327,679054f2072d526265aabff2,6790699eef4fd92042eb857e,Stimuli/44_50.jpg,Same,50,b,b,1,2.2819,53,0,53,0,1,,,,,,,,,,,,,,,,,,,,,,,,,,,,,,,,,,,,,,,,,,,,,,,,,
,,,,,,,,,,,,,,,671469967e2a4f2e612e3846,2025-01-21_20h51.17.248,VisualArraysMentalRotation_v4,2021.1.4,Win32,20.40816327,679054f2072d526265aabff2,6790699eef4fd92042eb857e,Stimuli/16_150_R.jpg,Different,150,n,n,1,1.3486,54,0,54,0,1,,,,,,,,,,,,,,,,,,,,,,,,,,,,,,,,,,,,,,,,,,,,,,,,,
,,,,,,,,,,,,,,,671469967e2a4f2e612e3846,2025-01-21_20h51.17.248,VisualArraysMentalRotation_v4,2021.1.4,Win32,20.40816327,679054f2072d526265aabff2,6790699eef4fd92042eb857e,Stimuli/38_0.jpg,Same,0,b,b,1,1.0999,55,0,55,0,1,,,,,,,,,,,,,,,,,,,,,,,,,,,,,,,,,,,,,,,,,,,,,,,,,
,,,,,,,,,,,,,,,671469967e2a4f2e612e3846,2025-01-21_20h51.17.248,VisualArraysMentalRotation_v4,2021.1.4,Win32,20.40816327,679054f2072d526265aabff2,6790699eef4fd92042eb857e,Stimuli/32_100.jpg,Same,100,b,b,1,2.4632,56,0,56,0,1,,,,,,,,,,,,,,,,,,,,,,,,,,,,,,,,,,,,,,,,,,,,,,,,,
,,,,,,,,,,,,,,,671469967e2a4f2e612e3846,2025-01-21_20h51.17.248,VisualArraysMentalRotation_v4,2021.1.4,Win32,20.40816327,679054f2072d526265aabff2,6790699eef4fd92042eb857e,Stimuli/3_0_R.jpg,Different,0,n,b,0,1.7129,57,0,57,0,1,,,,,,,,,,,,,,,,,,,,,,,,,,,,,,,,,,,,,,,,,,,,,,,,,
,,,,,,,,,,,,,,,671469967e2a4f2e612e3846,2025-01-21_20h51.17.248,VisualArraysMentalRotation_v4,2021.1.4,Win32,20.40816327,679054f2072d526265aabff2,6790699eef4fd92042eb857e,Stimuli/43_100.jpg,Same,100,b,b,1,2.2839,58,0,58,0,1,,,,,,,,,,,,,,,,,,,,,,,,,,,,,,,,,,,,,,,,,,,,,,,,,
,,,,,,,,,,,,,,,671469967e2a4f2e612e3846,2025-01-21_20h51.17.248,VisualArraysMentalRotation_v4,2021.1.4,Win32,20.40816327,679054f2072d526265aabff2,6790699eef4fd92042eb857e,Stimuli/44_0_R.jpg,Different,0,n,n,1,1.0879,59,0,59,0,1,,,,,,,,,,,,,,,,,,,,,,,,,,,,,,,,,,,,,,,,,,,,,,,,,
,,,,,,,,,,,,,,,671469967e2a4f2e612e3846,2025-01-21_20h51.17.248,VisualArraysMentalRotation_v4,2021.1.4,Win32,20.40816327,679054f2072d526265aabff2,6790699eef4fd92042eb857e,Stimuli/3_50.jpg,Same,50,b,b,1,1.5907,60,0,60,0,1,,,,,,,,,,,,,,,,,,,,,,,,,,,,,,,,,,,,,,,,,,,,,,,,,
,,,,,,,,,,,,,,,671469967e2a4f2e612e3846,2025-01-21_20h51.17.248,VisualArraysMentalRotation_v4,2021.1.4,Win32,20.40816327,679054f2072d526265aabff2,6790699eef4fd92042eb857e,Stimuli/43_150.jpg,Same,150,b,b,1,3.5806,61,0,61,0,1,,,,,,,,,,,,,,,,,,,,,,,,,,,,,,,,,,,,,,,,,,,,,,,,,
,,,,,,,,,,,,,,,671469967e2a4f2e612e3846,2025-01-21_20h51.17.248,VisualArraysMentalRotation_v4,2021.1.4,Win32,20.40816327,679054f2072d526265aabff2,6790699eef4fd92042eb857e,Stimuli/38_100_R.jpg,Different,100,n,n,1,2.4234,62,0,62,0,1,,,,,,,,,,,,,,,,,,,,,,,,,,,,,,,,,,,,,,,,,,,,,,,,,
,,,,,,,,,,,,,,,671469967e2a4f2e612e3846,2025-01-21_20h51.17.248,VisualArraysMentalRotation_v4,2021.1.4,Win32,20.40816327,679054f2072d526265aabff2,6790699eef4fd92042eb857e,Stimuli/38_150.jpg,Same,150,b,b,1,1.9076,63,0,63,0,1,,,,,,,,,,,,,,,,,,,,,,,,,,,,,,,,,,,,,,,,,,,,,,,,,
,,,,,,,,,,,,,,,671469967e2a4f2e612e3846,2025-01-21_20h51.17.248,VisualArraysMentalRotation_v4,2021.1.4,Win32,20.40816327,679054f2072d526265aabff2,6790699eef4fd92042eb857e,Stimuli/32_100_R.jpg,Different,100,n,n,1,3.1261,64,0,64,0,1,,,,,,,,,,,,,,,,,,,,,,,,,,,,,,,,,,,,,,,,,,,,,,,,,
,,,,,,,,,,,,,,,671469967e2a4f2e612e3846,2025-01-21_20h51.17.248,VisualArraysMentalRotation_v4,2021.1.4,Win32,20.40816327,679054f2072d526265aabff2,6790699eef4fd92042eb857e,Stimuli/44_100_R.jpg,Different,100,n,b,0,3.4031,65,0,65,0,1,,,,,,,,,,,,,,,,,,,,,,,,,,,,,,,,,,,,,,,,,,,,,,,,,
,,,,,,,,,,,,,,,671469967e2a4f2e612e3846,2025-01-21_20h51.17.248,VisualArraysMentalRotation_v4,2021.1.4,Win32,20.40816327,679054f2072d526265aabff2,6790699eef4fd92042eb857e,Stimuli/19_100.jpg,Same,100,b,b,1,2.1438,66,0,66,0,1,,,,,,,,,,,,,,,,,,,,,,,,,,,,,,,,,,,,,,,,,,,,,,,,,
,,,,,,,,,,,,,,,671469967e2a4f2e612e3846,2025-01-21_20h51.17.248,VisualArraysMentalRotation_v4,2021.1.4,Win32,20.40816327,679054f2072d526265aabff2,6790699eef4fd92042eb857e,Stimuli/43_0.jpg,Same,0,b,b,1,1.0141,67,0,67,0,1,,,,,,,,,,,,,,,,,,,,,,,,,,,,,,,,,,,,,,,,,,,,,,,,,
,,,,,,,,,,,,,,,671469967e2a4f2e612e3846,2025-01-21_20h51.17.248,VisualArraysMentalRotation_v4,2021.1.4,Win32,20.40816327,679054f2072d526265aabff2,6790699eef4fd92042eb857e,Stimuli/16_100_R.jpg,Different,100,n,n,1,2.1832,68,0,68,0,1,,,,,,,,,,,,,,,,,,,,,,,,,,,,,,,,,,,,,,,,,,,,,,,,,
,,,,,,,,,,,,,,,671469967e2a4f2e612e3846,2025-01-21_20h51.17.248,VisualArraysMentalRotation_v4,2021.1.4,Win32,20.40816327,679054f2072d526265aabff2,6790699eef4fd92042eb857e,Stimuli/22_150.jpg,Same,150,b,b,1,1.102,69,0,69,0,1,,,,,,,,,,,,,,,,,,,,,,,,,,,,,,,,,,,,,,,,,,,,,,,,,
,,,,,,,,,,,,,,,671469967e2a4f2e612e3846,2025-01-21_20h51.17.248,VisualArraysMentalRotation_v4,2021.1.4,Win32,20.40816327,679054f2072d526265aabff2,6790699eef4fd92042eb857e,Stimuli/44_150_R.jpg,Different,150,n,n,1,2.8295,70,0,70,0,1,,,,,,,,,,,,,,,,,,,,,,,,,,,,,,,,,,,,,,,,,,,,,,,,,
,,,,,,,,,,,,,,,671469967e2a4f2e612e3846,2025-01-21_20h51.17.248,VisualArraysMentalRotation_v4,2021.1.4,Win32,20.40816327,679054f2072d526265aabff2,6790699eef4fd92042eb857e,Stimuli/3_150_R.jpg,Different,150,n,n,1,3.3083,71,0,71,0,1,,,,,,,,,,,,,,,,,,,,,,,,,,,,,,,,,,,,,,,,,,,,,,,,,
,,,,,,,,,,,,,,,671469967e2a4f2e612e3846,2025-01-21_20h51.17.248,VisualArraysMentalRotation_v4,2021.1.4,Win32,20.40816327,679054f2072d526265aabff2,6790699eef4fd92042eb857e,Stimuli/16_100.jpg,Same,100,b,b,1,1.7596,72,0,72,0,1,,,,,,,,,,,,,,,,,,,,,,,,,,,,,,,,,,,,,,,,,,,,,,,,,
,,,,,,,,,,,,,,,671469967e2a4f2e612e3846,2025-01-21_20h51.17.248,VisualArraysMentalRotation_v4,2021.1.4,Win32,20.40816327,679054f2072d526265aabff2,6790699eef4fd92042eb857e,Stimuli/28_0_R.jpg,Different,0,n,n,1,1.8337,73,0,73,0,1,,,,,,,,,,,,,,,,,,,,,,,,,,,,,,,,,,,,,,,,,,,,,,,,,
,,,,,,,,,,,,,,,671469967e2a4f2e612e3846,2025-01-21_20h51.17.248,VisualArraysMentalRotation_v4,2021.1.4,Win32,20.40816327,679054f2072d526265aabff2,6790699eef4fd92042eb857e,Stimuli/22_0.jpg,Same,0,b,b,1,0.8412,74,0,74,0,1,,,,,,,,,,,,,,,,,,,,,,,,,,,,,,,,,,,,,,,,,,,,,,,,,
,,,,,,,,,,,,,,,671469967e2a4f2e612e3846,2025-01-21_20h51.17.248,VisualArraysMentalRotation_v4,2021.1.4,Win32,20.40816327,679054f2072d526265aabff2,6790699eef4fd92042eb857e,Stimuli/27_150_R.jpg,Different,150,n,n,1,1.7456,75,0,75,0,1,,,,,,,,,,,,,,,,,,,,,,,,,,,,,,,,,,,,,,,,,,,,,,,,,
,,,,,,,,,,,,,,,671469967e2a4f2e612e3846,2025-01-21_20h51.17.248,VisualArraysMentalRotation_v4,2021.1.4,Win32,20.40816327,679054f2072d526265aabff2,6790699eef4fd92042eb857e,Stimuli/28_50.jpg,Same,50,b,b,1,1.2799,76,0,76,0,1,,,,,,,,,,,,,,,,,,,,,,,,,,,,,,,,,,,,,,,,,,,,,,,,,
,,,,,,,,,,,,,,,671469967e2a4f2e612e3846,2025-01-21_20h51.17.248,VisualArraysMentalRotation_v4,2021.1.4,Win32,20.40816327,679054f2072d526265aabff2,6790699eef4fd92042eb857e,Stimuli/44_50_R.jpg,Different,50,n,n,1,3.0532,77,0,77,0,1,,,,,,,,,,,,,,,,,,,,,,,,,,,,,,,,,,,,,,,,,,,,,,,,,
,,,,,,,,,,,,,,,671469967e2a4f2e612e3846,2025-01-21_20h51.17.248,VisualArraysMentalRotation_v4,2021.1.4,Win32,20.40816327,679054f2072d526265aabff2,6790699eef4fd92042eb857e,Stimuli/21_50_R.jpg,Different,50,n,n,1,1.4441,78,0,78,0,1,,,,,,,,,,,,,,,,,,,,,,,,,,,,,,,,,,,,,,,,,,,,,,,,,
,,,,,,,,,,,,,,,671469967e2a4f2e612e3846,2025-01-21_20h51.17.248,VisualArraysMentalRotation_v4,2021.1.4,Win32,20.40816327,679054f2072d526265aabff2,6790699eef4fd92042eb857e,Stimuli/27_150.jpg,Same,150,b,b,1,3.2147,79,0,79,0,1,,,,,,,,,,,,,,,,,,,,,,,,,,,,,,,,,,,,,,,,,,,,,,,,,
,,,,,,,,,,,,,,,671469967e2a4f2e612e3846,2025-01-21_20h51.17.248,VisualArraysMentalRotation_v4,2021.1.4,Win32,20.40816327,679054f2072d526265aabff2,6790699eef4fd92042eb857e,Stimuli/32_0.jpg,Same,0,b,b,1,1.0333,80,0,80,0,1,,,,,,,,,,,,,,,,,,,,,,,,,,,,,,,,,,,,,,,,,,,,,,,,,
,,,,,,,,,,,,,,,671469967e2a4f2e612e3846,2025-01-21_20h51.17.248,VisualArraysMentalRotation_v4,2021.1.4,Win32,20.40816327,679054f2072d526265aabff2,6790699eef4fd92042eb857e,Stimuli/22_100.jpg,Same,100,b,b,1,1.716,81,0,81,0,1,,,,,,,,,,,,,,,,,,,,,,,,,,,,,,,,,,,,,,,,,,,,,,,,,
,,,,,,,,,,,,,,,671469967e2a4f2e612e3846,2025-01-21_20h51.17.248,VisualArraysMentalRotation_v4,2021.1.4,Win32,20.40816327,679054f2072d526265aabff2,6790699eef4fd92042eb857e,Stimuli/43_50_R.jpg,Different,50,n,n,1,3.2146,82,0,82,0,1,,,,,,,,,,,,,,,,,,,,,,,,,,,,,,,,,,,,,,,,,,,,,,,,,
,,,,,,,,,,,,,,,671469967e2a4f2e612e3846,2025-01-21_20h51.17.248,VisualArraysMentalRotation_v4,2021.1.4,Win32,20.40816327,679054f2072d526265aabff2,6790699eef4fd92042eb857e,Stimuli/21_150.jpg,Same,150,b,b,1,2.1768,83,0,83,0,1,,,,,,,,,,,,,,,,,,,,,,,,,,,,,,,,,,,,,,,,,,,,,,,,,
,,,,,,,,,,,,,,,671469967e2a4f2e612e3846,2025-01-21_20h51.17.248,VisualArraysMentalRotation_v4,2021.1.4,Win32,20.40816327,679054f2072d526265aabff2,6790699eef4fd92042eb857e,Stimuli/22_50_R.jpg,Different,50,n,n,1,3.49,84,0,84,0,1,,,,,,,,,,,,,,,,,,,,,,,,,,,,,,,,,,,,,,,,,,,,,,,,,
,,,,,,,,,,,,,,,671469967e2a4f2e612e3846,2025-01-21_20h51.17.248,VisualArraysMentalRotation_v4,2021.1.4,Win32,20.40816327,679054f2072d526265aabff2,6790699eef4fd92042eb857e,Stimuli/28_50_R.jpg,Different,50,n,n,1,2.5858,85,0,85,0,1,,,,,,,,,,,,,,,,,,,,,,,,,,,,,,,,,,,,,,,,,,,,,,,,,
,,,,,,,,,,,,,,,671469967e2a4f2e612e3846,2025-01-21_20h51.17.248,VisualArraysMentalRotation_v4,2021.1.4,Win32,20.40816327,679054f2072d526265aabff2,6790699eef4fd92042eb857e,Stimuli/21_0.jpg,Same,0,b,b,1,0.801,86,0,86,0,1,,,,,,,,,,,,,,,,,,,,,,,,,,,,,,,,,,,,,,,,,,,,,,,,,
,,,,,,,,,,,,,,,671469967e2a4f2e612e3846,2025-01-21_20h51.17.248,VisualArraysMentalRotation_v4,2021.1.4,Win32,20.40816327,679054f2072d526265aabff2,6790699eef4fd92042eb857e,Stimuli/27_0_R.jpg,Different,0,n,n,1,1.5648,87,0,87,0,1,,,,,,,,,,,,,,,,,,,,,,,,,,,,,,,,,,,,,,,,,,,,,,,,,
,,,,,,,,,,,,,,,671469967e2a4f2e612e3846,2025-01-21_20h51.17.248,VisualArraysMentalRotation_v4,2021.1.4,Win32,20.40816327,679054f2072d526265aabff2,6790699eef4fd92042eb857e,Stimuli/38_0_R.jpg,Different,0,n,n,1,1.661,88,0,88,0,1,,,,,,,,,,,,,,,,,,,,,,,,,,,,,,,,,,,,,,,,,,,,,,,,,
,,,,,,,,,,,,,,,671469967e2a4f2e612e3846,2025-01-21_20h51.17.248,VisualArraysMentalRotation_v4,2021.1.4,Win32,20.40816327,679054f2072d526265aabff2,6790699eef4fd92042eb857e,Stimuli/3_150.jpg,Same,150,b,b,1,4.13,89,0,89,0,1,,,,,,,,,,,,,,,,,,,,,,,,,,,,,,,,,,,,,,,,,,,,,,,,,
,,,,,,,,,,,,,,,671469967e2a4f2e612e3846,2025-01-21_20h51.17.248,VisualArraysMentalRotation_v4,2021.1.4,Win32,20.40816327,679054f2072d526265aabff2,6790699eef4fd92042eb857e,Stimuli/22_50.jpg,Same,50,b,b,1,1.1653,90,0,90,0,1,,,,,,,,,,,,,,,,,,,,,,,,,,,,,,,,,,,,,,,,,,,,,,,,,
,,,,,,,,,,,,,,,671469967e2a4f2e612e3846,2025-01-21_20h51.17.248,VisualArraysMentalRotation_v4,2021.1.4,Win32,20.40816327,679054f2072d526265aabff2,6790699eef4fd92042eb857e,Stimuli/40_100_R.jpg,Different,100,n,b,0,5.4375,91,0,91,0,1,,,,,,,,,,,,,,,,,,,,,,,,,,,,,,,,,,,,,,,,,,,,,,,,,
,,,,,,,,,,,,,,,671469967e2a4f2e612e3846,2025-01-21_20h51.17.248,VisualArraysMentalRotation_v4,2021.1.4,Win32,20.40816327,679054f2072d526265aabff2,6790699eef4fd92042eb857e,Stimuli/16_0.jpg,Same,0,b,b,1,0.7668,92,0,92,0,1,,,,,,,,,,,,,,,,,,,,,,,,,,,,,,,,,,,,,,,,,,,,,,,,,
,,,,,,,,,,,,,,,671469967e2a4f2e612e3846,2025-01-21_20h51.17.248,VisualArraysMentalRotation_v4,2021.1.4,Win32,20.40816327,679054f2072d526265aabff2,6790699eef4fd92042eb857e,Stimuli/21_50.jpg,Same,50,b,b,1,1.2614,93,0,93,0,1,,,,,,,,,,,,,,,,,,,,,,,,,,,,,,,,,,,,,,,,,,,,,,,,,
,,,,,,,,,,,,,,,671469967e2a4f2e612e3846,2025-01-21_20h51.17.248,VisualArraysMentalRotation_v4,2021.1.4,Win32,20.40816327,679054f2072d526265aabff2,6790699eef4fd92042eb857e,Stimuli/38_100.jpg,Same,100,b,b,1,1.765,94,0,94,0,1,,,,,,,,,,,,,,,,,,,,,,,,,,,,,,,,,,,,,,,,,,,,,,,,,
,,,,,,,,,,,,,,,671469967e2a4f2e612e3846,2025-01-21_20h51.17.248,VisualArraysMentalRotation_v4,2021.1.4,Win32,20.40816327,679054f2072d526265aabff2,6790699eef4fd92042eb857e,Stimuli/38_50_R.jpg,Different,50,n,n,1,3.0371,95,0,95,0,1,,,,,,,,,,,,,,,,,,,,,,,,,,,,,,,,,,,,,,,,,,,,,,,,,
,,,,,,,,,,,,,,,671469967e2a4f2e612e3846,2025-01-21_20h51.17.248,VisualArraysMentalRotation_v4,2021.1.4,Win32,20.40816327,679054f2072d526265aabff2,6790699eef4fd92042eb857e,,,,,,,,,,,,,0,0,0,0,1,,,,,,,,,,,,,,,,,,,,,,,,,,,,,,,,,,,,,,,,,,,,
,,,,,,,,,,,,,,,671469967e2a4f2e612e3846,2025-01-21_20h51.17.248,VisualArraysMentalRotation_v4,2021.1.4,Win32,20.40816327,679054f2072d526265aabff2,6790699eef4fd92042eb857e,,,,,,,,,,,,,,,,,,0,0,0,0,1,0,1,,,,,,,,,,,,,,,,,,,,,,,,,,,,,,,,,,,,,
,,,,,,,,,,,,,,,671469967e2a4f2e612e3846,2025-01-21_20h51.17.248,VisualArraysMentalRotation_v4,2021.1.4,Win32,20.40816327,679054f2072d526265aabff2,6790699eef4fd92042eb857e,,,,,,,,,,,,,,,,,,,,,,,,,"[45,90,-45,0,45]","[0,90,90,-45,45]",0.25,PracRed_1,"[45,90,-45,0,45]","[0,90,90,-45,45]",5,1,0.0007,0,0,0,2,1,RED,5,Same,5,1,,,,,,,,,,,,,,,,,,
,,,,,,,,,,,,,,,671469967e2a4f2e612e3846,2025-01-21_20h51.17.248,VisualArraysMentalRotation_v4,2021.1.4,Win32,20.40816327,679054f2072d526265aabff2,6790699eef4fd92042eb857e,,,,,,,,,,,,,,,,,,,,,,,,,"[90,45,-45,-45,-45]","[0,90,0,0,0]",0.25,PracRed_1,"[90,45,-45,-45,-45]","[0,90,0,0,0]",6,0,2.5828,0,1,1,1,1,RED,3,Same,5,3,,,,,,,,,,,,,,,,,,
,,,,,,,,,,,,,,,671469967e2a4f2e612e3846,2025-01-21_20h51.17.248,VisualArraysMentalRotation_v4,2021.1.4,Win32,20.40816327,679054f2072d526265aabff2,6790699eef4fd92042eb857e,,,,,,,,,,,,,,,,,,,,,,,,,"[45,-45,0,-45,90]","[45,90,45,90,90]",0.25,PracBlue_2,"[45,-45,0,-45,90]","[45,90,45,90,90]",6,0,2.7008,0,2,2,9,1,BLUE,3,Same,5,3,,,,,,,,,,,,,,,,,,
,,,,,,,,,,,,,,,671469967e2a4f2e612e3846,2025-01-21_20h51.17.248,VisualArraysMentalRotation_v4,2021.1.4,Win32,20.40816327,679054f2072d526265aabff2,6790699eef4fd92042eb857e,,,,,,,,,,,,,,,,,,,,,,,,,"[45,0,0,0,90]","[45,0,0,-45,45]",0.25,PracBlue_3,"[45,0,0,0,90]","[45,0,90,-45,45]",5,0,2.1994,0,3,3,14,1,BLUE,5,Different,6,1,,,,,,,,,,,,,,,,,,
,,,,,,,,,,,,,,,671469967e2a4f2e612e3846,2025-01-21_20h51.17.248,VisualArraysMentalRotation_v4,2021.1.4,Win32,20.40816327,679054f2072d526265aabff2,6790699eef4fd92042eb857e,,,,,,,,,,,,,,,,,,,,,,,,,"[-45,45,-45,90,-45]","[-45,-45,45,90,90]",0.25,PracBlue_2,"[-45,45,-45,90,-45]","[-45,45,45,90,90]",6,1,2.0484,0,4,4,13,1,BLUE,3,Different,6,3,,,,,,,,,,,,,,,,,,
,,,,,,,,,,,,,,,671469967e2a4f2e612e3846,2025-01-21_20h51.17.248,VisualArraysMentalRotation_v4,2021.1.4,Win32,20.40816327,679054f2072d526265aabff2,6790699eef4fd92042eb857e,,,,,,,,,,,,,,,,,,,,,,,,,"[-45,-45,45,45,0]","[-45,45,0,90,-45]",0.25,PracBlue_1,"[-45,-45,45,45,0]","[45,45,0,90,-45]",5,0,2.6351,0,5,5,12,1,BLUE,3,Different,6,1,,,,,,,,,,,,,,,,,,
,,,,,,,,,,,,,,,671469967e2a4f2e612e3846,2025-01-21_20h51.17.248,VisualArraysMentalRotation_v4,2021.1.4,Win32,20.40816327,679054f2072d526265aabff2,6790699eef4fd92042eb857e,,,,,,,,,,,,,,,,,,,,,,,,,"[90,-45,90,0,-45]","[-45,45,45,-45,90]",0.25,PracRed_4,"[90,-45,90,0,-45]","[-45,45,45,-45,90]",5,1,2.1294,0,6,6,3,1,RED,5,Same,5,3,,,,,,,,,,,,,,,,,,
,,,,,,,,,,,,,,,671469967e2a4f2e612e3846,2025-01-21_20h51.17.248,VisualArraysMentalRotation_v4,2021.1.4,Win32,20.40816327,679054f2072d526265aabff2,6790699eef4fd92042eb857e,,,,,,,,,,,,,,,,,,,,,,,,,"[0,90,-45,0,0]","[90,90,0,45,0]",0.25,PracRed_2,"[0,-45,-45,0,0]","[90,90,0,45,0]",6,1,2.2499,0,7,7,7,1,RED,5,Different,6,3,,,,,,,,,,,,,,,,,,
,,,,,,,,,,,,,,,671469967e2a4f2e612e3846,2025-01-21_20h51.17.248,VisualArraysMentalRotation_v4,2021.1.4,Win32,20.40816327,679054f2072d526265aabff2,6790699eef4fd92042eb857e,,,,,,,,,,,,,,,,,,,,,,,,,"[45,45,0,45,-45]","[0,90,90,90,-45]",0.25,PracBlue_3,"[45,45,0,45,-45]","[0,90,90,90,-45]",6,0,1.7161,0,8,8,8,1,BLUE,3,Same,5,1,,,,,,,,,,,,,,,,,,
,,,,,,,,,,,,,,,671469967e2a4f2e612e3846,2025-01-21_20h51.17.248,VisualArraysMentalRotation_v4,2021.1.4,Win32,20.40816327,679054f2072d526265aabff2,6790699eef4fd92042eb857e,,,,,,,,,,,,,,,,,,,,,,,,,"[90,90,45,90,45]","[0,90,0,0,45]",0.25,PracBlue_3,"[90,90,45,90,45]","[0,90,0,0,45]",5,1,1.1907,0,9,9,11,1,BLUE,5,Same,5,3,,,,,,,,,,,,,,,,,,
,,,,,,,,,,,,,,,671469967e2a4f2e612e3846,2025-01-21_20h51.17.248,VisualArraysMentalRotation_v4,2021.1.4,Win32,20.40816327,679054f2072d526265aabff2,6790699eef4fd92042eb857e,,,,,,,,,,,,,,,,,,,,,,,,,"[0,0,0,-45,90]","[-45,0,90,0,-45]",0.25,PracBlue_5,"[0,0,0,-45,90]","[-45,0,90,0,0]",5,0,1.6139,0,10,10,15,1,BLUE,5,Different,6,3,,,,,,,,,,,,,,,,,,
,,,,,,,,,,,,,,,671469967e2a4f2e612e3846,2025-01-21_20h51.17.248,VisualArraysMentalRotation_v4,2021.1.4,Win32,20.40816327,679054f2072d526265aabff2,6790699eef4fd92042eb857e,,,,,,,,,,,,,,,,,,,,,,,,,"[45,-45,90,45,90]","[0,45,-45,45,45]",0.25,PracBlue_1,"[45,-45,90,45,90]","[0,45,-45,45,45]",6,0,1.7352,0,11,11,10,1,BLUE,5,Same,5,1,,,,,,,,,,,,,,,,,,
,,,,,,,,,,,,,,,671469967e2a4f2e612e3846,2025-01-21_20h51.17.248,VisualArraysMentalRotation_v4,2021.1.4,Win32,20.40816327,679054f2072d526265aabff2,6790699eef4fd92042eb857e,,,,,,,,,,,,,,,,,,,,,,,,,"[-45,45,-45,-45,45]","[90,0,0,-45,0]",0.25,PracRed_3,"[-45,45,90,-45,45]","[90,0,0,-45,0]",6,1,1.2953,0,12,12,4,1,RED,3,Different,6,1,,,,,,,,,,,,,,,,,,
,,,,,,,,,,,,,,,671469967e2a4f2e612e3846,2025-01-21_20h51.17.248,VisualArraysMentalRotation_v4,2021.1.4,Win32,20.40816327,679054f2072d526265aabff2,6790699eef4fd92042eb857e,,,,,,,,,,,,,,,,,,,,,,,,,"[45,-45,-45,-45,90]","[-45,0,90,90,-45]",0.25,PracRed_1,"[45,-45,-45,-45,90]","[-45,0,90,90,-45]",5,1,1.3656,0,13,13,0,1,RED,3,Same,5,1,,,,,,,,,,,,,,,,,,
,,,,,,,,,,,,,,,671469967e2a4f2e612e3846,2025-01-21_20h51.17.248,VisualArraysMentalRotation_v4,2021.1.4,Win32,20.40816327,679054f2072d526265aabff2,6790699eef4fd92042eb857e,,,,,,,,,,,,,,,,,,,,,,,,,"[-45,-45,45,90,90]","[-45,0,90,0,0]",0.25,PracRed_5,"[-45,-45,45,90,45]","[-45,0,90,0,0]",5,0,0.6076,0,14,14,6,1,RED,5,Different,6,1,,,,,,,,,,,,,,,,,,
,,,,,,,,,,,,,,,671469967e2a4f2e612e3846,2025-01-21_20h51.17.248,VisualArraysMentalRotation_v4,2021.1.4,Win32,20.40816327,679054f2072d526265aabff2,6790699eef4fd92042eb857e,,,,,,,,,,,,,,,,,,,,,,,,,"[45,0,90,0,0]","[0,45,0,90,0]",0.25,PracRed_3,"[45,0,45,0,0]","[0,45,0,90,0]",5,0,1.2603,0,15,15,5,1,RED,3,Different,6,3,,,,,,,,,,,,,,,,,,
,,,,,,,,,,,,,,,671469967e2a4f2e612e3846,2025-01-21_20h51.17.248,VisualArraysMentalRotation_v4,2021.1.4,Win32,20.40816327,679054f2072d526265aabff2,6790699eef4fd92042eb857e,,,,,,,,,,,,,,,,,,,,,,,,,,,,,,,,,,,,,,,,,,,,0,0,0,0,1,,,,,,,,,,,,,
,,,,,,,,,,,,,,,671469967e2a4f2e612e3846,2025-01-21_20h51.17.248,VisualArraysMentalRotation_v4,2021.1.4,Win32,20.40816327,679054f2072d526265aabff2,6790699eef4fd92042eb857e,,,,,,,,,,,,,,,,,,,,,,,,,"[0,90,45,0,-45]","[90,45,0,0,90]",0.25,PracBlue_2,"[0,90,45,0,-45]","[90,-45,0,0,90]",6,1,0.9693,0,0,0,15,1,BLUE,5,Different,6,3,,,,,,,,,,,,,,,,,,
,,,,,,,,,,,,,,,671469967e2a4f2e612e3846,2025-01-21_20h51.17.248,VisualArraysMentalRotation_v4,2021.1.4,Win32,20.40816327,679054f2072d526265aabff2,6790699eef4fd92042eb857e,,,,,,,,,,,,,,,,,,,,,,,,,"[45,45,-45,45,0]","[45,0,-45,45,-45]",0.25,PracBlue_1,"[45,45,-45,45,0]","[45,0,-45,45,-45]",5,1,0.6194,0,1,1,11,1,BLUE,5,Same,5,3,,,,,,,,,,,,,,,,,,
,,,,,,,,,,,,,,,671469967e2a4f2e612e3846,2025-01-21_20h51.17.248,VisualArraysMentalRotation_v4,2021.1.4,Win32,20.40816327,679054f2072d526265aabff2,6790699eef4fd92042eb857e,,,,,,,,,,,,,,,,,,,,,,,,,"[0,90,90,-45,0]","[45,0,-45,90,0]",0.25,PracBlue_5,"[0,90,90,-45,0]","[45,0,-45,90,0]",6,0,1.1763,0,2,2,10,1,BLUE,5,Same,5,1,,,,,,,,,,,,,,,,,,
,,,,,,,,,,,,,,,671469967e2a4f2e612e3846,2025-01-21_20h51.17.248,VisualArraysMentalRotation_v4,2021.1.4,Win32,20.40816327,679054f2072d526265aabff2,6790699eef4fd92042eb857e,,,,,,,,,,,,,,,,,,,,,,,,,"[90,90,0,45,0]","[0,45,0,45,45]",0.25,PracRed_3,"[90,90,0,45,0]","[0,45,0,45,45]",6,0,1.1686,0,3,3,1,1,RED,3,Same,5,3,,,,,,,,,,,,,,,,,,
,,,,,,,,,,,,,,,671469967e2a4f2e612e3846,2025-01-21_20h51.17.248,VisualArraysMentalRotation_v4,2021.1.4,Win32,20.40816327,679054f2072d526265aabff2,6790699eef4fd92042eb857e,,,,,,,,,,,,,,,,,,,,,,,,,"[45,-45,0,0,-45]","[45,-45,90,0,0]",0.25,PracBlue_2,"[45,-45,0,0,-45]","[45,90,90,0,0]",5,0,0.812,0,4,4,12,1,BLUE,3,Different,6,1,,,,,,,,,,,,,,,,,,
,,,,,,,,,,,,,,,671469967e2a4f2e612e3846,2025-01-21_20h51.17.248,VisualArraysMentalRotation_v4,2021.1.4,Win32,20.40816327,679054f2072d526265aabff2,6790699eef4fd92042eb857e,,,,,,,,,,,,,,,,,,,,,,,,,"[45,90,-45,90,0]","[90,90,45,-45,0]",0.25,PracRed_1,"[0,90,-45,90,0]","[90,90,45,-45,0]",5,0,1.4372,0,5,5,6,1,RED,5,Different,6,1,,,,,,,,,,,,,,,,,,
,,,,,,,,,,,,,,,671469967e2a4f2e612e3846,2025-01-21_20h51.17.248,VisualArraysMentalRotation_v4,2021.1.4,Win32,20.40816327,679054f2072d526265aabff2,6790699eef4fd92042eb857e,,,,,,,,,,,,,,,,,,,,,,,,,"[0,0,-45,90,-45]","[0,90,90,0,90]",0.25,PracBlue_1,"[0,0,-45,90,-45]","[0,90,90,0,90]",6,0,1.1172,0,6,6,9,1,BLUE,3,Same,5,3,,,,,,,,,,,,,,,,,,
,,,,,,,,,,,,,,,671469967e2a4f2e612e3846,2025-01-21_20h51.17.248,VisualArraysMentalRotation_v4,2021.1.4,Win32,20.40816327,679054f2072d526265aabff2,6790699eef4fd92042eb857e,,,,,,,,,,,,,,,,,,,,,,,,,"[-45,-45,45,0,-45]","[90,0,90,-45,0]",0.25,PracRed_3,"[-45,-45,45,0,-45]","[90,0,90,-45,0]",5,1,0.9205,0,7,7,3,1,RED,5,Same,5,3,,,,,,,,,,,,,,,,,,
,,,,,,,,,,,,,,,671469967e2a4f2e612e3846,2025-01-21_20h51.17.248,VisualArraysMentalRotation_v4,2021.1.4,Win32,20.40816327,679054f2072d526265aabff2,6790699eef4fd92042eb857e,,,,,,,,,,,,,,,,,,,,,,,,,"[-45,45,-45,45,0]","[0,45,45,45,-45]",0.25,PracRed_1,"[-45,45,-45,45,0]","[0,45,45,45,-45]",6,0,1.5997,0,8,8,2,1,RED,5,Same,5,1,,,,,,,,,,,,,,,,,,
,,,,,,,,,,,,,,,671469967e2a4f2e612e3846,2025-01-21_20h51.17.248,VisualArraysMentalRotation_v4,2021.1.4,Win32,20.40816327,679054f2072d526265aabff2,6790699eef4fd92042eb857e,,,,,,,,,,,,,,,,,,,,,,,,,"[-45,0,0,-45,45]","[-45,90,0,90,-45]",0.25,PracRed_2,"[-45,-45,0,-45,45]","[-45,90,0,90,-45]",5,0,1.0231,0,9,9,4,1,RED,3,Different,6,1,,,,,,,,,,,,,,,,,,
,,,,,,,,,,,,,,,671469967e2a4f2e612e3846,2025-01-21_20h51.17.248,VisualArraysMentalRotation_v4,2021.1.4,Win32,20.40816327,679054f2072d526265aabff2,6790699eef4fd92042eb857e,,,,,,,,,,,,,,,,,,,,,,,,,"[0,-45,0,45,-45]","[90,90,90,-45,90]",0.25,PracRed_2,"[0,90,0,45,-45]","[90,90,90,-45,90]",6,1,0.7156,0,10,10,5,1,RED,3,Different,6,3,,,,,,,,,,,,,,,,,,
,,,,,,,,,,,,,,,671469967e2a4f2e612e3846,2025-01-21_20h51.17.248,VisualArraysMentalRotation_v4,2021.1.4,Win32,20.40816327,679054f2072d526265aabff2,6790699eef4fd92042eb857e,,,,,,,,,,,,,,,,,,,,,,,,,"[0,45,0,90,90]","[0,45,45,45,0]",0.25,PracRed_4,"[0,45,0,-45,90]","[0,45,45,45,0]",6,1,1.5585,0,11,11,7,1,RED,5,Different,6,3,,,,,,,,,,,,,,,,,,
,,,,,,,,,,,,,,,671469967e2a4f2e612e3846,2025-01-21_20h51.17.248,VisualArraysMentalRotation_v4,2021.1.4,Win32,20.40816327,679054f2072d526265aabff2,6790699eef4fd92042eb857e,,,,,,,,,,,,,,,,,,,,,,,,,"[45,90,0,45,45]","[45,0,90,0,45]",0.25,PracBlue_1,"[45,90,0,45,45]","[90,0,90,0,45]",5,0,1.3079,0,12,12,13,1,BLUE,3,Different,6,3,,,,,,,,,,,,,,,,,,
,,,,,,,,,,,,,,,671469967e2a4f2e612e3846,2025-01-21_20h51.17.248,VisualArraysMentalRotation_v4,2021.1.4,Win32,20.40816327,679054f2072d526265aabff2,6790699eef4fd92042eb857e,,,,,,,,,,,,,,,,,,,,,,,,,"[-45,90,-45,0,-45]","[0,-45,-45,45,-45]",0.25,PracBlue_1,"[-45,90,-45,0,-45]","[0,-45,-45,45,-45]",6,0,1.3242,0,13,13,8,1,BLUE,3,Same,5,1,,,,,,,,,,,,,,,,,,
,,,,,,,,,,,,,,,671469967e2a4f2e612e3846,2025-01-21_20h51.17.248,VisualArraysMentalRotation_v4,2021.1.4,Win32,20.40816327,679054f2072d526265aabff2,6790699eef4fd92042eb857e,,,,,,,,,,,,,,,,,,,,,,,,,"[0,0,0,0,0]","[0,90,0,-45,0]",0.25,PracBlue_1,"[0,0,0,0,0]","[-45,90,0,-45,0]",5,0,1.1495,0,14,14,14,1,BLUE,5,Different,6,1,,,,,,,,,,,,,,,,,,
,,,,,,,,,,,,,,,671469967e2a4f2e612e3846,2025-01-21_20h51.17.248,VisualArraysMentalRotation_v4,2021.1.4,Win32,20.40816327,679054f2072d526265aabff2,6790699eef4fd92042eb857e,,,,,,,,,,,,,,,,,,,,,,,,,"[45,0,-45,45,-45]","[-45,45,90,45,-45]",0.25,PracRed_2,"[45,0,-45,45,-45]","[-45,45,90,45,-45]",6,0,1.3536,0,15,15,0,1,RED,3,Same,5,1,,,,,,,,,,,,,,,,,,
,,,,,,,,,,,,,,,671469967e2a4f2e612e3846,2025-01-21_20h51.17.248,VisualArraysMentalRotation_v4,2021.1.4,Win32,20.40816327,679054f2072d526265aabff2,6790699eef4fd92042eb857e,,,,,,,,,,,,,,,,,,,,,,,,,,,,,,,,,,,,,,,,,,,,1,0,1,0,1,,,,,,,,,,,,,
,,,,,,,,,,,,,,,671469967e2a4f2e612e3846,2025-01-21_20h51.17.248,VisualArraysMentalRotation_v4,2021.1.4,Win32,20.40816327,679054f2072d526265aabff2,6790699eef4fd92042eb857e,,,,,,,,,,,,,,,,,,,,,,,,,"[45,-45,90,90,90]","[45,-45,0,45,45]",,Red_3,"[45,-45,-45,90,90]","[45,-45,0,45,45]",,,,,,,,,RED,3,Different,6,1,,,,,,5,0,1.1401,0,0,0,4,1,,,,,
,,,,,,,,,,,,,,,671469967e2a4f2e612e3846,2025-01-21_20h51.17.248,VisualArraysMentalRotation_v4,2021.1.4,Win32,20.40816327,679054f2072d526265aabff2,6790699eef4fd92042eb857e,,,,,,,,,,,,,,,,,,,,,,,,,"[90,90,90,0,90]","[0,45,90,-45,-45]",,Red_2,"[90,0,90,0,90]","[0,45,90,-45,-45]",,,,,,,,,RED,5,Different,6,3,,,,,,6,1,2.1063,0,1,1,7,1,,,,,
,,,,,,,,,,,,,,,671469967e2a4f2e612e3846,2025-01-21_20h51.17.248,VisualArraysMentalRotation_v4,2021.1.4,Win32,20.40816327,679054f2072d526265aabff2,6790699eef4fd92042eb857e,,,,,,,,,,,,,,,,,,,,,,,,,"[90,45,90,0,-45]","[0,90,-45,0,0]",,Red_5,"[90,45,90,0,90]","[0,90,-45,0,0]",,,,,,,,,RED,5,Different,6,1,,,,,,5,0,1.1029,0,2,2,6,1,,,,,
,,,,,,,,,,,,,,,671469967e2a4f2e612e3846,2025-01-21_20h51.17.248,VisualArraysMentalRotation_v4,2021.1.4,Win32,20.40816327,679054f2072d526265aabff2,6790699eef4fd92042eb857e,,,,,,,,,,,,,,,,,,,,,,,,,"[90,0,-45,-45,0]","[0,45,0,90,45]",,Blue_3,"[90,0,-45,-45,0]","[0,45,0,90,45]",,,,,,,,,BLUE,3,Same,5,1,,,,,,6,0,1.1785,0,3,3,8,1,,,,,
,,,,,,,,,,,,,,,671469967e2a4f2e612e3846,2025-01-21_20h51.17.248,VisualArraysMentalRotation_v4,2021.1.4,Win32,20.40816327,679054f2072d526265aabff2,6790699eef4fd92042eb857e,,,,,,,,,,,,,,,,,,,,,,,,,"[-45,45,90,90,-45]","[45,0,45,-45,45]",,Blue_4,"[-45,45,90,90,-45]","[45,0,45,-45,45]",,,,,,,,,BLUE,5,Same,5,1,,,,,,5,1,1.648,0,4,4,10,1,,,,,
,,,,,,,,,,,,,,,671469967e2a4f2e612e3846,2025-01-21_20h51.17.248,VisualArraysMentalRotation_v4,2021.1.4,Win32,20.40816327,679054f2072d526265aabff2,6790699eef4fd92042eb857e,,,,,,,,,,,,,,,,,,,,,,,,,"[-45,45,90,45,0]","[0,45,45,-45,0]",,Blue_1,"[-45,45,90,45,0]","[0,45,45,-45,0]",,,,,,,,,BLUE,3,Same,5,3,,,,,,5,1,1.1517,0,5,5,9,1,,,,,
,,,,,,,,,,,,,,,671469967e2a4f2e612e3846,2025-01-21_20h51.17.248,VisualArraysMentalRotation_v4,2021.1.4,Win32,20.40816327,679054f2072d526265aabff2,6790699eef4fd92042eb857e,,,,,,,,,,,,,,,,,,,,,,,,,"[45,45,45,45,0]","[90,-45,-45,-45,90]",,Blue_2,"[45,45,45,45,0]","[90,45,-45,-45,90]",,,,,,,,,BLUE,3,Different,6,3,,,,,,5,0,1.1994,0,6,6,13,1,,,,,
,,,,,,,,,,,,,,,671469967e2a4f2e612e3846,2025-01-21_20h51.17.248,VisualArraysMentalRotation_v4,2021.1.4,Win32,20.40816327,679054f2072d526265aabff2,6790699eef4fd92042eb857e,,,,,,,,,,,,,,,,,,,,,,,,,"[45,-45,45,-45,-45]","[0,45,90,45,0]",,Blue_4,"[45,-45,45,-45,-45]","[0,45,90,-45,0]",,,,,,,,,BLUE,5,Different,6,3,,,,,,6,1,1.2387,0,7,7,15,1,,,,,
,,,,,,,,,,,,,,,671469967e2a4f2e612e3846,2025-01-21_20h51.17.248,VisualArraysMentalRotation_v4,2021.1.4,Win32,20.40816327,679054f2072d526265aabff2,6790699eef4fd92042eb857e,,,,,,,,,,,,,,,,,,,,,,,,,"[90,90,45,-45,90]","[-45,-45,45,0,0]",,Red_3,"[90,90,45,-45,90]","[-45,-45,45,0,0]",,,,,,,,,RED,3,Same,5,1,,,,,,5,1,1.7349,0,8,8,0,1,,,,,
,,,,,,,,,,,,,,,671469967e2a4f2e612e3846,2025-01-21_20h51.17.248,VisualArraysMentalRotation_v4,2021.1.4,Win32,20.40816327,679054f2072d526265aabff2,6790699eef4fd92042eb857e,,,,,,,,,,,,,,,,,,,,,,,,,"[90,-45,90,45,90]","[-45,-45,45,90,45]",,Red_5,"[90,-45,90,45,90]","[-45,-45,45,90,45]",,,,,,,,,RED,5,Same,5,3,,,,,,6,0,1.5362,0,9,9,3,1,,,,,
,,,,,,,,,,,,,,,671469967e2a4f2e612e3846,2025-01-21_20h51.17.248,VisualArraysMentalRotation_v4,2021.1.4,Win32,20.40816327,679054f2072d526265aabff2,6790699eef4fd92042eb857e,,,,,,,,,,,,,,,,,,,,,,,,,"[-45,45,45,90,45]","[0,90,45,-45,90]",,Red_2,"[-45,-45,45,90,45]","[0,90,45,-45,90]",,,,,,,,,RED,3,Different,6,3,,,,,,5,0,0.9207,0,10,10,5,1,,,,,
,,,,,,,,,,,,,,,671469967e2a4f2e612e3846,2025-01-21_20h51.17.248,VisualArraysMentalRotation_v4,2021.1.4,Win32,20.40816327,679054f2072d526265aabff2,6790699eef4fd92042eb857e,,,,,,,,,,,,,,,,,,,,,,,,,"[0,90,-45,90,45]","[45,45,45,-45,45]",,Blue_3,"[0,90,-45,90,45]","[45,45,-45,-45,45]",,,,,,,,,BLUE,3,Different,6,1,,,,,,6,1,1.8497,0,11,11,12,1,,,,,
,,,,,,,,,,,,,,,671469967e2a4f2e612e3846,2025-01-21_20h51.17.248,VisualArraysMentalRotation_v4,2021.1.4,Win32,20.40816327,679054f2072d526265aabff2,6790699eef4fd92042eb857e,,,,,,,,,,,,,,,,,,,,,,,,,"[90,0,0,0,45]","[-45,90,45,0,-45]",,Blue_1,"[90,0,0,0,45]","[-45,90,45,0,-45]",,,,,,,,,BLUE,5,Same,5,3,,,,,,5,1,1.4771,0,12,12,11,1,,,,,
,,,,,,,,,,,,,,,671469967e2a4f2e612e3846,2025-01-21_20h51.17.248,VisualArraysMentalRotation_v4,2021.1.4,Win32,20.40816327,679054f2072d526265aabff2,6790699eef4fd92042eb857e,,,,,,,,,,,,,,,,,,,,,,,,,"[0,0,90,45,45]","[90,-45,45,45,-45]",,Blue_2,"[0,0,90,45,45]","[90,90,45,45,-45]",,,,,,,,,BLUE,5,Different,6,1,,,,,,5,0,1.2444,0,13,13,14,1,,,,,
,,,,,,,,,,,,,,,671469967e2a4f2e612e3846,2025-01-21_20h51.17.248,VisualArraysMentalRotation_v4,2021.1.4,Win32,20.40816327,679054f2072d526265aabff2,6790699eef4fd92042eb857e,,,,,,,,,,,,,,,,,,,,,,,,,"[-45,-45,45,45,90]","[45,90,-45,-45,0]",,Red_3,"[-45,-45,45,45,90]","[45,90,-45,-45,0]",,,,,,,,,RED,5,Same,5,1,,,,,,6,0,1.6683,0,14,14,2,1,,,,,
,,,,,,,,,,,,,,,671469967e2a4f2e612e3846,2025-01-21_20h51.17.248,VisualArraysMentalRotation_v4,2021.1.4,Win32,20.40816327,679054f2072d526265aabff2,6790699eef4fd92042eb857e,,,,,,,,,,,,,,,,,,,,,,,,,"[45,45,-45,90,-45]","[45,0,90,45,-45]",,Red_3,"[45,45,-45,90,-45]","[45,0,90,45,-45]",,,,,,,,,RED,3,Same,5,3,,,,,,5,1,1.0183,0,15,15,1,1,,,,,
,,,,,,,,,,,,,,,671469967e2a4f2e612e3846,2025-01-21_20h51.17.248,VisualArraysMentalRotation_v4,2021.1.4,Win32,20.40816327,679054f2072d526265aabff2,6790699eef4fd92042eb857e,,,,,,,,,,,,,,,,,,,,,,,,,"[-45,-45,-45,90,0]","[-45,0,90,90,90]",,Red_1,"[-45,-45,-45,90,0]","[-45,0,90,90,90]",,,,,,,,,RED,5,Same,5,1,,,,,,5,1,1.2496,1,0,16,2,1,,,,,
,,,,,,,,,,,,,,,671469967e2a4f2e612e3846,2025-01-21_20h51.17.248,VisualArraysMentalRotation_v4,2021.1.4,Win32,20.40816327,679054f2072d526265aabff2,6790699eef4fd92042eb857e,,,,,,,,,,,,,,,,,,,,,,,,,"[0,-45,45,90,90]","[-45,0,45,-45,45]",,Blue_2,"[0,-45,45,90,90]","[-45,-45,45,-45,45]",,,,,,,,,BLUE,5,Different,6,3,,,,,,6,1,1.6877,1,1,17,15,1,,,,,
,,,,,,,,,,,,,,,671469967e2a4f2e612e3846,2025-01-21_20h51.17.248,VisualArraysMentalRotation_v4,2021.1.4,Win32,20.40816327,679054f2072d526265aabff2,6790699eef4fd92042eb857e,,,,,,,,,,,,,,,,,,,,,,,,,"[-45,90,45,45,0]","[45,90,0,45,90]",,Blue_3,"[-45,90,45,45,0]","[45,90,45,45,90]",,,,,,,,,BLUE,3,Different,6,3,,,,,,5,0,1.0826,1,2,18,13,1,,,,,
,,,,,,,,,,,,,,,671469967e2a4f2e612e3846,2025-01-21_20h51.17.248,VisualArraysMentalRotation_v4,2021.1.4,Win32,20.40816327,679054f2072d526265aabff2,6790699eef4fd92042eb857e,,,,,,,,,,,,,,,,,,,,,,,,,"[45,0,-45,45,-45]","[-45,45,45,45,-45]",,Blue_2,"[45,0,-45,45,-45]","[-45,45,45,45,-45]",,,,,,,,,BLUE,3,Same,5,3,,,,,,5,1,1.1481,1,3,19,9,1,,,,,
,,,,,,,,,,,,,,,671469967e2a4f2e612e3846,2025-01-21_20h51.17.248,VisualArraysMentalRotation_v4,2021.1.4,Win32,20.40816327,679054f2072d526265aabff2,6790699eef4fd92042eb857e,,,,,,,,,,,,,,,,,,,,,,,,,"[90,90,90,45,90]","[0,90,90,45,45]",,Red_3,"[90,90,90,45,90]","[0,90,90,45,45]",,,,,,,,,RED,3,Same,5,3,,,,,,5,1,1.0281,1,4,20,1,1,,,,,
,,,,,,,,,,,,,,,671469967e2a4f2e612e3846,2025-01-21_20h51.17.248,VisualArraysMentalRotation_v4,2021.1.4,Win32,20.40816327,679054f2072d526265aabff2,6790699eef4fd92042eb857e,,,,,,,,,,,,,,,,,,,,,,,,,"[0,45,90,90,45]","[0,-45,90,-45,90]",,Blue_5,"[0,45,90,90,45]","[0,-45,90,-45,90]",,,,,,,,,BLUE,5,Same,5,1,,,,,,6,0,1.7814,1,5,21,10,1,,,,,
,,,,,,,,,,,,,,,671469967e2a4f2e612e3846,2025-01-21_20h51.17.248,VisualArraysMentalRotation_v4,2021.1.4,Win32,20.40816327,679054f2072d526265aabff2,6790699eef4fd92042eb857e,,,,,,,,,,,,,,,,,,,,,,,,,"[0,-45,90,-45,0]","[-45,90,-45,0,-45]",,Red_1,"[0,-45,90,-45,0]","[-45,90,-45,0,-45]",,,,,,,,,RED,5,Same,5,3,,,,,,5,1,1.7721,1,6,22,3,1,,,,,
,,,,,,,,,,,,,,,671469967e2a4f2e612e3846,2025-01-21_20h51.17.248,VisualArraysMentalRotation_v4,2021.1.4,Win32,20.40816327,679054f2072d526265aabff2,6790699eef4fd92042eb857e,,,,,,,,,,,,,,,,,,,,,,,,,"[45,90,-45,90,45]","[-45,0,90,0,45]",,Red_3,"[45,90,45,90,45]","[-45,0,90,0,45]",,,,,,,,,RED,5,Different,6,1,,,,,,6,1,1.208,1,7,23,6,1,,,,,
,,,,,,,,,,,,,,,671469967e2a4f2e612e3846,2025-01-21_20h51.17.248,VisualArraysMentalRotation_v4,2021.1.4,Win32,20.40816327,679054f2072d526265aabff2,6790699eef4fd92042eb857e,,,,,,,,,,,,,,,,,,,,,,,,,"[-45,0,45,-45,45]","[45,-45,-45,0,0]",,Blue_3,"[-45,0,45,-45,45]","[45,-45,0,0,0]",,,,,,,,,BLUE,3,Different,6,1,,,,,,6,1,1.7653,1,8,24,12,1,,,,,
,,,,,,,,,,,,,,,671469967e2a4f2e612e3846,2025-01-21_20h51.17.248,VisualArraysMentalRotation_v4,2021.1.4,Win32,20.40816327,679054f2072d526265aabff2,6790699eef4fd92042eb857e,,,,,,,,,,,,,,,,,,,,,,,,,"[0,90,90,45,0]","[90,0,45,90,-45]",,Red_3,"[0,90,45,45,0]","[90,0,45,90,-45]",,,,,,,,,RED,5,Different,6,3,,,,,,5,0,1.2573,1,9,25,7,1,,,,,
,,,,,,,,,,,,,,,671469967e2a4f2e612e3846,2025-01-21_20h51.17.248,VisualArraysMentalRotation_v4,2021.1.4,Win32,20.40816327,679054f2072d526265aabff2,6790699eef4fd92042eb857e,,,,,,,,,,,,,,,,,,,,,,,,,"[90,45,0,45,0]","[0,90,90,-45,45]",,Red_3,"[90,45,0,45,0]","[0,90,90,-45,45]",,,,,,,,,RED,3,Same,5,1,,,,,,5,1,1.4018,1,10,26,0,1,,,,,
,,,,,,,,,,,,,,,671469967e2a4f2e612e3846,2025-01-21_20h51.17.248,VisualArraysMentalRotation_v4,2021.1.4,Win32,20.40816327,679054f2072d526265aabff2,6790699eef4fd92042eb857e,,,,,,,,,,,,,,,,,,,,,,,,,"[90,45,45,0,90]","[45,-45,0,-45,45]",,Blue_3,"[90,45,45,0,90]","[45,-45,0,-45,45]",,,,,,,,,BLUE,3,Same,5,1,,,,,,6,0,2.0014,1,11,27,8,1,,,,,
,,,,,,,,,,,,,,,671469967e2a4f2e612e3846,2025-01-21_20h51.17.248,VisualArraysMentalRotation_v4,2021.1.4,Win32,20.40816327,679054f2072d526265aabff2,6790699eef4fd92042eb857e,,,,,,,,,,,,,,,,,,,,,,,,,"[90,45,-45,0,-45]","[90,0,90,90,0]",,Blue_5,"[90,45,-45,0,-45]","[90,0,90,90,0]",,,,,,,,,BLUE,5,Same,5,3,,,,,,6,0,1.6612,1,12,28,11,1,,,,,
,,,,,,,,,,,,,,,671469967e2a4f2e612e3846,2025-01-21_20h51.17.248,VisualArraysMentalRotation_v4,2021.1.4,Win32,20.40816327,679054f2072d526265aabff2,6790699eef4fd92042eb857e,,,,,,,,,,,,,,,,,,,,,,,,,"[45,45,0,0,0]","[0,90,45,45,-45]",,Blue_4,"[45,45,0,0,0]","[0,90,45,90,-45]",,,,,,,,,BLUE,5,Different,6,1,,,,,,6,1,2.1084,1,13,29,14,1,,,,,
,,,,,,,,,,,,,,,671469967e2a4f2e612e3846,2025-01-21_20h51.17.248,VisualArraysMentalRotation_v4,2021.1.4,Win32,20.40816327,679054f2072d526265aabff2,6790699eef4fd92042eb857e,,,,,,,,,,,,,,,,,,,,,,,,,"[0,45,45,45,0]","[-45,-45,45,45,-45]",,Red_3,"[0,45,-45,45,0]","[-45,-45,45,45,-45]",,,,,,,,,RED,3,Different,6,1,,,,,,6,1,1.5386,1,14,30,4,1,,,,,
,,,,,,,,,,,,,,,671469967e2a4f2e612e3846,2025-01-21_20h51.17.248,VisualArraysMentalRotation_v4,2021.1.4,Win32,20.40816327,679054f2072d526265aabff2,6790699eef4fd92042eb857e,,,,,,,,,,,,,,,,,,,,,,,,,"[90,90,90,45,90]","[90,45,0,0,90]",,Red_3,"[90,90,0,45,90]","[90,45,0,0,90]",,,,,,,,,RED,3,Different,6,3,,,,,,6,1,1.7453,1,15,31,5,1,,,,,
,,,,,,,,,,,,,,,671469967e2a4f2e612e3846,2025-01-21_20h51.17.248,VisualArraysMentalRotation_v4,2021.1.4,Win32,20.40816327,679054f2072d526265aabff2,6790699eef4fd92042eb857e,,,,,,,,,,,,,,,,,,,,,,,,,"[90,-45,45,0,-45]","[90,90,45,90,90]",,Blue_1,"[90,-45,45,0,-45]","[-45,90,45,90,90]",,,,,,,,,BLUE,3,Different,6,3,,,,,,6,1,1.3343,2,0,32,13,1,,,,,
,,,,,,,,,,,,,,,671469967e2a4f2e612e3846,2025-01-21_20h51.17.248,VisualArraysMentalRotation_v4,2021.1.4,Win32,20.40816327,679054f2072d526265aabff2,6790699eef4fd92042eb857e,,,,,,,,,,,,,,,,,,,,,,,,,"[0,45,90,-45,90]","[0,0,45,90,45]",,Blue_2,"[0,45,90,-45,90]","[0,0,45,90,45]",,,,,,,,,BLUE,5,Same,5,1,,,,,,5,1,1.4466,2,1,33,10,1,,,,,
,,,,,,,,,,,,,,,671469967e2a4f2e612e3846,2025-01-21_20h51.17.248,VisualArraysMentalRotation_v4,2021.1.4,Win32,20.40816327,679054f2072d526265aabff2,6790699eef4fd92042eb857e,,,,,,,,,,,,,,,,,,,,,,,,,"[45,90,-45,-45,-45]","[0,0,90,0,45]",,Red_1,"[0,90,-45,-45,-45]","[0,0,90,0,45]",,,,,,,,,RED,3,Different,6,1,,,,,,6,1,2.7815,2,2,34,4,1,,,,,
,,,,,,,,,,,,,,,671469967e2a4f2e612e3846,2025-01-21_20h51.17.248,VisualArraysMentalRotation_v4,2021.1.4,Win32,20.40816327,679054f2072d526265aabff2,6790699eef4fd92042eb857e,,,,,,,,,,,,,,,,,,,,,,,,,"[90,-45,45,45,-45]","[0,45,0,0,-45]",,Blue_1,"[90,-45,45,45,-45]","[0,45,0,0,-45]",,,,,,,,,BLUE,3,Same,5,1,,,,,,6,0,2.1143,2,3,35,8,1,,,,,
,,,,,,,,,,,,,,,671469967e2a4f2e612e3846,2025-01-21_20h51.17.248,VisualArraysMentalRotation_v4,2021.1.4,Win32,20.40816327,679054f2072d526265aabff2,6790699eef4fd92042eb857e,,,,,,,,,,,,,,,,,,,,,,,,,"[0,0,0,45,90]","[0,0,-45,0,0]",,Blue_4,"[0,0,0,45,90]","[0,0,-45,90,0]",,,,,,,,,BLUE,5,Different,6,1,,,,,,5,0,1.554,2,4,36,14,1,,,,,
,,,,,,,,,,,,,,,671469967e2a4f2e612e3846,2025-01-21_20h51.17.248,VisualArraysMentalRotation_v4,2021.1.4,Win32,20.40816327,679054f2072d526265aabff2,6790699eef4fd92042eb857e,,,,,,,,,,,,,,,,,,,,,,,,,"[-45,45,90,-45,-45]","[45,0,0,45,0]",,Blue_3,"[-45,45,90,-45,-45]","[45,0,0,45,0]",,,,,,,,,BLUE,5,Same,5,3,,,,,,5,1,1.2163,2,5,37,11,1,,,,,
,,,,,,,,,,,,,,,671469967e2a4f2e612e3846,2025-01-21_20h51.17.248,VisualArraysMentalRotation_v4,2021.1.4,Win32,20.40816327,679054f2072d526265aabff2,6790699eef4fd92042eb857e,,,,,,,,,,,,,,,,,,,,,,,,,"[-45,0,-45,0,90]","[-45,-45,-45,90,90]",,Red_2,"[-45,0,-45,0,90]","[-45,-45,-45,90,90]",,,,,,,,,RED,3,Same,5,1,,,,,,5,1,1.6012,2,6,38,0,1,,,,,
,,,,,,,,,,,,,,,671469967e2a4f2e612e3846,2025-01-21_20h51.17.248,VisualArraysMentalRotation_v4,2021.1.4,Win32,20.40816327,679054f2072d526265aabff2,6790699eef4fd92042eb857e,,,,,,,,,,,,,,,,,,,,,,,,,"[0,0,90,45,-45]","[45,0,90,0,90]",,Red_2,"[0,90,90,45,-45]","[45,0,90,0,90]",,,,,,,,,RED,3,Different,6,3,,,,,,5,0,1.3501,2,7,39,5,1,,,,,
,,,,,,,,,,,,,,,671469967e2a4f2e612e3846,2025-01-21_20h51.17.248,VisualArraysMentalRotation_v4,2021.1.4,Win32,20.40816327,679054f2072d526265aabff2,6790699eef4fd92042eb857e,,,,,,,,,,,,,,,,,,,,,,,,,"[45,-45,0,-45,0]","[0,-45,45,45,0]",,Red_3,"[45,-45,0,-45,0]","[0,-45,45,45,0]",,,,,,,,,RED,5,Same,5,3,,,,,,5,1,0.9501,2,8,40,3,1,,,,,
,,,,,,,,,,,,,,,671469967e2a4f2e612e3846,2025-01-21_20h51.17.248,VisualArraysMentalRotation_v4,2021.1.4,Win32,20.40816327,679054f2072d526265aabff2,6790699eef4fd92042eb857e,,,,,,,,,,,,,,,,,,,,,,,,,"[45,90,90,0,90]","[90,0,0,90,90]",,Blue_1,"[45,90,90,0,90]","[90,0,0,90,90]",,,,,,,,,BLUE,3,Same,5,3,,,,,,6,0,0.812,2,9,41,9,1,,,,,
,,,,,,,,,,,,,,,671469967e2a4f2e612e3846,2025-01-21_20h51.17.248,VisualArraysMentalRotation_v4,2021.1.4,Win32,20.40816327,679054f2072d526265aabff2,6790699eef4fd92042eb857e,,,,,,,,,,,,,,,,,,,,,,,,,"[-45,45,-45,0,90]","[45,45,45,45,90]",,Blue_4,"[-45,45,-45,0,90]","[45,45,45,-45,90]",,,,,,,,,BLUE,5,Different,6,3,,,,,,5,0,1.6193,2,10,42,15,1,,,,,
,,,,,,,,,,,,,,,671469967e2a4f2e612e3846,2025-01-21_20h51.17.248,VisualArraysMentalRotation_v4,2021.1.4,Win32,20.40816327,679054f2072d526265aabff2,6790699eef4fd92042eb857e,,,,,,,,,,,,,,,,,,,,,,,,,"[45,45,-45,0,0]","[45,-45,0,-45,-45]",,Red_2,"[45,45,-45,0,0]","[45,-45,0,-45,-45]",,,,,,,,,RED,5,Same,5,1,,,,,,6,0,2.0497,2,11,43,2,1,,,,,
,,,,,,,,,,,,,,,671469967e2a4f2e612e3846,2025-01-21_20h51.17.248,VisualArraysMentalRotation_v4,2021.1.4,Win32,20.40816327,679054f2072d526265aabff2,6790699eef4fd92042eb857e,,,,,,,,,,,,,,,,,,,,,,,,,"[0,0,90,45,90]","[45,45,90,90,45]",,Red_5,"[0,0,90,45,-45]","[45,45,90,90,45]",,,,,,,,,RED,5,Different,6,1,,,,,,6,1,1.7825,2,12,44,6,1,,,,,
,,,,,,,,,,,,,,,671469967e2a4f2e612e3846,2025-01-21_20h51.17.248,VisualArraysMentalRotation_v4,2021.1.4,Win32,20.40816327,679054f2072d526265aabff2,6790699eef4fd92042eb857e,,,,,,,,,,,,,,,,,,,,,,,,,"[-45,45,-45,45,0]","[90,45,0,90,45]",,Red_2,"[-45,90,-45,45,0]","[90,45,0,90,45]",,,,,,,,,RED,5,Different,6,3,,,,,,5,0,2.0848,2,13,45,7,1,,,,,
,,,,,,,,,,,,,,,671469967e2a4f2e612e3846,2025-01-21_20h51.17.248,VisualArraysMentalRotation_v4,2021.1.4,Win32,20.40816327,679054f2072d526265aabff2,6790699eef4fd92042eb857e,,,,,,,,,,,,,,,,,,,,,,,,,"[0,0,90,0,-45]","[45,90,45,45,0]",,Red_3,"[0,0,90,0,-45]","[45,90,45,45,0]",,,,,,,,,RED,3,Same,5,3,,,,,,6,0,1.1665,2,14,46,1,1,,,,,
,,,,,,,,,,,,,,,671469967e2a4f2e612e3846,2025-01-21_20h51.17.248,VisualArraysMentalRotation_v4,2021.1.4,Win32,20.40816327,679054f2072d526265aabff2,6790699eef4fd92042eb857e,,,,,,,,,,,,,,,,,,,,,,,,,"[-45,45,-45,0,-45]","[90,-45,45,-45,0]",,Blue_1,"[-45,45,-45,0,-45]","[-45,-45,45,-45,0]",,,,,,,,,BLUE,3,Different,6,1,,,,,,5,0,0.9906,2,15,47,12,1,,,,,
,,,,,,,,,,,,,,,671469967e2a4f2e612e3846,2025-01-21_20h51.17.248,VisualArraysMentalRotation_v4,2021.1.4,Win32,20.40816327,679054f2072d526265aabff2,6790699eef4fd92042eb857e,,,,,,,,,,,,,,,,,,,,,,,,,"[90,-45,0,45,0]","[45,-45,90,45,45]",,Blue_1,"[90,-45,0,45,0]","[45,-45,90,45,45]",,,,,,,,,BLUE,3,Same,5,3,,,,,,6,0,1.8329,3,0,48,9,1,,,,,
,,,,,,,,,,,,,,,671469967e2a4f2e612e3846,2025-01-21_20h51.17.248,VisualArraysMentalRotation_v4,2021.1.4,Win32,20.40816327,679054f2072d526265aabff2,6790699eef4fd92042eb857e,,,,,,,,,,,,,,,,,,,,,,,,,"[-45,-45,0,-45,90]","[90,0,0,90,45]",,Blue_2,"[-45,-45,0,-45,90]","[90,0,0,90,45]",,,,,,,,,BLUE,5,Same,5,3,,,,,,5,1,1.8626,3,1,49,11,1,,,,,
,,,,,,,,,,,,,,,671469967e2a4f2e612e3846,2025-01-21_20h51.17.248,VisualArraysMentalRotation_v4,2021.1.4,Win32,20.40816327,679054f2072d526265aabff2,6790699eef4fd92042eb857e,,,,,,,,,,,,,,,,,,,,,,,,,"[0,90,0,90,90]","[0,0,0,0,90]",,Blue_3,"[0,90,0,90,90]","[0,0,-45,0,90]",,,,,,,,,BLUE,3,Different,6,1,,,,,,6,1,2.0832,3,2,50,12,1,,,,,
,,,,,,,,,,,,,,,671469967e2a4f2e612e3846,2025-01-21_20h51.17.248,VisualArraysMentalRotation_v4,2021.1.4,Win32,20.40816327,679054f2072d526265aabff2,6790699eef4fd92042eb857e,,,,,,,,,,,,,,,,,,,,,,,,,"[90,0,0,90,0]","[-45,90,-45,0,0]",,Blue_4,"[90,0,0,90,0]","[-45,90,-45,0,0]",,,,,,,,,BLUE,5,Same,5,1,,,,,,5,1,1.8014,3,3,51,10,1,,,,,
,,,,,,,,,,,,,,,671469967e2a4f2e612e3846,2025-01-21_20h51.17.248,VisualArraysMentalRotation_v4,2021.1.4,Win32,20.40816327,679054f2072d526265aabff2,6790699eef4fd92042eb857e,,,,,,,,,,,,,,,,,,,,,,,,,"[45,0,45,90,-45]","[45,90,0,-45,90]",,Red_1,"[0,0,45,90,-45]","[45,90,0,-45,90]",,,,,,,,,RED,3,Different,6,1,,,,,,5,0,1.5343,3,4,52,4,1,,,,,
,,,,,,,,,,,,,,,671469967e2a4f2e612e3846,2025-01-21_20h51.17.248,VisualArraysMentalRotation_v4,2021.1.4,Win32,20.40816327,679054f2072d526265aabff2,6790699eef4fd92042eb857e,,,,,,,,,,,,,,,,,,,,,,,,,"[90,-45,0,45,0]","[0,90,90,90,45]",,Blue_2,"[90,-45,0,45,0]","[0,45,90,90,45]",,,,,,,,,BLUE,5,Different,6,1,,,,,,5,0,1.1619,3,5,53,14,1,,,,,
,,,,,,,,,,,,,,,671469967e2a4f2e612e3846,2025-01-21_20h51.17.248,VisualArraysMentalRotation_v4,2021.1.4,Win32,20.40816327,679054f2072d526265aabff2,6790699eef4fd92042eb857e,,,,,,,,,,,,,,,,,,,,,,,,,"[90,0,45,90,45]","[0,-45,0,45,45]",,Blue_3,"[90,0,45,90,45]","[0,-45,-45,45,45]",,,,,,,,,BLUE,3,Different,6,3,,,,,,5,0,0.9153,3,6,54,13,1,,,,,
,,,,,,,,,,,,,,,671469967e2a4f2e612e3846,2025-01-21_20h51.17.248,VisualArraysMentalRotation_v4,2021.1.4,Win32,20.40816327,679054f2072d526265aabff2,6790699eef4fd92042eb857e,,,,,,,,,,,,,,,,,,,,,,,,,"[-45,45,90,90,90]","[45,45,45,-45,-45]",,Red_4,"[-45,45,90,45,90]","[45,45,45,-45,-45]",,,,,,,,,RED,5,Different,6,3,,,,,,5,0,1.962,3,7,55,7,1,,,,,
,,,,,,,,,,,,,,,671469967e2a4f2e612e3846,2025-01-21_20h51.17.248,VisualArraysMentalRotation_v4,2021.1.4,Win32,20.40816327,679054f2072d526265aabff2,6790699eef4fd92042eb857e,,,,,,,,,,,,,,,,,,,,,,,,,"[45,-45,-45,0,-45]","[0,-45,0,45,-45]",,Blue_3,"[45,-45,-45,0,-45]","[0,-45,45,45,-45]",,,,,,,,,BLUE,5,Different,6,3,,,,,,5,0,0.9468,3,8,56,15,1,,,,,
,,,,,,,,,,,,,,,671469967e2a4f2e612e3846,2025-01-21_20h51.17.248,VisualArraysMentalRotation_v4,2021.1.4,Win32,20.40816327,679054f2072d526265aabff2,6790699eef4fd92042eb857e,,,,,,,,,,,,,,,,,,,,,,,,,"[0,0,0,0,-45]","[90,0,0,-45,90]",,Red_2,"[0,90,0,0,-45]","[90,0,0,-45,90]",,,,,,,,,RED,3,Different,6,3,,,,,,5,0,2.2342,3,9,57,5,1,,,,,
,,,,,,,,,,,,,,,671469967e2a4f2e612e3846,2025-01-21_20h51.17.248,VisualArraysMentalRotation_v4,2021.1.4,Win32,20.40816327,679054f2072d526265aabff2,6790699eef4fd92042eb857e,,,,,,,,,,,,,,,,,,,,,,,,,"[45,90,45,-45,0]","[45,0,90,0,90]",,Red_5,"[45,90,45,-45,90]","[45,0,90,0,90]",,,,,,,,,RED,5,Different,6,1,,,,,,6,1,2.4516,3,10,58,6,1,,,,,
,,,,,,,,,,,,,,,671469967e2a4f2e612e3846,2025-01-21_20h51.17.248,VisualArraysMentalRotation_v4,2021.1.4,Win32,20.40816327,679054f2072d526265aabff2,6790699eef4fd92042eb857e,,,,,,,,,,,,,,,,,,,,,,,,,"[90,45,90,90,90]","[45,90,-45,0,90]",,Blue_2,"[90,45,90,90,90]","[45,90,-45,0,90]",,,,,,,,,BLUE,3,Same,5,1,,,,,,6,0,1.0457,3,11,59,8,1,,,,,
,,,,,,,,,,,,,,,671469967e2a4f2e612e3846,2025-01-21_20h51.17.248,VisualArraysMentalRotation_v4,2021.1.4,Win32,20.40816327,679054f2072d526265aabff2,6790699eef4fd92042eb857e,,,,,,,,,,,,,,,,,,,,,,,,,"[45,45,90,0,45]","[0,0,0,90,-45]",,Red_3,"[45,45,90,0,45]","[0,0,0,90,-45]",,,,,,,,,RED,3,Same,5,1,,,,,,5,1,0.8843,3,12,60,0,1,,,,,
,,,,,,,,,,,,,,,671469967e2a4f2e612e3846,2025-01-21_20h51.17.248,VisualArraysMentalRotation_v4,2021.1.4,Win32,20.40816327,679054f2072d526265aabff2,6790699eef4fd92042eb857e,,,,,,,,,,,,,,,,,,,,,,,,,"[90,0,0,-45,-45]","[45,45,90,0,0]",,Red_3,"[90,0,0,-45,-45]","[45,45,90,0,0]",,,,,,,,,RED,5,Same,5,3,,,,,,6,0,1.9525,3,13,61,3,1,,,,,
,,,,,,,,,,,,,,,671469967e2a4f2e612e3846,2025-01-21_20h51.17.248,VisualArraysMentalRotation_v4,2021.1.4,Win32,20.40816327,679054f2072d526265aabff2,6790699eef4fd92042eb857e,,,,,,,,,,,,,,,,,,,,,,,,,"[90,-45,90,0,0]","[-45,-45,0,45,45]",,Red_3,"[90,-45,90,0,0]","[-45,-45,0,45,45]",,,,,,,,,RED,3,Same,5,3,,,,,,5,1,1.6334,3,14,62,1,1,,,,,
,,,,,,,,,,,,,,,671469967e2a4f2e612e3846,2025-01-21_20h51.17.248,VisualArraysMentalRotation_v4,2021.1.4,Win32,20.40816327,679054f2072d526265aabff2,6790699eef4fd92042eb857e,,,,,,,,,,,,,,,,,,,,,,,,,"[45,45,45,-45,90]","[45,45,90,45,45]",,Red_1,"[45,45,45,-45,90]","[45,45,90,45,45]",,,,,,,,,RED,5,Same,5,1,,,,,,5,1,1.3917,3,15,63,2,1,,,,,
,,,,,,,,,,,,,,,671469967e2a4f2e612e3846,2025-01-21_20h51.17.248,VisualArraysMentalRotation_v4,2021.1.4,Win32,20.40816327,679054f2072d526265aabff2,6790699eef4fd92042eb857e,,,,,,,,,,,,,,,,,,,,,,,,,"[90,90,45,90,0]","[-45,45,90,90,45]",,Blue_1,"[90,90,45,90,0]","[-45,45,90,90,45]",,,,,,,,,BLUE,3,Same,5,3,,,,,,5,1,1.5924,4,0,64,9,1,,,,,
,,,,,,,,,,,,,,,671469967e2a4f2e612e3846,2025-01-21_20h51.17.248,VisualArraysMentalRotation_v4,2021.1.4,Win32,20.40816327,679054f2072d526265aabff2,6790699eef4fd92042eb857e,,,,,,,,,,,,,,,,,,,,,,,,,"[45,0,0,45,45]","[-45,45,45,0,-45]",,Red_3,"[45,0,-45,45,45]","[-45,45,45,0,-45]",,,,,,,,,RED,3,Different,6,1,,,,,,6,1,0.8958,4,1,65,4,1,,,,,
,,,,,,,,,,,,,,,671469967e2a4f2e612e3846,2025-01-21_20h51.17.248,VisualArraysMentalRotation_v4,2021.1.4,Win32,20.40816327,679054f2072d526265aabff2,6790699eef4fd92042eb857e,,,,,,,,,,,,,,,,,,,,,,,,,"[90,45,45,90,90]","[45,90,0,-45,90]",,Red_4,"[90,45,45,45,90]","[45,90,0,-45,90]",,,,,,,,,RED,5,Different,6,3,,,,,,5,0,1.2873,4,2,66,7,1,,,,,
,,,,,,,,,,,,,,,671469967e2a4f2e612e3846,2025-01-21_20h51.17.248,VisualArraysMentalRotation_v4,2021.1.4,Win32,20.40816327,679054f2072d526265aabff2,6790699eef4fd92042eb857e,,,,,,,,,,,,,,,,,,,,,,,,,"[0,0,0,90,-45]","[45,-45,-45,0,-45]",,Blue_3,"[0,0,0,90,-45]","[45,-45,90,0,-45]",,,,,,,,,BLUE,5,Different,6,1,,,,,,5,0,3.352,4,3,67,14,1,,,,,
,,,,,,,,,,,,,,,671469967e2a4f2e612e3846,2025-01-21_20h51.17.248,VisualArraysMentalRotation_v4,2021.1.4,Win32,20.40816327,679054f2072d526265aabff2,6790699eef4fd92042eb857e,,,,,,,,,,,,,,,,,,,,,,,,,"[45,45,90,0,-45]","[45,90,90,0,0]",,Red_1,"[45,45,90,0,-45]","[45,90,90,0,0]",,,,,,,,,RED,5,Same,5,1,,,,,,5,1,2.3412,4,4,68,2,1,,,,,
,,,,,,,,,,,,,,,671469967e2a4f2e612e3846,2025-01-21_20h51.17.248,VisualArraysMentalRotation_v4,2021.1.4,Win32,20.40816327,679054f2072d526265aabff2,6790699eef4fd92042eb857e,,,,,,,,,,,,,,,,,,,,,,,,,"[45,0,0,45,90]","[-45,0,90,90,90]",,Blue_1,"[45,0,0,45,90]","[90,0,90,90,90]",,,,,,,,,BLUE,3,Different,6,1,,,,,,5,0,1.5621,4,5,69,12,1,,,,,
,,,,,,,,,,,,,,,671469967e2a4f2e612e3846,2025-01-21_20h51.17.248,VisualArraysMentalRotation_v4,2021.1.4,Win32,20.40816327,679054f2072d526265aabff2,6790699eef4fd92042eb857e,,,,,,,,,,,,,,,,,,,,,,,,,"[0,90,45,90,45]","[45,45,-45,45,-45]",,Blue_2,"[0,90,45,90,45]","[45,-45,-45,45,-45]",,,,,,,,,BLUE,5,Different,6,3,,,,,,5,0,1.2681,4,6,70,15,1,,,,,
,,,,,,,,,,,,,,,671469967e2a4f2e612e3846,2025-01-21_20h51.17.248,VisualArraysMentalRotation_v4,2021.1.4,Win32,20.40816327,679054f2072d526265aabff2,6790699eef4fd92042eb857e,,,,,,,,,,,,,,,,,,,,,,,,,"[45,45,45,45,45]","[90,45,90,90,90]",,Red_3,"[45,45,45,45,45]","[90,45,90,90,90]",,,,,,,,,RED,3,Same,5,3,,,,,,5,1,1.0824,4,7,71,1,1,,,,,
,,,,,,,,,,,,,,,671469967e2a4f2e612e3846,2025-01-21_20h51.17.248,VisualArraysMentalRotation_v4,2021.1.4,Win32,20.40816327,679054f2072d526265aabff2,6790699eef4fd92042eb857e,,,,,,,,,,,,,,,,,,,,,,,,,"[45,90,45,90,0]","[45,90,45,90,-45]",,Blue_3,"[45,90,45,90,0]","[45,90,45,90,-45]",,,,,,,,,BLUE,3,Same,5,1,,,,,,5,1,0.9498,4,8,72,8,1,,,,,
,,,,,,,,,,,,,,,671469967e2a4f2e612e3846,2025-01-21_20h51.17.248,VisualArraysMentalRotation_v4,2021.1.4,Win32,20.40816327,679054f2072d526265aabff2,6790699eef4fd92042eb857e,,,,,,,,,,,,,,,,,,,,,,,,,"[-45,-45,0,90,0]","[90,45,90,-45,45]",,Red_1,"[45,-45,0,90,0]","[90,45,90,-45,45]",,,,,,,,,RED,3,Different,6,3,,,,,,6,1,1.7263,4,9,73,5,1,,,,,
,,,,,,,,,,,,,,,671469967e2a4f2e612e3846,2025-01-21_20h51.17.248,VisualArraysMentalRotation_v4,2021.1.4,Win32,20.40816327,679054f2072d526265aabff2,6790699eef4fd92042eb857e,,,,,,,,,,,,,,,,,,,,,,,,,"[45,90,90,-45,-45]","[0,-45,90,90,90]",,Red_3,"[45,90,-45,-45,-45]","[0,-45,90,90,90]",,,,,,,,,RED,5,Different,6,1,,,,,,5,0,2.583,4,10,74,6,1,,,,,
,,,,,,,,,,,,,,,671469967e2a4f2e612e3846,2025-01-21_20h51.17.248,VisualArraysMentalRotation_v4,2021.1.4,Win32,20.40816327,679054f2072d526265aabff2,6790699eef4fd92042eb857e,,,,,,,,,,,,,,,,,,,,,,,,,"[90,0,45,0,45]","[0,45,90,-45,45]",,Red_2,"[90,0,45,0,45]","[0,45,90,-45,45]",,,,,,,,,RED,5,Same,5,3,,,,,,5,1,1.8825,4,11,75,3,1,,,,,
,,,,,,,,,,,,,,,671469967e2a4f2e612e3846,2025-01-21_20h51.17.248,VisualArraysMentalRotation_v4,2021.1.4,Win32,20.40816327,679054f2072d526265aabff2,6790699eef4fd92042eb857e,,,,,,,,,,,,,,,,,,,,,,,,,"[0,-45,90,90,45]","[-45,-45,-45,0,-45]",,Blue_1,"[0,-45,90,90,45]","[0,-45,-45,0,-45]",,,,,,,,,BLUE,3,Different,6,3,,,,,,5,0,1.3284,4,12,76,13,1,,,,,
,,,,,,,,,,,,,,,671469967e2a4f2e612e3846,2025-01-21_20h51.17.248,VisualArraysMentalRotation_v4,2021.1.4,Win32,20.40816327,679054f2072d526265aabff2,6790699eef4fd92042eb857e,,,,,,,,,,,,,,,,,,,,,,,,,"[45,-45,0,0,45]","[-45,0,-45,-45,45]",,Red_3,"[45,-45,0,0,45]","[-45,0,-45,-45,45]",,,,,,,,,RED,3,Same,5,1,,,,,,5,1,2.4915,4,13,77,0,1,,,,,
,,,,,,,,,,,,,,,671469967e2a4f2e612e3846,2025-01-21_20h51.17.248,VisualArraysMentalRotation_v4,2021.1.4,Win32,20.40816327,679054f2072d526265aabff2,6790699eef4fd92042eb857e,,,,,,,,,,,,,,,,,,,,,,,,,"[0,0,-45,0,-45]","[0,45,45,90,-45]",,Blue_1,"[0,0,-45,0,-45]","[0,45,45,90,-45]",,,,,,,,,BLUE,5,Same,5,1,,,,,,6,0,2.4911,4,14,78,10,1,,,,,
,,,,,,,,,,,,,,,671469967e2a4f2e612e3846,2025-01-21_20h51.17.248,VisualArraysMentalRotation_v4,2021.1.4,Win32,20.40816327,679054f2072d526265aabff2,6790699eef4fd92042eb857e,,,,,,,,,,,,,,,,,,,,,,,,,"[-45,90,90,90,-45]","[45,45,0,0,-45]",,Blue_1,"[-45,90,90,90,-45]","[45,45,0,0,-45]",,,,,,,,,BLUE,5,Same,5,3,,,,,,6,0,1.2495,4,15,79,11,1,,,,,
,,,,,,,,,,,,,,,671469967e2a4f2e612e3846,2025-01-21_20h51.17.248,VisualArraysMentalRotation_v4,2021.1.4,Win32,20.40816327,679054f2072d526265aabff2,6790699eef4fd92042eb857e,,,,,,,,,,,,,,,,,,,,,,,,,"[0,-45,-45,0,90]","[45,-45,0,-45,45]",,Blue_1,"[0,-45,-45,0,90]","[45,-45,0,-45,45]",,,,,,,,,BLUE,3,Same,5,3,,,,,,5,1,2.216,5,0,80,9,1,,,,,
,,,,,,,,,,,,,,,671469967e2a4f2e612e3846,2025-01-21_20h51.17.248,VisualArraysMentalRotation_v4,2021.1.4,Win32,20.40816327,679054f2072d526265aabff2,6790699eef4fd92042eb857e,,,,,,,,,,,,,,,,,,,,,,,,,"[-45,45,90,45,90]","[45,90,0,90,-45]",,Red_3,"[-45,45,90,45,90]","[45,90,0,90,-45]",,,,,,,,,RED,5,Same,5,1,,,,,,5,1,2.1368,5,1,81,2,1,,,,,
,,,,,,,,,,,,,,,671469967e2a4f2e612e3846,2025-01-21_20h51.17.248,VisualArraysMentalRotation_v4,2021.1.4,Win32,20.40816327,679054f2072d526265aabff2,6790699eef4fd92042eb857e,,,,,,,,,,,,,,,,,,,,,,,,,"[90,-45,90,0,-45]","[90,0,45,90,45]",,Blue_2,"[90,-45,90,0,-45]","[90,90,45,90,45]",,,,,,,,,BLUE,3,Different,6,1,,,,,,5,0,1.0352,5,2,82,12,1,,,,,
,,,,,,,,,,,,,,,671469967e2a4f2e612e3846,2025-01-21_20h51.17.248,VisualArraysMentalRotation_v4,2021.1.4,Win32,20.40816327,679054f2072d526265aabff2,6790699eef4fd92042eb857e,,,,,,,,,,,,,,,,,,,,,,,,,"[45,-45,45,0,45]","[90,45,-45,45,0]",,Red_2,"[45,0,45,0,45]","[90,45,-45,45,0]",,,,,,,,,RED,5,Different,6,1,,,,,,5,0,1.1826,5,3,83,6,1,,,,,
,,,,,,,,,,,,,,,671469967e2a4f2e612e3846,2025-01-21_20h51.17.248,VisualArraysMentalRotation_v4,2021.1.4,Win32,20.40816327,679054f2072d526265aabff2,6790699eef4fd92042eb857e,,,,,,,,,,,,,,,,,,,,,,,,,"[0,-45,90,45,-45]","[90,90,0,90,-45]",,Red_5,"[0,-45,90,45,-45]","[90,90,0,90,-45]",,,,,,,,,RED,5,Same,5,3,,,,,,6,0,1.7829,5,4,84,3,1,,,,,
,,,,,,,,,,,,,,,671469967e2a4f2e612e3846,2025-01-21_20h51.17.248,VisualArraysMentalRotation_v4,2021.1.4,Win32,20.40816327,679054f2072d526265aabff2,6790699eef4fd92042eb857e,,,,,,,,,,,,,,,,,,,,,,,,,"[0,45,45,-45,0]","[90,0,-45,0,0]",,Blue_5,"[0,45,45,-45,0]","[90,0,-45,0,-45]",,,,,,,,,BLUE,5,Different,6,1,,,,,,5,0,1.1157,5,5,85,14,1,,,,,
,,,,,,,,,,,,,,,671469967e2a4f2e612e3846,2025-01-21_20h51.17.248,VisualArraysMentalRotation_v4,2021.1.4,Win32,20.40816327,679054f2072d526265aabff2,6790699eef4fd92042eb857e,,,,,,,,,,,,,,,,,,,,,,,,,"[0,-45,45,90,0]","[45,0,45,90,45]",,Blue_4,"[0,-45,45,90,0]","[45,0,45,90,45]",,,,,,,,,BLUE,5,Same,5,3,,,,,,5,1,2.3496,5,6,86,11,1,,,,,
,,,,,,,,,,,,,,,671469967e2a4f2e612e3846,2025-01-21_20h51.17.248,VisualArraysMentalRotation_v4,2021.1.4,Win32,20.40816327,679054f2072d526265aabff2,6790699eef4fd92042eb857e,,,,,,,,,,,,,,,,,,,,,,,,,"[45,-45,90,0,0]","[-45,0,-45,0,-45]",,Red_3,"[45,-45,90,0,0]","[-45,0,-45,0,-45]",,,,,,,,,RED,3,Same,5,3,,,,,,6,0,2.0915,5,7,87,1,1,,,,,
,,,,,,,,,,,,,,,671469967e2a4f2e612e3846,2025-01-21_20h51.17.248,VisualArraysMentalRotation_v4,2021.1.4,Win32,20.40816327,679054f2072d526265aabff2,6790699eef4fd92042eb857e,,,,,,,,,,,,,,,,,,,,,,,,,"[-45,-45,90,45,90]","[45,90,45,-45,90]",,Blue_1,"[-45,-45,90,45,90]","[45,90,45,-45,90]",,,,,,,,,BLUE,5,Same,5,1,,,,,,5,1,1.2496,5,8,88,10,1,,,,,
,,,,,,,,,,,,,,,671469967e2a4f2e612e3846,2025-01-21_20h51.17.248,VisualArraysMentalRotation_v4,2021.1.4,Win32,20.40816327,679054f2072d526265aabff2,6790699eef4fd92042eb857e,,,,,,,,,,,,,,,,,,,,,,,,,"[45,45,-45,45,0]","[90,90,0,0,45]",,Blue_2,"[45,45,-45,45,0]","[90,45,0,0,45]",,,,,,,,,BLUE,5,Different,6,3,,,,,,5,0,1.2296,5,9,89,15,1,,,,,
,,,,,,,,,,,,,,,671469967e2a4f2e612e3846,2025-01-21_20h51.17.248,VisualArraysMentalRotation_v4,2021.1.4,Win32,20.40816327,679054f2072d526265aabff2,6790699eef4fd92042eb857e,,,,,,,,,,,,,,,,,,,,,,,,,"[90,45,45,45,-45]","[-45,90,45,45,90]",,Blue_1,"[90,45,45,45,-45]","[45,90,45,45,90]",,,,,,,,,BLUE,3,Different,6,3,,,,,,5,0,1.1303,5,10,90,13,1,,,,,
,,,,,,,,,,,,,,,671469967e2a4f2e612e3846,2025-01-21_20h51.17.248,VisualArraysMentalRotation_v4,2021.1.4,Win32,20.40816327,679054f2072d526265aabff2,6790699eef4fd92042eb857e,,,,,,,,,,,,,,,,,,,,,,,,,"[-45,0,0,0,45]","[90,90,90,90,0]",,Red_2,"[-45,0,0,0,45]","[90,90,90,90,0]",,,,,,,,,RED,3,Same,5,1,,,,,,5,1,1.261,5,11,91,0,1,,,,,
,,,,,,,,,,,,,,,671469967e2a4f2e612e3846,2025-01-21_20h51.17.248,VisualArraysMentalRotation_v4,2021.1.4,Win32,20.40816327,679054f2072d526265aabff2,6790699eef4fd92042eb857e,,,,,,,,,,,,,,,,,,,,,,,,,"[45,0,90,0,-45]","[45,-45,-45,90,-45]",,Blue_2,"[45,0,90,0,-45]","[45,-45,-45,90,-45]",,,,,,,,,BLUE,3,Same,5,1,,,,,,5,1,1.9425,5,12,92,8,1,,,,,
,,,,,,,,,,,,,,,671469967e2a4f2e612e3846,2025-01-21_20h51.17.248,VisualArraysMentalRotation_v4,2021.1.4,Win32,20.40816327,679054f2072d526265aabff2,6790699eef4fd92042eb857e,,,,,,,,,,,,,,,,,,,,,,,,,"[-45,45,45,-45,-45]","[0,45,90,0,-45]",,Red_1,"[90,45,45,-45,-45]","[0,45,90,0,-45]",,,,,,,,,RED,3,Different,6,1,,,,,,6,1,1.5518,5,13,93,4,1,,,,,
,,,,,,,,,,,,,,,671469967e2a4f2e612e3846,2025-01-21_20h51.17.248,VisualArraysMentalRotation_v4,2021.1.4,Win32,20.40816327,679054f2072d526265aabff2,6790699eef4fd92042eb857e,,,,,,,,,,,,,,,,,,,,,,,,,"[0,45,90,-45,0]","[90,45,90,45,90]",,Red_4,"[0,45,90,45,0]","[90,45,90,45,90]",,,,,,,,,RED,5,Different,6,3,,,,,,5,0,0.9015,5,14,94,7,1,,,,,
,,,,,,,,,,,,,,,671469967e2a4f2e612e3846,2025-01-21_20h51.17.248,VisualArraysMentalRotation_v4,2021.1.4,Win32,20.40816327,679054f2072d526265aabff2,6790699eef4fd92042eb857e,,,,,,,,,,,,,,,,,,,,,,,,,"[45,-45,0,45,0]","[90,45,45,45,90]",,Red_3,"[45,-45,-45,45,0]","[90,45,45,45,90]",,,,,,,,,RED,3,Different,6,3,,,,,,5,0,0.7515,5,15,95,5,1,,,,,
,,,,,,,,,,,,,,,671469967e2a4f2e612e3846,2025-01-21_20h51.17.248,VisualArraysMentalRotation_v4,2021.1.4,Win32,20.40816327,679054f2072d526265aabff2,6790699eef4fd92042eb857e,,,,,,,,,,,,,,,,,,,,,,,,,"[45,90,90,45,0]","[90,-45,90,-45,0]",,Red_5,"[45,90,90,45,-45]","[90,-45,90,-45,0]",,,,,,,,,RED,5,Different,6,3,,,,,,6,1,1.1912,6,0,96,7,1,,,,,
,,,,,,,,,,,,,,,671469967e2a4f2e612e3846,2025-01-21_20h51.17.248,VisualArraysMentalRotation_v4,2021.1.4,Win32,20.40816327,679054f2072d526265aabff2,6790699eef4fd92042eb857e,,,,,,,,,,,,,,,,,,,,,,,,,"[90,-45,0,0,-45]","[45,-45,0,90,0]",,Blue_3,"[90,-45,0,0,-45]","[45,-45,0,90,0]",,,,,,,,,BLUE,5,Same,5,1,,,,,,5,1,1.2161,6,1,97,10,1,,,,,
,,,,,,,,,,,,,,,671469967e2a4f2e612e3846,2025-01-21_20h51.17.248,VisualArraysMentalRotation_v4,2021.1.4,Win32,20.40816327,679054f2072d526265aabff2,6790699eef4fd92042eb857e,,,,,,,,,,,,,,,,,,,,,,,,,"[45,0,90,-45,-45]","[45,45,-45,0,-45]",,Red_1,"[90,0,90,-45,-45]","[45,45,-45,0,-45]",,,,,,,,,RED,3,Different,6,1,,,,,,5,0,1.7279,6,2,98,4,1,,,,,
,,,,,,,,,,,,,,,671469967e2a4f2e612e3846,2025-01-21_20h51.17.248,VisualArraysMentalRotation_v4,2021.1.4,Win32,20.40816327,679054f2072d526265aabff2,6790699eef4fd92042eb857e,,,,,,,,,,,,,,,,,,,,,,,,,"[90,90,90,45,90]","[-45,45,45,45,45]",,Red_1,"[90,90,90,45,90]","[-45,45,45,45,45]",,,,,,,,,RED,3,Same,5,3,,,,,,5,1,0.9155,6,3,99,1,1,,,,,
,,,,,,,,,,,,,,,671469967e2a4f2e612e3846,2025-01-21_20h51.17.248,VisualArraysMentalRotation_v4,2021.1.4,Win32,20.40816327,679054f2072d526265aabff2,6790699eef4fd92042eb857e,,,,,,,,,,,,,,,,,,,,,,,,,"[0,0,90,-45,45]","[90,0,45,90,45]",,Red_2,"[0,0,90,-45,45]","[90,0,45,90,45]",,,,,,,,,RED,3,Same,5,1,,,,,,5,1,1.3162,6,4,100,0,1,,,,,
,,,,,,,,,,,,,,,671469967e2a4f2e612e3846,2025-01-21_20h51.17.248,VisualArraysMentalRotation_v4,2021.1.4,Win32,20.40816327,679054f2072d526265aabff2,6790699eef4fd92042eb857e,,,,,,,,,,,,,,,,,,,,,,,,,"[45,-45,0,-45,-45]","[-45,90,-45,0,0]",,Blue_3,"[45,-45,0,-45,-45]","[-45,90,-45,0,0]",,,,,,,,,BLUE,3,Same,5,1,,,,,,5,1,1.1183,6,5,101,8,1,,,,,
,,,,,,,,,,,,,,,671469967e2a4f2e612e3846,2025-01-21_20h51.17.248,VisualArraysMentalRotation_v4,2021.1.4,Win32,20.40816327,679054f2072d526265aabff2,6790699eef4fd92042eb857e,,,,,,,,,,,,,,,,,,,,,,,,,"[45,-45,0,-45,90]","[45,90,0,45,90]",,Blue_3,"[45,-45,0,-45,90]","[45,90,0,45,90]",,,,,,,,,BLUE,5,Same,5,3,,,,,,5,1,1.3019,6,6,102,11,1,,,,,
,,,,,,,,,,,,,,,671469967e2a4f2e612e3846,2025-01-21_20h51.17.248,VisualArraysMentalRotation_v4,2021.1.4,Win32,20.40816327,679054f2072d526265aabff2,6790699eef4fd92042eb857e,,,,,,,,,,,,,,,,,,,,,,,,,"[90,-45,45,0,90]","[90,90,-45,45,-45]",,Blue_1,"[90,-45,45,0,90]","[45,90,-45,45,-45]",,,,,,,,,BLUE,3,Different,6,1,,,,,,6,1,1.3493,6,7,103,12,1,,,,,
,,,,,,,,,,,,,,,671469967e2a4f2e612e3846,2025-01-21_20h51.17.248,VisualArraysMentalRotation_v4,2021.1.4,Win32,20.40816327,679054f2072d526265aabff2,6790699eef4fd92042eb857e,,,,,,,,,,,,,,,,,,,,,,,,,"[0,0,0,45,0]","[90,90,0,45,90]",,Red_3,"[0,0,45,45,0]","[90,90,0,45,90]",,,,,,,,,RED,5,Different,6,1,,,,,,5,0,1.5964,6,8,104,6,1,,,,,
,,,,,,,,,,,,,,,671469967e2a4f2e612e3846,2025-01-21_20h51.17.248,VisualArraysMentalRotation_v4,2021.1.4,Win32,20.40816327,679054f2072d526265aabff2,6790699eef4fd92042eb857e,,,,,,,,,,,,,,,,,,,,,,,,,"[-45,0,90,-45,90]","[90,45,0,0,-45]",,Red_1,"[0,0,90,-45,90]","[90,45,0,0,-45]",,,,,,,,,RED,3,Different,6,3,,,,,,5,0,1.2926,6,9,105,5,1,,,,,
,,,,,,,,,,,,,,,671469967e2a4f2e612e3846,2025-01-21_20h51.17.248,VisualArraysMentalRotation_v4,2021.1.4,Win32,20.40816327,679054f2072d526265aabff2,6790699eef4fd92042eb857e,,,,,,,,,,,,,,,,,,,,,,,,,"[90,-45,45,0,0]","[0,0,0,0,0]",,Blue_3,"[90,-45,45,0,0]","[0,0,0,0,0]",,,,,,,,,BLUE,3,Same,5,3,,,,,,5,1,0.9895,6,10,106,9,1,,,,,
,,,,,,,,,,,,,,,671469967e2a4f2e612e3846,2025-01-21_20h51.17.248,VisualArraysMentalRotation_v4,2021.1.4,Win32,20.40816327,679054f2072d526265aabff2,6790699eef4fd92042eb857e,,,,,,,,,,,,,,,,,,,,,,,,,"[45,0,0,0,0]","[90,90,0,45,45]",,Blue_2,"[45,0,0,0,0]","[90,-45,0,45,45]",,,,,,,,,BLUE,3,Different,6,3,,,,,,6,1,1.1324,6,11,107,13,1,,,,,
,,,,,,,,,,,,,,,671469967e2a4f2e612e3846,2025-01-21_20h51.17.248,VisualArraysMentalRotation_v4,2021.1.4,Win32,20.40816327,679054f2072d526265aabff2,6790699eef4fd92042eb857e,,,,,,,,,,,,,,,,,,,,,,,,,"[90,-45,45,0,90]","[90,45,-45,45,0]",,Blue_1,"[90,-45,45,0,90]","[0,45,-45,45,0]",,,,,,,,,BLUE,5,Different,6,1,,,,,,5,0,1.8235,6,12,108,14,1,,,,,
,,,,,,,,,,,,,,,671469967e2a4f2e612e3846,2025-01-21_20h51.17.248,VisualArraysMentalRotation_v4,2021.1.4,Win32,20.40816327,679054f2072d526265aabff2,6790699eef4fd92042eb857e,,,,,,,,,,,,,,,,,,,,,,,,,"[-45,-45,-45,0,-45]","[0,0,45,0,0]",,Red_2,"[-45,-45,-45,0,-45]","[0,0,45,0,0]",,,,,,,,,RED,5,Same,5,1,,,,,,5,1,1.3111,6,13,109,2,1,,,,,
,,,,,,,,,,,,,,,671469967e2a4f2e612e3846,2025-01-21_20h51.17.248,VisualArraysMentalRotation_v4,2021.1.4,Win32,20.40816327,679054f2072d526265aabff2,6790699eef4fd92042eb857e,,,,,,,,,,,,,,,,,,,,,,,,,"[45,-45,90,45,45]","[0,45,90,-45,0]",,Blue_4,"[45,-45,90,45,45]","[0,45,90,45,0]",,,,,,,,,BLUE,5,Different,6,3,,,,,,5,0,1.4243,6,14,110,15,1,,,,,
,,,,,,,,,,,,,,,671469967e2a4f2e612e3846,2025-01-21_20h51.17.248,VisualArraysMentalRotation_v4,2021.1.4,Win32,20.40816327,679054f2072d526265aabff2,6790699eef4fd92042eb857e,,,,,,,,,,,,,,,,,,,,,,,,,"[-45,45,90,90,45]","[45,90,90,0,45]",,Red_4,"[-45,45,90,90,45]","[45,90,90,0,45]",,,,,,,,,RED,5,Same,5,3,,,,,,5,1,1.6598,6,15,111,3,1,,,,,
,,,,,,,,,,,,,,,671469967e2a4f2e612e3846,2025-01-21_20h51.17.248,VisualArraysMentalRotation_v4,2021.1.4,Win32,20.40816327,679054f2072d526265aabff2,6790699eef4fd92042eb857e,,,,,,,,,,,,,,,,,,,,,,,,,,,,,,,,,,,,,,,,,,,,,,,,,,,,,,,,,0,0,0,0,1
,,,,,,,,,,,,,,,671469967e2a4f2e612e3846,2025-01-21_20h51.17.248,VisualArraysMentalRotation_v4,2021.1.4,Win32,20.40816327,679054f2072d526265aabff2,6790699eef4fd92042eb857e,,,,,,,,,,,,,,,,,,0,1,1,1,1,1,0,,,,,,,,,,,,,,,,,,,,,,,,,,,,,,,,,,,,,
