TaskOrder,consent_final_key_resp.keys,consent_final_key_resp.rt,VA_InstructionsLoop.thisRepN,VA_InstructionsLoop.thisTrialN,VA_InstructionsLoop.thisN,VA_InstructionsLoop.thisIndex,VA_InstructionsLoop.ran,PROLIFIC_PID,date,expName,psychopyVersion,OS,frameRate,STUDY_ID,SESSION_ID,Red Orientations,Blue Orientations,VA_array_dur,Target Rectangle,New Red Orientations,New Blue Orientations,VA_PracResponse.keys,VA_PracResponse.corr,PracTrials.thisRepN,PracTrials.thisTrialN,PracTrials.thisN,PracTrials.thisIndex,PracTrials.ran,VA_Target,VA_TargetNumber,VA_Orientation,VA_Answer,VA_DelayDur,VA_PracResponse.rt,VA_PracTrialsSpeed.thisRepN,VA_PracTrialsSpeed.thisTrialN,VA_PracTrialsSpeed.thisN,VA_PracTrialsSpeed.thisIndex,VA_PracTrialsSpeed.ran,VA_TestResponse.keys,VA_TestResponse.corr,VA_TestResponse.rt,VA_TestTrials.thisRepN,VA_TestTrials.thisTrialN,VA_TestTrials.thisN,VA_TestTrials.thisIndex,VA_TestTrials.ran,VA_Task.thisRepN,VA_Task.thisTrialN,VA_Task.thisN,VA_Task.thisIndex,VA_Task.ran,TasksLoop.thisRepN,TasksLoop.thisTrialN,TasksLoop.thisN,TasksLoop.thisIndex,TasksLoop.ran,nRepsVA,nRepsMRT,MRTPracResponse.keys,MRTPracResponse.corr,MRTPracResponse.rt,MRTPracticeTrials.thisRepN,MRTPracticeTrials.thisTrialN,MRTPracticeTrials.thisN,MRTPracticeTrials.thisIndex,MRTPracticeTrials.ran,PracStimulus,PracDegRotation,PracType,MRTPracCorrectAns,MRTStimulus,MRTType,MRTDegRotation,MRTCorrectAns,MRTTestResponse.keys,MRTTestResponse.corr,MRTTestResponse.rt,MRTTestTrials.thisRepN,MRTTestTrials.thisTrialN,MRTTestTrials.thisN,MRTTestTrials.thisIndex,MRTTestTrials.ran,MRT_Task.thisRepN,MRT_Task.thisTrialN,MRT_Task.thisN,MRT_Task.thisIndex,MRT_Task.ran
1,y,11.0714,0,0,0,0,1,671c5ad0eb30c87c11b22ec4,2025-01-21_20h10.33.022,VisualArraysMentalRotation_v4,2021.1.4,MacIntel,59.88023952,679054f2072d526265aabff2,67906f845c6b43400d7e1d7e,,,,,,,,,,,,,,,,,,,,,,,,,,,,,,,,,,,,,,,,,,,,,,,,,,,,,,,,,,,,,,,,,,,,,,,,,
,,,,,,,,671c5ad0eb30c87c11b22ec4,2025-01-21_20h10.33.022,VisualArraysMentalRotation_v4,2021.1.4,MacIntel,59.88023952,679054f2072d526265aabff2,67906f845c6b43400d7e1d7e,"[90,-45,90,90,90]","[90,-45,-45,90,0]",0.25,PracRed_3,"[90,-45,90,90,90]","[90,-45,-45,90,0]",,0,0,0,0,0,1,RED,3,Same,5,1,,,,,,,,,,,,,,,,,,,,,,,,,,,,,,,,,,,,,,,,,,,,,,,,,,,,,,,
,,,,,,,,671c5ad0eb30c87c11b22ec4,2025-01-21_20h10.33.022,VisualArraysMentalRotation_v4,2021.1.4,MacIntel,59.88023952,679054f2072d526265aabff2,67906f845c6b43400d7e1d7e,"[90,0,90,45,-45]","[0,45,45,45,90]",0.25,PracRed_1,"[90,0,90,45,-45]","[0,45,45,45,90]",5,1,0,1,1,3,1,RED,5,Same,5,3,1.8454,,,,,,,,,,,,,,,,,,,,,,,,,,,,,,,,,,,,,,,,,,,,,,,,,,,,,,
,,,,,,,,671c5ad0eb30c87c11b22ec4,2025-01-21_20h10.33.022,VisualArraysMentalRotation_v4,2021.1.4,MacIntel,59.88023952,679054f2072d526265aabff2,67906f845c6b43400d7e1d7e,"[0,45,-45,-45,90]","[0,45,0,-45,-45]",0.25,PracBlue_3,"[0,45,-45,-45,90]","[0,45,0,-45,-45]",5,1,0,2,2,11,1,BLUE,5,Same,5,3,1.729,,,,,,,,,,,,,,,,,,,,,,,,,,,,,,,,,,,,,,,,,,,,,,,,,,,,,,
,,,,,,,,671c5ad0eb30c87c11b22ec4,2025-01-21_20h10.33.022,VisualArraysMentalRotation_v4,2021.1.4,MacIntel,59.88023952,679054f2072d526265aabff2,67906f845c6b43400d7e1d7e,"[0,90,-45,45,90]","[45,0,0,0,-45]",0.25,PracBlue_2,"[0,90,-45,45,90]","[45,-45,0,0,-45]",6,1,0,3,3,13,1,BLUE,3,Different,6,3,2.3508,,,,,,,,,,,,,,,,,,,,,,,,,,,,,,,,,,,,,,,,,,,,,,,,,,,,,,
,,,,,,,,671c5ad0eb30c87c11b22ec4,2025-01-21_20h10.33.022,VisualArraysMentalRotation_v4,2021.1.4,MacIntel,59.88023952,679054f2072d526265aabff2,67906f845c6b43400d7e1d7e,"[90,-45,90,45,45]","[90,90,0,45,45]",0.25,PracRed_2,"[90,0,90,45,45]","[90,90,0,45,45]",6,1,0,4,4,4,1,RED,3,Different,6,1,1.4973,,,,,,,,,,,,,,,,,,,,,,,,,,,,,,,,,,,,,,,,,,,,,,,,,,,,,,
,,,,,,,,671c5ad0eb30c87c11b22ec4,2025-01-21_20h10.33.022,VisualArraysMentalRotation_v4,2021.1.4,MacIntel,59.88023952,679054f2072d526265aabff2,67906f845c6b43400d7e1d7e,"[45,0,-45,45,0]","[0,0,0,45,0]",0.25,PracBlue_2,"[45,0,-45,45,0]","[0,0,0,45,0]",5,1,0,5,5,9,1,BLUE,3,Same,5,3,1.1735,,,,,,,,,,,,,,,,,,,,,,,,,,,,,,,,,,,,,,,,,,,,,,,,,,,,,,
,,,,,,,,671c5ad0eb30c87c11b22ec4,2025-01-21_20h10.33.022,VisualArraysMentalRotation_v4,2021.1.4,MacIntel,59.88023952,679054f2072d526265aabff2,67906f845c6b43400d7e1d7e,"[0,90,90,45,0]","[0,45,-45,-45,90]",0.25,PracRed_4,"[0,90,90,45,0]","[0,45,-45,-45,90]",5,1,0,6,6,2,1,RED,5,Same,5,1,1.8121,,,,,,,,,,,,,,,,,,,,,,,,,,,,,,,,,,,,,,,,,,,,,,,,,,,,,,
,,,,,,,,671c5ad0eb30c87c11b22ec4,2025-01-21_20h10.33.022,VisualArraysMentalRotation_v4,2021.1.4,MacIntel,59.88023952,679054f2072d526265aabff2,67906f845c6b43400d7e1d7e,"[-45,45,90,45,45]","[0,90,0,0,45]",0.25,PracRed_1,"[-45,45,90,45,45]","[0,90,0,0,45]",5,1,0,7,7,1,1,RED,3,Same,5,3,1.3955,,,,,,,,,,,,,,,,,,,,,,,,,,,,,,,,,,,,,,,,,,,,,,,,,,,,,,
,,,,,,,,671c5ad0eb30c87c11b22ec4,2025-01-21_20h10.33.022,VisualArraysMentalRotation_v4,2021.1.4,MacIntel,59.88023952,679054f2072d526265aabff2,67906f845c6b43400d7e1d7e,"[-45,0,90,90,0]","[90,0,90,0,90]",0.25,PracBlue_5,"[-45,0,90,90,0]","[90,0,90,0,0]",6,1,0,8,8,15,1,BLUE,5,Different,6,3,1.5632,,,,,,,,,,,,,,,,,,,,,,,,,,,,,,,,,,,,,,,,,,,,,,,,,,,,,,
,,,,,,,,671c5ad0eb30c87c11b22ec4,2025-01-21_20h10.33.022,VisualArraysMentalRotation_v4,2021.1.4,MacIntel,59.88023952,679054f2072d526265aabff2,67906f845c6b43400d7e1d7e,"[-45,-45,-45,45,0]","[0,0,45,90,45]",0.25,PracBlue_3,"[-45,-45,-45,45,0]","[0,0,45,90,45]",5,1,0,9,9,8,1,BLUE,3,Same,5,1,1.1341,,,,,,,,,,,,,,,,,,,,,,,,,,,,,,,,,,,,,,,,,,,,,,,,,,,,,,
,,,,,,,,671c5ad0eb30c87c11b22ec4,2025-01-21_20h10.33.022,VisualArraysMentalRotation_v4,2021.1.4,MacIntel,59.88023952,679054f2072d526265aabff2,67906f845c6b43400d7e1d7e,"[0,-45,90,90,45]","[90,45,90,45,-45]",0.25,PracRed_2,"[0,90,90,90,45]","[90,45,90,45,-45]",6,1,0,10,10,6,1,RED,5,Different,6,1,1.4474,,,,,,,,,,,,,,,,,,,,,,,,,,,,,,,,,,,,,,,,,,,,,,,,,,,,,,
,,,,,,,,671c5ad0eb30c87c11b22ec4,2025-01-21_20h10.33.022,VisualArraysMentalRotation_v4,2021.1.4,MacIntel,59.88023952,679054f2072d526265aabff2,67906f845c6b43400d7e1d7e,"[0,0,-45,-45,90]","[-45,90,45,45,45]",0.25,PracRed_1,"[-45,0,-45,-45,90]","[-45,90,45,45,45]",6,1,0,11,11,5,1,RED,3,Different,6,3,2.5199,,,,,,,,,,,,,,,,,,,,,,,,,,,,,,,,,,,,,,,,,,,,,,,,,,,,,,
,,,,,,,,671c5ad0eb30c87c11b22ec4,2025-01-21_20h10.33.022,VisualArraysMentalRotation_v4,2021.1.4,MacIntel,59.88023952,679054f2072d526265aabff2,67906f845c6b43400d7e1d7e,"[45,90,0,-45,-45]","[-45,90,45,-45,90]",0.25,PracBlue_2,"[45,90,0,-45,-45]","[-45,-45,45,-45,90]",6,1,0,12,12,12,1,BLUE,3,Different,6,1,1.4137,,,,,,,,,,,,,,,,,,,,,,,,,,,,,,,,,,,,,,,,,,,,,,,,,,,,,,
,,,,,,,,671c5ad0eb30c87c11b22ec4,2025-01-21_20h10.33.022,VisualArraysMentalRotation_v4,2021.1.4,MacIntel,59.88023952,679054f2072d526265aabff2,67906f845c6b43400d7e1d7e,"[-45,-45,-45,90,-45]","[-45,45,-45,0,-45]",0.25,PracBlue_2,"[-45,-45,-45,90,-45]","[-45,0,-45,0,-45]",6,1,0,13,13,14,1,BLUE,5,Different,6,1,1.1316,,,,,,,,,,,,,,,,,,,,,,,,,,,,,,,,,,,,,,,,,,,,,,,,,,,,,,
,,,,,,,,671c5ad0eb30c87c11b22ec4,2025-01-21_20h10.33.022,VisualArraysMentalRotation_v4,2021.1.4,MacIntel,59.88023952,679054f2072d526265aabff2,67906f845c6b43400d7e1d7e,"[90,45,90,90,0]","[0,-45,45,0,-45]",0.25,PracRed_3,"[90,45,45,90,0]","[0,-45,45,0,-45]",6,1,0,14,14,7,1,RED,5,Different,6,3,1.322,,,,,,,,,,,,,,,,,,,,,,,,,,,,,,,,,,,,,,,,,,,,,,,,,,,,,,
,,,,,,,,671c5ad0eb30c87c11b22ec4,2025-01-21_20h10.33.022,VisualArraysMentalRotation_v4,2021.1.4,MacIntel,59.88023952,679054f2072d526265aabff2,67906f845c6b43400d7e1d7e,"[90,0,90,90,45]","[45,45,-45,-45,0]",0.25,PracBlue_1,"[90,0,90,90,45]","[45,45,-45,-45,0]",5,1,0,15,15,10,1,BLUE,5,Same,5,1,1.8014,,,,,,,,,,,,,,,,,,,,,,,,,,,,,,,,,,,,,,,,,,,,,,,,,,,,,,
,,,,,,,,671c5ad0eb30c87c11b22ec4,2025-01-21_20h10.33.022,VisualArraysMentalRotation_v4,2021.1.4,MacIntel,59.88023952,679054f2072d526265aabff2,67906f845c6b43400d7e1d7e,,,,,,,,,,,,,,,,,,,,0,0,0,0,1,,,,,,,,,,,,,,,,,,,,,,,,,,,,,,,,,,,,,,,,,,,,,,,,,
,,,,,,,,671c5ad0eb30c87c11b22ec4,2025-01-21_20h10.33.022,VisualArraysMentalRotation_v4,2021.1.4,MacIntel,59.88023952,679054f2072d526265aabff2,67906f845c6b43400d7e1d7e,"[0,0,0,-45,90]","[45,90,45,0,0]",0.25,PracRed_1,"[0,0,0,-45,90]","[45,90,45,0,0]",5,1,0,0,0,1,1,RED,3,Same,5,3,1.4304,,,,,,,,,,,,,,,,,,,,,,,,,,,,,,,,,,,,,,,,,,,,,,,,,,,,,,
,,,,,,,,671c5ad0eb30c87c11b22ec4,2025-01-21_20h10.33.022,VisualArraysMentalRotation_v4,2021.1.4,MacIntel,59.88023952,679054f2072d526265aabff2,67906f845c6b43400d7e1d7e,"[90,0,90,0,90]","[0,0,45,90,0]",0.25,PracBlue_1,"[90,0,90,0,90]","[45,0,45,90,0]",5,0,0,1,1,15,1,BLUE,5,Different,6,3,1.5955,,,,,,,,,,,,,,,,,,,,,,,,,,,,,,,,,,,,,,,,,,,,,,,,,,,,,,
,,,,,,,,671c5ad0eb30c87c11b22ec4,2025-01-21_20h10.33.022,VisualArraysMentalRotation_v4,2021.1.4,MacIntel,59.88023952,679054f2072d526265aabff2,67906f845c6b43400d7e1d7e,"[0,-45,0,90,45]","[0,90,90,90,90]",0.25,PracBlue_3,"[0,-45,0,90,45]","[0,90,90,90,90]",5,1,0,2,2,9,1,BLUE,3,Same,5,3,1.0336,,,,,,,,,,,,,,,,,,,,,,,,,,,,,,,,,,,,,,,,,,,,,,,,,,,,,,
,,,,,,,,671c5ad0eb30c87c11b22ec4,2025-01-21_20h10.33.022,VisualArraysMentalRotation_v4,2021.1.4,MacIntel,59.88023952,679054f2072d526265aabff2,67906f845c6b43400d7e1d7e,"[0,45,45,0,45]","[0,45,45,0,0]",0.25,PracBlue_1,"[0,45,45,0,45]","[90,45,45,0,0]",5,0,0,3,3,13,1,BLUE,3,Different,6,3,1.7307,,,,,,,,,,,,,,,,,,,,,,,,,,,,,,,,,,,,,,,,,,,,,,,,,,,,,,
,,,,,,,,671c5ad0eb30c87c11b22ec4,2025-01-21_20h10.33.022,VisualArraysMentalRotation_v4,2021.1.4,MacIntel,59.88023952,679054f2072d526265aabff2,67906f845c6b43400d7e1d7e,"[45,90,90,-45,0]","[90,90,90,45,-45]",0.25,PracRed_3,"[45,90,90,-45,0]","[90,90,90,45,-45]",5,1,0,4,4,2,1,RED,5,Same,5,1,1.1805,,,,,,,,,,,,,,,,,,,,,,,,,,,,,,,,,,,,,,,,,,,,,,,,,,,,,,
,,,,,,,,671c5ad0eb30c87c11b22ec4,2025-01-21_20h10.33.022,VisualArraysMentalRotation_v4,2021.1.4,MacIntel,59.88023952,679054f2072d526265aabff2,67906f845c6b43400d7e1d7e,"[0,0,45,90,-45]","[45,0,90,90,-45]",0.25,PracBlue_2,"[0,0,45,90,-45]","[45,0,90,90,-45]",6,0,0,5,5,11,1,BLUE,5,Same,5,3,1.8479,,,,,,,,,,,,,,,,,,,,,,,,,,,,,,,,,,,,,,,,,,,,,,,,,,,,,,
,,,,,,,,671c5ad0eb30c87c11b22ec4,2025-01-21_20h10.33.022,VisualArraysMentalRotation_v4,2021.1.4,MacIntel,59.88023952,679054f2072d526265aabff2,67906f845c6b43400d7e1d7e,"[-45,45,45,90,-45]","[0,-45,90,90,-45]",0.25,PracRed_1,"[0,45,45,90,-45]","[0,-45,90,90,-45]",6,1,0,6,6,7,1,RED,5,Different,6,3,1.2168,,,,,,,,,,,,,,,,,,,,,,,,,,,,,,,,,,,,,,,,,,,,,,,,,,,,,,
,,,,,,,,671c5ad0eb30c87c11b22ec4,2025-01-21_20h10.33.022,VisualArraysMentalRotation_v4,2021.1.4,MacIntel,59.88023952,679054f2072d526265aabff2,67906f845c6b43400d7e1d7e,"[-45,-45,45,0,-45]","[0,45,0,0,90]",0.25,PracRed_2,"[-45,-45,45,0,-45]","[0,45,0,0,90]",5,1,0,7,7,3,1,RED,5,Same,5,3,1.164,,,,,,,,,,,,,,,,,,,,,,,,,,,,,,,,,,,,,,,,,,,,,,,,,,,,,,
,,,,,,,,671c5ad0eb30c87c11b22ec4,2025-01-21_20h10.33.022,VisualArraysMentalRotation_v4,2021.1.4,MacIntel,59.88023952,679054f2072d526265aabff2,67906f845c6b43400d7e1d7e,"[90,90,45,45,-45]","[-45,45,90,45,0]",0.25,PracBlue_3,"[90,90,45,45,-45]","[-45,45,0,45,0]",5,0,0,8,8,12,1,BLUE,3,Different,6,1,1.8008,,,,,,,,,,,,,,,,,,,,,,,,,,,,,,,,,,,,,,,,,,,,,,,,,,,,,,
,,,,,,,,671c5ad0eb30c87c11b22ec4,2025-01-21_20h10.33.022,VisualArraysMentalRotation_v4,2021.1.4,MacIntel,59.88023952,679054f2072d526265aabff2,67906f845c6b43400d7e1d7e,"[45,-45,90,0,0]","[-45,-45,90,-45,90]",0.25,PracBlue_1,"[45,-45,90,0,0]","[-45,-45,90,-45,90]",6,0,0,9,9,10,1,BLUE,5,Same,5,1,1.8555,,,,,,,,,,,,,,,,,,,,,,,,,,,,,,,,,,,,,,,,,,,,,,,,,,,,,,
,,,,,,,,671c5ad0eb30c87c11b22ec4,2025-01-21_20h10.33.022,VisualArraysMentalRotation_v4,2021.1.4,MacIntel,59.88023952,679054f2072d526265aabff2,67906f845c6b43400d7e1d7e,"[90,45,-45,-45,-45]","[-45,45,-45,0,90]",0.25,PracRed_1,"[0,45,-45,-45,-45]","[-45,45,-45,0,90]",6,1,0,10,10,4,1,RED,3,Different,6,1,1.1622,,,,,,,,,,,,,,,,,,,,,,,,,,,,,,,,,,,,,,,,,,,,,,,,,,,,,,
,,,,,,,,671c5ad0eb30c87c11b22ec4,2025-01-21_20h10.33.022,VisualArraysMentalRotation_v4,2021.1.4,MacIntel,59.88023952,679054f2072d526265aabff2,67906f845c6b43400d7e1d7e,"[0,0,90,45,0]","[90,90,-45,45,45]",0.25,PracRed_3,"[0,0,90,45,0]","[90,90,-45,45,45]",5,1,0,11,11,0,1,RED,3,Same,5,1,0.7472,,,,,,,,,,,,,,,,,,,,,,,,,,,,,,,,,,,,,,,,,,,,,,,,,,,,,,
,,,,,,,,671c5ad0eb30c87c11b22ec4,2025-01-21_20h10.33.022,VisualArraysMentalRotation_v4,2021.1.4,MacIntel,59.88023952,679054f2072d526265aabff2,67906f845c6b43400d7e1d7e,"[45,-45,-45,0,-45]","[0,90,-45,0,-45]",0.25,PracBlue_3,"[45,-45,-45,0,-45]","[0,90,-45,0,-45]",5,1,0,12,12,8,1,BLUE,3,Same,5,1,1.214,,,,,,,,,,,,,,,,,,,,,,,,,,,,,,,,,,,,,,,,,,,,,,,,,,,,,,
,,,,,,,,671c5ad0eb30c87c11b22ec4,2025-01-21_20h10.33.022,VisualArraysMentalRotation_v4,2021.1.4,MacIntel,59.88023952,679054f2072d526265aabff2,67906f845c6b43400d7e1d7e,"[90,-45,45,90,90]","[-45,45,-45,0,90]",0.25,PracRed_5,"[90,-45,45,90,45]","[-45,45,-45,0,90]",6,1,0,13,13,6,1,RED,5,Different,6,1,1.0801,,,,,,,,,,,,,,,,,,,,,,,,,,,,,,,,,,,,,,,,,,,,,,,,,,,,,,
,,,,,,,,671c5ad0eb30c87c11b22ec4,2025-01-21_20h10.33.022,VisualArraysMentalRotation_v4,2021.1.4,MacIntel,59.88023952,679054f2072d526265aabff2,67906f845c6b43400d7e1d7e,"[90,90,45,0,0]","[-45,0,90,90,-45]",0.25,PracBlue_1,"[90,90,45,0,0]","[45,0,90,90,-45]",6,1,0,14,14,14,1,BLUE,5,Different,6,1,1.3369,,,,,,,,,,,,,,,,,,,,,,,,,,,,,,,,,,,,,,,,,,,,,,,,,,,,,,
,,,,,,,,671c5ad0eb30c87c11b22ec4,2025-01-21_20h10.33.022,VisualArraysMentalRotation_v4,2021.1.4,MacIntel,59.88023952,679054f2072d526265aabff2,67906f845c6b43400d7e1d7e,"[90,-45,90,45,-45]","[-45,0,0,45,0]",0.25,PracRed_2,"[90,0,90,45,-45]","[-45,0,0,45,0]",6,1,0,15,15,5,1,RED,3,Different,6,3,0.9975,,,,,,,,,,,,,,,,,,,,,,,,,,,,,,,,,,,,,,,,,,,,,,,,,,,,,,
,,,,,,,,671c5ad0eb30c87c11b22ec4,2025-01-21_20h10.33.022,VisualArraysMentalRotation_v4,2021.1.4,MacIntel,59.88023952,679054f2072d526265aabff2,67906f845c6b43400d7e1d7e,,,,,,,,,,,,,,,,,,,,1,0,1,0,1,,,,,,,,,,,,,,,,,,,,,,,,,,,,,,,,,,,,,,,,,,,,,,,,,
,,,,,,,,671c5ad0eb30c87c11b22ec4,2025-01-21_20h10.33.022,VisualArraysMentalRotation_v4,2021.1.4,MacIntel,59.88023952,679054f2072d526265aabff2,67906f845c6b43400d7e1d7e,"[0,90,0,-45,-45]","[0,90,90,45,0]",,Red_4,"[0,90,0,-45,-45]","[0,90,90,45,0]",,,,,,,,RED,5,Same,5,1,,,,,,,5,1,1.1019,0,0,0,2,1,,,,,,,,,,,,,,,,,,,,,,,,,,,,,,,,,,,,,,,,,
,,,,,,,,671c5ad0eb30c87c11b22ec4,2025-01-21_20h10.33.022,VisualArraysMentalRotation_v4,2021.1.4,MacIntel,59.88023952,679054f2072d526265aabff2,67906f845c6b43400d7e1d7e,"[-45,45,0,0,90]","[45,0,90,45,45]",,Blue_1,"[-45,45,0,0,90]","[90,0,90,45,45]",,,,,,,,BLUE,3,Different,6,3,,,,,,,6,1,1.384,0,1,1,13,1,,,,,,,,,,,,,,,,,,,,,,,,,,,,,,,,,,,,,,,,,
,,,,,,,,671c5ad0eb30c87c11b22ec4,2025-01-21_20h10.33.022,VisualArraysMentalRotation_v4,2021.1.4,MacIntel,59.88023952,679054f2072d526265aabff2,67906f845c6b43400d7e1d7e,"[-45,0,90,-45,0]","[45,-45,45,-45,0]",,Blue_1,"[-45,0,90,-45,0]","[0,-45,45,-45,0]",,,,,,,,BLUE,3,Different,6,1,,,,,,,5,0,0.9697,0,2,2,12,1,,,,,,,,,,,,,,,,,,,,,,,,,,,,,,,,,,,,,,,,,
,,,,,,,,671c5ad0eb30c87c11b22ec4,2025-01-21_20h10.33.022,VisualArraysMentalRotation_v4,2021.1.4,MacIntel,59.88023952,679054f2072d526265aabff2,67906f845c6b43400d7e1d7e,"[0,0,0,-45,0]","[90,45,0,45,-45]",,Red_1,"[0,0,0,-45,0]","[90,45,0,45,-45]",,,,,,,,RED,3,Same,5,3,,,,,,,5,1,1.1139,0,3,3,1,1,,,,,,,,,,,,,,,,,,,,,,,,,,,,,,,,,,,,,,,,,
,,,,,,,,671c5ad0eb30c87c11b22ec4,2025-01-21_20h10.33.022,VisualArraysMentalRotation_v4,2021.1.4,MacIntel,59.88023952,679054f2072d526265aabff2,67906f845c6b43400d7e1d7e,"[0,90,-45,45,-45]","[-45,90,90,45,-45]",,Blue_1,"[0,90,-45,45,-45]","[-45,90,90,45,-45]",,,,,,,,BLUE,5,Same,5,3,,,,,,,5,1,1.3623,0,4,4,11,1,,,,,,,,,,,,,,,,,,,,,,,,,,,,,,,,,,,,,,,,,
,,,,,,,,671c5ad0eb30c87c11b22ec4,2025-01-21_20h10.33.022,VisualArraysMentalRotation_v4,2021.1.4,MacIntel,59.88023952,679054f2072d526265aabff2,67906f845c6b43400d7e1d7e,"[45,-45,-45,90,0]","[0,90,45,90,-45]",,Red_5,"[45,-45,-45,90,-45]","[0,90,45,90,-45]",,,,,,,,RED,5,Different,6,3,,,,,,,6,1,1.1726,0,5,5,7,1,,,,,,,,,,,,,,,,,,,,,,,,,,,,,,,,,,,,,,,,,
,,,,,,,,671c5ad0eb30c87c11b22ec4,2025-01-21_20h10.33.022,VisualArraysMentalRotation_v4,2021.1.4,MacIntel,59.88023952,679054f2072d526265aabff2,67906f845c6b43400d7e1d7e,"[45,-45,-45,0,45]","[-45,90,45,45,45]",,Blue_2,"[45,-45,-45,0,45]","[-45,90,45,45,45]",,,,,,,,BLUE,3,Same,5,3,,,,,,,6,0,1.6959,0,6,6,9,1,,,,,,,,,,,,,,,,,,,,,,,,,,,,,,,,,,,,,,,,,
,,,,,,,,671c5ad0eb30c87c11b22ec4,2025-01-21_20h10.33.022,VisualArraysMentalRotation_v4,2021.1.4,MacIntel,59.88023952,679054f2072d526265aabff2,67906f845c6b43400d7e1d7e,"[-45,-45,45,0,0]","[90,90,45,0,90]",,Red_1,"[0,-45,45,0,0]","[90,90,45,0,90]",,,,,,,,RED,5,Different,6,1,,,,,,,5,0,1.8306,0,7,7,6,1,,,,,,,,,,,,,,,,,,,,,,,,,,,,,,,,,,,,,,,,,
,,,,,,,,671c5ad0eb30c87c11b22ec4,2025-01-21_20h10.33.022,VisualArraysMentalRotation_v4,2021.1.4,MacIntel,59.88023952,679054f2072d526265aabff2,67906f845c6b43400d7e1d7e,"[90,90,-45,0,-45]","[90,45,-45,90,45]",,Red_2,"[90,-45,-45,0,-45]","[90,45,-45,90,45]",,,,,,,,RED,3,Different,6,1,,,,,,,6,1,1.2147,0,8,8,4,1,,,,,,,,,,,,,,,,,,,,,,,,,,,,,,,,,,,,,,,,,
,,,,,,,,671c5ad0eb30c87c11b22ec4,2025-01-21_20h10.33.022,VisualArraysMentalRotation_v4,2021.1.4,MacIntel,59.88023952,679054f2072d526265aabff2,67906f845c6b43400d7e1d7e,"[-45,-45,-45,90,0]","[-45,90,0,-45,0]",,Red_3,"[-45,-45,-45,90,0]","[-45,90,0,-45,0]",,,,,,,,RED,3,Same,5,1,,,,,,,5,1,1.4185,0,9,9,0,1,,,,,,,,,,,,,,,,,,,,,,,,,,,,,,,,,,,,,,,,,
,,,,,,,,671c5ad0eb30c87c11b22ec4,2025-01-21_20h10.33.022,VisualArraysMentalRotation_v4,2021.1.4,MacIntel,59.88023952,679054f2072d526265aabff2,67906f845c6b43400d7e1d7e,"[-45,45,90,90,45]","[0,90,90,-45,45]",,Blue_3,"[-45,45,90,90,45]","[0,90,0,-45,45]",,,,,,,,BLUE,5,Different,6,3,,,,,,,5,0,2.0071,0,10,10,15,1,,,,,,,,,,,,,,,,,,,,,,,,,,,,,,,,,,,,,,,,,
,,,,,,,,671c5ad0eb30c87c11b22ec4,2025-01-21_20h10.33.022,VisualArraysMentalRotation_v4,2021.1.4,MacIntel,59.88023952,679054f2072d526265aabff2,67906f845c6b43400d7e1d7e,"[0,90,0,90,0]","[0,-45,45,0,-45]",,Blue_5,"[0,90,0,90,0]","[0,-45,45,0,-45]",,,,,,,,BLUE,5,Same,5,1,,,,,,,5,1,1.1958,0,11,11,10,1,,,,,,,,,,,,,,,,,,,,,,,,,,,,,,,,,,,,,,,,,
,,,,,,,,671c5ad0eb30c87c11b22ec4,2025-01-21_20h10.33.022,VisualArraysMentalRotation_v4,2021.1.4,MacIntel,59.88023952,679054f2072d526265aabff2,67906f845c6b43400d7e1d7e,"[90,-45,45,-45,-45]","[-45,-45,90,90,90]",,Red_1,"[0,-45,45,-45,-45]","[-45,-45,90,90,90]",,,,,,,,RED,3,Different,6,3,,,,,,,6,1,1.3642,0,12,12,5,1,,,,,,,,,,,,,,,,,,,,,,,,,,,,,,,,,,,,,,,,,
,,,,,,,,671c5ad0eb30c87c11b22ec4,2025-01-21_20h10.33.022,VisualArraysMentalRotation_v4,2021.1.4,MacIntel,59.88023952,679054f2072d526265aabff2,67906f845c6b43400d7e1d7e,"[45,45,0,90,-45]","[-45,-45,0,90,0]",,Blue_3,"[45,45,0,90,-45]","[-45,-45,0,90,0]",,,,,,,,BLUE,3,Same,5,1,,,,,,,6,0,1.1652,0,13,13,8,1,,,,,,,,,,,,,,,,,,,,,,,,,,,,,,,,,,,,,,,,,
,,,,,,,,671c5ad0eb30c87c11b22ec4,2025-01-21_20h10.33.022,VisualArraysMentalRotation_v4,2021.1.4,MacIntel,59.88023952,679054f2072d526265aabff2,67906f845c6b43400d7e1d7e,"[0,90,0,0,0]","[0,-45,-45,90,0]",,Red_3,"[0,90,0,0,0]","[0,-45,-45,90,0]",,,,,,,,RED,5,Same,5,3,,,,,,,5,1,1.0288,0,14,14,3,1,,,,,,,,,,,,,,,,,,,,,,,,,,,,,,,,,,,,,,,,,
,,,,,,,,671c5ad0eb30c87c11b22ec4,2025-01-21_20h10.33.022,VisualArraysMentalRotation_v4,2021.1.4,MacIntel,59.88023952,679054f2072d526265aabff2,67906f845c6b43400d7e1d7e,"[0,45,-45,-45,-45]","[-45,-45,90,90,-45]",,Blue_3,"[0,45,-45,-45,-45]","[-45,-45,-45,90,-45]",,,,,,,,BLUE,5,Different,6,1,,,,,,,6,1,1.1473,0,15,15,14,1,,,,,,,,,,,,,,,,,,,,,,,,,,,,,,,,,,,,,,,,,
,,,,,,,,671c5ad0eb30c87c11b22ec4,2025-01-21_20h10.33.022,VisualArraysMentalRotation_v4,2021.1.4,MacIntel,59.88023952,679054f2072d526265aabff2,67906f845c6b43400d7e1d7e,"[-45,0,0,-45,0]","[45,-45,-45,90,-45]",,Red_2,"[-45,-45,0,-45,0]","[45,-45,-45,90,-45]",,,,,,,,RED,5,Different,6,3,,,,,,,6,1,1.1635,1,0,16,7,1,,,,,,,,,,,,,,,,,,,,,,,,,,,,,,,,,,,,,,,,,
,,,,,,,,671c5ad0eb30c87c11b22ec4,2025-01-21_20h10.33.022,VisualArraysMentalRotation_v4,2021.1.4,MacIntel,59.88023952,679054f2072d526265aabff2,67906f845c6b43400d7e1d7e,"[90,-45,0,0,90]","[-45,0,-45,90,-45]",,Blue_4,"[90,-45,0,0,90]","[-45,0,-45,90,-45]",,,,,,,,BLUE,5,Same,5,1,,,,,,,5,1,1.3345,1,1,17,10,1,,,,,,,,,,,,,,,,,,,,,,,,,,,,,,,,,,,,,,,,,
,,,,,,,,671c5ad0eb30c87c11b22ec4,2025-01-21_20h10.33.022,VisualArraysMentalRotation_v4,2021.1.4,MacIntel,59.88023952,679054f2072d526265aabff2,67906f845c6b43400d7e1d7e,"[90,0,90,0,0]","[90,90,45,0,45]",,Red_2,"[90,-45,90,0,0]","[90,90,45,0,45]",,,,,,,,RED,3,Different,6,1,,,,,,,6,1,0.8498,1,2,18,4,1,,,,,,,,,,,,,,,,,,,,,,,,,,,,,,,,,,,,,,,,,
,,,,,,,,671c5ad0eb30c87c11b22ec4,2025-01-21_20h10.33.022,VisualArraysMentalRotation_v4,2021.1.4,MacIntel,59.88023952,679054f2072d526265aabff2,67906f845c6b43400d7e1d7e,"[0,-45,90,-45,45]","[45,-45,90,0,90]",,Blue_5,"[0,-45,90,-45,45]","[45,-45,90,0,45]",,,,,,,,BLUE,5,Different,6,1,,,,,,,6,1,1.4306,1,3,19,14,1,,,,,,,,,,,,,,,,,,,,,,,,,,,,,,,,,,,,,,,,,
,,,,,,,,671c5ad0eb30c87c11b22ec4,2025-01-21_20h10.33.022,VisualArraysMentalRotation_v4,2021.1.4,MacIntel,59.88023952,679054f2072d526265aabff2,67906f845c6b43400d7e1d7e,"[-45,-45,45,-45,90]","[90,45,-45,-45,90]",,Blue_2,"[-45,-45,45,-45,90]","[90,45,-45,-45,90]",,,,,,,,BLUE,3,Same,5,1,,,,,,,5,1,0.8865,1,4,20,8,1,,,,,,,,,,,,,,,,,,,,,,,,,,,,,,,,,,,,,,,,,
,,,,,,,,671c5ad0eb30c87c11b22ec4,2025-01-21_20h10.33.022,VisualArraysMentalRotation_v4,2021.1.4,MacIntel,59.88023952,679054f2072d526265aabff2,67906f845c6b43400d7e1d7e,"[-45,90,0,90,0]","[90,90,45,0,0]",,Red_1,"[0,90,0,90,0]","[90,90,45,0,0]",,,,,,,,RED,5,Different,6,1,,,,,,,6,1,0.8981,1,5,21,6,1,,,,,,,,,,,,,,,,,,,,,,,,,,,,,,,,,,,,,,,,,
,,,,,,,,671c5ad0eb30c87c11b22ec4,2025-01-21_20h10.33.022,VisualArraysMentalRotation_v4,2021.1.4,MacIntel,59.88023952,679054f2072d526265aabff2,67906f845c6b43400d7e1d7e,"[0,-45,0,0,-45]","[45,45,45,45,0]",,Red_5,"[0,-45,0,0,-45]","[45,45,45,45,0]",,,,,,,,RED,5,Same,5,3,,,,,,,6,0,0.9191,1,6,22,3,1,,,,,,,,,,,,,,,,,,,,,,,,,,,,,,,,,,,,,,,,,
,,,,,,,,671c5ad0eb30c87c11b22ec4,2025-01-21_20h10.33.022,VisualArraysMentalRotation_v4,2021.1.4,MacIntel,59.88023952,679054f2072d526265aabff2,67906f845c6b43400d7e1d7e,"[45,-45,45,45,0]","[45,0,90,-45,45]",,Blue_2,"[45,-45,45,45,0]","[45,90,90,-45,45]",,,,,,,,BLUE,5,Different,6,3,,,,,,,5,0,1.6876,1,7,23,15,1,,,,,,,,,,,,,,,,,,,,,,,,,,,,,,,,,,,,,,,,,
,,,,,,,,671c5ad0eb30c87c11b22ec4,2025-01-21_20h10.33.022,VisualArraysMentalRotation_v4,2021.1.4,MacIntel,59.88023952,679054f2072d526265aabff2,67906f845c6b43400d7e1d7e,"[-45,-45,0,90,-45]","[0,90,0,-45,-45]",,Blue_2,"[-45,-45,0,90,-45]","[0,-45,0,-45,-45]",,,,,,,,BLUE,3,Different,6,3,,,,,,,6,1,0.8473,1,8,24,13,1,,,,,,,,,,,,,,,,,,,,,,,,,,,,,,,,,,,,,,,,,
,,,,,,,,671c5ad0eb30c87c11b22ec4,2025-01-21_20h10.33.022,VisualArraysMentalRotation_v4,2021.1.4,MacIntel,59.88023952,679054f2072d526265aabff2,67906f845c6b43400d7e1d7e,"[90,90,0,90,90]","[-45,-45,-45,90,0]",,Red_3,"[90,90,0,90,90]","[-45,-45,-45,90,0]",,,,,,,,RED,3,Same,5,3,,,,,,,5,1,0.9679,1,9,25,1,1,,,,,,,,,,,,,,,,,,,,,,,,,,,,,,,,,,,,,,,,,
,,,,,,,,671c5ad0eb30c87c11b22ec4,2025-01-21_20h10.33.022,VisualArraysMentalRotation_v4,2021.1.4,MacIntel,59.88023952,679054f2072d526265aabff2,67906f845c6b43400d7e1d7e,"[0,-45,-45,0,90]","[0,45,0,-45,45]",,Red_5,"[0,-45,-45,0,90]","[0,45,0,-45,45]",,,,,,,,RED,5,Same,5,1,,,,,,,5,1,1.0866,1,10,26,2,1,,,,,,,,,,,,,,,,,,,,,,,,,,,,,,,,,,,,,,,,,
,,,,,,,,671c5ad0eb30c87c11b22ec4,2025-01-21_20h10.33.022,VisualArraysMentalRotation_v4,2021.1.4,MacIntel,59.88023952,679054f2072d526265aabff2,67906f845c6b43400d7e1d7e,"[90,45,-45,-45,0]","[45,90,90,0,0]",,Blue_1,"[90,45,-45,-45,0]","[45,90,90,0,0]",,,,,,,,BLUE,3,Same,5,3,,,,,,,5,1,1.0509,1,11,27,9,1,,,,,,,,,,,,,,,,,,,,,,,,,,,,,,,,,,,,,,,,,
,,,,,,,,671c5ad0eb30c87c11b22ec4,2025-01-21_20h10.33.022,VisualArraysMentalRotation_v4,2021.1.4,MacIntel,59.88023952,679054f2072d526265aabff2,67906f845c6b43400d7e1d7e,"[-45,0,45,45,90]","[90,90,45,45,45]",,Blue_1,"[-45,0,45,45,90]","[0,90,45,45,45]",,,,,,,,BLUE,3,Different,6,1,,,,,,,6,1,1.75,1,12,28,12,1,,,,,,,,,,,,,,,,,,,,,,,,,,,,,,,,,,,,,,,,,
,,,,,,,,671c5ad0eb30c87c11b22ec4,2025-01-21_20h10.33.022,VisualArraysMentalRotation_v4,2021.1.4,MacIntel,59.88023952,679054f2072d526265aabff2,67906f845c6b43400d7e1d7e,"[45,45,90,45,-45]","[-45,-45,-45,0,90]",,Blue_5,"[45,45,90,45,-45]","[-45,-45,-45,0,90]",,,,,,,,BLUE,5,Same,5,3,,,,,,,5,1,1.1645,1,13,29,11,1,,,,,,,,,,,,,,,,,,,,,,,,,,,,,,,,,,,,,,,,,
,,,,,,,,671c5ad0eb30c87c11b22ec4,2025-01-21_20h10.33.022,VisualArraysMentalRotation_v4,2021.1.4,MacIntel,59.88023952,679054f2072d526265aabff2,67906f845c6b43400d7e1d7e,"[90,45,45,-45,90]","[0,-45,0,90,45]",,Red_2,"[90,45,45,-45,90]","[0,-45,0,90,45]",,,,,,,,RED,3,Same,5,1,,,,,,,5,1,1.2149,1,14,30,0,1,,,,,,,,,,,,,,,,,,,,,,,,,,,,,,,,,,,,,,,,,
,,,,,,,,671c5ad0eb30c87c11b22ec4,2025-01-21_20h10.33.022,VisualArraysMentalRotation_v4,2021.1.4,MacIntel,59.88023952,679054f2072d526265aabff2,67906f845c6b43400d7e1d7e,"[90,-45,45,0,90]","[90,45,-45,0,0]",,Red_3,"[90,-45,0,0,90]","[90,45,-45,0,0]",,,,,,,,RED,3,Different,6,3,,,,,,,6,1,0.8475,1,15,31,5,1,,,,,,,,,,,,,,,,,,,,,,,,,,,,,,,,,,,,,,,,,
,,,,,,,,671c5ad0eb30c87c11b22ec4,2025-01-21_20h10.33.022,VisualArraysMentalRotation_v4,2021.1.4,MacIntel,59.88023952,679054f2072d526265aabff2,67906f845c6b43400d7e1d7e,"[0,45,0,45,90]","[45,0,0,90,90]",,Blue_3,"[0,45,0,45,90]","[45,0,90,90,90]",,,,,,,,BLUE,3,Different,6,3,,,,,,,6,1,1.5221,2,0,32,13,1,,,,,,,,,,,,,,,,,,,,,,,,,,,,,,,,,,,,,,,,,
,,,,,,,,671c5ad0eb30c87c11b22ec4,2025-01-21_20h10.33.022,VisualArraysMentalRotation_v4,2021.1.4,MacIntel,59.88023952,679054f2072d526265aabff2,67906f845c6b43400d7e1d7e,"[90,0,-45,90,45]","[-45,-45,0,45,90]",,Red_3,"[90,0,-45,90,45]","[-45,-45,0,45,90]",,,,,,,,RED,3,Same,5,3,,,,,,,6,0,2.9568,2,1,33,1,1,,,,,,,,,,,,,,,,,,,,,,,,,,,,,,,,,,,,,,,,,
,,,,,,,,671c5ad0eb30c87c11b22ec4,2025-01-21_20h10.33.022,VisualArraysMentalRotation_v4,2021.1.4,MacIntel,59.88023952,679054f2072d526265aabff2,67906f845c6b43400d7e1d7e,"[90,90,45,45,0]","[0,45,0,-45,45]",,Blue_2,"[90,90,45,45,0]","[0,0,0,-45,45]",,,,,,,,BLUE,3,Different,6,1,,,,,,,6,1,1.2849,2,2,34,12,1,,,,,,,,,,,,,,,,,,,,,,,,,,,,,,,,,,,,,,,,,
,,,,,,,,671c5ad0eb30c87c11b22ec4,2025-01-21_20h10.33.022,VisualArraysMentalRotation_v4,2021.1.4,MacIntel,59.88023952,679054f2072d526265aabff2,67906f845c6b43400d7e1d7e,"[-45,45,90,90,90]","[45,-45,0,45,90]",,Red_2,"[-45,45,90,90,90]","[45,-45,0,45,90]",,,,,,,,RED,5,Same,5,1,,,,,,,5,1,1.1974,2,3,35,2,1,,,,,,,,,,,,,,,,,,,,,,,,,,,,,,,,,,,,,,,,,
,,,,,,,,671c5ad0eb30c87c11b22ec4,2025-01-21_20h10.33.022,VisualArraysMentalRotation_v4,2021.1.4,MacIntel,59.88023952,679054f2072d526265aabff2,67906f845c6b43400d7e1d7e,"[-45,45,45,-45,-45]","[90,0,-45,0,-45]",,Red_1,"[90,45,45,-45,-45]","[90,0,-45,0,-45]",,,,,,,,RED,3,Different,6,1,,,,,,,6,1,1.7236,2,4,36,4,1,,,,,,,,,,,,,,,,,,,,,,,,,,,,,,,,,,,,,,,,,
,,,,,,,,671c5ad0eb30c87c11b22ec4,2025-01-21_20h10.33.022,VisualArraysMentalRotation_v4,2021.1.4,MacIntel,59.88023952,679054f2072d526265aabff2,67906f845c6b43400d7e1d7e,"[0,0,0,-45,-45]","[-45,0,90,-45,-45]",,Blue_3,"[0,0,0,-45,-45]","[-45,0,-45,-45,-45]",,,,,,,,BLUE,5,Different,6,3,,,,,,,6,1,0.9812,2,5,37,15,1,,,,,,,,,,,,,,,,,,,,,,,,,,,,,,,,,,,,,,,,,
,,,,,,,,671c5ad0eb30c87c11b22ec4,2025-01-21_20h10.33.022,VisualArraysMentalRotation_v4,2021.1.4,MacIntel,59.88023952,679054f2072d526265aabff2,67906f845c6b43400d7e1d7e,"[45,0,45,45,90]","[-45,-45,45,90,45]",,Red_1,"[45,0,45,45,90]","[-45,-45,45,90,45]",,,,,,,,RED,3,Same,5,1,,,,,,,5,1,1.1005,2,6,38,0,1,,,,,,,,,,,,,,,,,,,,,,,,,,,,,,,,,,,,,,,,,
,,,,,,,,671c5ad0eb30c87c11b22ec4,2025-01-21_20h10.33.022,VisualArraysMentalRotation_v4,2021.1.4,MacIntel,59.88023952,679054f2072d526265aabff2,67906f845c6b43400d7e1d7e,"[0,90,-45,0,90]","[-45,-45,45,90,0]",,Blue_4,"[0,90,-45,0,90]","[-45,-45,45,0,0]",,,,,,,,BLUE,5,Different,6,1,,,,,,,6,1,1.0481,2,7,39,14,1,,,,,,,,,,,,,,,,,,,,,,,,,,,,,,,,,,,,,,,,,
,,,,,,,,671c5ad0eb30c87c11b22ec4,2025-01-21_20h10.33.022,VisualArraysMentalRotation_v4,2021.1.4,MacIntel,59.88023952,679054f2072d526265aabff2,67906f845c6b43400d7e1d7e,"[90,45,45,90,-45]","[90,0,-45,-45,45]",,Blue_5,"[90,45,45,90,-45]","[90,0,-45,-45,45]",,,,,,,,BLUE,5,Same,5,1,,,,,,,6,0,2.2791,2,8,40,10,1,,,,,,,,,,,,,,,,,,,,,,,,,,,,,,,,,,,,,,,,,
,,,,,,,,671c5ad0eb30c87c11b22ec4,2025-01-21_20h10.33.022,VisualArraysMentalRotation_v4,2021.1.4,MacIntel,59.88023952,679054f2072d526265aabff2,67906f845c6b43400d7e1d7e,"[0,90,45,-45,-45]","[0,90,45,45,90]",,Blue_1,"[0,90,45,-45,-45]","[0,90,45,45,90]",,,,,,,,BLUE,5,Same,5,3,,,,,,,5,1,1.6124,2,9,41,11,1,,,,,,,,,,,,,,,,,,,,,,,,,,,,,,,,,,,,,,,,,
,,,,,,,,671c5ad0eb30c87c11b22ec4,2025-01-21_20h10.33.022,VisualArraysMentalRotation_v4,2021.1.4,MacIntel,59.88023952,679054f2072d526265aabff2,67906f845c6b43400d7e1d7e,"[45,90,-45,-45,90]","[45,-45,-45,90,0]",,Blue_2,"[45,90,-45,-45,90]","[45,-45,-45,90,0]",,,,,,,,BLUE,3,Same,5,3,,,,,,,5,1,1.629,2,10,42,9,1,,,,,,,,,,,,,,,,,,,,,,,,,,,,,,,,,,,,,,,,,
,,,,,,,,671c5ad0eb30c87c11b22ec4,2025-01-21_20h10.33.022,VisualArraysMentalRotation_v4,2021.1.4,MacIntel,59.88023952,679054f2072d526265aabff2,67906f845c6b43400d7e1d7e,"[0,0,45,90,45]","[90,-45,0,45,45]",,Red_3,"[0,0,0,90,45]","[90,-45,0,45,45]",,,,,,,,RED,5,Different,6,1,,,,,,,6,1,1.2334,2,11,43,6,1,,,,,,,,,,,,,,,,,,,,,,,,,,,,,,,,,,,,,,,,,
,,,,,,,,671c5ad0eb30c87c11b22ec4,2025-01-21_20h10.33.022,VisualArraysMentalRotation_v4,2021.1.4,MacIntel,59.88023952,679054f2072d526265aabff2,67906f845c6b43400d7e1d7e,"[-45,90,0,90,0]","[0,0,0,-45,90]",,Red_2,"[-45,0,0,90,0]","[0,0,0,-45,90]",,,,,,,,RED,3,Different,6,3,,,,,,,6,1,1.5066,2,12,44,5,1,,,,,,,,,,,,,,,,,,,,,,,,,,,,,,,,,,,,,,,,,
,,,,,,,,671c5ad0eb30c87c11b22ec4,2025-01-21_20h10.33.022,VisualArraysMentalRotation_v4,2021.1.4,MacIntel,59.88023952,679054f2072d526265aabff2,67906f845c6b43400d7e1d7e,"[0,0,0,0,45]","[90,45,-45,-45,0]",,Red_3,"[0,0,0,0,45]","[90,45,-45,-45,0]",,,,,,,,RED,5,Same,5,3,,,,,,,5,1,1.0852,2,13,45,3,1,,,,,,,,,,,,,,,,,,,,,,,,,,,,,,,,,,,,,,,,,
,,,,,,,,671c5ad0eb30c87c11b22ec4,2025-01-21_20h10.33.022,VisualArraysMentalRotation_v4,2021.1.4,MacIntel,59.88023952,679054f2072d526265aabff2,67906f845c6b43400d7e1d7e,"[90,-45,90,0,0]","[90,0,45,90,90]",,Blue_1,"[90,-45,90,0,0]","[90,0,45,90,90]",,,,,,,,BLUE,3,Same,5,1,,,,,,,5,1,1.8907,2,14,46,8,1,,,,,,,,,,,,,,,,,,,,,,,,,,,,,,,,,,,,,,,,,
,,,,,,,,671c5ad0eb30c87c11b22ec4,2025-01-21_20h10.33.022,VisualArraysMentalRotation_v4,2021.1.4,MacIntel,59.88023952,679054f2072d526265aabff2,67906f845c6b43400d7e1d7e,"[90,0,45,45,0]","[-45,0,45,0,-45]",,Red_1,"[-45,0,45,45,0]","[-45,0,45,0,-45]",,,,,,,,RED,5,Different,6,3,,,,,,,6,1,0.9007,2,15,47,7,1,,,,,,,,,,,,,,,,,,,,,,,,,,,,,,,,,,,,,,,,,
,,,,,,,,671c5ad0eb30c87c11b22ec4,2025-01-21_20h10.33.022,VisualArraysMentalRotation_v4,2021.1.4,MacIntel,59.88023952,679054f2072d526265aabff2,67906f845c6b43400d7e1d7e,"[0,0,-45,-45,90]","[45,0,90,45,0]",,Red_2,"[0,0,-45,-45,90]","[45,0,90,45,0]",,,,,,,,RED,3,Same,5,3,,,,,,,5,1,0.539,3,0,48,1,1,,,,,,,,,,,,,,,,,,,,,,,,,,,,,,,,,,,,,,,,,
,,,,,,,,671c5ad0eb30c87c11b22ec4,2025-01-21_20h10.33.022,VisualArraysMentalRotation_v4,2021.1.4,MacIntel,59.88023952,679054f2072d526265aabff2,67906f845c6b43400d7e1d7e,"[90,90,90,45,90]","[45,0,45,-45,-45]",,Blue_4,"[90,90,90,45,90]","[45,0,45,-45,-45]",,,,,,,,BLUE,5,Same,5,3,,,,,,,6,0,2.0189,3,1,49,11,1,,,,,,,,,,,,,,,,,,,,,,,,,,,,,,,,,,,,,,,,,
,,,,,,,,671c5ad0eb30c87c11b22ec4,2025-01-21_20h10.33.022,VisualArraysMentalRotation_v4,2021.1.4,MacIntel,59.88023952,679054f2072d526265aabff2,67906f845c6b43400d7e1d7e,"[90,45,-45,-45,45]","[-45,90,0,90,45]",,Blue_1,"[90,45,-45,-45,45]","[45,90,0,90,45]",,,,,,,,BLUE,3,Different,6,1,,,,,,,6,1,1.1167,3,2,50,12,1,,,,,,,,,,,,,,,,,,,,,,,,,,,,,,,,,,,,,,,,,
,,,,,,,,671c5ad0eb30c87c11b22ec4,2025-01-21_20h10.33.022,VisualArraysMentalRotation_v4,2021.1.4,MacIntel,59.88023952,679054f2072d526265aabff2,67906f845c6b43400d7e1d7e,"[90,0,-45,-45,-45]","[-45,-45,90,45,0]",,Red_3,"[90,0,-45,-45,-45]","[-45,-45,90,45,0]",,,,,,,,RED,5,Same,5,3,,,,,,,5,1,1.8124,3,3,51,3,1,,,,,,,,,,,,,,,,,,,,,,,,,,,,,,,,,,,,,,,,,
,,,,,,,,671c5ad0eb30c87c11b22ec4,2025-01-21_20h10.33.022,VisualArraysMentalRotation_v4,2021.1.4,MacIntel,59.88023952,679054f2072d526265aabff2,67906f845c6b43400d7e1d7e,"[-45,90,90,0,45]","[45,-45,45,0,45]",,Red_2,"[-45,45,90,0,45]","[45,-45,45,0,45]",,,,,,,,RED,3,Different,6,3,,,,,,,6,1,0.8227,3,4,52,5,1,,,,,,,,,,,,,,,,,,,,,,,,,,,,,,,,,,,,,,,,,
,,,,,,,,671c5ad0eb30c87c11b22ec4,2025-01-21_20h10.33.022,VisualArraysMentalRotation_v4,2021.1.4,MacIntel,59.88023952,679054f2072d526265aabff2,67906f845c6b43400d7e1d7e,"[0,-45,-45,-45,0]","[-45,45,-45,-45,45]",,Red_4,"[0,-45,-45,0,0]","[-45,45,-45,-45,45]",,,,,,,,RED,5,Different,6,3,,,,,,,6,1,2.5307,3,5,53,7,1,,,,,,,,,,,,,,,,,,,,,,,,,,,,,,,,,,,,,,,,,
,,,,,,,,671c5ad0eb30c87c11b22ec4,2025-01-21_20h10.33.022,VisualArraysMentalRotation_v4,2021.1.4,MacIntel,59.88023952,679054f2072d526265aabff2,67906f845c6b43400d7e1d7e,"[0,0,90,90,-45]","[-45,0,-45,0,90]",,Red_4,"[0,0,90,0,-45]","[-45,0,-45,0,90]",,,,,,,,RED,5,Different,6,1,,,,,,,6,1,2.1396,3,6,54,6,1,,,,,,,,,,,,,,,,,,,,,,,,,,,,,,,,,,,,,,,,,
,,,,,,,,671c5ad0eb30c87c11b22ec4,2025-01-21_20h10.33.022,VisualArraysMentalRotation_v4,2021.1.4,MacIntel,59.88023952,679054f2072d526265aabff2,67906f845c6b43400d7e1d7e,"[45,45,-45,0,-45]","[45,-45,0,0,45]",,Blue_5,"[45,45,-45,0,-45]","[45,-45,0,0,45]",,,,,,,,BLUE,5,Same,5,1,,,,,,,5,1,0.8805,3,7,55,10,1,,,,,,,,,,,,,,,,,,,,,,,,,,,,,,,,,,,,,,,,,
,,,,,,,,671c5ad0eb30c87c11b22ec4,2025-01-21_20h10.33.022,VisualArraysMentalRotation_v4,2021.1.4,MacIntel,59.88023952,679054f2072d526265aabff2,67906f845c6b43400d7e1d7e,"[-45,-45,-45,0,0]","[45,-45,-45,90,0]",,Red_2,"[-45,-45,-45,0,0]","[45,-45,-45,90,0]",,,,,,,,RED,3,Same,5,1,,,,,,,5,1,0.9974,3,8,56,0,1,,,,,,,,,,,,,,,,,,,,,,,,,,,,,,,,,,,,,,,,,
,,,,,,,,671c5ad0eb30c87c11b22ec4,2025-01-21_20h10.33.022,VisualArraysMentalRotation_v4,2021.1.4,MacIntel,59.88023952,679054f2072d526265aabff2,67906f845c6b43400d7e1d7e,"[-45,0,-45,-45,90]","[90,-45,90,90,45]",,Blue_3,"[-45,0,-45,-45,90]","[90,-45,45,90,45]",,,,,,,,BLUE,5,Different,6,3,,,,,,,6,1,1.0299,3,9,57,15,1,,,,,,,,,,,,,,,,,,,,,,,,,,,,,,,,,,,,,,,,,
,,,,,,,,671c5ad0eb30c87c11b22ec4,2025-01-21_20h10.33.022,VisualArraysMentalRotation_v4,2021.1.4,MacIntel,59.88023952,679054f2072d526265aabff2,67906f845c6b43400d7e1d7e,"[90,0,45,0,-45]","[-45,90,45,-45,45]",,Blue_2,"[90,0,45,0,-45]","[-45,0,45,-45,45]",,,,,,,,BLUE,5,Different,6,1,,,,,,,6,1,1.3837,3,10,58,14,1,,,,,,,,,,,,,,,,,,,,,,,,,,,,,,,,,,,,,,,,,
,,,,,,,,671c5ad0eb30c87c11b22ec4,2025-01-21_20h10.33.022,VisualArraysMentalRotation_v4,2021.1.4,MacIntel,59.88023952,679054f2072d526265aabff2,67906f845c6b43400d7e1d7e,"[90,90,0,45,90]","[0,0,45,-45,90]",,Blue_1,"[90,90,0,45,90]","[0,0,45,-45,90]",,,,,,,,BLUE,3,Same,5,1,,,,,,,5,1,0.9621,3,11,59,8,1,,,,,,,,,,,,,,,,,,,,,,,,,,,,,,,,,,,,,,,,,
,,,,,,,,671c5ad0eb30c87c11b22ec4,2025-01-21_20h10.33.022,VisualArraysMentalRotation_v4,2021.1.4,MacIntel,59.88023952,679054f2072d526265aabff2,67906f845c6b43400d7e1d7e,"[0,90,-45,0,-45]","[90,90,90,90,-45]",,Blue_2,"[0,90,-45,0,-45]","[90,90,90,90,-45]",,,,,,,,BLUE,3,Same,5,3,,,,,,,5,1,0.7475,3,12,60,9,1,,,,,,,,,,,,,,,,,,,,,,,,,,,,,,,,,,,,,,,,,
,,,,,,,,671c5ad0eb30c87c11b22ec4,2025-01-21_20h10.33.022,VisualArraysMentalRotation_v4,2021.1.4,MacIntel,59.88023952,679054f2072d526265aabff2,67906f845c6b43400d7e1d7e,"[45,-45,0,-45,45]","[0,45,45,0,-45]",,Blue_2,"[45,-45,0,-45,45]","[0,-45,45,0,-45]",,,,,,,,BLUE,3,Different,6,3,,,,,,,6,1,1.115,3,13,61,13,1,,,,,,,,,,,,,,,,,,,,,,,,,,,,,,,,,,,,,,,,,
,,,,,,,,671c5ad0eb30c87c11b22ec4,2025-01-21_20h10.33.022,VisualArraysMentalRotation_v4,2021.1.4,MacIntel,59.88023952,679054f2072d526265aabff2,67906f845c6b43400d7e1d7e,"[45,0,45,-45,90]","[90,0,0,-45,90]",,Red_3,"[45,0,90,-45,90]","[90,0,0,-45,90]",,,,,,,,RED,3,Different,6,1,,,,,,,6,1,2.3043,3,14,62,4,1,,,,,,,,,,,,,,,,,,,,,,,,,,,,,,,,,,,,,,,,,
,,,,,,,,671c5ad0eb30c87c11b22ec4,2025-01-21_20h10.33.022,VisualArraysMentalRotation_v4,2021.1.4,MacIntel,59.88023952,679054f2072d526265aabff2,67906f845c6b43400d7e1d7e,"[45,-45,45,45,90]","[-45,45,90,-45,0]",,Red_2,"[45,-45,45,45,90]","[-45,45,90,-45,0]",,,,,,,,RED,5,Same,5,1,,,,,,,5,1,1.0639,3,15,63,2,1,,,,,,,,,,,,,,,,,,,,,,,,,,,,,,,,,,,,,,,,,
,,,,,,,,671c5ad0eb30c87c11b22ec4,2025-01-21_20h10.33.022,VisualArraysMentalRotation_v4,2021.1.4,MacIntel,59.88023952,679054f2072d526265aabff2,67906f845c6b43400d7e1d7e,"[-45,-45,45,-45,-45]","[0,0,90,90,45]",,Blue_4,"[-45,-45,45,-45,-45]","[0,0,90,0,45]",,,,,,,,BLUE,5,Different,6,1,,,,,,,6,1,0.835,4,0,64,14,1,,,,,,,,,,,,,,,,,,,,,,,,,,,,,,,,,,,,,,,,,
,,,,,,,,671c5ad0eb30c87c11b22ec4,2025-01-21_20h10.33.022,VisualArraysMentalRotation_v4,2021.1.4,MacIntel,59.88023952,679054f2072d526265aabff2,67906f845c6b43400d7e1d7e,"[-45,90,45,45,90]","[45,-45,-45,90,45]",,Red_1,"[90,90,45,45,90]","[45,-45,-45,90,45]",,,,,,,,RED,3,Different,6,3,,,,,,,6,1,2.3147,4,1,65,5,1,,,,,,,,,,,,,,,,,,,,,,,,,,,,,,,,,,,,,,,,,
,,,,,,,,671c5ad0eb30c87c11b22ec4,2025-01-21_20h10.33.022,VisualArraysMentalRotation_v4,2021.1.4,MacIntel,59.88023952,679054f2072d526265aabff2,67906f845c6b43400d7e1d7e,"[90,45,0,0,0]","[45,0,90,0,45]",,Red_2,"[90,45,0,0,0]","[45,0,90,0,45]",,,,,,,,RED,3,Same,5,1,,,,,,,5,1,0.8859,4,2,66,0,1,,,,,,,,,,,,,,,,,,,,,,,,,,,,,,,,,,,,,,,,,
,,,,,,,,671c5ad0eb30c87c11b22ec4,2025-01-21_20h10.33.022,VisualArraysMentalRotation_v4,2021.1.4,MacIntel,59.88023952,679054f2072d526265aabff2,67906f845c6b43400d7e1d7e,"[90,0,90,90,-45]","[90,45,45,45,-45]",,Red_5,"[90,0,90,90,90]","[90,45,45,45,-45]",,,,,,,,RED,5,Different,6,1,,,,,,,6,1,1.0806,4,3,67,6,1,,,,,,,,,,,,,,,,,,,,,,,,,,,,,,,,,,,,,,,,,
,,,,,,,,671c5ad0eb30c87c11b22ec4,2025-01-21_20h10.33.022,VisualArraysMentalRotation_v4,2021.1.4,MacIntel,59.88023952,679054f2072d526265aabff2,67906f845c6b43400d7e1d7e,"[0,-45,45,45,0]","[-45,-45,90,45,45]",,Blue_3,"[0,-45,45,45,0]","[-45,-45,90,45,45]",,,,,,,,BLUE,3,Same,5,3,,,,,,,5,1,1.0484,4,4,68,9,1,,,,,,,,,,,,,,,,,,,,,,,,,,,,,,,,,,,,,,,,,
,,,,,,,,671c5ad0eb30c87c11b22ec4,2025-01-21_20h10.33.022,VisualArraysMentalRotation_v4,2021.1.4,MacIntel,59.88023952,679054f2072d526265aabff2,67906f845c6b43400d7e1d7e,"[0,0,0,45,90]","[90,-45,90,45,45]",,Red_4,"[0,0,0,45,90]","[90,-45,90,45,45]",,,,,,,,RED,5,Same,5,1,,,,,,,5,1,0.9965,4,5,69,2,1,,,,,,,,,,,,,,,,,,,,,,,,,,,,,,,,,,,,,,,,,
,,,,,,,,671c5ad0eb30c87c11b22ec4,2025-01-21_20h10.33.022,VisualArraysMentalRotation_v4,2021.1.4,MacIntel,59.88023952,679054f2072d526265aabff2,67906f845c6b43400d7e1d7e,"[90,0,-45,0,90]","[90,90,0,90,-45]",,Blue_1,"[90,0,-45,0,90]","[-45,90,0,90,-45]",,,,,,,,BLUE,3,Different,6,1,,,,,,,6,1,0.8725,4,6,70,12,1,,,,,,,,,,,,,,,,,,,,,,,,,,,,,,,,,,,,,,,,,
,,,,,,,,671c5ad0eb30c87c11b22ec4,2025-01-21_20h10.33.022,VisualArraysMentalRotation_v4,2021.1.4,MacIntel,59.88023952,679054f2072d526265aabff2,67906f845c6b43400d7e1d7e,"[90,0,0,90,90]","[45,45,-45,45,0]",,Red_2,"[90,0,0,90,90]","[45,45,-45,45,0]",,,,,,,,RED,5,Same,5,3,,,,,,,6,0,4.7199,4,7,71,3,1,,,,,,,,,,,,,,,,,,,,,,,,,,,,,,,,,,,,,,,,,
,,,,,,,,671c5ad0eb30c87c11b22ec4,2025-01-21_20h10.33.022,VisualArraysMentalRotation_v4,2021.1.4,MacIntel,59.88023952,679054f2072d526265aabff2,67906f845c6b43400d7e1d7e,"[0,90,-45,0,-45]","[90,0,45,45,90]",,Red_1,"[45,90,-45,0,-45]","[90,0,45,45,90]",,,,,,,,RED,5,Different,6,3,,,,,,,6,1,2.0015,4,8,72,7,1,,,,,,,,,,,,,,,,,,,,,,,,,,,,,,,,,,,,,,,,,
,,,,,,,,671c5ad0eb30c87c11b22ec4,2025-01-21_20h10.33.022,VisualArraysMentalRotation_v4,2021.1.4,MacIntel,59.88023952,679054f2072d526265aabff2,67906f845c6b43400d7e1d7e,"[45,-45,90,45,90]","[45,0,0,-45,0]",,Blue_5,"[45,-45,90,45,90]","[45,0,0,-45,0]",,,,,,,,BLUE,5,Same,5,1,,,,,,,5,1,1.9883,4,9,73,10,1,,,,,,,,,,,,,,,,,,,,,,,,,,,,,,,,,,,,,,,,,
,,,,,,,,671c5ad0eb30c87c11b22ec4,2025-01-21_20h10.33.022,VisualArraysMentalRotation_v4,2021.1.4,MacIntel,59.88023952,679054f2072d526265aabff2,67906f845c6b43400d7e1d7e,"[90,-45,90,0,45]","[0,45,90,90,-45]",,Red_1,"[90,-45,90,0,45]","[0,45,90,90,-45]",,,,,,,,RED,3,Same,5,3,,,,,,,5,1,1.2849,4,10,74,1,1,,,,,,,,,,,,,,,,,,,,,,,,,,,,,,,,,,,,,,,,,
,,,,,,,,671c5ad0eb30c87c11b22ec4,2025-01-21_20h10.33.022,VisualArraysMentalRotation_v4,2021.1.4,MacIntel,59.88023952,679054f2072d526265aabff2,67906f845c6b43400d7e1d7e,"[45,45,0,-45,-45]","[0,0,0,-45,0]",,Blue_1,"[45,45,0,-45,-45]","[0,0,0,-45,0]",,,,,,,,BLUE,5,Same,5,3,,,,,,,5,1,1.1864,4,11,75,11,1,,,,,,,,,,,,,,,,,,,,,,,,,,,,,,,,,,,,,,,,,
,,,,,,,,671c5ad0eb30c87c11b22ec4,2025-01-21_20h10.33.022,VisualArraysMentalRotation_v4,2021.1.4,MacIntel,59.88023952,679054f2072d526265aabff2,67906f845c6b43400d7e1d7e,"[45,0,0,90,90]","[0,-45,0,0,0]",,Blue_1,"[45,0,0,90,90]","[0,-45,0,0,0]",,,,,,,,BLUE,3,Same,5,1,,,,,,,5,1,0.8896,4,12,76,8,1,,,,,,,,,,,,,,,,,,,,,,,,,,,,,,,,,,,,,,,,,
,,,,,,,,671c5ad0eb30c87c11b22ec4,2025-01-21_20h10.33.022,VisualArraysMentalRotation_v4,2021.1.4,MacIntel,59.88023952,679054f2072d526265aabff2,67906f845c6b43400d7e1d7e,"[0,45,0,45,45]","[45,90,90,45,0]",,Blue_2,"[0,45,0,45,45]","[45,0,90,45,0]",,,,,,,,BLUE,3,Different,6,3,,,,,,,6,1,0.967,4,13,77,13,1,,,,,,,,,,,,,,,,,,,,,,,,,,,,,,,,,,,,,,,,,
,,,,,,,,671c5ad0eb30c87c11b22ec4,2025-01-21_20h10.33.022,VisualArraysMentalRotation_v4,2021.1.4,MacIntel,59.88023952,679054f2072d526265aabff2,67906f845c6b43400d7e1d7e,"[0,0,0,90,45]","[90,-45,-45,90,-45]",,Red_3,"[0,0,90,90,45]","[90,-45,-45,90,-45]",,,,,,,,RED,3,Different,6,1,,,,,,,6,1,0.8531,4,14,78,4,1,,,,,,,,,,,,,,,,,,,,,,,,,,,,,,,,,,,,,,,,,
,,,,,,,,671c5ad0eb30c87c11b22ec4,2025-01-21_20h10.33.022,VisualArraysMentalRotation_v4,2021.1.4,MacIntel,59.88023952,679054f2072d526265aabff2,67906f845c6b43400d7e1d7e,"[90,0,45,-45,0]","[45,-45,90,0,90]",,Blue_3,"[90,0,45,-45,0]","[45,-45,-45,0,90]",,,,,,,,BLUE,5,Different,6,3,,,,,,,6,1,1.0808,4,15,79,15,1,,,,,,,,,,,,,,,,,,,,,,,,,,,,,,,,,,,,,,,,,
,,,,,,,,671c5ad0eb30c87c11b22ec4,2025-01-21_20h10.33.022,VisualArraysMentalRotation_v4,2021.1.4,MacIntel,59.88023952,679054f2072d526265aabff2,67906f845c6b43400d7e1d7e,"[-45,45,90,-45,45]","[-45,0,90,90,90]",,Red_3,"[-45,45,45,-45,45]","[-45,0,90,90,90]",,,,,,,,RED,5,Different,6,3,,,,,,,5,0,1.7793,5,0,80,7,1,,,,,,,,,,,,,,,,,,,,,,,,,,,,,,,,,,,,,,,,,
,,,,,,,,671c5ad0eb30c87c11b22ec4,2025-01-21_20h10.33.022,VisualArraysMentalRotation_v4,2021.1.4,MacIntel,59.88023952,679054f2072d526265aabff2,67906f845c6b43400d7e1d7e,"[90,0,0,0,0]","[-45,0,-45,45,45]",,Blue_3,"[90,0,0,0,0]","[-45,0,0,45,45]",,,,,,,,BLUE,3,Different,6,3,,,,,,,6,1,2.3071,5,1,81,13,1,,,,,,,,,,,,,,,,,,,,,,,,,,,,,,,,,,,,,,,,,
,,,,,,,,671c5ad0eb30c87c11b22ec4,2025-01-21_20h10.33.022,VisualArraysMentalRotation_v4,2021.1.4,MacIntel,59.88023952,679054f2072d526265aabff2,67906f845c6b43400d7e1d7e,"[-45,0,-45,-45,0]","[0,-45,90,45,90]",,Red_2,"[-45,-45,-45,-45,0]","[0,-45,90,45,90]",,,,,,,,RED,3,Different,6,1,,,,,,,6,1,1.136,5,2,82,4,1,,,,,,,,,,,,,,,,,,,,,,,,,,,,,,,,,,,,,,,,,
,,,,,,,,671c5ad0eb30c87c11b22ec4,2025-01-21_20h10.33.022,VisualArraysMentalRotation_v4,2021.1.4,MacIntel,59.88023952,679054f2072d526265aabff2,67906f845c6b43400d7e1d7e,"[45,90,90,-45,0]","[-45,90,45,0,-45]",,Red_1,"[45,90,90,-45,0]","[-45,90,45,0,-45]",,,,,,,,RED,3,Same,5,1,,,,,,,5,1,1.0069,5,3,83,0,1,,,,,,,,,,,,,,,,,,,,,,,,,,,,,,,,,,,,,,,,,
,,,,,,,,671c5ad0eb30c87c11b22ec4,2025-01-21_20h10.33.022,VisualArraysMentalRotation_v4,2021.1.4,MacIntel,59.88023952,679054f2072d526265aabff2,67906f845c6b43400d7e1d7e,"[90,0,0,-45,90]","[45,45,45,0,-45]",,Blue_4,"[90,0,0,-45,90]","[45,45,45,0,-45]",,,,,,,,BLUE,5,Same,5,1,,,,,,,6,0,0.9559,5,4,84,10,1,,,,,,,,,,,,,,,,,,,,,,,,,,,,,,,,,,,,,,,,,
,,,,,,,,671c5ad0eb30c87c11b22ec4,2025-01-21_20h10.33.022,VisualArraysMentalRotation_v4,2021.1.4,MacIntel,59.88023952,679054f2072d526265aabff2,67906f845c6b43400d7e1d7e,"[45,45,-45,45,-45]","[0,-45,90,90,-45]",,Red_3,"[45,45,-45,45,-45]","[0,-45,90,90,-45]",,,,,,,,RED,3,Same,5,3,,,,,,,5,1,0.8882,5,5,85,1,1,,,,,,,,,,,,,,,,,,,,,,,,,,,,,,,,,,,,,,,,,
,,,,,,,,671c5ad0eb30c87c11b22ec4,2025-01-21_20h10.33.022,VisualArraysMentalRotation_v4,2021.1.4,MacIntel,59.88023952,679054f2072d526265aabff2,67906f845c6b43400d7e1d7e,"[0,0,-45,0,90]","[0,45,0,0,0]",,Red_2,"[0,0,-45,0,90]","[0,45,0,0,0]",,,,,,,,RED,5,Same,5,3,,,,,,,5,1,2.0465,5,6,86,3,1,,,,,,,,,,,,,,,,,,,,,,,,,,,,,,,,,,,,,,,,,
,,,,,,,,671c5ad0eb30c87c11b22ec4,2025-01-21_20h10.33.022,VisualArraysMentalRotation_v4,2021.1.4,MacIntel,59.88023952,679054f2072d526265aabff2,67906f845c6b43400d7e1d7e,"[45,-45,90,90,45]","[0,45,45,45,0]",,Blue_4,"[45,-45,90,90,45]","[0,45,45,45,0]",,,,,,,,BLUE,5,Same,5,3,,,,,,,5,1,2.1969,5,7,87,11,1,,,,,,,,,,,,,,,,,,,,,,,,,,,,,,,,,,,,,,,,,
,,,,,,,,671c5ad0eb30c87c11b22ec4,2025-01-21_20h10.33.022,VisualArraysMentalRotation_v4,2021.1.4,MacIntel,59.88023952,679054f2072d526265aabff2,67906f845c6b43400d7e1d7e,"[0,45,-45,90,45]","[0,90,0,45,90]",,Blue_3,"[0,45,-45,90,45]","[0,90,0,45,90]",,,,,,,,BLUE,3,Same,5,1,,,,,,,5,1,2.7296,5,8,88,8,1,,,,,,,,,,,,,,,,,,,,,,,,,,,,,,,,,,,,,,,,,
,,,,,,,,671c5ad0eb30c87c11b22ec4,2025-01-21_20h10.33.022,VisualArraysMentalRotation_v4,2021.1.4,MacIntel,59.88023952,679054f2072d526265aabff2,67906f845c6b43400d7e1d7e,"[90,0,45,90,-45]","[45,0,90,0,0]",,Blue_4,"[90,0,45,90,-45]","[45,0,90,90,0]",,,,,,,,BLUE,5,Different,6,1,,,,,,,6,1,2.0486,5,9,89,14,1,,,,,,,,,,,,,,,,,,,,,,,,,,,,,,,,,,,,,,,,,
,,,,,,,,671c5ad0eb30c87c11b22ec4,2025-01-21_20h10.33.022,VisualArraysMentalRotation_v4,2021.1.4,MacIntel,59.88023952,679054f2072d526265aabff2,67906f845c6b43400d7e1d7e,"[45,90,0,-45,45]","[0,45,-45,-45,-45]",,Red_1,"[0,90,0,-45,45]","[0,45,-45,-45,-45]",,,,,,,,RED,3,Different,6,3,,,,,,,5,0,4.1819,5,10,90,5,1,,,,,,,,,,,,,,,,,,,,,,,,,,,,,,,,,,,,,,,,,
,,,,,,,,671c5ad0eb30c87c11b22ec4,2025-01-21_20h10.33.022,VisualArraysMentalRotation_v4,2021.1.4,MacIntel,59.88023952,679054f2072d526265aabff2,67906f845c6b43400d7e1d7e,"[-45,-45,-45,-45,90]","[0,90,45,90,90]",,Red_1,"[90,-45,-45,-45,90]","[0,90,45,90,90]",,,,,,,,RED,5,Different,6,1,,,,,,,5,0,2.1955,5,11,91,6,1,,,,,,,,,,,,,,,,,,,,,,,,,,,,,,,,,,,,,,,,,
,,,,,,,,671c5ad0eb30c87c11b22ec4,2025-01-21_20h10.33.022,VisualArraysMentalRotation_v4,2021.1.4,MacIntel,59.88023952,679054f2072d526265aabff2,67906f845c6b43400d7e1d7e,"[90,-45,45,45,-45]","[-45,45,0,45,-45]",,Blue_3,"[90,-45,45,45,-45]","[-45,45,45,45,-45]",,,,,,,,BLUE,3,Different,6,1,,,,,,,6,1,0.8699,5,12,92,12,1,,,,,,,,,,,,,,,,,,,,,,,,,,,,,,,,,,,,,,,,,
,,,,,,,,671c5ad0eb30c87c11b22ec4,2025-01-21_20h10.33.022,VisualArraysMentalRotation_v4,2021.1.4,MacIntel,59.88023952,679054f2072d526265aabff2,67906f845c6b43400d7e1d7e,"[0,90,45,90,-45]","[-45,-45,45,0,45]",,Red_2,"[0,90,45,90,-45]","[-45,-45,45,0,45]",,,,,,,,RED,5,Same,5,1,,,,,,,5,1,1.3956,5,13,93,2,1,,,,,,,,,,,,,,,,,,,,,,,,,,,,,,,,,,,,,,,,,
,,,,,,,,671c5ad0eb30c87c11b22ec4,2025-01-21_20h10.33.022,VisualArraysMentalRotation_v4,2021.1.4,MacIntel,59.88023952,679054f2072d526265aabff2,67906f845c6b43400d7e1d7e,"[45,-45,90,45,45]","[45,0,-45,90,45]",,Blue_1,"[45,-45,90,45,45]","[-45,0,-45,90,45]",,,,,,,,BLUE,5,Different,6,3,,,,,,,5,0,0.9994,5,14,94,15,1,,,,,,,,,,,,,,,,,,,,,,,,,,,,,,,,,,,,,,,,,
,,,,,,,,671c5ad0eb30c87c11b22ec4,2025-01-21_20h10.33.022,VisualArraysMentalRotation_v4,2021.1.4,MacIntel,59.88023952,679054f2072d526265aabff2,67906f845c6b43400d7e1d7e,"[90,0,0,0,-45]","[0,-45,0,45,0]",,Blue_2,"[90,0,0,0,-45]","[0,-45,0,45,0]",,,,,,,,BLUE,3,Same,5,3,,,,,,,5,1,1.633,5,15,95,9,1,,,,,,,,,,,,,,,,,,,,,,,,,,,,,,,,,,,,,,,,,
,,,,,,,,671c5ad0eb30c87c11b22ec4,2025-01-21_20h10.33.022,VisualArraysMentalRotation_v4,2021.1.4,MacIntel,59.88023952,679054f2072d526265aabff2,67906f845c6b43400d7e1d7e,"[45,-45,0,-45,90]","[-45,45,90,90,90]",,Red_3,"[45,-45,45,-45,90]","[-45,45,90,90,90]",,,,,,,,RED,5,Different,6,1,,,,,,,6,1,1.0974,6,0,96,6,1,,,,,,,,,,,,,,,,,,,,,,,,,,,,,,,,,,,,,,,,,
,,,,,,,,671c5ad0eb30c87c11b22ec4,2025-01-21_20h10.33.022,VisualArraysMentalRotation_v4,2021.1.4,MacIntel,59.88023952,679054f2072d526265aabff2,67906f845c6b43400d7e1d7e,"[0,45,0,0,-45]","[0,90,90,0,45]",,Red_1,"[0,45,0,0,-45]","[0,90,90,0,45]",,,,,,,,RED,3,Same,5,1,,,,,,,5,1,1.0806,6,1,97,0,1,,,,,,,,,,,,,,,,,,,,,,,,,,,,,,,,,,,,,,,,,
,,,,,,,,671c5ad0eb30c87c11b22ec4,2025-01-21_20h10.33.022,VisualArraysMentalRotation_v4,2021.1.4,MacIntel,59.88023952,679054f2072d526265aabff2,67906f845c6b43400d7e1d7e,"[0,-45,-45,0,-45]","[-45,45,45,-45,45]",,Red_1,"[0,-45,-45,0,-45]","[-45,45,45,-45,45]",,,,,,,,RED,5,Same,5,3,,,,,,,5,1,1.9493,6,2,98,3,1,,,,,,,,,,,,,,,,,,,,,,,,,,,,,,,,,,,,,,,,,
,,,,,,,,671c5ad0eb30c87c11b22ec4,2025-01-21_20h10.33.022,VisualArraysMentalRotation_v4,2021.1.4,MacIntel,59.88023952,679054f2072d526265aabff2,67906f845c6b43400d7e1d7e,"[0,45,0,0,45]","[0,0,45,0,-45]",,Blue_1,"[0,45,0,0,45]","[0,0,45,0,-45]",,,,,,,,BLUE,3,Same,5,1,,,,,,,5,1,1.2964,6,3,99,8,1,,,,,,,,,,,,,,,,,,,,,,,,,,,,,,,,,,,,,,,,,
,,,,,,,,671c5ad0eb30c87c11b22ec4,2025-01-21_20h10.33.022,VisualArraysMentalRotation_v4,2021.1.4,MacIntel,59.88023952,679054f2072d526265aabff2,67906f845c6b43400d7e1d7e,"[45,-45,45,0,45]","[45,90,0,0,90]",,Blue_3,"[45,-45,45,0,45]","[45,90,0,0,90]",,,,,,,,BLUE,5,Same,5,1,,,,,,,5,1,1.6304,6,4,100,10,1,,,,,,,,,,,,,,,,,,,,,,,,,,,,,,,,,,,,,,,,,
,,,,,,,,671c5ad0eb30c87c11b22ec4,2025-01-21_20h10.33.022,VisualArraysMentalRotation_v4,2021.1.4,MacIntel,59.88023952,679054f2072d526265aabff2,67906f845c6b43400d7e1d7e,"[45,-45,90,90,0]","[90,90,90,0,-45]",,Blue_3,"[45,-45,90,90,0]","[90,90,45,0,-45]",,,,,,,,BLUE,3,Different,6,3,,,,,,,6,1,0.9297,6,5,101,13,1,,,,,,,,,,,,,,,,,,,,,,,,,,,,,,,,,,,,,,,,,
,,,,,,,,671c5ad0eb30c87c11b22ec4,2025-01-21_20h10.33.022,VisualArraysMentalRotation_v4,2021.1.4,MacIntel,59.88023952,679054f2072d526265aabff2,67906f845c6b43400d7e1d7e,"[90,90,90,-45,-45]","[45,90,0,45,45]",,Red_4,"[90,90,90,-45,-45]","[45,90,0,45,45]",,,,,,,,RED,5,Same,5,1,,,,,,,5,1,1.3871,6,6,102,2,1,,,,,,,,,,,,,,,,,,,,,,,,,,,,,,,,,,,,,,,,,
,,,,,,,,671c5ad0eb30c87c11b22ec4,2025-01-21_20h10.33.022,VisualArraysMentalRotation_v4,2021.1.4,MacIntel,59.88023952,679054f2072d526265aabff2,67906f845c6b43400d7e1d7e,"[90,90,90,45,0]","[-45,90,90,0,0]",,Blue_1,"[90,90,90,45,0]","[-45,90,90,0,0]",,,,,,,,BLUE,3,Same,5,3,,,,,,,5,1,0.8492,6,7,103,9,1,,,,,,,,,,,,,,,,,,,,,,,,,,,,,,,,,,,,,,,,,
,,,,,,,,671c5ad0eb30c87c11b22ec4,2025-01-21_20h10.33.022,VisualArraysMentalRotation_v4,2021.1.4,MacIntel,59.88023952,679054f2072d526265aabff2,67906f845c6b43400d7e1d7e,"[45,45,0,90,0]","[90,90,45,0,0]",,Red_2,"[45,90,0,90,0]","[90,90,45,0,0]",,,,,,,,RED,3,Different,6,1,,,,,,,6,1,1.9668,6,8,104,4,1,,,,,,,,,,,,,,,,,,,,,,,,,,,,,,,,,,,,,,,,,
,,,,,,,,671c5ad0eb30c87c11b22ec4,2025-01-21_20h10.33.022,VisualArraysMentalRotation_v4,2021.1.4,MacIntel,59.88023952,679054f2072d526265aabff2,67906f845c6b43400d7e1d7e,"[45,-45,90,-45,45]","[-45,-45,-45,90,0]",,Blue_5,"[45,-45,90,-45,45]","[-45,-45,-45,90,-45]",,,,,,,,BLUE,5,Different,6,1,,,,,,,5,0,1.6174,6,9,105,14,1,,,,,,,,,,,,,,,,,,,,,,,,,,,,,,,,,,,,,,,,,
,,,,,,,,671c5ad0eb30c87c11b22ec4,2025-01-21_20h10.33.022,VisualArraysMentalRotation_v4,2021.1.4,MacIntel,59.88023952,679054f2072d526265aabff2,67906f845c6b43400d7e1d7e,"[45,-45,-45,90,45]","[0,45,0,-45,90]",,Red_5,"[45,-45,-45,90,0]","[0,45,0,-45,90]",,,,,,,,RED,5,Different,6,3,,,,,,,6,1,2.0348,6,10,106,7,1,,,,,,,,,,,,,,,,,,,,,,,,,,,,,,,,,,,,,,,,,
,,,,,,,,671c5ad0eb30c87c11b22ec4,2025-01-21_20h10.33.022,VisualArraysMentalRotation_v4,2021.1.4,MacIntel,59.88023952,679054f2072d526265aabff2,67906f845c6b43400d7e1d7e,"[-45,-45,0,90,45]","[-45,90,90,45,-45]",,Red_1,"[-45,-45,0,90,45]","[-45,90,90,45,-45]",,,,,,,,RED,3,Same,5,3,,,,,,,5,1,1.1211,6,11,107,1,1,,,,,,,,,,,,,,,,,,,,,,,,,,,,,,,,,,,,,,,,,
,,,,,,,,671c5ad0eb30c87c11b22ec4,2025-01-21_20h10.33.022,VisualArraysMentalRotation_v4,2021.1.4,MacIntel,59.88023952,679054f2072d526265aabff2,67906f845c6b43400d7e1d7e,"[0,0,45,0,0]","[0,-45,45,0,90]",,Blue_4,"[0,0,45,0,0]","[0,-45,45,0,90]",,,,,,,,BLUE,5,Same,5,3,,,,,,,5,1,2.1714,6,12,108,11,1,,,,,,,,,,,,,,,,,,,,,,,,,,,,,,,,,,,,,,,,,
,,,,,,,,671c5ad0eb30c87c11b22ec4,2025-01-21_20h10.33.022,VisualArraysMentalRotation_v4,2021.1.4,MacIntel,59.88023952,679054f2072d526265aabff2,67906f845c6b43400d7e1d7e,"[45,0,0,45,0]","[45,90,-45,90,-45]",,Blue_2,"[45,0,0,45,0]","[45,0,-45,90,-45]",,,,,,,,BLUE,3,Different,6,1,,,,,,,5,0,1.7483,6,13,109,12,1,,,,,,,,,,,,,,,,,,,,,,,,,,,,,,,,,,,,,,,,,
,,,,,,,,671c5ad0eb30c87c11b22ec4,2025-01-21_20h10.33.022,VisualArraysMentalRotation_v4,2021.1.4,MacIntel,59.88023952,679054f2072d526265aabff2,67906f845c6b43400d7e1d7e,"[0,-45,0,45,0]","[90,90,90,45,-45]",,Blue_4,"[0,-45,0,45,0]","[90,90,90,-45,-45]",,,,,,,,BLUE,5,Different,6,3,,,,,,,5,0,3.5222,6,14,110,15,1,,,,,,,,,,,,,,,,,,,,,,,,,,,,,,,,,,,,,,,,,
,,,,,,,,671c5ad0eb30c87c11b22ec4,2025-01-21_20h10.33.022,VisualArraysMentalRotation_v4,2021.1.4,MacIntel,59.88023952,679054f2072d526265aabff2,67906f845c6b43400d7e1d7e,"[-45,45,90,90,45]","[45,45,0,0,-45]",,Red_2,"[-45,90,90,90,45]","[45,45,0,0,-45]",,,,,,,,RED,3,Different,6,3,,,,,,,6,1,1.4492,6,15,111,5,1,,,,,,,,,,,,,,,,,,,,,,,,,,,,,,,,,,,,,,,,,
,,,,,,,,671c5ad0eb30c87c11b22ec4,2025-01-21_20h10.33.022,VisualArraysMentalRotation_v4,2021.1.4,MacIntel,59.88023952,679054f2072d526265aabff2,67906f845c6b43400d7e1d7e,,,,,,,,,,,,,,,,,,,,,,,,,,,,,,,,,0,0,0,0,1,,,,,,,,,,,,,,,,,,,,,,,,,,,,,,,,,,,,
,,,,,,,,671c5ad0eb30c87c11b22ec4,2025-01-21_20h10.33.022,VisualArraysMentalRotation_v4,2021.1.4,MacIntel,59.88023952,679054f2072d526265aabff2,67906f845c6b43400d7e1d7e,,,,,,,,,,,,,,,,,,,,,,,,,,,,,,,,,,,,,,0,0,0,0,1,1,0,,,,,,,,,,,,,,,,,,,,,,,,,,,,,
,,,,,,,,671c5ad0eb30c87c11b22ec4,2025-01-21_20h10.33.022,VisualArraysMentalRotation_v4,2021.1.4,MacIntel,59.88023952,679054f2072d526265aabff2,67906f845c6b43400d7e1d7e,,,,,,,,,,,,,,,,,,,,,,,,,,,,,,,,,,,,,,,,,,,,,b,0,3.5935,0,0,0,8,1,PracticeStim/33_50_R.jpg,50,Different,n,,,,,,,,,,,,,,,,,
,,,,,,,,671c5ad0eb30c87c11b22ec4,2025-01-21_20h10.33.022,VisualArraysMentalRotation_v4,2021.1.4,MacIntel,59.88023952,679054f2072d526265aabff2,67906f845c6b43400d7e1d7e,,,,,,,,,,,,,,,,,,,,,,,,,,,,,,,,,,,,,,,,,,,,,b,0,3.2834,0,1,1,7,1,PracticeStim/31_50_R.jpg,50,Different,n,,,,,,,,,,,,,,,,,
,,,,,,,,671c5ad0eb30c87c11b22ec4,2025-01-21_20h10.33.022,VisualArraysMentalRotation_v4,2021.1.4,MacIntel,59.88023952,679054f2072d526265aabff2,67906f845c6b43400d7e1d7e,,,,,,,,,,,,,,,,,,,,,,,,,,,,,,,,,,,,,,,,,,,,,b,1,3.5268,0,2,2,5,1,PracticeStim/26_150.jpg,150,Same,b,,,,,,,,,,,,,,,,,
,,,,,,,,671c5ad0eb30c87c11b22ec4,2025-01-21_20h10.33.022,VisualArraysMentalRotation_v4,2021.1.4,MacIntel,59.88023952,679054f2072d526265aabff2,67906f845c6b43400d7e1d7e,,,,,,,,,,,,,,,,,,,,,,,,,,,,,,,,,,,,,,,,,,,,,n,0,3.8738,0,3,3,3,1,PracticeStim/18_150.jpg,150,Same,b,,,,,,,,,,,,,,,,,
,,,,,,,,671c5ad0eb30c87c11b22ec4,2025-01-21_20h10.33.022,VisualArraysMentalRotation_v4,2021.1.4,MacIntel,59.88023952,679054f2072d526265aabff2,67906f845c6b43400d7e1d7e,,,,,,,,,,,,,,,,,,,,,,,,,,,,,,,,,,,,,,,,,,,,,n,1,4.1645,0,4,4,1,1,PracticeStim/9_100_R.jpg,100,Different,n,,,,,,,,,,,,,,,,,
,,,,,,,,671c5ad0eb30c87c11b22ec4,2025-01-21_20h10.33.022,VisualArraysMentalRotation_v4,2021.1.4,MacIntel,59.88023952,679054f2072d526265aabff2,67906f845c6b43400d7e1d7e,,,,,,,,,,,,,,,,,,,,,,,,,,,,,,,,,,,,,,,,,,,,,b,1,3.9851,0,5,5,11,1,PracticeStim/42_50.jpg,50,Same,b,,,,,,,,,,,,,,,,,
,,,,,,,,671c5ad0eb30c87c11b22ec4,2025-01-21_20h10.33.022,VisualArraysMentalRotation_v4,2021.1.4,MacIntel,59.88023952,679054f2072d526265aabff2,67906f845c6b43400d7e1d7e,,,,,,,,,,,,,,,,,,,,,,,,,,,,,,,,,,,,,,,,,,,,,n,1,3.575,0,6,6,0,1,PracticeStim/7_100_R.jpg,100,Different,n,,,,,,,,,,,,,,,,,
,,,,,,,,671c5ad0eb30c87c11b22ec4,2025-01-21_20h10.33.022,VisualArraysMentalRotation_v4,2021.1.4,MacIntel,59.88023952,679054f2072d526265aabff2,67906f845c6b43400d7e1d7e,,,,,,,,,,,,,,,,,,,,,,,,,,,,,,,,,,,,,,,,,,,,,b,1,4.9595,0,7,7,2,1,PracticeStim/17_50.jpg,50,Same,b,,,,,,,,,,,,,,,,,
,,,,,,,,671c5ad0eb30c87c11b22ec4,2025-01-21_20h10.33.022,VisualArraysMentalRotation_v4,2021.1.4,MacIntel,59.88023952,679054f2072d526265aabff2,67906f845c6b43400d7e1d7e,,,,,,,,,,,,,,,,,,,,,,,,,,,,,,,,,,,,,,,,,,,,,b,1,3.0816,0,8,8,10,1,PracticeStim/41_150.jpg,150,Same,b,,,,,,,,,,,,,,,,,
,,,,,,,,671c5ad0eb30c87c11b22ec4,2025-01-21_20h10.33.022,VisualArraysMentalRotation_v4,2021.1.4,MacIntel,59.88023952,679054f2072d526265aabff2,67906f845c6b43400d7e1d7e,,,,,,,,,,,,,,,,,,,,,,,,,,,,,,,,,,,,,,,,,,,,,b,1,3.4797,0,9,9,4,1,PracticeStim/25_150.jpg,150,Same,b,,,,,,,,,,,,,,,,,
,,,,,,,,671c5ad0eb30c87c11b22ec4,2025-01-21_20h10.33.022,VisualArraysMentalRotation_v4,2021.1.4,MacIntel,59.88023952,679054f2072d526265aabff2,67906f845c6b43400d7e1d7e,,,,,,,,,,,,,,,,,,,,,,,,,,,,,,,,,,,,,,,,,,,,,n,1,3.458,0,10,10,9,1,PracticeStim/36_100_R.jpg,100,Different,n,,,,,,,,,,,,,,,,,
,,,,,,,,671c5ad0eb30c87c11b22ec4,2025-01-21_20h10.33.022,VisualArraysMentalRotation_v4,2021.1.4,MacIntel,59.88023952,679054f2072d526265aabff2,67906f845c6b43400d7e1d7e,,,,,,,,,,,,,,,,,,,,,,,,,,,,,,,,,,,,,,,,,,,,,n,1,4.3474,0,11,11,6,1,PracticeStim/30_100_R.jpg,100,Different,n,,,,,,,,,,,,,,,,,
,,,,,,,,671c5ad0eb30c87c11b22ec4,2025-01-21_20h10.33.022,VisualArraysMentalRotation_v4,2021.1.4,MacIntel,59.88023952,679054f2072d526265aabff2,67906f845c6b43400d7e1d7e,,,,,,,,,,,,,,,,,,,,,,,,,,,,,,,,,,,,,,,,,,,,,,,,,,,,,,,,,Stimuli/19_50_R.jpg,Different,50,n,n,1,4.0123,0,0,0,0,1,,,,,
,,,,,,,,671c5ad0eb30c87c11b22ec4,2025-01-21_20h10.33.022,VisualArraysMentalRotation_v4,2021.1.4,MacIntel,59.88023952,679054f2072d526265aabff2,67906f845c6b43400d7e1d7e,,,,,,,,,,,,,,,,,,,,,,,,,,,,,,,,,,,,,,,,,,,,,,,,,,,,,,,,,Stimuli/43_50.jpg,Same,50,b,b,1,4.9775,1,0,1,0,1,,,,,
,,,,,,,,671c5ad0eb30c87c11b22ec4,2025-01-21_20h10.33.022,VisualArraysMentalRotation_v4,2021.1.4,MacIntel,59.88023952,679054f2072d526265aabff2,67906f845c6b43400d7e1d7e,,,,,,,,,,,,,,,,,,,,,,,,,,,,,,,,,,,,,,,,,,,,,,,,,,,,,,,,,Stimuli/28_50_R.jpg,Different,50,n,n,1,3.4346,2,0,2,0,1,,,,,
,,,,,,,,671c5ad0eb30c87c11b22ec4,2025-01-21_20h10.33.022,VisualArraysMentalRotation_v4,2021.1.4,MacIntel,59.88023952,679054f2072d526265aabff2,67906f845c6b43400d7e1d7e,,,,,,,,,,,,,,,,,,,,,,,,,,,,,,,,,,,,,,,,,,,,,,,,,,,,,,,,,Stimuli/43_0_R.jpg,Different,0,n,,0,,3,0,3,0,1,,,,,
,,,,,,,,671c5ad0eb30c87c11b22ec4,2025-01-21_20h10.33.022,VisualArraysMentalRotation_v4,2021.1.4,MacIntel,59.88023952,679054f2072d526265aabff2,67906f845c6b43400d7e1d7e,,,,,,,,,,,,,,,,,,,,,,,,,,,,,,,,,,,,,,,,,,,,,,,,,,,,,,,,,Stimuli/21_0_R.jpg,Different,0,n,b,0,3.8266,4,0,4,0,1,,,,,
,,,,,,,,671c5ad0eb30c87c11b22ec4,2025-01-21_20h10.33.022,VisualArraysMentalRotation_v4,2021.1.4,MacIntel,59.88023952,679054f2072d526265aabff2,67906f845c6b43400d7e1d7e,,,,,,,,,,,,,,,,,,,,,,,,,,,,,,,,,,,,,,,,,,,,,,,,,,,,,,,,,Stimuli/19_100.jpg,Same,100,b,b,1,4.3019,5,0,5,0,1,,,,,
,,,,,,,,671c5ad0eb30c87c11b22ec4,2025-01-21_20h10.33.022,VisualArraysMentalRotation_v4,2021.1.4,MacIntel,59.88023952,679054f2072d526265aabff2,67906f845c6b43400d7e1d7e,,,,,,,,,,,,,,,,,,,,,,,,,,,,,,,,,,,,,,,,,,,,,,,,,,,,,,,,,Stimuli/40_150_R.jpg,Different,150,n,b,0,4.8311,6,0,6,0,1,,,,,
,,,,,,,,671c5ad0eb30c87c11b22ec4,2025-01-21_20h10.33.022,VisualArraysMentalRotation_v4,2021.1.4,MacIntel,59.88023952,679054f2072d526265aabff2,67906f845c6b43400d7e1d7e,,,,,,,,,,,,,,,,,,,,,,,,,,,,,,,,,,,,,,,,,,,,,,,,,,,,,,,,,Stimuli/38_100_R.jpg,Different,100,n,n,1,3.0851,7,0,7,0,1,,,,,
,,,,,,,,671c5ad0eb30c87c11b22ec4,2025-01-21_20h10.33.022,VisualArraysMentalRotation_v4,2021.1.4,MacIntel,59.88023952,679054f2072d526265aabff2,67906f845c6b43400d7e1d7e,,,,,,,,,,,,,,,,,,,,,,,,,,,,,,,,,,,,,,,,,,,,,,,,,,,,,,,,,Stimuli/43_150.jpg,Same,150,b,b,1,4.6117,8,0,8,0,1,,,,,
,,,,,,,,671c5ad0eb30c87c11b22ec4,2025-01-21_20h10.33.022,VisualArraysMentalRotation_v4,2021.1.4,MacIntel,59.88023952,679054f2072d526265aabff2,67906f845c6b43400d7e1d7e,,,,,,,,,,,,,,,,,,,,,,,,,,,,,,,,,,,,,,,,,,,,,,,,,,,,,,,,,Stimuli/38_150.jpg,Same,150,b,b,1,4.8123,9,0,9,0,1,,,,,
,,,,,,,,671c5ad0eb30c87c11b22ec4,2025-01-21_20h10.33.022,VisualArraysMentalRotation_v4,2021.1.4,MacIntel,59.88023952,679054f2072d526265aabff2,67906f845c6b43400d7e1d7e,,,,,,,,,,,,,,,,,,,,,,,,,,,,,,,,,,,,,,,,,,,,,,,,,,,,,,,,,Stimuli/32_150.jpg,Same,150,b,b,1,4.4322,10,0,10,0,1,,,,,
,,,,,,,,671c5ad0eb30c87c11b22ec4,2025-01-21_20h10.33.022,VisualArraysMentalRotation_v4,2021.1.4,MacIntel,59.88023952,679054f2072d526265aabff2,67906f845c6b43400d7e1d7e,,,,,,,,,,,,,,,,,,,,,,,,,,,,,,,,,,,,,,,,,,,,,,,,,,,,,,,,,Stimuli/16_50_R.jpg,Different,50,n,n,1,4.2635,11,0,11,0,1,,,,,
,,,,,,,,671c5ad0eb30c87c11b22ec4,2025-01-21_20h10.33.022,VisualArraysMentalRotation_v4,2021.1.4,MacIntel,59.88023952,679054f2072d526265aabff2,67906f845c6b43400d7e1d7e,,,,,,,,,,,,,,,,,,,,,,,,,,,,,,,,,,,,,,,,,,,,,,,,,,,,,,,,,Stimuli/21_100_R.jpg,Different,100,n,n,1,3.4436,12,0,12,0,1,,,,,
,,,,,,,,671c5ad0eb30c87c11b22ec4,2025-01-21_20h10.33.022,VisualArraysMentalRotation_v4,2021.1.4,MacIntel,59.88023952,679054f2072d526265aabff2,67906f845c6b43400d7e1d7e,,,,,,,,,,,,,,,,,,,,,,,,,,,,,,,,,,,,,,,,,,,,,,,,,,,,,,,,,Stimuli/28_0.jpg,Same,0,b,b,1,2.8428,13,0,13,0,1,,,,,
,,,,,,,,671c5ad0eb30c87c11b22ec4,2025-01-21_20h10.33.022,VisualArraysMentalRotation_v4,2021.1.4,MacIntel,59.88023952,679054f2072d526265aabff2,67906f845c6b43400d7e1d7e,,,,,,,,,,,,,,,,,,,,,,,,,,,,,,,,,,,,,,,,,,,,,,,,,,,,,,,,,Stimuli/38_100.jpg,Same,100,b,n,0,3.1618,14,0,14,0,1,,,,,
,,,,,,,,671c5ad0eb30c87c11b22ec4,2025-01-21_20h10.33.022,VisualArraysMentalRotation_v4,2021.1.4,MacIntel,59.88023952,679054f2072d526265aabff2,67906f845c6b43400d7e1d7e,,,,,,,,,,,,,,,,,,,,,,,,,,,,,,,,,,,,,,,,,,,,,,,,,,,,,,,,,Stimuli/38_0.jpg,Same,0,b,b,1,2.0426,15,0,15,0,1,,,,,
,,,,,,,,671c5ad0eb30c87c11b22ec4,2025-01-21_20h10.33.022,VisualArraysMentalRotation_v4,2021.1.4,MacIntel,59.88023952,679054f2072d526265aabff2,67906f845c6b43400d7e1d7e,,,,,,,,,,,,,,,,,,,,,,,,,,,,,,,,,,,,,,,,,,,,,,,,,,,,,,,,,Stimuli/22_0_R.jpg,Different,0,n,b,0,2.8663,16,0,16,0,1,,,,,
,,,,,,,,671c5ad0eb30c87c11b22ec4,2025-01-21_20h10.33.022,VisualArraysMentalRotation_v4,2021.1.4,MacIntel,59.88023952,679054f2072d526265aabff2,67906f845c6b43400d7e1d7e,,,,,,,,,,,,,,,,,,,,,,,,,,,,,,,,,,,,,,,,,,,,,,,,,,,,,,,,,Stimuli/38_50.jpg,Same,50,b,b,1,3.5094,17,0,17,0,1,,,,,
,,,,,,,,671c5ad0eb30c87c11b22ec4,2025-01-21_20h10.33.022,VisualArraysMentalRotation_v4,2021.1.4,MacIntel,59.88023952,679054f2072d526265aabff2,67906f845c6b43400d7e1d7e,,,,,,,,,,,,,,,,,,,,,,,,,,,,,,,,,,,,,,,,,,,,,,,,,,,,,,,,,Stimuli/40_0.jpg,Same,0,b,b,1,2.1253,18,0,18,0,1,,,,,
,,,,,,,,671c5ad0eb30c87c11b22ec4,2025-01-21_20h10.33.022,VisualArraysMentalRotation_v4,2021.1.4,MacIntel,59.88023952,679054f2072d526265aabff2,67906f845c6b43400d7e1d7e,,,,,,,,,,,,,,,,,,,,,,,,,,,,,,,,,,,,,,,,,,,,,,,,,,,,,,,,,Stimuli/21_50.jpg,Same,50,b,n,0,5.1459,19,0,19,0,1,,,,,
,,,,,,,,671c5ad0eb30c87c11b22ec4,2025-01-21_20h10.33.022,VisualArraysMentalRotation_v4,2021.1.4,MacIntel,59.88023952,679054f2072d526265aabff2,67906f845c6b43400d7e1d7e,,,,,,,,,,,,,,,,,,,,,,,,,,,,,,,,,,,,,,,,,,,,,,,,,,,,,,,,,Stimuli/44_150_R.jpg,Different,150,n,n,1,4.0272,20,0,20,0,1,,,,,
,,,,,,,,671c5ad0eb30c87c11b22ec4,2025-01-21_20h10.33.022,VisualArraysMentalRotation_v4,2021.1.4,MacIntel,59.88023952,679054f2072d526265aabff2,67906f845c6b43400d7e1d7e,,,,,,,,,,,,,,,,,,,,,,,,,,,,,,,,,,,,,,,,,,,,,,,,,,,,,,,,,Stimuli/32_0_R.jpg,Different,0,n,n,1,2.9497,21,0,21,0,1,,,,,
,,,,,,,,671c5ad0eb30c87c11b22ec4,2025-01-21_20h10.33.022,VisualArraysMentalRotation_v4,2021.1.4,MacIntel,59.88023952,679054f2072d526265aabff2,67906f845c6b43400d7e1d7e,,,,,,,,,,,,,,,,,,,,,,,,,,,,,,,,,,,,,,,,,,,,,,,,,,,,,,,,,Stimuli/44_100.jpg,Same,100,b,b,1,4.0773,22,0,22,0,1,,,,,
,,,,,,,,671c5ad0eb30c87c11b22ec4,2025-01-21_20h10.33.022,VisualArraysMentalRotation_v4,2021.1.4,MacIntel,59.88023952,679054f2072d526265aabff2,67906f845c6b43400d7e1d7e,,,,,,,,,,,,,,,,,,,,,,,,,,,,,,,,,,,,,,,,,,,,,,,,,,,,,,,,,Stimuli/32_100.jpg,Same,100,b,b,1,3.2359,23,0,23,0,1,,,,,
,,,,,,,,671c5ad0eb30c87c11b22ec4,2025-01-21_20h10.33.022,VisualArraysMentalRotation_v4,2021.1.4,MacIntel,59.88023952,679054f2072d526265aabff2,67906f845c6b43400d7e1d7e,,,,,,,,,,,,,,,,,,,,,,,,,,,,,,,,,,,,,,,,,,,,,,,,,,,,,,,,,Stimuli/21_150.jpg,Same,150,b,n,0,2.5762,24,0,24,0,1,,,,,
,,,,,,,,671c5ad0eb30c87c11b22ec4,2025-01-21_20h10.33.022,VisualArraysMentalRotation_v4,2021.1.4,MacIntel,59.88023952,679054f2072d526265aabff2,67906f845c6b43400d7e1d7e,,,,,,,,,,,,,,,,,,,,,,,,,,,,,,,,,,,,,,,,,,,,,,,,,,,,,,,,,Stimuli/16_100_R.jpg,Different,100,n,n,1,3.9918,25,0,25,0,1,,,,,
,,,,,,,,671c5ad0eb30c87c11b22ec4,2025-01-21_20h10.33.022,VisualArraysMentalRotation_v4,2021.1.4,MacIntel,59.88023952,679054f2072d526265aabff2,67906f845c6b43400d7e1d7e,,,,,,,,,,,,,,,,,,,,,,,,,,,,,,,,,,,,,,,,,,,,,,,,,,,,,,,,,Stimuli/27_50.jpg,Same,50,b,n,0,3.3132,26,0,26,0,1,,,,,
,,,,,,,,671c5ad0eb30c87c11b22ec4,2025-01-21_20h10.33.022,VisualArraysMentalRotation_v4,2021.1.4,MacIntel,59.88023952,679054f2072d526265aabff2,67906f845c6b43400d7e1d7e,,,,,,,,,,,,,,,,,,,,,,,,,,,,,,,,,,,,,,,,,,,,,,,,,,,,,,,,,Stimuli/16_0.jpg,Same,0,b,b,1,2.1593,27,0,27,0,1,,,,,
,,,,,,,,671c5ad0eb30c87c11b22ec4,2025-01-21_20h10.33.022,VisualArraysMentalRotation_v4,2021.1.4,MacIntel,59.88023952,679054f2072d526265aabff2,67906f845c6b43400d7e1d7e,,,,,,,,,,,,,,,,,,,,,,,,,,,,,,,,,,,,,,,,,,,,,,,,,,,,,,,,,Stimuli/38_150_R.jpg,Different,150,n,n,1,3.3231,28,0,28,0,1,,,,,
,,,,,,,,671c5ad0eb30c87c11b22ec4,2025-01-21_20h10.33.022,VisualArraysMentalRotation_v4,2021.1.4,MacIntel,59.88023952,679054f2072d526265aabff2,67906f845c6b43400d7e1d7e,,,,,,,,,,,,,,,,,,,,,,,,,,,,,,,,,,,,,,,,,,,,,,,,,,,,,,,,,Stimuli/27_0.jpg,Same,0,b,b,1,1.4242,29,0,29,0,1,,,,,
,,,,,,,,671c5ad0eb30c87c11b22ec4,2025-01-21_20h10.33.022,VisualArraysMentalRotation_v4,2021.1.4,MacIntel,59.88023952,679054f2072d526265aabff2,67906f845c6b43400d7e1d7e,,,,,,,,,,,,,,,,,,,,,,,,,,,,,,,,,,,,,,,,,,,,,,,,,,,,,,,,,Stimuli/38_50_R.jpg,Different,50,n,n,1,2.677,30,0,30,0,1,,,,,
,,,,,,,,671c5ad0eb30c87c11b22ec4,2025-01-21_20h10.33.022,VisualArraysMentalRotation_v4,2021.1.4,MacIntel,59.88023952,679054f2072d526265aabff2,67906f845c6b43400d7e1d7e,,,,,,,,,,,,,,,,,,,,,,,,,,,,,,,,,,,,,,,,,,,,,,,,,,,,,,,,,Stimuli/16_0_R.jpg,Different,0,n,n,1,3.4459,31,0,31,0,1,,,,,
,,,,,,,,671c5ad0eb30c87c11b22ec4,2025-01-21_20h10.33.022,VisualArraysMentalRotation_v4,2021.1.4,MacIntel,59.88023952,679054f2072d526265aabff2,67906f845c6b43400d7e1d7e,,,,,,,,,,,,,,,,,,,,,,,,,,,,,,,,,,,,,,,,,,,,,,,,,,,,,,,,,Stimuli/28_100_R.jpg,Different,100,n,n,1,3.318,32,0,32,0,1,,,,,
,,,,,,,,671c5ad0eb30c87c11b22ec4,2025-01-21_20h10.33.022,VisualArraysMentalRotation_v4,2021.1.4,MacIntel,59.88023952,679054f2072d526265aabff2,67906f845c6b43400d7e1d7e,,,,,,,,,,,,,,,,,,,,,,,,,,,,,,,,,,,,,,,,,,,,,,,,,,,,,,,,,Stimuli/28_150.jpg,Same,150,b,b,1,4.4103,33,0,33,0,1,,,,,
,,,,,,,,671c5ad0eb30c87c11b22ec4,2025-01-21_20h10.33.022,VisualArraysMentalRotation_v4,2021.1.4,MacIntel,59.88023952,679054f2072d526265aabff2,67906f845c6b43400d7e1d7e,,,,,,,,,,,,,,,,,,,,,,,,,,,,,,,,,,,,,,,,,,,,,,,,,,,,,,,,,Stimuli/32_100_R.jpg,Different,100,n,n,1,3.3761,34,0,34,0,1,,,,,
,,,,,,,,671c5ad0eb30c87c11b22ec4,2025-01-21_20h10.33.022,VisualArraysMentalRotation_v4,2021.1.4,MacIntel,59.88023952,679054f2072d526265aabff2,67906f845c6b43400d7e1d7e,,,,,,,,,,,,,,,,,,,,,,,,,,,,,,,,,,,,,,,,,,,,,,,,,,,,,,,,,Stimuli/32_50.jpg,Same,50,b,b,1,2.6939,35,0,35,0,1,,,,,
,,,,,,,,671c5ad0eb30c87c11b22ec4,2025-01-21_20h10.33.022,VisualArraysMentalRotation_v4,2021.1.4,MacIntel,59.88023952,679054f2072d526265aabff2,67906f845c6b43400d7e1d7e,,,,,,,,,,,,,,,,,,,,,,,,,,,,,,,,,,,,,,,,,,,,,,,,,,,,,,,,,Stimuli/19_0_R.jpg,Different,0,n,n,1,1.9095,36,0,36,0,1,,,,,
,,,,,,,,671c5ad0eb30c87c11b22ec4,2025-01-21_20h10.33.022,VisualArraysMentalRotation_v4,2021.1.4,MacIntel,59.88023952,679054f2072d526265aabff2,67906f845c6b43400d7e1d7e,,,,,,,,,,,,,,,,,,,,,,,,,,,,,,,,,,,,,,,,,,,,,,,,,,,,,,,,,Stimuli/40_100.jpg,Same,100,b,n,0,2.5156,37,0,37,0,1,,,,,
,,,,,,,,671c5ad0eb30c87c11b22ec4,2025-01-21_20h10.33.022,VisualArraysMentalRotation_v4,2021.1.4,MacIntel,59.88023952,679054f2072d526265aabff2,67906f845c6b43400d7e1d7e,,,,,,,,,,,,,,,,,,,,,,,,,,,,,,,,,,,,,,,,,,,,,,,,,,,,,,,,,Stimuli/40_100_R.jpg,Different,100,n,n,1,3.9681,38,0,38,0,1,,,,,
,,,,,,,,671c5ad0eb30c87c11b22ec4,2025-01-21_20h10.33.022,VisualArraysMentalRotation_v4,2021.1.4,MacIntel,59.88023952,679054f2072d526265aabff2,67906f845c6b43400d7e1d7e,,,,,,,,,,,,,,,,,,,,,,,,,,,,,,,,,,,,,,,,,,,,,,,,,,,,,,,,,Stimuli/27_50_R.jpg,Different,50,n,n,1,2.1132,39,0,39,0,1,,,,,
,,,,,,,,671c5ad0eb30c87c11b22ec4,2025-01-21_20h10.33.022,VisualArraysMentalRotation_v4,2021.1.4,MacIntel,59.88023952,679054f2072d526265aabff2,67906f845c6b43400d7e1d7e,,,,,,,,,,,,,,,,,,,,,,,,,,,,,,,,,,,,,,,,,,,,,,,,,,,,,,,,,Stimuli/3_150.jpg,Same,150,b,n,0,3.2466,40,0,40,0,1,,,,,
,,,,,,,,671c5ad0eb30c87c11b22ec4,2025-01-21_20h10.33.022,VisualArraysMentalRotation_v4,2021.1.4,MacIntel,59.88023952,679054f2072d526265aabff2,67906f845c6b43400d7e1d7e,,,,,,,,,,,,,,,,,,,,,,,,,,,,,,,,,,,,,,,,,,,,,,,,,,,,,,,,,Stimuli/32_0.jpg,Same,0,b,b,1,1.2744,41,0,41,0,1,,,,,
,,,,,,,,671c5ad0eb30c87c11b22ec4,2025-01-21_20h10.33.022,VisualArraysMentalRotation_v4,2021.1.4,MacIntel,59.88023952,679054f2072d526265aabff2,67906f845c6b43400d7e1d7e,,,,,,,,,,,,,,,,,,,,,,,,,,,,,,,,,,,,,,,,,,,,,,,,,,,,,,,,,Stimuli/16_150_R.jpg,Different,150,n,n,1,3.3064,42,0,42,0,1,,,,,
,,,,,,,,671c5ad0eb30c87c11b22ec4,2025-01-21_20h10.33.022,VisualArraysMentalRotation_v4,2021.1.4,MacIntel,59.88023952,679054f2072d526265aabff2,67906f845c6b43400d7e1d7e,,,,,,,,,,,,,,,,,,,,,,,,,,,,,,,,,,,,,,,,,,,,,,,,,,,,,,,,,Stimuli/21_150_R.jpg,Different,150,n,n,1,2.5481,43,0,43,0,1,,,,,
,,,,,,,,671c5ad0eb30c87c11b22ec4,2025-01-21_20h10.33.022,VisualArraysMentalRotation_v4,2021.1.4,MacIntel,59.88023952,679054f2072d526265aabff2,67906f845c6b43400d7e1d7e,,,,,,,,,,,,,,,,,,,,,,,,,,,,,,,,,,,,,,,,,,,,,,,,,,,,,,,,,Stimuli/19_150_R.jpg,Different,150,n,n,1,2.4795,44,0,44,0,1,,,,,
,,,,,,,,671c5ad0eb30c87c11b22ec4,2025-01-21_20h10.33.022,VisualArraysMentalRotation_v4,2021.1.4,MacIntel,59.88023952,679054f2072d526265aabff2,67906f845c6b43400d7e1d7e,,,,,,,,,,,,,,,,,,,,,,,,,,,,,,,,,,,,,,,,,,,,,,,,,,,,,,,,,Stimuli/3_50.jpg,Same,50,b,n,0,3.6141,45,0,45,0,1,,,,,
,,,,,,,,671c5ad0eb30c87c11b22ec4,2025-01-21_20h10.33.022,VisualArraysMentalRotation_v4,2021.1.4,MacIntel,59.88023952,679054f2072d526265aabff2,67906f845c6b43400d7e1d7e,,,,,,,,,,,,,,,,,,,,,,,,,,,,,,,,,,,,,,,,,,,,,,,,,,,,,,,,,Stimuli/43_50_R.jpg,Different,50,n,n,1,4.1192,46,0,46,0,1,,,,,
,,,,,,,,671c5ad0eb30c87c11b22ec4,2025-01-21_20h10.33.022,VisualArraysMentalRotation_v4,2021.1.4,MacIntel,59.88023952,679054f2072d526265aabff2,67906f845c6b43400d7e1d7e,,,,,,,,,,,,,,,,,,,,,,,,,,,,,,,,,,,,,,,,,,,,,,,,,,,,,,,,,Stimuli/27_100.jpg,Same,100,b,b,1,3.7112,47,0,47,0,1,,,,,
,,,,,,,,671c5ad0eb30c87c11b22ec4,2025-01-21_20h10.33.022,VisualArraysMentalRotation_v4,2021.1.4,MacIntel,59.88023952,679054f2072d526265aabff2,67906f845c6b43400d7e1d7e,,,,,,,,,,,,,,,,,,,,,,,,,,,,,,,,,,,,,,,,,,,,,,,,,,,,,,,,,Stimuli/40_150.jpg,Same,150,b,b,1,2.4691,48,0,48,0,1,,,,,
,,,,,,,,671c5ad0eb30c87c11b22ec4,2025-01-21_20h10.33.022,VisualArraysMentalRotation_v4,2021.1.4,MacIntel,59.88023952,679054f2072d526265aabff2,67906f845c6b43400d7e1d7e,,,,,,,,,,,,,,,,,,,,,,,,,,,,,,,,,,,,,,,,,,,,,,,,,,,,,,,,,Stimuli/44_0_R.jpg,Different,0,n,n,1,2.6965,49,0,49,0,1,,,,,
,,,,,,,,671c5ad0eb30c87c11b22ec4,2025-01-21_20h10.33.022,VisualArraysMentalRotation_v4,2021.1.4,MacIntel,59.88023952,679054f2072d526265aabff2,67906f845c6b43400d7e1d7e,,,,,,,,,,,,,,,,,,,,,,,,,,,,,,,,,,,,,,,,,,,,,,,,,,,,,,,,,Stimuli/16_50.jpg,Same,50,b,n,0,2.6516,50,0,50,0,1,,,,,
,,,,,,,,671c5ad0eb30c87c11b22ec4,2025-01-21_20h10.33.022,VisualArraysMentalRotation_v4,2021.1.4,MacIntel,59.88023952,679054f2072d526265aabff2,67906f845c6b43400d7e1d7e,,,,,,,,,,,,,,,,,,,,,,,,,,,,,,,,,,,,,,,,,,,,,,,,,,,,,,,,,Stimuli/22_50_R.jpg,Different,50,n,n,1,2.4036,51,0,51,0,1,,,,,
,,,,,,,,671c5ad0eb30c87c11b22ec4,2025-01-21_20h10.33.022,VisualArraysMentalRotation_v4,2021.1.4,MacIntel,59.88023952,679054f2072d526265aabff2,67906f845c6b43400d7e1d7e,,,,,,,,,,,,,,,,,,,,,,,,,,,,,,,,,,,,,,,,,,,,,,,,,,,,,,,,,Stimuli/19_50.jpg,Same,50,b,b,1,3.0667,52,0,52,0,1,,,,,
,,,,,,,,671c5ad0eb30c87c11b22ec4,2025-01-21_20h10.33.022,VisualArraysMentalRotation_v4,2021.1.4,MacIntel,59.88023952,679054f2072d526265aabff2,67906f845c6b43400d7e1d7e,,,,,,,,,,,,,,,,,,,,,,,,,,,,,,,,,,,,,,,,,,,,,,,,,,,,,,,,,Stimuli/43_100_R.jpg,Different,100,n,n,1,3.7849,53,0,53,0,1,,,,,
,,,,,,,,671c5ad0eb30c87c11b22ec4,2025-01-21_20h10.33.022,VisualArraysMentalRotation_v4,2021.1.4,MacIntel,59.88023952,679054f2072d526265aabff2,67906f845c6b43400d7e1d7e,,,,,,,,,,,,,,,,,,,,,,,,,,,,,,,,,,,,,,,,,,,,,,,,,,,,,,,,,Stimuli/43_100.jpg,Same,100,b,b,1,3.0965,54,0,54,0,1,,,,,
,,,,,,,,671c5ad0eb30c87c11b22ec4,2025-01-21_20h10.33.022,VisualArraysMentalRotation_v4,2021.1.4,MacIntel,59.88023952,679054f2072d526265aabff2,67906f845c6b43400d7e1d7e,,,,,,,,,,,,,,,,,,,,,,,,,,,,,,,,,,,,,,,,,,,,,,,,,,,,,,,,,Stimuli/19_100_R.jpg,Different,100,n,b,0,2.7243,55,0,55,0,1,,,,,
,,,,,,,,671c5ad0eb30c87c11b22ec4,2025-01-21_20h10.33.022,VisualArraysMentalRotation_v4,2021.1.4,MacIntel,59.88023952,679054f2072d526265aabff2,67906f845c6b43400d7e1d7e,,,,,,,,,,,,,,,,,,,,,,,,,,,,,,,,,,,,,,,,,,,,,,,,,,,,,,,,,Stimuli/21_0.jpg,Same,0,b,b,1,1.7072,56,0,56,0,1,,,,,
,,,,,,,,671c5ad0eb30c87c11b22ec4,2025-01-21_20h10.33.022,VisualArraysMentalRotation_v4,2021.1.4,MacIntel,59.88023952,679054f2072d526265aabff2,67906f845c6b43400d7e1d7e,,,,,,,,,,,,,,,,,,,,,,,,,,,,,,,,,,,,,,,,,,,,,,,,,,,,,,,,,Stimuli/3_0.jpg,Same,0,b,b,1,1.409,57,0,57,0,1,,,,,
,,,,,,,,671c5ad0eb30c87c11b22ec4,2025-01-21_20h10.33.022,VisualArraysMentalRotation_v4,2021.1.4,MacIntel,59.88023952,679054f2072d526265aabff2,67906f845c6b43400d7e1d7e,,,,,,,,,,,,,,,,,,,,,,,,,,,,,,,,,,,,,,,,,,,,,,,,,,,,,,,,,Stimuli/22_150_R.jpg,Different,150,n,n,1,4.5432,58,0,58,0,1,,,,,
,,,,,,,,671c5ad0eb30c87c11b22ec4,2025-01-21_20h10.33.022,VisualArraysMentalRotation_v4,2021.1.4,MacIntel,59.88023952,679054f2072d526265aabff2,67906f845c6b43400d7e1d7e,,,,,,,,,,,,,,,,,,,,,,,,,,,,,,,,,,,,,,,,,,,,,,,,,,,,,,,,,Stimuli/28_0_R.jpg,Different,0,n,n,1,4.1236,59,0,59,0,1,,,,,
,,,,,,,,671c5ad0eb30c87c11b22ec4,2025-01-21_20h10.33.022,VisualArraysMentalRotation_v4,2021.1.4,MacIntel,59.88023952,679054f2072d526265aabff2,67906f845c6b43400d7e1d7e,,,,,,,,,,,,,,,,,,,,,,,,,,,,,,,,,,,,,,,,,,,,,,,,,,,,,,,,,Stimuli/44_50.jpg,Same,50,b,b,1,4.7192,60,0,60,0,1,,,,,
,,,,,,,,671c5ad0eb30c87c11b22ec4,2025-01-21_20h10.33.022,VisualArraysMentalRotation_v4,2021.1.4,MacIntel,59.88023952,679054f2072d526265aabff2,67906f845c6b43400d7e1d7e,,,,,,,,,,,,,,,,,,,,,,,,,,,,,,,,,,,,,,,,,,,,,,,,,,,,,,,,,Stimuli/32_150_R.jpg,Different,150,n,b,0,4.3588,61,0,61,0,1,,,,,
,,,,,,,,671c5ad0eb30c87c11b22ec4,2025-01-21_20h10.33.022,VisualArraysMentalRotation_v4,2021.1.4,MacIntel,59.88023952,679054f2072d526265aabff2,67906f845c6b43400d7e1d7e,,,,,,,,,,,,,,,,,,,,,,,,,,,,,,,,,,,,,,,,,,,,,,,,,,,,,,,,,Stimuli/44_50_R.jpg,Different,50,n,n,1,3.5333,62,0,62,0,1,,,,,
,,,,,,,,671c5ad0eb30c87c11b22ec4,2025-01-21_20h10.33.022,VisualArraysMentalRotation_v4,2021.1.4,MacIntel,59.88023952,679054f2072d526265aabff2,67906f845c6b43400d7e1d7e,,,,,,,,,,,,,,,,,,,,,,,,,,,,,,,,,,,,,,,,,,,,,,,,,,,,,,,,,Stimuli/44_0.jpg,Same,0,b,b,1,1.1933,63,0,63,0,1,,,,,
,,,,,,,,671c5ad0eb30c87c11b22ec4,2025-01-21_20h10.33.022,VisualArraysMentalRotation_v4,2021.1.4,MacIntel,59.88023952,679054f2072d526265aabff2,67906f845c6b43400d7e1d7e,,,,,,,,,,,,,,,,,,,,,,,,,,,,,,,,,,,,,,,,,,,,,,,,,,,,,,,,,Stimuli/27_150_R.jpg,Different,150,n,n,1,3.2312,64,0,64,0,1,,,,,
,,,,,,,,671c5ad0eb30c87c11b22ec4,2025-01-21_20h10.33.022,VisualArraysMentalRotation_v4,2021.1.4,MacIntel,59.88023952,679054f2072d526265aabff2,67906f845c6b43400d7e1d7e,,,,,,,,,,,,,,,,,,,,,,,,,,,,,,,,,,,,,,,,,,,,,,,,,,,,,,,,,Stimuli/40_0_R.jpg,Different,0,n,n,1,1.9742,65,0,65,0,1,,,,,
,,,,,,,,671c5ad0eb30c87c11b22ec4,2025-01-21_20h10.33.022,VisualArraysMentalRotation_v4,2021.1.4,MacIntel,59.88023952,679054f2072d526265aabff2,67906f845c6b43400d7e1d7e,,,,,,,,,,,,,,,,,,,,,,,,,,,,,,,,,,,,,,,,,,,,,,,,,,,,,,,,,Stimuli/40_50.jpg,Same,50,b,n,0,2.036,66,0,66,0,1,,,,,
,,,,,,,,671c5ad0eb30c87c11b22ec4,2025-01-21_20h10.33.022,VisualArraysMentalRotation_v4,2021.1.4,MacIntel,59.88023952,679054f2072d526265aabff2,67906f845c6b43400d7e1d7e,,,,,,,,,,,,,,,,,,,,,,,,,,,,,,,,,,,,,,,,,,,,,,,,,,,,,,,,,Stimuli/40_50_R.jpg,Different,50,n,n,1,2.1945,67,0,67,0,1,,,,,
,,,,,,,,671c5ad0eb30c87c11b22ec4,2025-01-21_20h10.33.022,VisualArraysMentalRotation_v4,2021.1.4,MacIntel,59.88023952,679054f2072d526265aabff2,67906f845c6b43400d7e1d7e,,,,,,,,,,,,,,,,,,,,,,,,,,,,,,,,,,,,,,,,,,,,,,,,,,,,,,,,,Stimuli/3_0_R.jpg,Different,0,n,n,1,2.9921,68,0,68,0,1,,,,,
,,,,,,,,671c5ad0eb30c87c11b22ec4,2025-01-21_20h10.33.022,VisualArraysMentalRotation_v4,2021.1.4,MacIntel,59.88023952,679054f2072d526265aabff2,67906f845c6b43400d7e1d7e,,,,,,,,,,,,,,,,,,,,,,,,,,,,,,,,,,,,,,,,,,,,,,,,,,,,,,,,,Stimuli/28_100.jpg,Same,100,b,b,1,3.1098,69,0,69,0,1,,,,,
,,,,,,,,671c5ad0eb30c87c11b22ec4,2025-01-21_20h10.33.022,VisualArraysMentalRotation_v4,2021.1.4,MacIntel,59.88023952,679054f2072d526265aabff2,67906f845c6b43400d7e1d7e,,,,,,,,,,,,,,,,,,,,,,,,,,,,,,,,,,,,,,,,,,,,,,,,,,,,,,,,,Stimuli/22_0.jpg,Same,0,b,b,1,1.5857,70,0,70,0,1,,,,,
,,,,,,,,671c5ad0eb30c87c11b22ec4,2025-01-21_20h10.33.022,VisualArraysMentalRotation_v4,2021.1.4,MacIntel,59.88023952,679054f2072d526265aabff2,67906f845c6b43400d7e1d7e,,,,,,,,,,,,,,,,,,,,,,,,,,,,,,,,,,,,,,,,,,,,,,,,,,,,,,,,,Stimuli/16_100.jpg,Same,100,b,b,1,3.3259,71,0,71,0,1,,,,,
,,,,,,,,671c5ad0eb30c87c11b22ec4,2025-01-21_20h10.33.022,VisualArraysMentalRotation_v4,2021.1.4,MacIntel,59.88023952,679054f2072d526265aabff2,67906f845c6b43400d7e1d7e,,,,,,,,,,,,,,,,,,,,,,,,,,,,,,,,,,,,,,,,,,,,,,,,,,,,,,,,,Stimuli/43_150_R.jpg,Different,150,n,n,1,3.2754,72,0,72,0,1,,,,,
,,,,,,,,671c5ad0eb30c87c11b22ec4,2025-01-21_20h10.33.022,VisualArraysMentalRotation_v4,2021.1.4,MacIntel,59.88023952,679054f2072d526265aabff2,67906f845c6b43400d7e1d7e,,,,,,,,,,,,,,,,,,,,,,,,,,,,,,,,,,,,,,,,,,,,,,,,,,,,,,,,,Stimuli/27_0_R.jpg,Different,0,n,n,1,3.3908,73,0,73,0,1,,,,,
,,,,,,,,671c5ad0eb30c87c11b22ec4,2025-01-21_20h10.33.022,VisualArraysMentalRotation_v4,2021.1.4,MacIntel,59.88023952,679054f2072d526265aabff2,67906f845c6b43400d7e1d7e,,,,,,,,,,,,,,,,,,,,,,,,,,,,,,,,,,,,,,,,,,,,,,,,,,,,,,,,,Stimuli/22_100.jpg,Same,100,b,n,0,4.7439,74,0,74,0,1,,,,,
,,,,,,,,671c5ad0eb30c87c11b22ec4,2025-01-21_20h10.33.022,VisualArraysMentalRotation_v4,2021.1.4,MacIntel,59.88023952,679054f2072d526265aabff2,67906f845c6b43400d7e1d7e,,,,,,,,,,,,,,,,,,,,,,,,,,,,,,,,,,,,,,,,,,,,,,,,,,,,,,,,,Stimuli/3_150_R.jpg,Different,150,n,n,1,4.2647,75,0,75,0,1,,,,,
,,,,,,,,671c5ad0eb30c87c11b22ec4,2025-01-21_20h10.33.022,VisualArraysMentalRotation_v4,2021.1.4,MacIntel,59.88023952,679054f2072d526265aabff2,67906f845c6b43400d7e1d7e,,,,,,,,,,,,,,,,,,,,,,,,,,,,,,,,,,,,,,,,,,,,,,,,,,,,,,,,,Stimuli/21_100.jpg,Same,100,b,b,1,1.6928,76,0,76,0,1,,,,,
,,,,,,,,671c5ad0eb30c87c11b22ec4,2025-01-21_20h10.33.022,VisualArraysMentalRotation_v4,2021.1.4,MacIntel,59.88023952,679054f2072d526265aabff2,67906f845c6b43400d7e1d7e,,,,,,,,,,,,,,,,,,,,,,,,,,,,,,,,,,,,,,,,,,,,,,,,,,,,,,,,,Stimuli/22_150.jpg,Same,150,b,b,1,3.3087,77,0,77,0,1,,,,,
,,,,,,,,671c5ad0eb30c87c11b22ec4,2025-01-21_20h10.33.022,VisualArraysMentalRotation_v4,2021.1.4,MacIntel,59.88023952,679054f2072d526265aabff2,67906f845c6b43400d7e1d7e,,,,,,,,,,,,,,,,,,,,,,,,,,,,,,,,,,,,,,,,,,,,,,,,,,,,,,,,,Stimuli/16_150.jpg,Same,150,b,b,1,3.8136,78,0,78,0,1,,,,,
,,,,,,,,671c5ad0eb30c87c11b22ec4,2025-01-21_20h10.33.022,VisualArraysMentalRotation_v4,2021.1.4,MacIntel,59.88023952,679054f2072d526265aabff2,67906f845c6b43400d7e1d7e,,,,,,,,,,,,,,,,,,,,,,,,,,,,,,,,,,,,,,,,,,,,,,,,,,,,,,,,,Stimuli/21_50_R.jpg,Different,50,n,n,1,2.7079,79,0,79,0,1,,,,,
,,,,,,,,671c5ad0eb30c87c11b22ec4,2025-01-21_20h10.33.022,VisualArraysMentalRotation_v4,2021.1.4,MacIntel,59.88023952,679054f2072d526265aabff2,67906f845c6b43400d7e1d7e,,,,,,,,,,,,,,,,,,,,,,,,,,,,,,,,,,,,,,,,,,,,,,,,,,,,,,,,,Stimuli/43_0.jpg,Same,0,b,b,1,1.8939,80,0,80,0,1,,,,,
,,,,,,,,671c5ad0eb30c87c11b22ec4,2025-01-21_20h10.33.022,VisualArraysMentalRotation_v4,2021.1.4,MacIntel,59.88023952,679054f2072d526265aabff2,67906f845c6b43400d7e1d7e,,,,,,,,,,,,,,,,,,,,,,,,,,,,,,,,,,,,,,,,,,,,,,,,,,,,,,,,,Stimuli/28_50.jpg,Same,50,b,b,1,2.1997,81,0,81,0,1,,,,,
,,,,,,,,671c5ad0eb30c87c11b22ec4,2025-01-21_20h10.33.022,VisualArraysMentalRotation_v4,2021.1.4,MacIntel,59.88023952,679054f2072d526265aabff2,67906f845c6b43400d7e1d7e,,,,,,,,,,,,,,,,,,,,,,,,,,,,,,,,,,,,,,,,,,,,,,,,,,,,,,,,,Stimuli/22_100_R.jpg,Different,100,n,n,1,5.1416,82,0,82,0,1,,,,,
,,,,,,,,671c5ad0eb30c87c11b22ec4,2025-01-21_20h10.33.022,VisualArraysMentalRotation_v4,2021.1.4,MacIntel,59.88023952,679054f2072d526265aabff2,67906f845c6b43400d7e1d7e,,,,,,,,,,,,,,,,,,,,,,,,,,,,,,,,,,,,,,,,,,,,,,,,,,,,,,,,,Stimuli/19_0.jpg,Same,0,b,b,1,1.3459,83,0,83,0,1,,,,,
,,,,,,,,671c5ad0eb30c87c11b22ec4,2025-01-21_20h10.33.022,VisualArraysMentalRotation_v4,2021.1.4,MacIntel,59.88023952,679054f2072d526265aabff2,67906f845c6b43400d7e1d7e,,,,,,,,,,,,,,,,,,,,,,,,,,,,,,,,,,,,,,,,,,,,,,,,,,,,,,,,,Stimuli/22_50.jpg,Same,50,b,b,1,1.8934,84,0,84,0,1,,,,,
,,,,,,,,671c5ad0eb30c87c11b22ec4,2025-01-21_20h10.33.022,VisualArraysMentalRotation_v4,2021.1.4,MacIntel,59.88023952,679054f2072d526265aabff2,67906f845c6b43400d7e1d7e,,,,,,,,,,,,,,,,,,,,,,,,,,,,,,,,,,,,,,,,,,,,,,,,,,,,,,,,,Stimuli/27_150.jpg,Same,150,b,b,1,3.3334,85,0,85,0,1,,,,,
,,,,,,,,671c5ad0eb30c87c11b22ec4,2025-01-21_20h10.33.022,VisualArraysMentalRotation_v4,2021.1.4,MacIntel,59.88023952,679054f2072d526265aabff2,67906f845c6b43400d7e1d7e,,,,,,,,,,,,,,,,,,,,,,,,,,,,,,,,,,,,,,,,,,,,,,,,,,,,,,,,,Stimuli/27_100_R.jpg,Different,100,n,n,1,2.7966,86,0,86,0,1,,,,,
,,,,,,,,671c5ad0eb30c87c11b22ec4,2025-01-21_20h10.33.022,VisualArraysMentalRotation_v4,2021.1.4,MacIntel,59.88023952,679054f2072d526265aabff2,67906f845c6b43400d7e1d7e,,,,,,,,,,,,,,,,,,,,,,,,,,,,,,,,,,,,,,,,,,,,,,,,,,,,,,,,,Stimuli/38_0_R.jpg,Different,0,n,n,1,1.7957,87,0,87,0,1,,,,,
,,,,,,,,671c5ad0eb30c87c11b22ec4,2025-01-21_20h10.33.022,VisualArraysMentalRotation_v4,2021.1.4,MacIntel,59.88023952,679054f2072d526265aabff2,67906f845c6b43400d7e1d7e,,,,,,,,,,,,,,,,,,,,,,,,,,,,,,,,,,,,,,,,,,,,,,,,,,,,,,,,,Stimuli/3_100.jpg,Same,100,b,b,1,2.763,88,0,88,0,1,,,,,
,,,,,,,,671c5ad0eb30c87c11b22ec4,2025-01-21_20h10.33.022,VisualArraysMentalRotation_v4,2021.1.4,MacIntel,59.88023952,679054f2072d526265aabff2,67906f845c6b43400d7e1d7e,,,,,,,,,,,,,,,,,,,,,,,,,,,,,,,,,,,,,,,,,,,,,,,,,,,,,,,,,Stimuli/28_150_R.jpg,Different,150,n,b,0,3.6299,89,0,89,0,1,,,,,
,,,,,,,,671c5ad0eb30c87c11b22ec4,2025-01-21_20h10.33.022,VisualArraysMentalRotation_v4,2021.1.4,MacIntel,59.88023952,679054f2072d526265aabff2,67906f845c6b43400d7e1d7e,,,,,,,,,,,,,,,,,,,,,,,,,,,,,,,,,,,,,,,,,,,,,,,,,,,,,,,,,Stimuli/3_50_R.jpg,Different,50,n,n,1,2.9416,90,0,90,0,1,,,,,
,,,,,,,,671c5ad0eb30c87c11b22ec4,2025-01-21_20h10.33.022,VisualArraysMentalRotation_v4,2021.1.4,MacIntel,59.88023952,679054f2072d526265aabff2,67906f845c6b43400d7e1d7e,,,,,,,,,,,,,,,,,,,,,,,,,,,,,,,,,,,,,,,,,,,,,,,,,,,,,,,,,Stimuli/44_150.jpg,Same,150,b,b,1,4.1134,91,0,91,0,1,,,,,
,,,,,,,,671c5ad0eb30c87c11b22ec4,2025-01-21_20h10.33.022,VisualArraysMentalRotation_v4,2021.1.4,MacIntel,59.88023952,679054f2072d526265aabff2,67906f845c6b43400d7e1d7e,,,,,,,,,,,,,,,,,,,,,,,,,,,,,,,,,,,,,,,,,,,,,,,,,,,,,,,,,Stimuli/44_100_R.jpg,Different,100,n,b,0,3.0795,92,0,92,0,1,,,,,
,,,,,,,,671c5ad0eb30c87c11b22ec4,2025-01-21_20h10.33.022,VisualArraysMentalRotation_v4,2021.1.4,MacIntel,59.88023952,679054f2072d526265aabff2,67906f845c6b43400d7e1d7e,,,,,,,,,,,,,,,,,,,,,,,,,,,,,,,,,,,,,,,,,,,,,,,,,,,,,,,,,Stimuli/32_50_R.jpg,Different,50,n,n,1,3.4486,93,0,93,0,1,,,,,
,,,,,,,,671c5ad0eb30c87c11b22ec4,2025-01-21_20h10.33.022,VisualArraysMentalRotation_v4,2021.1.4,MacIntel,59.88023952,679054f2072d526265aabff2,67906f845c6b43400d7e1d7e,,,,,,,,,,,,,,,,,,,,,,,,,,,,,,,,,,,,,,,,,,,,,,,,,,,,,,,,,Stimuli/19_150.jpg,Same,150,b,b,1,2.6094,94,0,94,0,1,,,,,
,,,,,,,,671c5ad0eb30c87c11b22ec4,2025-01-21_20h10.33.022,VisualArraysMentalRotation_v4,2021.1.4,MacIntel,59.88023952,679054f2072d526265aabff2,67906f845c6b43400d7e1d7e,,,,,,,,,,,,,,,,,,,,,,,,,,,,,,,,,,,,,,,,,,,,,,,,,,,,,,,,,Stimuli/3_100_R.jpg,Different,100,n,n,1,4.3093,95,0,95,0,1,,,,,
,,,,,,,,671c5ad0eb30c87c11b22ec4,2025-01-21_20h10.33.022,VisualArraysMentalRotation_v4,2021.1.4,MacIntel,59.88023952,679054f2072d526265aabff2,67906f845c6b43400d7e1d7e,,,,,,,,,,,,,,,,,,,,,,,,,,,,,,,,,,,,,,,,,,,,,,,,,,,,,,,,,,,,,,,,,,,,,0,0,0,0,1
,,,,,,,,671c5ad0eb30c87c11b22ec4,2025-01-21_20h10.33.022,VisualArraysMentalRotation_v4,2021.1.4,MacIntel,59.88023952,679054f2072d526265aabff2,67906f845c6b43400d7e1d7e,,,,,,,,,,,,,,,,,,,,,,,,,,,,,,,,,,,,,,0,1,1,1,1,0,1,,,,,,,,,,,,,,,,,,,,,,,,,,,,,
