TaskOrder,consent_final_key_resp.keys,consent_final_key_resp.rt,VA_InstructionsLoop.thisRepN,VA_InstructionsLoop.thisTrialN,VA_InstructionsLoop.thisN,VA_InstructionsLoop.thisIndex,VA_InstructionsLoop.ran,PROLIFIC_PID,date,expName,psychopyVersion,OS,frameRate,STUDY_ID,SESSION_ID,Red Orientations,Blue Orientations,VA_array_dur,Target Rectangle,New Red Orientations,New Blue Orientations,VA_PracResponse.keys,VA_PracResponse.corr,VA_PracResponse.rt,PracTrials.thisRepN,PracTrials.thisTrialN,PracTrials.thisN,PracTrials.thisIndex,PracTrials.ran,VA_Target,VA_TargetNumber,VA_Orientation,VA_Answer,VA_DelayDur,VA_PracTrialsSpeed.thisRepN,VA_PracTrialsSpeed.thisTrialN,VA_PracTrialsSpeed.thisN,VA_PracTrialsSpeed.thisIndex,VA_PracTrialsSpeed.ran,VA_TestResponse.keys,VA_TestResponse.corr,VA_TestResponse.rt,VA_TestTrials.thisRepN,VA_TestTrials.thisTrialN,VA_TestTrials.thisN,VA_TestTrials.thisIndex,VA_TestTrials.ran,VA_Task.thisRepN,VA_Task.thisTrialN,VA_Task.thisN,VA_Task.thisIndex,VA_Task.ran,TasksLoop.thisRepN,TasksLoop.thisTrialN,TasksLoop.thisN,TasksLoop.thisIndex,TasksLoop.ran,nRepsVA,nRepsMRT,MRTPracResponse.keys,MRTPracResponse.corr,MRTPracResponse.rt,MRTPracticeTrials.thisRepN,MRTPracticeTrials.thisTrialN,MRTPracticeTrials.thisN,MRTPracticeTrials.thisIndex,MRTPracticeTrials.ran,PracStimulus,PracDegRotation,PracType,MRTPracCorrectAns,MRTStimulus,MRTType,MRTDegRotation,MRTCorrectAns,MRTTestResponse.keys,MRTTestResponse.corr,MRTTestResponse.rt,MRTTestTrials.thisRepN,MRTTestTrials.thisTrialN,MRTTestTrials.thisN,MRTTestTrials.thisIndex,MRTTestTrials.ran,MRT_Task.thisRepN,MRT_Task.thisTrialN,MRT_Task.thisN,MRT_Task.thisIndex,MRT_Task.ran
1,y,7.3532,0,0,0,0,1,664f408259a7d76b52e2ae25,2025-01-21_21h59.52.078,VisualArraysMentalRotation_v4,2021.1.4,Win32,243.902439,679054f2072d526265aabff2,67906d1e16ed8e26151ed332,,,,,,,,,,,,,,,,,,,,,,,,,,,,,,,,,,,,,,,,,,,,,,,,,,,,,,,,,,,,,,,,,,,,,,,,,
,,,,,,,,664f408259a7d76b52e2ae25,2025-01-21_21h59.52.078,VisualArraysMentalRotation_v4,2021.1.4,Win32,243.902439,679054f2072d526265aabff2,67906d1e16ed8e26151ed332,"[90,90,45,0,45]","[0,90,90,-45,0]",0.25,PracBlue_1,"[90,90,45,0,45]","[45,90,90,-45,0]",5,0,4.4619,0,0,0,12,1,BLUE,3,Different,6,1,,,,,,,,,,,,,,,,,,,,,,,,,,,,,,,,,,,,,,,,,,,,,,,,,,,,,,
,,,,,,,,664f408259a7d76b52e2ae25,2025-01-21_21h59.52.078,VisualArraysMentalRotation_v4,2021.1.4,Win32,243.902439,679054f2072d526265aabff2,67906d1e16ed8e26151ed332,"[0,0,-45,90,-45]","[90,0,90,-45,90]",0.25,PracRed_2,"[0,0,-45,90,-45]","[90,0,90,-45,90]",5,1,2.5312,0,1,1,1,1,RED,3,Same,5,3,,,,,,,,,,,,,,,,,,,,,,,,,,,,,,,,,,,,,,,,,,,,,,,,,,,,,,
,,,,,,,,664f408259a7d76b52e2ae25,2025-01-21_21h59.52.078,VisualArraysMentalRotation_v4,2021.1.4,Win32,243.902439,679054f2072d526265aabff2,67906d1e16ed8e26151ed332,"[45,90,-45,90,45]","[90,90,0,90,90]",0.25,PracRed_4,"[45,90,-45,90,45]","[90,90,0,90,90]",6,0,2.9898,0,2,2,2,1,RED,5,Same,5,1,,,,,,,,,,,,,,,,,,,,,,,,,,,,,,,,,,,,,,,,,,,,,,,,,,,,,,
,,,,,,,,664f408259a7d76b52e2ae25,2025-01-21_21h59.52.078,VisualArraysMentalRotation_v4,2021.1.4,Win32,243.902439,679054f2072d526265aabff2,67906d1e16ed8e26151ed332,"[-45,45,0,-45,-45]","[90,45,-45,90,0]",0.25,PracBlue_2,"[-45,45,0,-45,-45]","[90,0,-45,90,0]",5,0,1.6294,0,3,3,14,1,BLUE,5,Different,6,1,,,,,,,,,,,,,,,,,,,,,,,,,,,,,,,,,,,,,,,,,,,,,,,,,,,,,,
,,,,,,,,664f408259a7d76b52e2ae25,2025-01-21_21h59.52.078,VisualArraysMentalRotation_v4,2021.1.4,Win32,243.902439,679054f2072d526265aabff2,67906d1e16ed8e26151ed332,"[0,45,90,45,45]","[-45,90,90,-45,45]",0.25,PracBlue_4,"[0,45,90,45,45]","[-45,90,90,90,45]",5,0,1.1773,0,4,4,15,1,BLUE,5,Different,6,3,,,,,,,,,,,,,,,,,,,,,,,,,,,,,,,,,,,,,,,,,,,,,,,,,,,,,,
,,,,,,,,664f408259a7d76b52e2ae25,2025-01-21_21h59.52.078,VisualArraysMentalRotation_v4,2021.1.4,Win32,243.902439,679054f2072d526265aabff2,67906d1e16ed8e26151ed332,"[0,45,0,90,0]","[0,0,90,45,90]",0.25,PracBlue_3,"[0,45,0,90,0]","[0,0,90,45,90]",5,1,1.4307,0,5,5,11,1,BLUE,5,Same,5,3,,,,,,,,,,,,,,,,,,,,,,,,,,,,,,,,,,,,,,,,,,,,,,,,,,,,,,
,,,,,,,,664f408259a7d76b52e2ae25,2025-01-21_21h59.52.078,VisualArraysMentalRotation_v4,2021.1.4,Win32,243.902439,679054f2072d526265aabff2,67906d1e16ed8e26151ed332,"[90,45,45,90,45]","[90,0,45,45,0]",0.25,PracBlue_1,"[90,45,45,90,45]","[0,0,45,45,0]",6,1,1.4378,0,6,6,13,1,BLUE,3,Different,6,3,,,,,,,,,,,,,,,,,,,,,,,,,,,,,,,,,,,,,,,,,,,,,,,,,,,,,,
,,,,,,,,664f408259a7d76b52e2ae25,2025-01-21_21h59.52.078,VisualArraysMentalRotation_v4,2021.1.4,Win32,243.902439,679054f2072d526265aabff2,67906d1e16ed8e26151ed332,"[45,90,0,0,-45]","[45,0,-45,90,90]",0.25,PracBlue_1,"[45,90,0,0,-45]","[45,0,-45,90,90]",5,1,1.2343,0,7,7,8,1,BLUE,3,Same,5,1,,,,,,,,,,,,,,,,,,,,,,,,,,,,,,,,,,,,,,,,,,,,,,,,,,,,,,
,,,,,,,,664f408259a7d76b52e2ae25,2025-01-21_21h59.52.078,VisualArraysMentalRotation_v4,2021.1.4,Win32,243.902439,679054f2072d526265aabff2,67906d1e16ed8e26151ed332,"[90,45,0,0,90]","[45,90,0,0,45]",0.25,PracRed_5,"[90,45,0,0,90]","[45,90,0,0,45]",5,1,1.3774,0,8,8,3,1,RED,5,Same,5,3,,,,,,,,,,,,,,,,,,,,,,,,,,,,,,,,,,,,,,,,,,,,,,,,,,,,,,
,,,,,,,,664f408259a7d76b52e2ae25,2025-01-21_21h59.52.078,VisualArraysMentalRotation_v4,2021.1.4,Win32,243.902439,679054f2072d526265aabff2,67906d1e16ed8e26151ed332,"[0,-45,-45,45,-45]","[45,0,0,45,-45]",0.25,PracRed_1,"[90,-45,-45,45,-45]","[45,0,0,45,-45]",5,0,1.0807,0,9,9,6,1,RED,5,Different,6,1,,,,,,,,,,,,,,,,,,,,,,,,,,,,,,,,,,,,,,,,,,,,,,,,,,,,,,
,,,,,,,,664f408259a7d76b52e2ae25,2025-01-21_21h59.52.078,VisualArraysMentalRotation_v4,2021.1.4,Win32,243.902439,679054f2072d526265aabff2,67906d1e16ed8e26151ed332,"[-45,0,90,-45,90]","[0,-45,0,0,0]",0.25,PracBlue_1,"[-45,0,90,-45,90]","[0,-45,0,0,0]",5,1,1.0065,0,10,10,9,1,BLUE,3,Same,5,3,,,,,,,,,,,,,,,,,,,,,,,,,,,,,,,,,,,,,,,,,,,,,,,,,,,,,,
,,,,,,,,664f408259a7d76b52e2ae25,2025-01-21_21h59.52.078,VisualArraysMentalRotation_v4,2021.1.4,Win32,243.902439,679054f2072d526265aabff2,67906d1e16ed8e26151ed332,"[45,90,45,90,0]","[45,90,45,45,0]",0.25,PracBlue_2,"[45,90,45,90,0]","[45,90,45,45,0]",6,0,1.0848,0,11,11,10,1,BLUE,5,Same,5,1,,,,,,,,,,,,,,,,,,,,,,,,,,,,,,,,,,,,,,,,,,,,,,,,,,,,,,
,,,,,,,,664f408259a7d76b52e2ae25,2025-01-21_21h59.52.078,VisualArraysMentalRotation_v4,2021.1.4,Win32,243.902439,679054f2072d526265aabff2,67906d1e16ed8e26151ed332,"[90,0,90,-45,45]","[-45,90,45,0,-45]",0.25,PracRed_3,"[90,0,90,-45,45]","[-45,90,45,0,-45]",5,1,1.0542,0,12,12,0,1,RED,3,Same,5,1,,,,,,,,,,,,,,,,,,,,,,,,,,,,,,,,,,,,,,,,,,,,,,,,,,,,,,
,,,,,,,,664f408259a7d76b52e2ae25,2025-01-21_21h59.52.078,VisualArraysMentalRotation_v4,2021.1.4,Win32,243.902439,679054f2072d526265aabff2,67906d1e16ed8e26151ed332,"[-45,-45,90,0,90]","[45,-45,45,0,-45]",0.25,PracRed_5,"[-45,-45,90,0,0]","[45,-45,45,0,-45]",6,1,1.6878,0,13,13,7,1,RED,5,Different,6,3,,,,,,,,,,,,,,,,,,,,,,,,,,,,,,,,,,,,,,,,,,,,,,,,,,,,,,
,,,,,,,,664f408259a7d76b52e2ae25,2025-01-21_21h59.52.078,VisualArraysMentalRotation_v4,2021.1.4,Win32,243.902439,679054f2072d526265aabff2,67906d1e16ed8e26151ed332,"[0,45,-45,90,90]","[0,0,90,0,90]",0.25,PracRed_1,"[45,45,-45,90,90]","[0,0,90,0,90]",6,1,1.3402,0,14,14,4,1,RED,3,Different,6,1,,,,,,,,,,,,,,,,,,,,,,,,,,,,,,,,,,,,,,,,,,,,,,,,,,,,,,
,,,,,,,,664f408259a7d76b52e2ae25,2025-01-21_21h59.52.078,VisualArraysMentalRotation_v4,2021.1.4,Win32,243.902439,679054f2072d526265aabff2,67906d1e16ed8e26151ed332,"[90,90,-45,-45,-45]","[-45,90,90,90,90]",0.25,PracRed_3,"[90,90,45,-45,-45]","[-45,90,90,90,90]",5,0,1.6754,0,15,15,5,1,RED,3,Different,6,3,,,,,,,,,,,,,,,,,,,,,,,,,,,,,,,,,,,,,,,,,,,,,,,,,,,,,,
,,,,,,,,664f408259a7d76b52e2ae25,2025-01-21_21h59.52.078,VisualArraysMentalRotation_v4,2021.1.4,Win32,243.902439,679054f2072d526265aabff2,67906d1e16ed8e26151ed332,,,,,,,,,,,,,,,,,,,,0,0,0,0,1,,,,,,,,,,,,,,,,,,,,,,,,,,,,,,,,,,,,,,,,,,,,,,,,,
,,,,,,,,664f408259a7d76b52e2ae25,2025-01-21_21h59.52.078,VisualArraysMentalRotation_v4,2021.1.4,Win32,243.902439,679054f2072d526265aabff2,67906d1e16ed8e26151ed332,"[90,0,0,45,90]","[0,90,-45,0,-45]",0.25,PracRed_5,"[90,0,0,45,-45]","[0,90,-45,0,-45]",6,1,2.4723,0,0,0,7,1,RED,5,Different,6,3,,,,,,,,,,,,,,,,,,,,,,,,,,,,,,,,,,,,,,,,,,,,,,,,,,,,,,
,,,,,,,,664f408259a7d76b52e2ae25,2025-01-21_21h59.52.078,VisualArraysMentalRotation_v4,2021.1.4,Win32,243.902439,679054f2072d526265aabff2,67906d1e16ed8e26151ed332,"[-45,0,0,-45,-45]","[90,0,0,45,45]",0.25,PracRed_3,"[-45,0,90,-45,-45]","[90,0,0,45,45]",6,1,1.4423,0,1,1,4,1,RED,3,Different,6,1,,,,,,,,,,,,,,,,,,,,,,,,,,,,,,,,,,,,,,,,,,,,,,,,,,,,,,
,,,,,,,,664f408259a7d76b52e2ae25,2025-01-21_21h59.52.078,VisualArraysMentalRotation_v4,2021.1.4,Win32,243.902439,679054f2072d526265aabff2,67906d1e16ed8e26151ed332,"[0,-45,45,90,0]","[0,0,90,90,45]",0.25,PracRed_1,"[0,-45,45,90,0]","[0,0,90,90,45]",5,1,0.8817,0,2,2,0,1,RED,3,Same,5,1,,,,,,,,,,,,,,,,,,,,,,,,,,,,,,,,,,,,,,,,,,,,,,,,,,,,,,
,,,,,,,,664f408259a7d76b52e2ae25,2025-01-21_21h59.52.078,VisualArraysMentalRotation_v4,2021.1.4,Win32,243.902439,679054f2072d526265aabff2,67906d1e16ed8e26151ed332,"[-45,45,45,45,0]","[-45,0,90,-45,45]",0.25,PracBlue_1,"[-45,45,45,45,0]","[-45,0,90,-45,45]",5,1,0.9694,0,3,3,9,1,BLUE,3,Same,5,3,,,,,,,,,,,,,,,,,,,,,,,,,,,,,,,,,,,,,,,,,,,,,,,,,,,,,,
,,,,,,,,664f408259a7d76b52e2ae25,2025-01-21_21h59.52.078,VisualArraysMentalRotation_v4,2021.1.4,Win32,243.902439,679054f2072d526265aabff2,67906d1e16ed8e26151ed332,"[0,0,45,-45,0]","[90,90,45,0,0]",0.25,PracBlue_2,"[0,0,45,-45,0]","[90,90,45,0,0]",6,0,0.9209,0,4,4,11,1,BLUE,5,Same,5,3,,,,,,,,,,,,,,,,,,,,,,,,,,,,,,,,,,,,,,,,,,,,,,,,,,,,,,
,,,,,,,,664f408259a7d76b52e2ae25,2025-01-21_21h59.52.078,VisualArraysMentalRotation_v4,2021.1.4,Win32,243.902439,679054f2072d526265aabff2,67906d1e16ed8e26151ed332,"[45,-45,90,90,0]","[-45,-45,90,45,0]",0.25,PracBlue_3,"[45,-45,90,90,0]","[-45,-45,90,45,0]",5,1,0.7611,0,5,5,10,1,BLUE,5,Same,5,1,,,,,,,,,,,,,,,,,,,,,,,,,,,,,,,,,,,,,,,,,,,,,,,,,,,,,,
,,,,,,,,664f408259a7d76b52e2ae25,2025-01-21_21h59.52.078,VisualArraysMentalRotation_v4,2021.1.4,Win32,243.902439,679054f2072d526265aabff2,67906d1e16ed8e26151ed332,"[45,45,-45,45,0]","[90,-45,90,45,45]",0.25,PracBlue_4,"[45,45,-45,45,0]","[90,-45,90,0,45]",6,1,1.2256,0,6,6,15,1,BLUE,5,Different,6,3,,,,,,,,,,,,,,,,,,,,,,,,,,,,,,,,,,,,,,,,,,,,,,,,,,,,,,
,,,,,,,,664f408259a7d76b52e2ae25,2025-01-21_21h59.52.078,VisualArraysMentalRotation_v4,2021.1.4,Win32,243.902439,679054f2072d526265aabff2,67906d1e16ed8e26151ed332,"[90,45,90,90,-45]","[0,0,0,90,-45]",0.25,PracBlue_3,"[90,45,90,90,-45]","[0,0,45,90,-45]",6,1,1.2416,0,7,7,12,1,BLUE,3,Different,6,1,,,,,,,,,,,,,,,,,,,,,,,,,,,,,,,,,,,,,,,,,,,,,,,,,,,,,,
,,,,,,,,664f408259a7d76b52e2ae25,2025-01-21_21h59.52.078,VisualArraysMentalRotation_v4,2021.1.4,Win32,243.902439,679054f2072d526265aabff2,67906d1e16ed8e26151ed332,"[45,-45,0,-45,-45]","[90,90,-45,0,90]",0.25,PracBlue_2,"[45,-45,0,-45,-45]","[90,90,-45,0,90]",5,1,1.0699,0,8,8,8,1,BLUE,3,Same,5,1,,,,,,,,,,,,,,,,,,,,,,,,,,,,,,,,,,,,,,,,,,,,,,,,,,,,,,
,,,,,,,,664f408259a7d76b52e2ae25,2025-01-21_21h59.52.078,VisualArraysMentalRotation_v4,2021.1.4,Win32,243.902439,679054f2072d526265aabff2,67906d1e16ed8e26151ed332,"[45,0,45,90,45]","[90,90,-45,90,-45]",0.25,PracRed_4,"[45,0,45,90,45]","[90,90,-45,90,-45]",5,1,1.3765,0,9,9,3,1,RED,5,Same,5,3,,,,,,,,,,,,,,,,,,,,,,,,,,,,,,,,,,,,,,,,,,,,,,,,,,,,,,
,,,,,,,,664f408259a7d76b52e2ae25,2025-01-21_21h59.52.078,VisualArraysMentalRotation_v4,2021.1.4,Win32,243.902439,679054f2072d526265aabff2,67906d1e16ed8e26151ed332,"[0,0,90,-45,45]","[-45,45,0,0,-45]",0.25,PracBlue_1,"[0,0,90,-45,45]","[45,45,0,0,-45]",5,0,1.4549,0,10,10,14,1,BLUE,5,Different,6,1,,,,,,,,,,,,,,,,,,,,,,,,,,,,,,,,,,,,,,,,,,,,,,,,,,,,,,
,,,,,,,,664f408259a7d76b52e2ae25,2025-01-21_21h59.52.078,VisualArraysMentalRotation_v4,2021.1.4,Win32,243.902439,679054f2072d526265aabff2,67906d1e16ed8e26151ed332,"[-45,90,45,45,90]","[90,0,45,-45,-45]",0.25,PracBlue_2,"[-45,90,45,45,90]","[90,90,45,-45,-45]",6,1,1.3752,0,11,11,13,1,BLUE,3,Different,6,3,,,,,,,,,,,,,,,,,,,,,,,,,,,,,,,,,,,,,,,,,,,,,,,,,,,,,,
,,,,,,,,664f408259a7d76b52e2ae25,2025-01-21_21h59.52.078,VisualArraysMentalRotation_v4,2021.1.4,Win32,243.902439,679054f2072d526265aabff2,67906d1e16ed8e26151ed332,"[-45,-45,90,45,-45]","[-45,0,-45,45,90]",0.25,PracRed_1,"[-45,-45,90,45,-45]","[-45,0,-45,45,90]",5,1,0.9249,0,12,12,1,1,RED,3,Same,5,3,,,,,,,,,,,,,,,,,,,,,,,,,,,,,,,,,,,,,,,,,,,,,,,,,,,,,,
,,,,,,,,664f408259a7d76b52e2ae25,2025-01-21_21h59.52.078,VisualArraysMentalRotation_v4,2021.1.4,Win32,243.902439,679054f2072d526265aabff2,67906d1e16ed8e26151ed332,"[-45,0,0,0,-45]","[90,90,-45,0,0]",0.25,PracRed_5,"[-45,0,0,0,-45]","[90,90,-45,0,0]",5,1,1.2458,0,13,13,2,1,RED,5,Same,5,1,,,,,,,,,,,,,,,,,,,,,,,,,,,,,,,,,,,,,,,,,,,,,,,,,,,,,,
,,,,,,,,664f408259a7d76b52e2ae25,2025-01-21_21h59.52.078,VisualArraysMentalRotation_v4,2021.1.4,Win32,243.902439,679054f2072d526265aabff2,67906d1e16ed8e26151ed332,"[90,-45,45,-45,-45]","[-45,0,0,90,45]",0.25,PracRed_1,"[0,-45,45,-45,-45]","[-45,0,0,90,45]",6,1,0.777,0,14,14,6,1,RED,5,Different,6,1,,,,,,,,,,,,,,,,,,,,,,,,,,,,,,,,,,,,,,,,,,,,,,,,,,,,,,
,,,,,,,,664f408259a7d76b52e2ae25,2025-01-21_21h59.52.078,VisualArraysMentalRotation_v4,2021.1.4,Win32,243.902439,679054f2072d526265aabff2,67906d1e16ed8e26151ed332,"[-45,45,90,90,0]","[45,0,0,0,90]",0.25,PracRed_1,"[90,45,90,90,0]","[45,0,0,0,90]",6,1,1.6096,0,15,15,5,1,RED,3,Different,6,3,,,,,,,,,,,,,,,,,,,,,,,,,,,,,,,,,,,,,,,,,,,,,,,,,,,,,,
,,,,,,,,664f408259a7d76b52e2ae25,2025-01-21_21h59.52.078,VisualArraysMentalRotation_v4,2021.1.4,Win32,243.902439,679054f2072d526265aabff2,67906d1e16ed8e26151ed332,,,,,,,,,,,,,,,,,,,,1,0,1,0,1,,,,,,,,,,,,,,,,,,,,,,,,,,,,,,,,,,,,,,,,,,,,,,,,,
,,,,,,,,664f408259a7d76b52e2ae25,2025-01-21_21h59.52.078,VisualArraysMentalRotation_v4,2021.1.4,Win32,243.902439,679054f2072d526265aabff2,67906d1e16ed8e26151ed332,"[0,90,0,90,90]","[0,-45,-45,90,45]",,Blue_3,"[0,90,0,90,90]","[0,-45,-45,90,45]",,,,,,,,,BLUE,3,Same,5,3,,,,,,5,1,1.3537,0,0,0,9,1,,,,,,,,,,,,,,,,,,,,,,,,,,,,,,,,,,,,,,,,,
,,,,,,,,664f408259a7d76b52e2ae25,2025-01-21_21h59.52.078,VisualArraysMentalRotation_v4,2021.1.4,Win32,243.902439,679054f2072d526265aabff2,67906d1e16ed8e26151ed332,"[-45,0,-45,45,90]","[45,-45,45,45,90]",,Red_4,"[-45,0,-45,-45,90]","[45,-45,45,45,90]",,,,,,,,,RED,5,Different,6,3,,,,,,5,0,1.2084,0,1,1,7,1,,,,,,,,,,,,,,,,,,,,,,,,,,,,,,,,,,,,,,,,,
,,,,,,,,664f408259a7d76b52e2ae25,2025-01-21_21h59.52.078,VisualArraysMentalRotation_v4,2021.1.4,Win32,243.902439,679054f2072d526265aabff2,67906d1e16ed8e26151ed332,"[0,0,0,45,-45]","[0,45,45,45,-45]",,Red_2,"[0,90,0,45,-45]","[0,45,45,45,-45]",,,,,,,,,RED,3,Different,6,3,,,,,,6,1,1.1183,0,2,2,5,1,,,,,,,,,,,,,,,,,,,,,,,,,,,,,,,,,,,,,,,,,
,,,,,,,,664f408259a7d76b52e2ae25,2025-01-21_21h59.52.078,VisualArraysMentalRotation_v4,2021.1.4,Win32,243.902439,679054f2072d526265aabff2,67906d1e16ed8e26151ed332,"[90,90,0,45,90]","[-45,0,45,45,-45]",,Blue_3,"[90,90,0,45,90]","[-45,0,45,45,-45]",,,,,,,,,BLUE,5,Same,5,1,,,,,,5,1,1.0542,0,3,3,10,1,,,,,,,,,,,,,,,,,,,,,,,,,,,,,,,,,,,,,,,,,
,,,,,,,,664f408259a7d76b52e2ae25,2025-01-21_21h59.52.078,VisualArraysMentalRotation_v4,2021.1.4,Win32,243.902439,679054f2072d526265aabff2,67906d1e16ed8e26151ed332,"[-45,0,-45,-45,-45]","[45,90,90,90,-45]",,Red_5,"[-45,0,-45,-45,90]","[45,90,90,90,-45]",,,,,,,,,RED,5,Different,6,1,,,,,,6,1,1.6429,0,4,4,6,1,,,,,,,,,,,,,,,,,,,,,,,,,,,,,,,,,,,,,,,,,
,,,,,,,,664f408259a7d76b52e2ae25,2025-01-21_21h59.52.078,VisualArraysMentalRotation_v4,2021.1.4,Win32,243.902439,679054f2072d526265aabff2,67906d1e16ed8e26151ed332,"[-45,0,45,0,45]","[90,-45,45,45,45]",,Blue_4,"[-45,0,45,0,45]","[90,-45,45,90,45]",,,,,,,,,BLUE,5,Different,6,3,,,,,,5,0,2.9538,0,5,5,15,1,,,,,,,,,,,,,,,,,,,,,,,,,,,,,,,,,,,,,,,,,
,,,,,,,,664f408259a7d76b52e2ae25,2025-01-21_21h59.52.078,VisualArraysMentalRotation_v4,2021.1.4,Win32,243.902439,679054f2072d526265aabff2,67906d1e16ed8e26151ed332,"[90,-45,-45,-45,0]","[0,0,0,-45,0]",,Blue_4,"[90,-45,-45,-45,0]","[0,0,0,-45,0]",,,,,,,,,BLUE,5,Same,5,3,,,,,,5,1,1.1763,0,6,6,11,1,,,,,,,,,,,,,,,,,,,,,,,,,,,,,,,,,,,,,,,,,
,,,,,,,,664f408259a7d76b52e2ae25,2025-01-21_21h59.52.078,VisualArraysMentalRotation_v4,2021.1.4,Win32,243.902439,679054f2072d526265aabff2,67906d1e16ed8e26151ed332,"[90,45,90,-45,0]","[0,0,90,45,0]",,Blue_2,"[90,45,90,-45,0]","[0,-45,90,45,0]",,,,,,,,,BLUE,5,Different,6,1,,,,,,5,0,1.0985,0,7,7,14,1,,,,,,,,,,,,,,,,,,,,,,,,,,,,,,,,,,,,,,,,,
,,,,,,,,664f408259a7d76b52e2ae25,2025-01-21_21h59.52.078,VisualArraysMentalRotation_v4,2021.1.4,Win32,243.902439,679054f2072d526265aabff2,67906d1e16ed8e26151ed332,"[-45,45,-45,-45,-45]","[0,45,90,45,0]",,Red_3,"[-45,45,90,-45,-45]","[0,45,90,45,0]",,,,,,,,,RED,3,Different,6,1,,,,,,6,1,1.1687,0,8,8,4,1,,,,,,,,,,,,,,,,,,,,,,,,,,,,,,,,,,,,,,,,,
,,,,,,,,664f408259a7d76b52e2ae25,2025-01-21_21h59.52.078,VisualArraysMentalRotation_v4,2021.1.4,Win32,243.902439,679054f2072d526265aabff2,67906d1e16ed8e26151ed332,"[-45,45,90,90,45]","[90,0,90,45,0]",,Red_1,"[-45,45,90,90,45]","[90,0,90,45,0]",,,,,,,,,RED,3,Same,5,3,,,,,,5,1,1.6503,0,9,9,1,1,,,,,,,,,,,,,,,,,,,,,,,,,,,,,,,,,,,,,,,,,
,,,,,,,,664f408259a7d76b52e2ae25,2025-01-21_21h59.52.078,VisualArraysMentalRotation_v4,2021.1.4,Win32,243.902439,679054f2072d526265aabff2,67906d1e16ed8e26151ed332,"[0,0,-45,0,0]","[-45,90,-45,-45,45]",,Red_3,"[0,0,-45,0,0]","[-45,90,-45,-45,45]",,,,,,,,,RED,3,Same,5,1,,,,,,5,1,0.8568,0,10,10,0,1,,,,,,,,,,,,,,,,,,,,,,,,,,,,,,,,,,,,,,,,,
,,,,,,,,664f408259a7d76b52e2ae25,2025-01-21_21h59.52.078,VisualArraysMentalRotation_v4,2021.1.4,Win32,243.902439,679054f2072d526265aabff2,67906d1e16ed8e26151ed332,"[90,90,45,45,0]","[45,-45,-45,-45,90]",,Blue_3,"[90,90,45,45,0]","[45,-45,45,-45,90]",,,,,,,,,BLUE,3,Different,6,1,,,,,,6,1,2.3102,0,11,11,12,1,,,,,,,,,,,,,,,,,,,,,,,,,,,,,,,,,,,,,,,,,
,,,,,,,,664f408259a7d76b52e2ae25,2025-01-21_21h59.52.078,VisualArraysMentalRotation_v4,2021.1.4,Win32,243.902439,679054f2072d526265aabff2,67906d1e16ed8e26151ed332,"[90,90,-45,-45,0]","[0,0,90,0,0]",,Blue_3,"[90,90,-45,-45,0]","[0,0,90,0,0]",,,,,,,,,BLUE,3,Same,5,1,,,,,,5,1,1.0943,0,12,12,8,1,,,,,,,,,,,,,,,,,,,,,,,,,,,,,,,,,,,,,,,,,
,,,,,,,,664f408259a7d76b52e2ae25,2025-01-21_21h59.52.078,VisualArraysMentalRotation_v4,2021.1.4,Win32,243.902439,679054f2072d526265aabff2,67906d1e16ed8e26151ed332,"[90,0,90,90,0]","[90,90,0,-45,45]",,Blue_2,"[90,0,90,90,0]","[90,-45,0,-45,45]",,,,,,,,,BLUE,3,Different,6,3,,,,,,6,1,0.6893,0,13,13,13,1,,,,,,,,,,,,,,,,,,,,,,,,,,,,,,,,,,,,,,,,,
,,,,,,,,664f408259a7d76b52e2ae25,2025-01-21_21h59.52.078,VisualArraysMentalRotation_v4,2021.1.4,Win32,243.902439,679054f2072d526265aabff2,67906d1e16ed8e26151ed332,"[45,-45,0,45,90]","[-45,90,45,-45,90]",,Red_2,"[45,-45,0,45,90]","[-45,90,45,-45,90]",,,,,,,,,RED,5,Same,5,3,,,,,,5,1,0.9458,0,14,14,3,1,,,,,,,,,,,,,,,,,,,,,,,,,,,,,,,,,,,,,,,,,
,,,,,,,,664f408259a7d76b52e2ae25,2025-01-21_21h59.52.078,VisualArraysMentalRotation_v4,2021.1.4,Win32,243.902439,679054f2072d526265aabff2,67906d1e16ed8e26151ed332,"[-45,-45,0,0,-45]","[45,90,-45,90,45]",,Red_5,"[-45,-45,0,0,-45]","[45,90,-45,90,45]",,,,,,,,,RED,5,Same,5,1,,,,,,6,0,1.4311,0,15,15,2,1,,,,,,,,,,,,,,,,,,,,,,,,,,,,,,,,,,,,,,,,,
,,,,,,,,664f408259a7d76b52e2ae25,2025-01-21_21h59.52.078,VisualArraysMentalRotation_v4,2021.1.4,Win32,243.902439,679054f2072d526265aabff2,67906d1e16ed8e26151ed332,"[-45,90,45,-45,0]","[45,-45,0,-45,0]",,Blue_1,"[-45,90,45,-45,0]","[0,-45,0,-45,0]",,,,,,,,,BLUE,5,Different,6,1,,,,,,6,1,1.483,1,0,16,14,1,,,,,,,,,,,,,,,,,,,,,,,,,,,,,,,,,,,,,,,,,
,,,,,,,,664f408259a7d76b52e2ae25,2025-01-21_21h59.52.078,VisualArraysMentalRotation_v4,2021.1.4,Win32,243.902439,679054f2072d526265aabff2,67906d1e16ed8e26151ed332,"[-45,45,90,0,90]","[90,-45,-45,0,0]",,Blue_1,"[-45,45,90,0,90]","[90,-45,-45,0,0]",,,,,,,,,BLUE,3,Same,5,1,,,,,,5,1,0.8915,1,1,17,8,1,,,,,,,,,,,,,,,,,,,,,,,,,,,,,,,,,,,,,,,,,
,,,,,,,,664f408259a7d76b52e2ae25,2025-01-21_21h59.52.078,VisualArraysMentalRotation_v4,2021.1.4,Win32,243.902439,679054f2072d526265aabff2,67906d1e16ed8e26151ed332,"[45,45,45,90,-45]","[90,90,-45,90,-45]",,Blue_3,"[45,45,45,90,-45]","[90,90,90,90,-45]",,,,,,,,,BLUE,3,Different,6,1,,,,,,6,1,1.2135,1,2,18,12,1,,,,,,,,,,,,,,,,,,,,,,,,,,,,,,,,,,,,,,,,,
,,,,,,,,664f408259a7d76b52e2ae25,2025-01-21_21h59.52.078,VisualArraysMentalRotation_v4,2021.1.4,Win32,243.902439,679054f2072d526265aabff2,67906d1e16ed8e26151ed332,"[90,-45,90,-45,90]","[90,90,-45,45,-45]",,Red_3,"[90,-45,-45,-45,90]","[90,90,-45,45,-45]",,,,,,,,,RED,3,Different,6,1,,,,,,6,1,1.0428,1,3,19,4,1,,,,,,,,,,,,,,,,,,,,,,,,,,,,,,,,,,,,,,,,,
,,,,,,,,664f408259a7d76b52e2ae25,2025-01-21_21h59.52.078,VisualArraysMentalRotation_v4,2021.1.4,Win32,243.902439,679054f2072d526265aabff2,67906d1e16ed8e26151ed332,"[45,45,0,-45,0]","[0,90,0,-45,-45]",,Red_1,"[45,45,0,-45,0]","[0,90,0,-45,-45]",,,,,,,,,RED,5,Same,5,1,,,,,,6,0,1.2226,1,4,20,2,1,,,,,,,,,,,,,,,,,,,,,,,,,,,,,,,,,,,,,,,,,
,,,,,,,,664f408259a7d76b52e2ae25,2025-01-21_21h59.52.078,VisualArraysMentalRotation_v4,2021.1.4,Win32,243.902439,679054f2072d526265aabff2,67906d1e16ed8e26151ed332,"[45,90,45,45,90]","[0,45,0,90,0]",,Red_4,"[45,90,45,0,90]","[0,45,0,90,0]",,,,,,,,,RED,5,Different,6,1,,,,,,6,1,1.2547,1,5,21,6,1,,,,,,,,,,,,,,,,,,,,,,,,,,,,,,,,,,,,,,,,,
,,,,,,,,664f408259a7d76b52e2ae25,2025-01-21_21h59.52.078,VisualArraysMentalRotation_v4,2021.1.4,Win32,243.902439,679054f2072d526265aabff2,67906d1e16ed8e26151ed332,"[45,0,-45,0,45]","[-45,-45,-45,45,45]",,Red_4,"[45,0,-45,0,45]","[-45,-45,-45,45,45]",,,,,,,,,RED,5,Same,5,3,,,,,,5,1,1.0639,1,6,22,3,1,,,,,,,,,,,,,,,,,,,,,,,,,,,,,,,,,,,,,,,,,
,,,,,,,,664f408259a7d76b52e2ae25,2025-01-21_21h59.52.078,VisualArraysMentalRotation_v4,2021.1.4,Win32,243.902439,679054f2072d526265aabff2,67906d1e16ed8e26151ed332,"[0,0,90,90,90]","[-45,45,-45,90,0]",,Blue_3,"[0,0,90,90,90]","[-45,45,-45,90,0]",,,,,,,,,BLUE,5,Same,5,1,,,,,,6,0,1.5738,1,7,23,10,1,,,,,,,,,,,,,,,,,,,,,,,,,,,,,,,,,,,,,,,,,
,,,,,,,,664f408259a7d76b52e2ae25,2025-01-21_21h59.52.078,VisualArraysMentalRotation_v4,2021.1.4,Win32,243.902439,679054f2072d526265aabff2,67906d1e16ed8e26151ed332,"[0,-45,90,90,90]","[-45,0,45,-45,45]",,Red_3,"[0,-45,45,90,90]","[-45,0,45,-45,45]",,,,,,,,,RED,5,Different,6,3,,,,,,6,1,1.1811,1,8,24,7,1,,,,,,,,,,,,,,,,,,,,,,,,,,,,,,,,,,,,,,,,,
,,,,,,,,664f408259a7d76b52e2ae25,2025-01-21_21h59.52.078,VisualArraysMentalRotation_v4,2021.1.4,Win32,243.902439,679054f2072d526265aabff2,67906d1e16ed8e26151ed332,"[90,-45,-45,-45,45]","[45,0,0,45,0]",,Blue_2,"[90,-45,-45,-45,45]","[45,-45,0,45,0]",,,,,,,,,BLUE,3,Different,6,3,,,,,,6,1,0.904,1,9,25,13,1,,,,,,,,,,,,,,,,,,,,,,,,,,,,,,,,,,,,,,,,,
,,,,,,,,664f408259a7d76b52e2ae25,2025-01-21_21h59.52.078,VisualArraysMentalRotation_v4,2021.1.4,Win32,243.902439,679054f2072d526265aabff2,67906d1e16ed8e26151ed332,"[0,0,0,0,90]","[45,-45,0,-45,45]",,Blue_4,"[0,0,0,0,90]","[45,-45,0,45,45]",,,,,,,,,BLUE,5,Different,6,3,,,,,,6,1,1.1652,1,10,26,15,1,,,,,,,,,,,,,,,,,,,,,,,,,,,,,,,,,,,,,,,,,
,,,,,,,,664f408259a7d76b52e2ae25,2025-01-21_21h59.52.078,VisualArraysMentalRotation_v4,2021.1.4,Win32,243.902439,679054f2072d526265aabff2,67906d1e16ed8e26151ed332,"[45,0,0,-45,0]","[45,45,-45,90,0]",,Red_2,"[45,0,0,-45,0]","[45,45,-45,90,0]",,,,,,,,,RED,3,Same,5,1,,,,,,5,1,0.9861,1,11,27,0,1,,,,,,,,,,,,,,,,,,,,,,,,,,,,,,,,,,,,,,,,,
,,,,,,,,664f408259a7d76b52e2ae25,2025-01-21_21h59.52.078,VisualArraysMentalRotation_v4,2021.1.4,Win32,243.902439,679054f2072d526265aabff2,67906d1e16ed8e26151ed332,"[45,90,45,0,0]","[90,90,45,90,-45]",,Blue_2,"[45,90,45,0,0]","[90,90,45,90,-45]",,,,,,,,,BLUE,3,Same,5,3,,,,,,5,1,1.7368,1,12,28,9,1,,,,,,,,,,,,,,,,,,,,,,,,,,,,,,,,,,,,,,,,,
,,,,,,,,664f408259a7d76b52e2ae25,2025-01-21_21h59.52.078,VisualArraysMentalRotation_v4,2021.1.4,Win32,243.902439,679054f2072d526265aabff2,67906d1e16ed8e26151ed332,"[45,90,45,0,90]","[0,0,0,90,-45]",,Blue_2,"[45,90,45,0,90]","[0,0,0,90,-45]",,,,,,,,,BLUE,5,Same,5,3,,,,,,5,1,1.7702,1,13,29,11,1,,,,,,,,,,,,,,,,,,,,,,,,,,,,,,,,,,,,,,,,,
,,,,,,,,664f408259a7d76b52e2ae25,2025-01-21_21h59.52.078,VisualArraysMentalRotation_v4,2021.1.4,Win32,243.902439,679054f2072d526265aabff2,67906d1e16ed8e26151ed332,"[45,90,90,-45,0]","[90,0,90,45,0]",,Red_3,"[45,90,0,-45,0]","[90,0,90,45,0]",,,,,,,,,RED,3,Different,6,3,,,,,,6,1,1.3344,1,14,30,5,1,,,,,,,,,,,,,,,,,,,,,,,,,,,,,,,,,,,,,,,,,
,,,,,,,,664f408259a7d76b52e2ae25,2025-01-21_21h59.52.078,VisualArraysMentalRotation_v4,2021.1.4,Win32,243.902439,679054f2072d526265aabff2,67906d1e16ed8e26151ed332,"[90,-45,90,-45,45]","[90,0,0,0,45]",,Red_3,"[90,-45,90,-45,45]","[90,0,0,0,45]",,,,,,,,,RED,3,Same,5,3,,,,,,5,1,1.2236,1,15,31,1,1,,,,,,,,,,,,,,,,,,,,,,,,,,,,,,,,,,,,,,,,,
,,,,,,,,664f408259a7d76b52e2ae25,2025-01-21_21h59.52.078,VisualArraysMentalRotation_v4,2021.1.4,Win32,243.902439,679054f2072d526265aabff2,67906d1e16ed8e26151ed332,"[-45,0,0,0,90]","[45,-45,45,45,45]",,Red_3,"[-45,0,90,0,90]","[45,-45,45,45,45]",,,,,,,,,RED,3,Different,6,3,,,,,,6,1,1.3894,2,0,32,5,1,,,,,,,,,,,,,,,,,,,,,,,,,,,,,,,,,,,,,,,,,
,,,,,,,,664f408259a7d76b52e2ae25,2025-01-21_21h59.52.078,VisualArraysMentalRotation_v4,2021.1.4,Win32,243.902439,679054f2072d526265aabff2,67906d1e16ed8e26151ed332,"[0,90,-45,-45,90]","[-45,45,0,45,0]",,Blue_4,"[0,90,-45,-45,90]","[-45,45,0,90,0]",,,,,,,,,BLUE,5,Different,6,1,,,,,,6,1,1.0237,2,1,33,14,1,,,,,,,,,,,,,,,,,,,,,,,,,,,,,,,,,,,,,,,,,
,,,,,,,,664f408259a7d76b52e2ae25,2025-01-21_21h59.52.078,VisualArraysMentalRotation_v4,2021.1.4,Win32,243.902439,679054f2072d526265aabff2,67906d1e16ed8e26151ed332,"[0,-45,0,0,45]","[-45,-45,0,90,90]",,Red_2,"[0,-45,0,0,45]","[-45,-45,0,90,90]",,,,,,,,,RED,3,Same,5,1,,,,,,5,1,1.0181,2,2,34,0,1,,,,,,,,,,,,,,,,,,,,,,,,,,,,,,,,,,,,,,,,,
,,,,,,,,664f408259a7d76b52e2ae25,2025-01-21_21h59.52.078,VisualArraysMentalRotation_v4,2021.1.4,Win32,243.902439,679054f2072d526265aabff2,67906d1e16ed8e26151ed332,"[0,90,90,-45,45]","[-45,45,-45,90,45]",,Red_1,"[45,90,90,-45,45]","[-45,45,-45,90,45]",,,,,,,,,RED,5,Different,6,3,,,,,,6,1,1.2162,2,3,35,7,1,,,,,,,,,,,,,,,,,,,,,,,,,,,,,,,,,,,,,,,,,
,,,,,,,,664f408259a7d76b52e2ae25,2025-01-21_21h59.52.078,VisualArraysMentalRotation_v4,2021.1.4,Win32,243.902439,679054f2072d526265aabff2,67906d1e16ed8e26151ed332,"[0,-45,45,-45,90]","[0,-45,90,0,90]",,Blue_5,"[0,-45,45,-45,90]","[0,-45,90,0,90]",,,,,,,,,BLUE,5,Same,5,3,,,,,,5,1,1.2798,2,4,36,11,1,,,,,,,,,,,,,,,,,,,,,,,,,,,,,,,,,,,,,,,,,
,,,,,,,,664f408259a7d76b52e2ae25,2025-01-21_21h59.52.078,VisualArraysMentalRotation_v4,2021.1.4,Win32,243.902439,679054f2072d526265aabff2,67906d1e16ed8e26151ed332,"[-45,-45,-45,90,90]","[0,-45,0,45,-45]",,Blue_2,"[-45,-45,-45,90,90]","[0,90,0,45,-45]",,,,,,,,,BLUE,3,Different,6,3,,,,,,6,1,1.2687,2,5,37,13,1,,,,,,,,,,,,,,,,,,,,,,,,,,,,,,,,,,,,,,,,,
,,,,,,,,664f408259a7d76b52e2ae25,2025-01-21_21h59.52.078,VisualArraysMentalRotation_v4,2021.1.4,Win32,243.902439,679054f2072d526265aabff2,67906d1e16ed8e26151ed332,"[45,-45,45,-45,0]","[-45,45,45,0,-45]",,Red_2,"[45,45,45,-45,0]","[-45,45,45,0,-45]",,,,,,,,,RED,5,Different,6,1,,,,,,6,1,1.7895,2,6,38,6,1,,,,,,,,,,,,,,,,,,,,,,,,,,,,,,,,,,,,,,,,,
,,,,,,,,664f408259a7d76b52e2ae25,2025-01-21_21h59.52.078,VisualArraysMentalRotation_v4,2021.1.4,Win32,243.902439,679054f2072d526265aabff2,67906d1e16ed8e26151ed332,"[45,45,90,45,45]","[0,-45,-45,-45,90]",,Blue_2,"[45,45,90,45,45]","[0,90,-45,-45,90]",,,,,,,,,BLUE,3,Different,6,1,,,,,,6,1,1.2652,2,7,39,12,1,,,,,,,,,,,,,,,,,,,,,,,,,,,,,,,,,,,,,,,,,
,,,,,,,,664f408259a7d76b52e2ae25,2025-01-21_21h59.52.078,VisualArraysMentalRotation_v4,2021.1.4,Win32,243.902439,679054f2072d526265aabff2,67906d1e16ed8e26151ed332,"[0,45,90,90,90]","[45,90,0,-45,-45]",,Red_2,"[0,45,90,90,90]","[45,90,0,-45,-45]",,,,,,,,,RED,3,Same,5,3,,,,,,5,1,1.0378,2,8,40,1,1,,,,,,,,,,,,,,,,,,,,,,,,,,,,,,,,,,,,,,,,,
,,,,,,,,664f408259a7d76b52e2ae25,2025-01-21_21h59.52.078,VisualArraysMentalRotation_v4,2021.1.4,Win32,243.902439,679054f2072d526265aabff2,67906d1e16ed8e26151ed332,"[45,0,45,45,45]","[45,0,90,45,-45]",,Blue_1,"[45,0,45,45,45]","[45,0,90,45,-45]",,,,,,,,,BLUE,3,Same,5,3,,,,,,5,1,0.66,2,9,41,9,1,,,,,,,,,,,,,,,,,,,,,,,,,,,,,,,,,,,,,,,,,
,,,,,,,,664f408259a7d76b52e2ae25,2025-01-21_21h59.52.078,VisualArraysMentalRotation_v4,2021.1.4,Win32,243.902439,679054f2072d526265aabff2,67906d1e16ed8e26151ed332,"[90,90,0,45,45]","[45,0,-45,0,-45]",,Blue_3,"[90,90,0,45,45]","[45,0,-45,0,-45]",,,,,,,,,BLUE,5,Same,5,1,,,,,,5,1,0.7789,2,10,42,10,1,,,,,,,,,,,,,,,,,,,,,,,,,,,,,,,,,,,,,,,,,
,,,,,,,,664f408259a7d76b52e2ae25,2025-01-21_21h59.52.078,VisualArraysMentalRotation_v4,2021.1.4,Win32,243.902439,679054f2072d526265aabff2,67906d1e16ed8e26151ed332,"[0,45,90,0,0]","[45,90,90,0,45]",,Blue_2,"[0,45,90,0,0]","[45,90,90,0,45]",,,,,,,,,BLUE,3,Same,5,1,,,,,,5,1,0.9354,2,11,43,8,1,,,,,,,,,,,,,,,,,,,,,,,,,,,,,,,,,,,,,,,,,
,,,,,,,,664f408259a7d76b52e2ae25,2025-01-21_21h59.52.078,VisualArraysMentalRotation_v4,2021.1.4,Win32,243.902439,679054f2072d526265aabff2,67906d1e16ed8e26151ed332,"[45,90,90,45,90]","[45,0,-45,0,90]",,Red_2,"[45,0,90,45,90]","[45,0,-45,0,90]",,,,,,,,,RED,3,Different,6,1,,,,,,6,1,0.8424,2,12,44,4,1,,,,,,,,,,,,,,,,,,,,,,,,,,,,,,,,,,,,,,,,,
,,,,,,,,664f408259a7d76b52e2ae25,2025-01-21_21h59.52.078,VisualArraysMentalRotation_v4,2021.1.4,Win32,243.902439,679054f2072d526265aabff2,67906d1e16ed8e26151ed332,"[-45,90,90,-45,90]","[45,90,-45,0,0]",,Red_1,"[-45,90,90,-45,90]","[45,90,-45,0,0]",,,,,,,,,RED,5,Same,5,1,,,,,,5,1,0.8515,2,13,45,2,1,,,,,,,,,,,,,,,,,,,,,,,,,,,,,,,,,,,,,,,,,
,,,,,,,,664f408259a7d76b52e2ae25,2025-01-21_21h59.52.078,VisualArraysMentalRotation_v4,2021.1.4,Win32,243.902439,679054f2072d526265aabff2,67906d1e16ed8e26151ed332,"[-45,-45,0,-45,45]","[90,90,45,-45,90]",,Red_1,"[-45,-45,0,-45,45]","[90,90,45,-45,90]",,,,,,,,,RED,5,Same,5,3,,,,,,6,0,0.8385,2,14,46,3,1,,,,,,,,,,,,,,,,,,,,,,,,,,,,,,,,,,,,,,,,,
,,,,,,,,664f408259a7d76b52e2ae25,2025-01-21_21h59.52.078,VisualArraysMentalRotation_v4,2021.1.4,Win32,243.902439,679054f2072d526265aabff2,67906d1e16ed8e26151ed332,"[-45,45,45,90,90]","[-45,90,45,0,-45]",,Blue_3,"[-45,45,45,90,90]","[-45,90,-45,0,-45]",,,,,,,,,BLUE,5,Different,6,3,,,,,,6,1,1.1501,2,15,47,15,1,,,,,,,,,,,,,,,,,,,,,,,,,,,,,,,,,,,,,,,,,
,,,,,,,,664f408259a7d76b52e2ae25,2025-01-21_21h59.52.078,VisualArraysMentalRotation_v4,2021.1.4,Win32,243.902439,679054f2072d526265aabff2,67906d1e16ed8e26151ed332,"[90,90,0,-45,-45]","[45,-45,-45,45,90]",,Red_1,"[-45,90,0,-45,-45]","[45,-45,-45,45,90]",,,,,,,,,RED,3,Different,6,3,,,,,,6,1,0.658,3,0,48,5,1,,,,,,,,,,,,,,,,,,,,,,,,,,,,,,,,,,,,,,,,,
,,,,,,,,664f408259a7d76b52e2ae25,2025-01-21_21h59.52.078,VisualArraysMentalRotation_v4,2021.1.4,Win32,243.902439,679054f2072d526265aabff2,67906d1e16ed8e26151ed332,"[45,90,-45,-45,90]","[90,0,-45,45,-45]",,Blue_3,"[45,90,-45,-45,90]","[90,0,45,45,-45]",,,,,,,,,BLUE,3,Different,6,3,,,,,,6,1,0.673,3,1,49,13,1,,,,,,,,,,,,,,,,,,,,,,,,,,,,,,,,,,,,,,,,,
,,,,,,,,664f408259a7d76b52e2ae25,2025-01-21_21h59.52.078,VisualArraysMentalRotation_v4,2021.1.4,Win32,243.902439,679054f2072d526265aabff2,67906d1e16ed8e26151ed332,"[45,-45,45,-45,-45]","[-45,-45,0,0,90]",,Blue_3,"[45,-45,45,-45,-45]","[-45,-45,0,0,90]",,,,,,,,,BLUE,5,Same,5,1,,,,,,6,0,1.1506,3,2,50,10,1,,,,,,,,,,,,,,,,,,,,,,,,,,,,,,,,,,,,,,,,,
,,,,,,,,664f408259a7d76b52e2ae25,2025-01-21_21h59.52.078,VisualArraysMentalRotation_v4,2021.1.4,Win32,243.902439,679054f2072d526265aabff2,67906d1e16ed8e26151ed332,"[0,45,45,45,90]","[90,45,45,90,-45]",,Blue_1,"[0,45,45,45,90]","[90,45,45,90,-45]",,,,,,,,,BLUE,3,Same,5,1,,,,,,5,1,0.7798,3,3,51,8,1,,,,,,,,,,,,,,,,,,,,,,,,,,,,,,,,,,,,,,,,,
,,,,,,,,664f408259a7d76b52e2ae25,2025-01-21_21h59.52.078,VisualArraysMentalRotation_v4,2021.1.4,Win32,243.902439,679054f2072d526265aabff2,67906d1e16ed8e26151ed332,"[-45,0,-45,0,-45]","[0,0,-45,90,-45]",,Red_4,"[-45,0,-45,0,-45]","[0,0,-45,90,-45]",,,,,,,,,RED,5,Same,5,3,,,,,,6,0,1.0564,3,4,52,3,1,,,,,,,,,,,,,,,,,,,,,,,,,,,,,,,,,,,,,,,,,
,,,,,,,,664f408259a7d76b52e2ae25,2025-01-21_21h59.52.078,VisualArraysMentalRotation_v4,2021.1.4,Win32,243.902439,679054f2072d526265aabff2,67906d1e16ed8e26151ed332,"[-45,45,90,-45,0]","[-45,45,90,-45,45]",,Red_2,"[-45,90,90,-45,0]","[-45,45,90,-45,45]",,,,,,,,,RED,3,Different,6,1,,,,,,6,1,1.0216,3,5,53,4,1,,,,,,,,,,,,,,,,,,,,,,,,,,,,,,,,,,,,,,,,,
,,,,,,,,664f408259a7d76b52e2ae25,2025-01-21_21h59.52.078,VisualArraysMentalRotation_v4,2021.1.4,Win32,243.902439,679054f2072d526265aabff2,67906d1e16ed8e26151ed332,"[-45,90,45,0,0]","[0,0,0,45,90]",,Red_2,"[-45,-45,45,0,0]","[0,0,0,45,90]",,,,,,,,,RED,5,Different,6,1,,,,,,6,1,1.1289,3,6,54,6,1,,,,,,,,,,,,,,,,,,,,,,,,,,,,,,,,,,,,,,,,,
,,,,,,,,664f408259a7d76b52e2ae25,2025-01-21_21h59.52.078,VisualArraysMentalRotation_v4,2021.1.4,Win32,243.902439,679054f2072d526265aabff2,67906d1e16ed8e26151ed332,"[90,-45,0,0,-45]","[0,-45,0,90,45]",,Red_3,"[90,-45,45,0,-45]","[0,-45,0,90,45]",,,,,,,,,RED,5,Different,6,3,,,,,,6,1,0.9181,3,7,55,7,1,,,,,,,,,,,,,,,,,,,,,,,,,,,,,,,,,,,,,,,,,
,,,,,,,,664f408259a7d76b52e2ae25,2025-01-21_21h59.52.078,VisualArraysMentalRotation_v4,2021.1.4,Win32,243.902439,679054f2072d526265aabff2,67906d1e16ed8e26151ed332,"[45,-45,90,0,-45]","[90,90,-45,45,-45]",,Blue_1,"[45,-45,90,0,-45]","[90,90,-45,45,-45]",,,,,,,,,BLUE,3,Same,5,3,,,,,,5,1,1.0537,3,8,56,9,1,,,,,,,,,,,,,,,,,,,,,,,,,,,,,,,,,,,,,,,,,
,,,,,,,,664f408259a7d76b52e2ae25,2025-01-21_21h59.52.078,VisualArraysMentalRotation_v4,2021.1.4,Win32,243.902439,679054f2072d526265aabff2,67906d1e16ed8e26151ed332,"[90,45,-45,45,90]","[0,45,-45,0,-45]",,Blue_2,"[90,45,-45,45,90]","[0,45,-45,0,-45]",,,,,,,,,BLUE,5,Same,5,3,,,,,,5,1,0.9266,3,9,57,11,1,,,,,,,,,,,,,,,,,,,,,,,,,,,,,,,,,,,,,,,,,
,,,,,,,,664f408259a7d76b52e2ae25,2025-01-21_21h59.52.078,VisualArraysMentalRotation_v4,2021.1.4,Win32,243.902439,679054f2072d526265aabff2,67906d1e16ed8e26151ed332,"[-45,-45,0,90,0]","[0,45,0,0,45]",,Red_1,"[-45,-45,0,90,0]","[0,45,0,0,45]",,,,,,,,,RED,3,Same,5,1,,,,,,5,1,0.823,3,10,58,0,1,,,,,,,,,,,,,,,,,,,,,,,,,,,,,,,,,,,,,,,,,
,,,,,,,,664f408259a7d76b52e2ae25,2025-01-21_21h59.52.078,VisualArraysMentalRotation_v4,2021.1.4,Win32,243.902439,679054f2072d526265aabff2,67906d1e16ed8e26151ed332,"[45,0,0,-45,45]","[0,-45,90,90,-45]",,Blue_2,"[45,0,0,-45,45]","[0,45,90,90,-45]",,,,,,,,,BLUE,5,Different,6,3,,,,,,6,1,0.7003,3,11,59,15,1,,,,,,,,,,,,,,,,,,,,,,,,,,,,,,,,,,,,,,,,,
,,,,,,,,664f408259a7d76b52e2ae25,2025-01-21_21h59.52.078,VisualArraysMentalRotation_v4,2021.1.4,Win32,243.902439,679054f2072d526265aabff2,67906d1e16ed8e26151ed332,"[0,0,45,-45,90]","[-45,90,45,0,45]",,Blue_1,"[0,0,45,-45,90]","[90,90,45,0,45]",,,,,,,,,BLUE,5,Different,6,1,,,,,,6,1,0.9277,3,12,60,14,1,,,,,,,,,,,,,,,,,,,,,,,,,,,,,,,,,,,,,,,,,
,,,,,,,,664f408259a7d76b52e2ae25,2025-01-21_21h59.52.078,VisualArraysMentalRotation_v4,2021.1.4,Win32,243.902439,679054f2072d526265aabff2,67906d1e16ed8e26151ed332,"[0,-45,90,0,90]","[0,-45,0,45,-45]",,Blue_3,"[0,-45,90,0,90]","[0,-45,90,45,-45]",,,,,,,,,BLUE,3,Different,6,1,,,,,,6,1,1.173,3,13,61,12,1,,,,,,,,,,,,,,,,,,,,,,,,,,,,,,,,,,,,,,,,,
,,,,,,,,664f408259a7d76b52e2ae25,2025-01-21_21h59.52.078,VisualArraysMentalRotation_v4,2021.1.4,Win32,243.902439,679054f2072d526265aabff2,67906d1e16ed8e26151ed332,"[0,0,-45,0,0]","[0,90,0,90,-45]",,Red_1,"[0,0,-45,0,0]","[0,90,0,90,-45]",,,,,,,,,RED,3,Same,5,3,,,,,,5,1,0.7503,3,14,62,1,1,,,,,,,,,,,,,,,,,,,,,,,,,,,,,,,,,,,,,,,,,
,,,,,,,,664f408259a7d76b52e2ae25,2025-01-21_21h59.52.078,VisualArraysMentalRotation_v4,2021.1.4,Win32,243.902439,679054f2072d526265aabff2,67906d1e16ed8e26151ed332,"[0,90,45,-45,45]","[-45,45,0,45,-45]",,Red_3,"[0,90,45,-45,45]","[-45,45,0,45,-45]",,,,,,,,,RED,5,Same,5,1,,,,,,5,1,0.9021,3,15,63,2,1,,,,,,,,,,,,,,,,,,,,,,,,,,,,,,,,,,,,,,,,,
,,,,,,,,664f408259a7d76b52e2ae25,2025-01-21_21h59.52.078,VisualArraysMentalRotation_v4,2021.1.4,Win32,243.902439,679054f2072d526265aabff2,67906d1e16ed8e26151ed332,"[-45,0,45,0,90]","[45,0,90,90,-45]",,Blue_5,"[-45,0,45,0,90]","[45,0,90,90,-45]",,,,,,,,,BLUE,5,Same,5,1,,,,,,5,1,0.8275,4,0,64,10,1,,,,,,,,,,,,,,,,,,,,,,,,,,,,,,,,,,,,,,,,,
,,,,,,,,664f408259a7d76b52e2ae25,2025-01-21_21h59.52.078,VisualArraysMentalRotation_v4,2021.1.4,Win32,243.902439,679054f2072d526265aabff2,67906d1e16ed8e26151ed332,"[-45,-45,45,-45,45]","[0,-45,0,-45,45]",,Blue_4,"[-45,-45,45,-45,45]","[0,-45,0,-45,45]",,,,,,,,,BLUE,5,Same,5,3,,,,,,5,1,0.6457,4,1,65,11,1,,,,,,,,,,,,,,,,,,,,,,,,,,,,,,,,,,,,,,,,,
,,,,,,,,664f408259a7d76b52e2ae25,2025-01-21_21h59.52.078,VisualArraysMentalRotation_v4,2021.1.4,Win32,243.902439,679054f2072d526265aabff2,67906d1e16ed8e26151ed332,"[-45,0,45,-45,45]","[0,45,-45,-45,90]",,Red_2,"[-45,0,45,-45,45]","[0,45,-45,-45,90]",,,,,,,,,RED,3,Same,5,3,,,,,,5,1,0.8592,4,2,66,1,1,,,,,,,,,,,,,,,,,,,,,,,,,,,,,,,,,,,,,,,,,
,,,,,,,,664f408259a7d76b52e2ae25,2025-01-21_21h59.52.078,VisualArraysMentalRotation_v4,2021.1.4,Win32,243.902439,679054f2072d526265aabff2,67906d1e16ed8e26151ed332,"[0,45,90,90,0]","[45,-45,0,0,45]",,Red_1,"[0,45,90,90,0]","[45,-45,0,0,45]",,,,,,,,,RED,5,Same,5,1,,,,,,5,1,0.728,4,3,67,2,1,,,,,,,,,,,,,,,,,,,,,,,,,,,,,,,,,,,,,,,,,
,,,,,,,,664f408259a7d76b52e2ae25,2025-01-21_21h59.52.078,VisualArraysMentalRotation_v4,2021.1.4,Win32,243.902439,679054f2072d526265aabff2,67906d1e16ed8e26151ed332,"[90,-45,90,-45,-45]","[45,45,45,0,-45]",,Blue_1,"[90,-45,90,-45,-45]","[0,45,45,0,-45]",,,,,,,,,BLUE,3,Different,6,3,,,,,,6,1,1.4015,4,4,68,13,1,,,,,,,,,,,,,,,,,,,,,,,,,,,,,,,,,,,,,,,,,
,,,,,,,,664f408259a7d76b52e2ae25,2025-01-21_21h59.52.078,VisualArraysMentalRotation_v4,2021.1.4,Win32,243.902439,679054f2072d526265aabff2,67906d1e16ed8e26151ed332,"[-45,45,90,45,-45]","[45,0,0,0,90]",,Blue_1,"[-45,45,90,45,-45]","[90,0,0,0,90]",,,,,,,,,BLUE,5,Different,6,3,,,,,,6,1,0.828,4,5,69,15,1,,,,,,,,,,,,,,,,,,,,,,,,,,,,,,,,,,,,,,,,,
,,,,,,,,664f408259a7d76b52e2ae25,2025-01-21_21h59.52.078,VisualArraysMentalRotation_v4,2021.1.4,Win32,243.902439,679054f2072d526265aabff2,67906d1e16ed8e26151ed332,"[90,-45,45,0,0]","[-45,0,-45,90,45]",,Blue_3,"[90,-45,45,0,0]","[-45,0,-45,90,45]",,,,,,,,,BLUE,3,Same,5,3,,,,,,5,1,0.6472,4,6,70,9,1,,,,,,,,,,,,,,,,,,,,,,,,,,,,,,,,,,,,,,,,,
,,,,,,,,664f408259a7d76b52e2ae25,2025-01-21_21h59.52.078,VisualArraysMentalRotation_v4,2021.1.4,Win32,243.902439,679054f2072d526265aabff2,67906d1e16ed8e26151ed332,"[0,45,90,90,90]","[0,90,0,90,-45]",,Blue_5,"[0,45,90,90,90]","[0,90,0,90,45]",,,,,,,,,BLUE,5,Different,6,1,,,,,,6,1,1.3354,4,7,71,14,1,,,,,,,,,,,,,,,,,,,,,,,,,,,,,,,,,,,,,,,,,
,,,,,,,,664f408259a7d76b52e2ae25,2025-01-21_21h59.52.078,VisualArraysMentalRotation_v4,2021.1.4,Win32,243.902439,679054f2072d526265aabff2,67906d1e16ed8e26151ed332,"[0,90,-45,45,-45]","[-45,45,-45,90,45]",,Blue_2,"[0,90,-45,45,-45]","[-45,0,-45,90,45]",,,,,,,,,BLUE,3,Different,6,1,,,,,,6,1,0.6534,4,8,72,12,1,,,,,,,,,,,,,,,,,,,,,,,,,,,,,,,,,,,,,,,,,
,,,,,,,,664f408259a7d76b52e2ae25,2025-01-21_21h59.52.078,VisualArraysMentalRotation_v4,2021.1.4,Win32,243.902439,679054f2072d526265aabff2,67906d1e16ed8e26151ed332,"[0,45,45,0,45]","[-45,90,45,45,90]",,Red_2,"[0,45,45,0,45]","[-45,90,45,45,90]",,,,,,,,,RED,5,Same,5,3,,,,,,5,1,2.2784,4,9,73,3,1,,,,,,,,,,,,,,,,,,,,,,,,,,,,,,,,,,,,,,,,,
,,,,,,,,664f408259a7d76b52e2ae25,2025-01-21_21h59.52.078,VisualArraysMentalRotation_v4,2021.1.4,Win32,243.902439,679054f2072d526265aabff2,67906d1e16ed8e26151ed332,"[0,90,0,-45,0]","[90,-45,90,45,90]",,Blue_2,"[0,90,0,-45,0]","[90,-45,90,45,90]",,,,,,,,,BLUE,3,Same,5,1,,,,,,5,1,0.8679,4,10,74,8,1,,,,,,,,,,,,,,,,,,,,,,,,,,,,,,,,,,,,,,,,,
,,,,,,,,664f408259a7d76b52e2ae25,2025-01-21_21h59.52.078,VisualArraysMentalRotation_v4,2021.1.4,Win32,243.902439,679054f2072d526265aabff2,67906d1e16ed8e26151ed332,"[45,45,-45,0,90]","[90,45,90,45,90]",,Red_2,"[45,0,-45,0,90]","[90,45,90,45,90]",,,,,,,,,RED,3,Different,6,3,,,,,,6,1,1.3163,4,11,75,5,1,,,,,,,,,,,,,,,,,,,,,,,,,,,,,,,,,,,,,,,,,
,,,,,,,,664f408259a7d76b52e2ae25,2025-01-21_21h59.52.078,VisualArraysMentalRotation_v4,2021.1.4,Win32,243.902439,679054f2072d526265aabff2,67906d1e16ed8e26151ed332,"[90,45,0,90,90]","[90,90,0,45,45]",,Red_3,"[90,45,45,90,90]","[90,90,0,45,45]",,,,,,,,,RED,3,Different,6,1,,,,,,6,1,1.3796,4,12,76,4,1,,,,,,,,,,,,,,,,,,,,,,,,,,,,,,,,,,,,,,,,,
,,,,,,,,664f408259a7d76b52e2ae25,2025-01-21_21h59.52.078,VisualArraysMentalRotation_v4,2021.1.4,Win32,243.902439,679054f2072d526265aabff2,67906d1e16ed8e26151ed332,"[45,-45,-45,0,0]","[45,0,0,0,-45]",,Red_1,"[-45,-45,-45,0,0]","[45,0,0,0,-45]",,,,,,,,,RED,5,Different,6,3,,,,,,5,0,2.2383,4,13,77,7,1,,,,,,,,,,,,,,,,,,,,,,,,,,,,,,,,,,,,,,,,,
,,,,,,,,664f408259a7d76b52e2ae25,2025-01-21_21h59.52.078,VisualArraysMentalRotation_v4,2021.1.4,Win32,243.902439,679054f2072d526265aabff2,67906d1e16ed8e26151ed332,"[45,90,45,-45,45]","[90,-45,-45,0,90]",,Red_5,"[45,90,45,-45,90]","[90,-45,-45,0,90]",,,,,,,,,RED,5,Different,6,1,,,,,,6,1,1.0736,4,14,78,6,1,,,,,,,,,,,,,,,,,,,,,,,,,,,,,,,,,,,,,,,,,
,,,,,,,,664f408259a7d76b52e2ae25,2025-01-21_21h59.52.078,VisualArraysMentalRotation_v4,2021.1.4,Win32,243.902439,679054f2072d526265aabff2,67906d1e16ed8e26151ed332,"[45,90,-45,45,45]","[-45,90,90,45,-45]",,Red_1,"[45,90,-45,45,45]","[-45,90,90,45,-45]",,,,,,,,,RED,3,Same,5,1,,,,,,5,1,1.1728,4,15,79,0,1,,,,,,,,,,,,,,,,,,,,,,,,,,,,,,,,,,,,,,,,,
,,,,,,,,664f408259a7d76b52e2ae25,2025-01-21_21h59.52.078,VisualArraysMentalRotation_v4,2021.1.4,Win32,243.902439,679054f2072d526265aabff2,67906d1e16ed8e26151ed332,"[90,0,-45,90,-45]","[0,0,-45,45,-45]",,Red_3,"[90,0,-45,90,-45]","[0,0,-45,45,-45]",,,,,,,,,RED,3,Same,5,1,,,,,,5,1,0.7835,5,0,80,0,1,,,,,,,,,,,,,,,,,,,,,,,,,,,,,,,,,,,,,,,,,
,,,,,,,,664f408259a7d76b52e2ae25,2025-01-21_21h59.52.078,VisualArraysMentalRotation_v4,2021.1.4,Win32,243.902439,679054f2072d526265aabff2,67906d1e16ed8e26151ed332,"[-45,0,-45,90,0]","[90,0,90,90,90]",,Red_1,"[45,0,-45,90,0]","[90,0,90,90,90]",,,,,,,,,RED,3,Different,6,1,,,,,,6,1,0.8281,5,1,81,4,1,,,,,,,,,,,,,,,,,,,,,,,,,,,,,,,,,,,,,,,,,
,,,,,,,,664f408259a7d76b52e2ae25,2025-01-21_21h59.52.078,VisualArraysMentalRotation_v4,2021.1.4,Win32,243.902439,679054f2072d526265aabff2,67906d1e16ed8e26151ed332,"[90,0,90,0,90]","[45,0,90,90,-45]",,Blue_5,"[90,0,90,0,90]","[45,0,90,90,90]",,,,,,,,,BLUE,5,Different,6,1,,,,,,6,1,1.3765,5,2,82,14,1,,,,,,,,,,,,,,,,,,,,,,,,,,,,,,,,,,,,,,,,,
,,,,,,,,664f408259a7d76b52e2ae25,2025-01-21_21h59.52.078,VisualArraysMentalRotation_v4,2021.1.4,Win32,243.902439,679054f2072d526265aabff2,67906d1e16ed8e26151ed332,"[45,90,45,90,0]","[90,-45,90,45,45]",,Red_1,"[0,90,45,90,0]","[90,-45,90,45,45]",,,,,,,,,RED,3,Different,6,3,,,,,,6,1,0.7476,5,3,83,5,1,,,,,,,,,,,,,,,,,,,,,,,,,,,,,,,,,,,,,,,,,
,,,,,,,,664f408259a7d76b52e2ae25,2025-01-21_21h59.52.078,VisualArraysMentalRotation_v4,2021.1.4,Win32,243.902439,679054f2072d526265aabff2,67906d1e16ed8e26151ed332,"[-45,0,-45,-45,-45]","[90,-45,90,45,45]",,Red_5,"[-45,0,-45,-45,-45]","[90,-45,90,45,45]",,,,,,,,,RED,5,Same,5,3,,,,,,6,0,2.0303,5,4,84,3,1,,,,,,,,,,,,,,,,,,,,,,,,,,,,,,,,,,,,,,,,,
,,,,,,,,664f408259a7d76b52e2ae25,2025-01-21_21h59.52.078,VisualArraysMentalRotation_v4,2021.1.4,Win32,243.902439,679054f2072d526265aabff2,67906d1e16ed8e26151ed332,"[90,90,90,-45,45]","[45,90,0,0,90]",,Red_4,"[90,90,90,0,45]","[45,90,0,0,90]",,,,,,,,,RED,5,Different,6,1,,,,,,6,1,1.1159,5,5,85,6,1,,,,,,,,,,,,,,,,,,,,,,,,,,,,,,,,,,,,,,,,,
,,,,,,,,664f408259a7d76b52e2ae25,2025-01-21_21h59.52.078,VisualArraysMentalRotation_v4,2021.1.4,Win32,243.902439,679054f2072d526265aabff2,67906d1e16ed8e26151ed332,"[90,90,90,90,0]","[45,0,90,45,45]",,Red_2,"[90,90,90,90,0]","[45,0,90,45,45]",,,,,,,,,RED,5,Same,5,1,,,,,,5,1,0.8225,5,6,86,2,1,,,,,,,,,,,,,,,,,,,,,,,,,,,,,,,,,,,,,,,,,
,,,,,,,,664f408259a7d76b52e2ae25,2025-01-21_21h59.52.078,VisualArraysMentalRotation_v4,2021.1.4,Win32,243.902439,679054f2072d526265aabff2,67906d1e16ed8e26151ed332,"[0,-45,45,0,45]","[90,0,-45,0,90]",,Blue_1,"[0,-45,45,0,45]","[90,0,-45,0,90]",,,,,,,,,BLUE,3,Same,5,1,,,,,,5,1,0.9167,5,7,87,8,1,,,,,,,,,,,,,,,,,,,,,,,,,,,,,,,,,,,,,,,,,
,,,,,,,,664f408259a7d76b52e2ae25,2025-01-21_21h59.52.078,VisualArraysMentalRotation_v4,2021.1.4,Win32,243.902439,679054f2072d526265aabff2,67906d1e16ed8e26151ed332,"[0,90,-45,-45,-45]","[45,-45,-45,0,45]",,Blue_3,"[0,90,-45,-45,-45]","[45,-45,0,0,45]",,,,,,,,,BLUE,5,Different,6,3,,,,,,6,1,1.1223,5,8,88,15,1,,,,,,,,,,,,,,,,,,,,,,,,,,,,,,,,,,,,,,,,,
,,,,,,,,664f408259a7d76b52e2ae25,2025-01-21_21h59.52.078,VisualArraysMentalRotation_v4,2021.1.4,Win32,243.902439,679054f2072d526265aabff2,67906d1e16ed8e26151ed332,"[90,90,0,-45,0]","[0,0,90,45,45]",,Red_4,"[90,90,0,0,0]","[0,0,90,45,45]",,,,,,,,,RED,5,Different,6,3,,,,,,6,1,1.0694,5,9,89,7,1,,,,,,,,,,,,,,,,,,,,,,,,,,,,,,,,,,,,,,,,,
,,,,,,,,664f408259a7d76b52e2ae25,2025-01-21_21h59.52.078,VisualArraysMentalRotation_v4,2021.1.4,Win32,243.902439,679054f2072d526265aabff2,67906d1e16ed8e26151ed332,"[45,-45,45,0,90]","[0,0,0,0,0]",,Blue_3,"[45,-45,45,0,90]","[0,0,0,0,0]",,,,,,,,,BLUE,5,Same,5,1,,,,,,5,1,0.9202,5,10,90,10,1,,,,,,,,,,,,,,,,,,,,,,,,,,,,,,,,,,,,,,,,,
,,,,,,,,664f408259a7d76b52e2ae25,2025-01-21_21h59.52.078,VisualArraysMentalRotation_v4,2021.1.4,Win32,243.902439,679054f2072d526265aabff2,67906d1e16ed8e26151ed332,"[45,0,90,90,90]","[90,90,90,0,90]",,Blue_2,"[45,0,90,90,90]","[90,45,90,0,90]",,,,,,,,,BLUE,3,Different,6,3,,,,,,6,1,0.6911,5,11,91,13,1,,,,,,,,,,,,,,,,,,,,,,,,,,,,,,,,,,,,,,,,,
,,,,,,,,664f408259a7d76b52e2ae25,2025-01-21_21h59.52.078,VisualArraysMentalRotation_v4,2021.1.4,Win32,243.902439,679054f2072d526265aabff2,67906d1e16ed8e26151ed332,"[-45,-45,45,90,0]","[0,-45,0,45,90]",,Blue_2,"[-45,-45,45,90,0]","[0,-45,0,45,90]",,,,,,,,,BLUE,5,Same,5,3,,,,,,5,1,0.8381,5,12,92,11,1,,,,,,,,,,,,,,,,,,,,,,,,,,,,,,,,,,,,,,,,,
,,,,,,,,664f408259a7d76b52e2ae25,2025-01-21_21h59.52.078,VisualArraysMentalRotation_v4,2021.1.4,Win32,243.902439,679054f2072d526265aabff2,67906d1e16ed8e26151ed332,"[-45,0,-45,45,90]","[45,45,0,45,45]",,Blue_3,"[-45,0,-45,45,90]","[45,45,45,45,45]",,,,,,,,,BLUE,3,Different,6,1,,,,,,6,1,0.9739,5,13,93,12,1,,,,,,,,,,,,,,,,,,,,,,,,,,,,,,,,,,,,,,,,,
,,,,,,,,664f408259a7d76b52e2ae25,2025-01-21_21h59.52.078,VisualArraysMentalRotation_v4,2021.1.4,Win32,243.902439,679054f2072d526265aabff2,67906d1e16ed8e26151ed332,"[0,45,0,90,45]","[90,45,90,-45,0]",,Blue_1,"[0,45,0,90,45]","[90,45,90,-45,0]",,,,,,,,,BLUE,3,Same,5,3,,,,,,5,1,0.8722,5,14,94,9,1,,,,,,,,,,,,,,,,,,,,,,,,,,,,,,,,,,,,,,,,,
,,,,,,,,664f408259a7d76b52e2ae25,2025-01-21_21h59.52.078,VisualArraysMentalRotation_v4,2021.1.4,Win32,243.902439,679054f2072d526265aabff2,67906d1e16ed8e26151ed332,"[45,90,0,90,90]","[90,-45,45,45,90]",,Red_2,"[45,90,0,90,90]","[90,-45,45,45,90]",,,,,,,,,RED,3,Same,5,3,,,,,,5,1,0.86,5,15,95,1,1,,,,,,,,,,,,,,,,,,,,,,,,,,,,,,,,,,,,,,,,,
,,,,,,,,664f408259a7d76b52e2ae25,2025-01-21_21h59.52.078,VisualArraysMentalRotation_v4,2021.1.4,Win32,243.902439,679054f2072d526265aabff2,67906d1e16ed8e26151ed332,"[90,-45,0,-45,90]","[0,0,0,0,-45]",,Red_2,"[90,-45,0,-45,90]","[0,0,0,0,-45]",,,,,,,,,RED,5,Same,5,1,,,,,,5,1,1.3317,6,0,96,2,1,,,,,,,,,,,,,,,,,,,,,,,,,,,,,,,,,,,,,,,,,
,,,,,,,,664f408259a7d76b52e2ae25,2025-01-21_21h59.52.078,VisualArraysMentalRotation_v4,2021.1.4,Win32,243.902439,679054f2072d526265aabff2,67906d1e16ed8e26151ed332,"[90,45,0,90,-45]","[90,-45,90,90,-45]",,Blue_4,"[90,45,0,90,-45]","[90,-45,90,90,-45]",,,,,,,,,BLUE,5,Same,5,3,,,,,,5,1,1.1759,6,1,97,11,1,,,,,,,,,,,,,,,,,,,,,,,,,,,,,,,,,,,,,,,,,
,,,,,,,,664f408259a7d76b52e2ae25,2025-01-21_21h59.52.078,VisualArraysMentalRotation_v4,2021.1.4,Win32,243.902439,679054f2072d526265aabff2,67906d1e16ed8e26151ed332,"[-45,45,-45,0,45]","[-45,-45,45,45,45]",,Blue_3,"[-45,45,-45,0,45]","[-45,-45,0,45,45]",,,,,,,,,BLUE,3,Different,6,1,,,,,,6,1,0.7484,6,2,98,12,1,,,,,,,,,,,,,,,,,,,,,,,,,,,,,,,,,,,,,,,,,
,,,,,,,,664f408259a7d76b52e2ae25,2025-01-21_21h59.52.078,VisualArraysMentalRotation_v4,2021.1.4,Win32,243.902439,679054f2072d526265aabff2,67906d1e16ed8e26151ed332,"[45,0,0,45,0]","[45,-45,0,-45,0]",,Red_3,"[45,0,-45,45,0]","[45,-45,0,-45,0]",,,,,,,,,RED,3,Different,6,3,,,,,,6,1,1.0258,6,3,99,5,1,,,,,,,,,,,,,,,,,,,,,,,,,,,,,,,,,,,,,,,,,
,,,,,,,,664f408259a7d76b52e2ae25,2025-01-21_21h59.52.078,VisualArraysMentalRotation_v4,2021.1.4,Win32,243.902439,679054f2072d526265aabff2,67906d1e16ed8e26151ed332,"[0,0,45,0,0]","[-45,45,0,0,45]",,Blue_2,"[0,0,45,0,0]","[-45,90,0,0,45]",,,,,,,,,BLUE,5,Different,6,3,,,,,,6,1,1.2406,6,4,100,15,1,,,,,,,,,,,,,,,,,,,,,,,,,,,,,,,,,,,,,,,,,
,,,,,,,,664f408259a7d76b52e2ae25,2025-01-21_21h59.52.078,VisualArraysMentalRotation_v4,2021.1.4,Win32,243.902439,679054f2072d526265aabff2,67906d1e16ed8e26151ed332,"[90,0,-45,0,45]","[45,-45,-45,45,90]",,Red_2,"[90,0,-45,0,45]","[45,-45,-45,45,90]",,,,,,,,,RED,3,Same,5,3,,,,,,5,1,0.8691,6,5,101,1,1,,,,,,,,,,,,,,,,,,,,,,,,,,,,,,,,,,,,,,,,,
,,,,,,,,664f408259a7d76b52e2ae25,2025-01-21_21h59.52.078,VisualArraysMentalRotation_v4,2021.1.4,Win32,243.902439,679054f2072d526265aabff2,67906d1e16ed8e26151ed332,"[0,0,45,0,0]","[90,-45,0,-45,90]",,Red_3,"[0,0,0,0,0]","[90,-45,0,-45,90]",,,,,,,,,RED,3,Different,6,1,,,,,,6,1,0.9103,6,6,102,4,1,,,,,,,,,,,,,,,,,,,,,,,,,,,,,,,,,,,,,,,,,
,,,,,,,,664f408259a7d76b52e2ae25,2025-01-21_21h59.52.078,VisualArraysMentalRotation_v4,2021.1.4,Win32,243.902439,679054f2072d526265aabff2,67906d1e16ed8e26151ed332,"[45,-45,0,45,45]","[90,-45,45,-45,-45]",,Blue_2,"[45,-45,0,45,45]","[90,0,45,-45,-45]",,,,,,,,,BLUE,3,Different,6,3,,,,,,5,0,0.9387,6,7,103,13,1,,,,,,,,,,,,,,,,,,,,,,,,,,,,,,,,,,,,,,,,,
,,,,,,,,664f408259a7d76b52e2ae25,2025-01-21_21h59.52.078,VisualArraysMentalRotation_v4,2021.1.4,Win32,243.902439,679054f2072d526265aabff2,67906d1e16ed8e26151ed332,"[45,90,90,0,45]","[90,45,-45,-45,90]",,Red_3,"[45,90,90,0,45]","[90,45,-45,-45,90]",,,,,,,,,RED,3,Same,5,1,,,,,,5,1,2.0086,6,8,104,0,1,,,,,,,,,,,,,,,,,,,,,,,,,,,,,,,,,,,,,,,,,
,,,,,,,,664f408259a7d76b52e2ae25,2025-01-21_21h59.52.078,VisualArraysMentalRotation_v4,2021.1.4,Win32,243.902439,679054f2072d526265aabff2,67906d1e16ed8e26151ed332,"[-45,45,-45,90,0]","[0,90,90,90,90]",,Red_4,"[-45,45,-45,90,0]","[0,90,90,90,90]",,,,,,,,,RED,5,Same,5,3,,,,,,5,1,0.939,6,9,105,3,1,,,,,,,,,,,,,,,,,,,,,,,,,,,,,,,,,,,,,,,,,
,,,,,,,,664f408259a7d76b52e2ae25,2025-01-21_21h59.52.078,VisualArraysMentalRotation_v4,2021.1.4,Win32,243.902439,679054f2072d526265aabff2,67906d1e16ed8e26151ed332,"[0,-45,-45,-45,45]","[90,45,0,-45,90]",,Red_3,"[0,-45,45,-45,45]","[90,45,0,-45,90]",,,,,,,,,RED,5,Different,6,1,,,,,,6,1,1.0507,6,10,106,6,1,,,,,,,,,,,,,,,,,,,,,,,,,,,,,,,,,,,,,,,,,
,,,,,,,,664f408259a7d76b52e2ae25,2025-01-21_21h59.52.078,VisualArraysMentalRotation_v4,2021.1.4,Win32,243.902439,679054f2072d526265aabff2,67906d1e16ed8e26151ed332,"[45,45,90,45,90]","[0,90,90,-45,45]",,Red_4,"[45,45,90,-45,90]","[0,90,90,-45,45]",,,,,,,,,RED,5,Different,6,3,,,,,,6,1,0.8041,6,11,107,7,1,,,,,,,,,,,,,,,,,,,,,,,,,,,,,,,,,,,,,,,,,
,,,,,,,,664f408259a7d76b52e2ae25,2025-01-21_21h59.52.078,VisualArraysMentalRotation_v4,2021.1.4,Win32,243.902439,679054f2072d526265aabff2,67906d1e16ed8e26151ed332,"[90,90,-45,-45,-45]","[45,90,-45,-45,90]",,Blue_5,"[90,90,-45,-45,-45]","[45,90,-45,-45,0]",,,,,,,,,BLUE,5,Different,6,1,,,,,,6,1,0.7252,6,12,108,14,1,,,,,,,,,,,,,,,,,,,,,,,,,,,,,,,,,,,,,,,,,
,,,,,,,,664f408259a7d76b52e2ae25,2025-01-21_21h59.52.078,VisualArraysMentalRotation_v4,2021.1.4,Win32,243.902439,679054f2072d526265aabff2,67906d1e16ed8e26151ed332,"[-45,90,90,0,45]","[0,-45,-45,90,-45]",,Blue_3,"[-45,90,90,0,45]","[0,-45,-45,90,-45]",,,,,,,,,BLUE,5,Same,5,1,,,,,,5,1,0.9044,6,13,109,10,1,,,,,,,,,,,,,,,,,,,,,,,,,,,,,,,,,,,,,,,,,
,,,,,,,,664f408259a7d76b52e2ae25,2025-01-21_21h59.52.078,VisualArraysMentalRotation_v4,2021.1.4,Win32,243.902439,679054f2072d526265aabff2,67906d1e16ed8e26151ed332,"[45,45,0,-45,90]","[0,45,45,90,90]",,Blue_1,"[45,45,0,-45,90]","[0,45,45,90,90]",,,,,,,,,BLUE,3,Same,5,1,,,,,,5,1,0.8252,6,14,110,8,1,,,,,,,,,,,,,,,,,,,,,,,,,,,,,,,,,,,,,,,,,
,,,,,,,,664f408259a7d76b52e2ae25,2025-01-21_21h59.52.078,VisualArraysMentalRotation_v4,2021.1.4,Win32,243.902439,679054f2072d526265aabff2,67906d1e16ed8e26151ed332,"[-45,0,90,0,45]","[0,0,0,0,90]",,Blue_1,"[-45,0,90,0,45]","[0,0,0,0,90]",,,,,,,,,BLUE,3,Same,5,3,,,,,,6,0,0.6841,6,15,111,9,1,,,,,,,,,,,,,,,,,,,,,,,,,,,,,,,,,,,,,,,,,
,,,,,,,,664f408259a7d76b52e2ae25,2025-01-21_21h59.52.078,VisualArraysMentalRotation_v4,2021.1.4,Win32,243.902439,679054f2072d526265aabff2,67906d1e16ed8e26151ed332,,,,,,,,,,,,,,,,,,,,,,,,,,,,,,,,,0,0,0,0,1,,,,,,,,,,,,,,,,,,,,,,,,,,,,,,,,,,,,
,,,,,,,,664f408259a7d76b52e2ae25,2025-01-21_21h59.52.078,VisualArraysMentalRotation_v4,2021.1.4,Win32,243.902439,679054f2072d526265aabff2,67906d1e16ed8e26151ed332,,,,,,,,,,,,,,,,,,,,,,,,,,,,,,,,,,,,,,0,0,0,0,1,1,0,,,,,,,,,,,,,,,,,,,,,,,,,,,,,
,,,,,,,,664f408259a7d76b52e2ae25,2025-01-21_21h59.52.078,VisualArraysMentalRotation_v4,2021.1.4,Win32,243.902439,679054f2072d526265aabff2,67906d1e16ed8e26151ed332,,,,,,,,,,,,,,,,,,,,,,,,,,,,,,,,,,,,,,,,,,,,,b,1,6.2989,0,0,0,11,1,PracticeStim/42_50.jpg,50,Same,b,,,,,,,,,,,,,,,,,
,,,,,,,,664f408259a7d76b52e2ae25,2025-01-21_21h59.52.078,VisualArraysMentalRotation_v4,2021.1.4,Win32,243.902439,679054f2072d526265aabff2,67906d1e16ed8e26151ed332,,,,,,,,,,,,,,,,,,,,,,,,,,,,,,,,,,,,,,,,,,,,,n,1,6.2829,0,1,1,1,1,PracticeStim/9_100_R.jpg,100,Different,n,,,,,,,,,,,,,,,,,
,,,,,,,,664f408259a7d76b52e2ae25,2025-01-21_21h59.52.078,VisualArraysMentalRotation_v4,2021.1.4,Win32,243.902439,679054f2072d526265aabff2,67906d1e16ed8e26151ed332,,,,,,,,,,,,,,,,,,,,,,,,,,,,,,,,,,,,,,,,,,,,,b,1,3.108,0,2,2,5,1,PracticeStim/26_150.jpg,150,Same,b,,,,,,,,,,,,,,,,,
,,,,,,,,664f408259a7d76b52e2ae25,2025-01-21_21h59.52.078,VisualArraysMentalRotation_v4,2021.1.4,Win32,243.902439,679054f2072d526265aabff2,67906d1e16ed8e26151ed332,,,,,,,,,,,,,,,,,,,,,,,,,,,,,,,,,,,,,,,,,,,,,n,1,5.7556,0,3,3,9,1,PracticeStim/36_100_R.jpg,100,Different,n,,,,,,,,,,,,,,,,,
,,,,,,,,664f408259a7d76b52e2ae25,2025-01-21_21h59.52.078,VisualArraysMentalRotation_v4,2021.1.4,Win32,243.902439,679054f2072d526265aabff2,67906d1e16ed8e26151ed332,,,,,,,,,,,,,,,,,,,,,,,,,,,,,,,,,,,,,,,,,,,,,b,1,1.4044,0,4,4,2,1,PracticeStim/17_50.jpg,50,Same,b,,,,,,,,,,,,,,,,,
,,,,,,,,664f408259a7d76b52e2ae25,2025-01-21_21h59.52.078,VisualArraysMentalRotation_v4,2021.1.4,Win32,243.902439,679054f2072d526265aabff2,67906d1e16ed8e26151ed332,,,,,,,,,,,,,,,,,,,,,,,,,,,,,,,,,,,,,,,,,,,,,n,1,2.1978,0,5,5,0,1,PracticeStim/7_100_R.jpg,100,Different,n,,,,,,,,,,,,,,,,,
,,,,,,,,664f408259a7d76b52e2ae25,2025-01-21_21h59.52.078,VisualArraysMentalRotation_v4,2021.1.4,Win32,243.902439,679054f2072d526265aabff2,67906d1e16ed8e26151ed332,,,,,,,,,,,,,,,,,,,,,,,,,,,,,,,,,,,,,,,,,,,,,n,1,2.3953,0,6,6,7,1,PracticeStim/31_50_R.jpg,50,Different,n,,,,,,,,,,,,,,,,,
,,,,,,,,664f408259a7d76b52e2ae25,2025-01-21_21h59.52.078,VisualArraysMentalRotation_v4,2021.1.4,Win32,243.902439,679054f2072d526265aabff2,67906d1e16ed8e26151ed332,,,,,,,,,,,,,,,,,,,,,,,,,,,,,,,,,,,,,,,,,,,,,n,0,1.6627,0,7,7,4,1,PracticeStim/25_150.jpg,150,Same,b,,,,,,,,,,,,,,,,,
,,,,,,,,664f408259a7d76b52e2ae25,2025-01-21_21h59.52.078,VisualArraysMentalRotation_v4,2021.1.4,Win32,243.902439,679054f2072d526265aabff2,67906d1e16ed8e26151ed332,,,,,,,,,,,,,,,,,,,,,,,,,,,,,,,,,,,,,,,,,,,,,b,1,3.4917,0,8,8,10,1,PracticeStim/41_150.jpg,150,Same,b,,,,,,,,,,,,,,,,,
,,,,,,,,664f408259a7d76b52e2ae25,2025-01-21_21h59.52.078,VisualArraysMentalRotation_v4,2021.1.4,Win32,243.902439,679054f2072d526265aabff2,67906d1e16ed8e26151ed332,,,,,,,,,,,,,,,,,,,,,,,,,,,,,,,,,,,,,,,,,,,,,n,1,1.1144,0,9,9,6,1,PracticeStim/30_100_R.jpg,100,Different,n,,,,,,,,,,,,,,,,,
,,,,,,,,664f408259a7d76b52e2ae25,2025-01-21_21h59.52.078,VisualArraysMentalRotation_v4,2021.1.4,Win32,243.902439,679054f2072d526265aabff2,67906d1e16ed8e26151ed332,,,,,,,,,,,,,,,,,,,,,,,,,,,,,,,,,,,,,,,,,,,,,n,0,4.922,0,10,10,3,1,PracticeStim/18_150.jpg,150,Same,b,,,,,,,,,,,,,,,,,
,,,,,,,,664f408259a7d76b52e2ae25,2025-01-21_21h59.52.078,VisualArraysMentalRotation_v4,2021.1.4,Win32,243.902439,679054f2072d526265aabff2,67906d1e16ed8e26151ed332,,,,,,,,,,,,,,,,,,,,,,,,,,,,,,,,,,,,,,,,,,,,,n,1,2.6387,0,11,11,8,1,PracticeStim/33_50_R.jpg,50,Different,n,,,,,,,,,,,,,,,,,
,,,,,,,,664f408259a7d76b52e2ae25,2025-01-21_21h59.52.078,VisualArraysMentalRotation_v4,2021.1.4,Win32,243.902439,679054f2072d526265aabff2,67906d1e16ed8e26151ed332,,,,,,,,,,,,,,,,,,,,,,,,,,,,,,,,,,,,,,,,,,,,,,,,,,,,,,,,,Stimuli/28_50_R.jpg,Different,50,n,n,1,2.572,0,0,0,0,1,,,,,
,,,,,,,,664f408259a7d76b52e2ae25,2025-01-21_21h59.52.078,VisualArraysMentalRotation_v4,2021.1.4,Win32,243.902439,679054f2072d526265aabff2,67906d1e16ed8e26151ed332,,,,,,,,,,,,,,,,,,,,,,,,,,,,,,,,,,,,,,,,,,,,,,,,,,,,,,,,,Stimuli/43_100.jpg,Same,100,b,,0,,1,0,1,0,1,,,,,
,,,,,,,,664f408259a7d76b52e2ae25,2025-01-21_21h59.52.078,VisualArraysMentalRotation_v4,2021.1.4,Win32,243.902439,679054f2072d526265aabff2,67906d1e16ed8e26151ed332,,,,,,,,,,,,,,,,,,,,,,,,,,,,,,,,,,,,,,,,,,,,,,,,,,,,,,,,,Stimuli/44_150_R.jpg,Different,150,n,b,0,4.9197,2,0,2,0,1,,,,,
,,,,,,,,664f408259a7d76b52e2ae25,2025-01-21_21h59.52.078,VisualArraysMentalRotation_v4,2021.1.4,Win32,243.902439,679054f2072d526265aabff2,67906d1e16ed8e26151ed332,,,,,,,,,,,,,,,,,,,,,,,,,,,,,,,,,,,,,,,,,,,,,,,,,,,,,,,,,Stimuli/3_150.jpg,Same,150,b,n,0,5.7616,3,0,3,0,1,,,,,
,,,,,,,,664f408259a7d76b52e2ae25,2025-01-21_21h59.52.078,VisualArraysMentalRotation_v4,2021.1.4,Win32,243.902439,679054f2072d526265aabff2,67906d1e16ed8e26151ed332,,,,,,,,,,,,,,,,,,,,,,,,,,,,,,,,,,,,,,,,,,,,,,,,,,,,,,,,,Stimuli/44_100_R.jpg,Different,100,n,b,0,5.2367,4,0,4,0,1,,,,,
,,,,,,,,664f408259a7d76b52e2ae25,2025-01-21_21h59.52.078,VisualArraysMentalRotation_v4,2021.1.4,Win32,243.902439,679054f2072d526265aabff2,67906d1e16ed8e26151ed332,,,,,,,,,,,,,,,,,,,,,,,,,,,,,,,,,,,,,,,,,,,,,,,,,,,,,,,,,Stimuli/38_0.jpg,Same,0,b,b,1,3.0979,5,0,5,0,1,,,,,
,,,,,,,,664f408259a7d76b52e2ae25,2025-01-21_21h59.52.078,VisualArraysMentalRotation_v4,2021.1.4,Win32,243.902439,679054f2072d526265aabff2,67906d1e16ed8e26151ed332,,,,,,,,,,,,,,,,,,,,,,,,,,,,,,,,,,,,,,,,,,,,,,,,,,,,,,,,,Stimuli/27_100_R.jpg,Different,100,n,n,1,2.1653,6,0,6,0,1,,,,,
,,,,,,,,664f408259a7d76b52e2ae25,2025-01-21_21h59.52.078,VisualArraysMentalRotation_v4,2021.1.4,Win32,243.902439,679054f2072d526265aabff2,67906d1e16ed8e26151ed332,,,,,,,,,,,,,,,,,,,,,,,,,,,,,,,,,,,,,,,,,,,,,,,,,,,,,,,,,Stimuli/21_50_R.jpg,Different,50,n,n,1,3.535,7,0,7,0,1,,,,,
,,,,,,,,664f408259a7d76b52e2ae25,2025-01-21_21h59.52.078,VisualArraysMentalRotation_v4,2021.1.4,Win32,243.902439,679054f2072d526265aabff2,67906d1e16ed8e26151ed332,,,,,,,,,,,,,,,,,,,,,,,,,,,,,,,,,,,,,,,,,,,,,,,,,,,,,,,,,Stimuli/32_50.jpg,Same,50,b,b,1,4.5167,8,0,8,0,1,,,,,
,,,,,,,,664f408259a7d76b52e2ae25,2025-01-21_21h59.52.078,VisualArraysMentalRotation_v4,2021.1.4,Win32,243.902439,679054f2072d526265aabff2,67906d1e16ed8e26151ed332,,,,,,,,,,,,,,,,,,,,,,,,,,,,,,,,,,,,,,,,,,,,,,,,,,,,,,,,,Stimuli/16_0.jpg,Same,0,b,b,1,1.3127,9,0,9,0,1,,,,,
,,,,,,,,664f408259a7d76b52e2ae25,2025-01-21_21h59.52.078,VisualArraysMentalRotation_v4,2021.1.4,Win32,243.902439,679054f2072d526265aabff2,67906d1e16ed8e26151ed332,,,,,,,,,,,,,,,,,,,,,,,,,,,,,,,,,,,,,,,,,,,,,,,,,,,,,,,,,Stimuli/28_50.jpg,Same,50,b,b,1,3.5496,10,0,10,0,1,,,,,
,,,,,,,,664f408259a7d76b52e2ae25,2025-01-21_21h59.52.078,VisualArraysMentalRotation_v4,2021.1.4,Win32,243.902439,679054f2072d526265aabff2,67906d1e16ed8e26151ed332,,,,,,,,,,,,,,,,,,,,,,,,,,,,,,,,,,,,,,,,,,,,,,,,,,,,,,,,,Stimuli/3_50_R.jpg,Different,50,n,n,1,2.305,11,0,11,0,1,,,,,
,,,,,,,,664f408259a7d76b52e2ae25,2025-01-21_21h59.52.078,VisualArraysMentalRotation_v4,2021.1.4,Win32,243.902439,679054f2072d526265aabff2,67906d1e16ed8e26151ed332,,,,,,,,,,,,,,,,,,,,,,,,,,,,,,,,,,,,,,,,,,,,,,,,,,,,,,,,,Stimuli/28_0_R.jpg,Different,0,n,n,1,2.5306,12,0,12,0,1,,,,,
,,,,,,,,664f408259a7d76b52e2ae25,2025-01-21_21h59.52.078,VisualArraysMentalRotation_v4,2021.1.4,Win32,243.902439,679054f2072d526265aabff2,67906d1e16ed8e26151ed332,,,,,,,,,,,,,,,,,,,,,,,,,,,,,,,,,,,,,,,,,,,,,,,,,,,,,,,,,Stimuli/43_50.jpg,Same,50,b,b,1,5.5569,13,0,13,0,1,,,,,
,,,,,,,,664f408259a7d76b52e2ae25,2025-01-21_21h59.52.078,VisualArraysMentalRotation_v4,2021.1.4,Win32,243.902439,679054f2072d526265aabff2,67906d1e16ed8e26151ed332,,,,,,,,,,,,,,,,,,,,,,,,,,,,,,,,,,,,,,,,,,,,,,,,,,,,,,,,,Stimuli/16_150_R.jpg,Different,150,n,n,1,2.7773,14,0,14,0,1,,,,,
,,,,,,,,664f408259a7d76b52e2ae25,2025-01-21_21h59.52.078,VisualArraysMentalRotation_v4,2021.1.4,Win32,243.902439,679054f2072d526265aabff2,67906d1e16ed8e26151ed332,,,,,,,,,,,,,,,,,,,,,,,,,,,,,,,,,,,,,,,,,,,,,,,,,,,,,,,,,Stimuli/44_100.jpg,Same,100,b,b,1,5.5352,15,0,15,0,1,,,,,
,,,,,,,,664f408259a7d76b52e2ae25,2025-01-21_21h59.52.078,VisualArraysMentalRotation_v4,2021.1.4,Win32,243.902439,679054f2072d526265aabff2,67906d1e16ed8e26151ed332,,,,,,,,,,,,,,,,,,,,,,,,,,,,,,,,,,,,,,,,,,,,,,,,,,,,,,,,,Stimuli/21_150_R.jpg,Different,150,n,n,1,3.4224,16,0,16,0,1,,,,,
,,,,,,,,664f408259a7d76b52e2ae25,2025-01-21_21h59.52.078,VisualArraysMentalRotation_v4,2021.1.4,Win32,243.902439,679054f2072d526265aabff2,67906d1e16ed8e26151ed332,,,,,,,,,,,,,,,,,,,,,,,,,,,,,,,,,,,,,,,,,,,,,,,,,,,,,,,,,Stimuli/32_150.jpg,Same,150,b,b,1,4.7213,17,0,17,0,1,,,,,
,,,,,,,,664f408259a7d76b52e2ae25,2025-01-21_21h59.52.078,VisualArraysMentalRotation_v4,2021.1.4,Win32,243.902439,679054f2072d526265aabff2,67906d1e16ed8e26151ed332,,,,,,,,,,,,,,,,,,,,,,,,,,,,,,,,,,,,,,,,,,,,,,,,,,,,,,,,,Stimuli/40_0_R.jpg,Different,0,n,n,1,2.2187,18,0,18,0,1,,,,,
,,,,,,,,664f408259a7d76b52e2ae25,2025-01-21_21h59.52.078,VisualArraysMentalRotation_v4,2021.1.4,Win32,243.902439,679054f2072d526265aabff2,67906d1e16ed8e26151ed332,,,,,,,,,,,,,,,,,,,,,,,,,,,,,,,,,,,,,,,,,,,,,,,,,,,,,,,,,Stimuli/40_150_R.jpg,Different,150,n,n,1,3.6316,19,0,19,0,1,,,,,
,,,,,,,,664f408259a7d76b52e2ae25,2025-01-21_21h59.52.078,VisualArraysMentalRotation_v4,2021.1.4,Win32,243.902439,679054f2072d526265aabff2,67906d1e16ed8e26151ed332,,,,,,,,,,,,,,,,,,,,,,,,,,,,,,,,,,,,,,,,,,,,,,,,,,,,,,,,,Stimuli/38_50_R.jpg,Different,50,n,n,1,2.3293,20,0,20,0,1,,,,,
,,,,,,,,664f408259a7d76b52e2ae25,2025-01-21_21h59.52.078,VisualArraysMentalRotation_v4,2021.1.4,Win32,243.902439,679054f2072d526265aabff2,67906d1e16ed8e26151ed332,,,,,,,,,,,,,,,,,,,,,,,,,,,,,,,,,,,,,,,,,,,,,,,,,,,,,,,,,Stimuli/22_100.jpg,Same,100,b,b,1,3.3975,21,0,21,0,1,,,,,
,,,,,,,,664f408259a7d76b52e2ae25,2025-01-21_21h59.52.078,VisualArraysMentalRotation_v4,2021.1.4,Win32,243.902439,679054f2072d526265aabff2,67906d1e16ed8e26151ed332,,,,,,,,,,,,,,,,,,,,,,,,,,,,,,,,,,,,,,,,,,,,,,,,,,,,,,,,,Stimuli/32_0_R.jpg,Different,0,n,n,1,4.387,22,0,22,0,1,,,,,
,,,,,,,,664f408259a7d76b52e2ae25,2025-01-21_21h59.52.078,VisualArraysMentalRotation_v4,2021.1.4,Win32,243.902439,679054f2072d526265aabff2,67906d1e16ed8e26151ed332,,,,,,,,,,,,,,,,,,,,,,,,,,,,,,,,,,,,,,,,,,,,,,,,,,,,,,,,,Stimuli/43_0_R.jpg,Different,0,n,n,1,2.4222,23,0,23,0,1,,,,,
,,,,,,,,664f408259a7d76b52e2ae25,2025-01-21_21h59.52.078,VisualArraysMentalRotation_v4,2021.1.4,Win32,243.902439,679054f2072d526265aabff2,67906d1e16ed8e26151ed332,,,,,,,,,,,,,,,,,,,,,,,,,,,,,,,,,,,,,,,,,,,,,,,,,,,,,,,,,Stimuli/44_0.jpg,Same,0,b,b,1,1.6752,24,0,24,0,1,,,,,
,,,,,,,,664f408259a7d76b52e2ae25,2025-01-21_21h59.52.078,VisualArraysMentalRotation_v4,2021.1.4,Win32,243.902439,679054f2072d526265aabff2,67906d1e16ed8e26151ed332,,,,,,,,,,,,,,,,,,,,,,,,,,,,,,,,,,,,,,,,,,,,,,,,,,,,,,,,,Stimuli/38_100.jpg,Same,100,b,b,1,2.5669,25,0,25,0,1,,,,,
,,,,,,,,664f408259a7d76b52e2ae25,2025-01-21_21h59.52.078,VisualArraysMentalRotation_v4,2021.1.4,Win32,243.902439,679054f2072d526265aabff2,67906d1e16ed8e26151ed332,,,,,,,,,,,,,,,,,,,,,,,,,,,,,,,,,,,,,,,,,,,,,,,,,,,,,,,,,Stimuli/43_100_R.jpg,Different,100,n,n,1,4.0671,26,0,26,0,1,,,,,
,,,,,,,,664f408259a7d76b52e2ae25,2025-01-21_21h59.52.078,VisualArraysMentalRotation_v4,2021.1.4,Win32,243.902439,679054f2072d526265aabff2,67906d1e16ed8e26151ed332,,,,,,,,,,,,,,,,,,,,,,,,,,,,,,,,,,,,,,,,,,,,,,,,,,,,,,,,,Stimuli/44_0_R.jpg,Different,0,n,n,1,4.4078,27,0,27,0,1,,,,,
,,,,,,,,664f408259a7d76b52e2ae25,2025-01-21_21h59.52.078,VisualArraysMentalRotation_v4,2021.1.4,Win32,243.902439,679054f2072d526265aabff2,67906d1e16ed8e26151ed332,,,,,,,,,,,,,,,,,,,,,,,,,,,,,,,,,,,,,,,,,,,,,,,,,,,,,,,,,Stimuli/40_50.jpg,Same,50,b,b,1,2.3032,28,0,28,0,1,,,,,
,,,,,,,,664f408259a7d76b52e2ae25,2025-01-21_21h59.52.078,VisualArraysMentalRotation_v4,2021.1.4,Win32,243.902439,679054f2072d526265aabff2,67906d1e16ed8e26151ed332,,,,,,,,,,,,,,,,,,,,,,,,,,,,,,,,,,,,,,,,,,,,,,,,,,,,,,,,,Stimuli/16_150.jpg,Same,150,b,b,1,5.1301,29,0,29,0,1,,,,,
,,,,,,,,664f408259a7d76b52e2ae25,2025-01-21_21h59.52.078,VisualArraysMentalRotation_v4,2021.1.4,Win32,243.902439,679054f2072d526265aabff2,67906d1e16ed8e26151ed332,,,,,,,,,,,,,,,,,,,,,,,,,,,,,,,,,,,,,,,,,,,,,,,,,,,,,,,,,Stimuli/3_100.jpg,Same,100,b,,0,,30,0,30,0,1,,,,,
,,,,,,,,664f408259a7d76b52e2ae25,2025-01-21_21h59.52.078,VisualArraysMentalRotation_v4,2021.1.4,Win32,243.902439,679054f2072d526265aabff2,67906d1e16ed8e26151ed332,,,,,,,,,,,,,,,,,,,,,,,,,,,,,,,,,,,,,,,,,,,,,,,,,,,,,,,,,Stimuli/16_100_R.jpg,Different,100,n,n,1,2.9552,31,0,31,0,1,,,,,
,,,,,,,,664f408259a7d76b52e2ae25,2025-01-21_21h59.52.078,VisualArraysMentalRotation_v4,2021.1.4,Win32,243.902439,679054f2072d526265aabff2,67906d1e16ed8e26151ed332,,,,,,,,,,,,,,,,,,,,,,,,,,,,,,,,,,,,,,,,,,,,,,,,,,,,,,,,,Stimuli/27_50.jpg,Same,50,b,b,1,3.4453,32,0,32,0,1,,,,,
,,,,,,,,664f408259a7d76b52e2ae25,2025-01-21_21h59.52.078,VisualArraysMentalRotation_v4,2021.1.4,Win32,243.902439,679054f2072d526265aabff2,67906d1e16ed8e26151ed332,,,,,,,,,,,,,,,,,,,,,,,,,,,,,,,,,,,,,,,,,,,,,,,,,,,,,,,,,Stimuli/28_0.jpg,Same,0,b,b,1,1.1557,33,0,33,0,1,,,,,
,,,,,,,,664f408259a7d76b52e2ae25,2025-01-21_21h59.52.078,VisualArraysMentalRotation_v4,2021.1.4,Win32,243.902439,679054f2072d526265aabff2,67906d1e16ed8e26151ed332,,,,,,,,,,,,,,,,,,,,,,,,,,,,,,,,,,,,,,,,,,,,,,,,,,,,,,,,,Stimuli/19_150_R.jpg,Different,150,n,n,1,2.1535,34,0,34,0,1,,,,,
,,,,,,,,664f408259a7d76b52e2ae25,2025-01-21_21h59.52.078,VisualArraysMentalRotation_v4,2021.1.4,Win32,243.902439,679054f2072d526265aabff2,67906d1e16ed8e26151ed332,,,,,,,,,,,,,,,,,,,,,,,,,,,,,,,,,,,,,,,,,,,,,,,,,,,,,,,,,Stimuli/27_0.jpg,Same,0,b,b,1,1.5946,35,0,35,0,1,,,,,
,,,,,,,,664f408259a7d76b52e2ae25,2025-01-21_21h59.52.078,VisualArraysMentalRotation_v4,2021.1.4,Win32,243.902439,679054f2072d526265aabff2,67906d1e16ed8e26151ed332,,,,,,,,,,,,,,,,,,,,,,,,,,,,,,,,,,,,,,,,,,,,,,,,,,,,,,,,,Stimuli/27_100.jpg,Same,100,b,b,1,4.8826,36,0,36,0,1,,,,,
,,,,,,,,664f408259a7d76b52e2ae25,2025-01-21_21h59.52.078,VisualArraysMentalRotation_v4,2021.1.4,Win32,243.902439,679054f2072d526265aabff2,67906d1e16ed8e26151ed332,,,,,,,,,,,,,,,,,,,,,,,,,,,,,,,,,,,,,,,,,,,,,,,,,,,,,,,,,Stimuli/22_50_R.jpg,Different,50,n,n,1,2.2446,37,0,37,0,1,,,,,
,,,,,,,,664f408259a7d76b52e2ae25,2025-01-21_21h59.52.078,VisualArraysMentalRotation_v4,2021.1.4,Win32,243.902439,679054f2072d526265aabff2,67906d1e16ed8e26151ed332,,,,,,,,,,,,,,,,,,,,,,,,,,,,,,,,,,,,,,,,,,,,,,,,,,,,,,,,,Stimuli/38_150_R.jpg,Different,150,n,n,1,4.906,38,0,38,0,1,,,,,
,,,,,,,,664f408259a7d76b52e2ae25,2025-01-21_21h59.52.078,VisualArraysMentalRotation_v4,2021.1.4,Win32,243.902439,679054f2072d526265aabff2,67906d1e16ed8e26151ed332,,,,,,,,,,,,,,,,,,,,,,,,,,,,,,,,,,,,,,,,,,,,,,,,,,,,,,,,,Stimuli/3_0_R.jpg,Different,0,n,b,0,4.0065,39,0,39,0,1,,,,,
,,,,,,,,664f408259a7d76b52e2ae25,2025-01-21_21h59.52.078,VisualArraysMentalRotation_v4,2021.1.4,Win32,243.902439,679054f2072d526265aabff2,67906d1e16ed8e26151ed332,,,,,,,,,,,,,,,,,,,,,,,,,,,,,,,,,,,,,,,,,,,,,,,,,,,,,,,,,Stimuli/3_0.jpg,Same,0,b,b,1,2.1703,40,0,40,0,1,,,,,
,,,,,,,,664f408259a7d76b52e2ae25,2025-01-21_21h59.52.078,VisualArraysMentalRotation_v4,2021.1.4,Win32,243.902439,679054f2072d526265aabff2,67906d1e16ed8e26151ed332,,,,,,,,,,,,,,,,,,,,,,,,,,,,,,,,,,,,,,,,,,,,,,,,,,,,,,,,,Stimuli/44_50.jpg,Same,50,b,b,1,2.434,41,0,41,0,1,,,,,
,,,,,,,,664f408259a7d76b52e2ae25,2025-01-21_21h59.52.078,VisualArraysMentalRotation_v4,2021.1.4,Win32,243.902439,679054f2072d526265aabff2,67906d1e16ed8e26151ed332,,,,,,,,,,,,,,,,,,,,,,,,,,,,,,,,,,,,,,,,,,,,,,,,,,,,,,,,,Stimuli/43_150.jpg,Same,150,b,b,1,2.9407,42,0,42,0,1,,,,,
,,,,,,,,664f408259a7d76b52e2ae25,2025-01-21_21h59.52.078,VisualArraysMentalRotation_v4,2021.1.4,Win32,243.902439,679054f2072d526265aabff2,67906d1e16ed8e26151ed332,,,,,,,,,,,,,,,,,,,,,,,,,,,,,,,,,,,,,,,,,,,,,,,,,,,,,,,,,Stimuli/19_100_R.jpg,Different,100,n,n,1,3.2083,43,0,43,0,1,,,,,
,,,,,,,,664f408259a7d76b52e2ae25,2025-01-21_21h59.52.078,VisualArraysMentalRotation_v4,2021.1.4,Win32,243.902439,679054f2072d526265aabff2,67906d1e16ed8e26151ed332,,,,,,,,,,,,,,,,,,,,,,,,,,,,,,,,,,,,,,,,,,,,,,,,,,,,,,,,,Stimuli/28_150.jpg,Same,150,b,b,1,2.2059,44,0,44,0,1,,,,,
,,,,,,,,664f408259a7d76b52e2ae25,2025-01-21_21h59.52.078,VisualArraysMentalRotation_v4,2021.1.4,Win32,243.902439,679054f2072d526265aabff2,67906d1e16ed8e26151ed332,,,,,,,,,,,,,,,,,,,,,,,,,,,,,,,,,,,,,,,,,,,,,,,,,,,,,,,,,Stimuli/22_150.jpg,Same,150,b,b,1,2.6013,45,0,45,0,1,,,,,
,,,,,,,,664f408259a7d76b52e2ae25,2025-01-21_21h59.52.078,VisualArraysMentalRotation_v4,2021.1.4,Win32,243.902439,679054f2072d526265aabff2,67906d1e16ed8e26151ed332,,,,,,,,,,,,,,,,,,,,,,,,,,,,,,,,,,,,,,,,,,,,,,,,,,,,,,,,,Stimuli/22_100_R.jpg,Different,100,n,n,1,2.9236,46,0,46,0,1,,,,,
,,,,,,,,664f408259a7d76b52e2ae25,2025-01-21_21h59.52.078,VisualArraysMentalRotation_v4,2021.1.4,Win32,243.902439,679054f2072d526265aabff2,67906d1e16ed8e26151ed332,,,,,,,,,,,,,,,,,,,,,,,,,,,,,,,,,,,,,,,,,,,,,,,,,,,,,,,,,Stimuli/43_50_R.jpg,Different,50,n,n,1,2.5383,47,0,47,0,1,,,,,
,,,,,,,,664f408259a7d76b52e2ae25,2025-01-21_21h59.52.078,VisualArraysMentalRotation_v4,2021.1.4,Win32,243.902439,679054f2072d526265aabff2,67906d1e16ed8e26151ed332,,,,,,,,,,,,,,,,,,,,,,,,,,,,,,,,,,,,,,,,,,,,,,,,,,,,,,,,,Stimuli/32_100_R.jpg,Different,100,n,n,1,5.3796,48,0,48,0,1,,,,,
,,,,,,,,664f408259a7d76b52e2ae25,2025-01-21_21h59.52.078,VisualArraysMentalRotation_v4,2021.1.4,Win32,243.902439,679054f2072d526265aabff2,67906d1e16ed8e26151ed332,,,,,,,,,,,,,,,,,,,,,,,,,,,,,,,,,,,,,,,,,,,,,,,,,,,,,,,,,Stimuli/27_150_R.jpg,Different,150,n,n,1,3.3653,49,0,49,0,1,,,,,
,,,,,,,,664f408259a7d76b52e2ae25,2025-01-21_21h59.52.078,VisualArraysMentalRotation_v4,2021.1.4,Win32,243.902439,679054f2072d526265aabff2,67906d1e16ed8e26151ed332,,,,,,,,,,,,,,,,,,,,,,,,,,,,,,,,,,,,,,,,,,,,,,,,,,,,,,,,,Stimuli/22_150_R.jpg,Different,150,n,n,1,3.4964,50,0,50,0,1,,,,,
,,,,,,,,664f408259a7d76b52e2ae25,2025-01-21_21h59.52.078,VisualArraysMentalRotation_v4,2021.1.4,Win32,243.902439,679054f2072d526265aabff2,67906d1e16ed8e26151ed332,,,,,,,,,,,,,,,,,,,,,,,,,,,,,,,,,,,,,,,,,,,,,,,,,,,,,,,,,Stimuli/43_0.jpg,Same,0,b,b,1,1.0736,51,0,51,0,1,,,,,
,,,,,,,,664f408259a7d76b52e2ae25,2025-01-21_21h59.52.078,VisualArraysMentalRotation_v4,2021.1.4,Win32,243.902439,679054f2072d526265aabff2,67906d1e16ed8e26151ed332,,,,,,,,,,,,,,,,,,,,,,,,,,,,,,,,,,,,,,,,,,,,,,,,,,,,,,,,,Stimuli/32_100.jpg,Same,100,b,b,1,2.2722,52,0,52,0,1,,,,,
,,,,,,,,664f408259a7d76b52e2ae25,2025-01-21_21h59.52.078,VisualArraysMentalRotation_v4,2021.1.4,Win32,243.902439,679054f2072d526265aabff2,67906d1e16ed8e26151ed332,,,,,,,,,,,,,,,,,,,,,,,,,,,,,,,,,,,,,,,,,,,,,,,,,,,,,,,,,Stimuli/19_0_R.jpg,Different,0,n,b,0,0.9377,53,0,53,0,1,,,,,
,,,,,,,,664f408259a7d76b52e2ae25,2025-01-21_21h59.52.078,VisualArraysMentalRotation_v4,2021.1.4,Win32,243.902439,679054f2072d526265aabff2,67906d1e16ed8e26151ed332,,,,,,,,,,,,,,,,,,,,,,,,,,,,,,,,,,,,,,,,,,,,,,,,,,,,,,,,,Stimuli/32_150_R.jpg,Different,150,n,n,1,2.7192,54,0,54,0,1,,,,,
,,,,,,,,664f408259a7d76b52e2ae25,2025-01-21_21h59.52.078,VisualArraysMentalRotation_v4,2021.1.4,Win32,243.902439,679054f2072d526265aabff2,67906d1e16ed8e26151ed332,,,,,,,,,,,,,,,,,,,,,,,,,,,,,,,,,,,,,,,,,,,,,,,,,,,,,,,,,Stimuli/21_100_R.jpg,Different,100,n,b,0,1.9967,55,0,55,0,1,,,,,
,,,,,,,,664f408259a7d76b52e2ae25,2025-01-21_21h59.52.078,VisualArraysMentalRotation_v4,2021.1.4,Win32,243.902439,679054f2072d526265aabff2,67906d1e16ed8e26151ed332,,,,,,,,,,,,,,,,,,,,,,,,,,,,,,,,,,,,,,,,,,,,,,,,,,,,,,,,,Stimuli/16_100.jpg,Same,100,b,b,1,1.8111,56,0,56,0,1,,,,,
,,,,,,,,664f408259a7d76b52e2ae25,2025-01-21_21h59.52.078,VisualArraysMentalRotation_v4,2021.1.4,Win32,243.902439,679054f2072d526265aabff2,67906d1e16ed8e26151ed332,,,,,,,,,,,,,,,,,,,,,,,,,,,,,,,,,,,,,,,,,,,,,,,,,,,,,,,,,Stimuli/28_100_R.jpg,Different,100,n,n,1,2.2045,57,0,57,0,1,,,,,
,,,,,,,,664f408259a7d76b52e2ae25,2025-01-21_21h59.52.078,VisualArraysMentalRotation_v4,2021.1.4,Win32,243.902439,679054f2072d526265aabff2,67906d1e16ed8e26151ed332,,,,,,,,,,,,,,,,,,,,,,,,,,,,,,,,,,,,,,,,,,,,,,,,,,,,,,,,,Stimuli/40_0.jpg,Same,0,b,b,1,1.0158,58,0,58,0,1,,,,,
,,,,,,,,664f408259a7d76b52e2ae25,2025-01-21_21h59.52.078,VisualArraysMentalRotation_v4,2021.1.4,Win32,243.902439,679054f2072d526265aabff2,67906d1e16ed8e26151ed332,,,,,,,,,,,,,,,,,,,,,,,,,,,,,,,,,,,,,,,,,,,,,,,,,,,,,,,,,Stimuli/21_50.jpg,Same,50,b,b,1,1.1801,59,0,59,0,1,,,,,
,,,,,,,,664f408259a7d76b52e2ae25,2025-01-21_21h59.52.078,VisualArraysMentalRotation_v4,2021.1.4,Win32,243.902439,679054f2072d526265aabff2,67906d1e16ed8e26151ed332,,,,,,,,,,,,,,,,,,,,,,,,,,,,,,,,,,,,,,,,,,,,,,,,,,,,,,,,,Stimuli/22_0_R.jpg,Different,0,n,n,1,1.8646,60,0,60,0,1,,,,,
,,,,,,,,664f408259a7d76b52e2ae25,2025-01-21_21h59.52.078,VisualArraysMentalRotation_v4,2021.1.4,Win32,243.902439,679054f2072d526265aabff2,67906d1e16ed8e26151ed332,,,,,,,,,,,,,,,,,,,,,,,,,,,,,,,,,,,,,,,,,,,,,,,,,,,,,,,,,Stimuli/19_50.jpg,Same,50,b,b,1,1.8406,61,0,61,0,1,,,,,
,,,,,,,,664f408259a7d76b52e2ae25,2025-01-21_21h59.52.078,VisualArraysMentalRotation_v4,2021.1.4,Win32,243.902439,679054f2072d526265aabff2,67906d1e16ed8e26151ed332,,,,,,,,,,,,,,,,,,,,,,,,,,,,,,,,,,,,,,,,,,,,,,,,,,,,,,,,,Stimuli/27_50_R.jpg,Different,50,n,b,0,5.6525,62,0,62,0,1,,,,,
,,,,,,,,664f408259a7d76b52e2ae25,2025-01-21_21h59.52.078,VisualArraysMentalRotation_v4,2021.1.4,Win32,243.902439,679054f2072d526265aabff2,67906d1e16ed8e26151ed332,,,,,,,,,,,,,,,,,,,,,,,,,,,,,,,,,,,,,,,,,,,,,,,,,,,,,,,,,Stimuli/19_100.jpg,Same,100,b,b,1,4.6905,63,0,63,0,1,,,,,
,,,,,,,,664f408259a7d76b52e2ae25,2025-01-21_21h59.52.078,VisualArraysMentalRotation_v4,2021.1.4,Win32,243.902439,679054f2072d526265aabff2,67906d1e16ed8e26151ed332,,,,,,,,,,,,,,,,,,,,,,,,,,,,,,,,,,,,,,,,,,,,,,,,,,,,,,,,,Stimuli/27_150.jpg,Same,150,b,b,1,2.7891,64,0,64,0,1,,,,,
,,,,,,,,664f408259a7d76b52e2ae25,2025-01-21_21h59.52.078,VisualArraysMentalRotation_v4,2021.1.4,Win32,243.902439,679054f2072d526265aabff2,67906d1e16ed8e26151ed332,,,,,,,,,,,,,,,,,,,,,,,,,,,,,,,,,,,,,,,,,,,,,,,,,,,,,,,,,Stimuli/22_0.jpg,Same,0,b,b,1,1.7339,65,0,65,0,1,,,,,
,,,,,,,,664f408259a7d76b52e2ae25,2025-01-21_21h59.52.078,VisualArraysMentalRotation_v4,2021.1.4,Win32,243.902439,679054f2072d526265aabff2,67906d1e16ed8e26151ed332,,,,,,,,,,,,,,,,,,,,,,,,,,,,,,,,,,,,,,,,,,,,,,,,,,,,,,,,,Stimuli/19_50_R.jpg,Different,50,n,b,0,1.4437,66,0,66,0,1,,,,,
,,,,,,,,664f408259a7d76b52e2ae25,2025-01-21_21h59.52.078,VisualArraysMentalRotation_v4,2021.1.4,Win32,243.902439,679054f2072d526265aabff2,67906d1e16ed8e26151ed332,,,,,,,,,,,,,,,,,,,,,,,,,,,,,,,,,,,,,,,,,,,,,,,,,,,,,,,,,Stimuli/43_150_R.jpg,Different,150,n,n,1,3.468,67,0,67,0,1,,,,,
,,,,,,,,664f408259a7d76b52e2ae25,2025-01-21_21h59.52.078,VisualArraysMentalRotation_v4,2021.1.4,Win32,243.902439,679054f2072d526265aabff2,67906d1e16ed8e26151ed332,,,,,,,,,,,,,,,,,,,,,,,,,,,,,,,,,,,,,,,,,,,,,,,,,,,,,,,,,Stimuli/32_0.jpg,Same,0,b,b,1,2.2578,68,0,68,0,1,,,,,
,,,,,,,,664f408259a7d76b52e2ae25,2025-01-21_21h59.52.078,VisualArraysMentalRotation_v4,2021.1.4,Win32,243.902439,679054f2072d526265aabff2,67906d1e16ed8e26151ed332,,,,,,,,,,,,,,,,,,,,,,,,,,,,,,,,,,,,,,,,,,,,,,,,,,,,,,,,,Stimuli/21_100.jpg,Same,100,b,b,1,2.1466,69,0,69,0,1,,,,,
,,,,,,,,664f408259a7d76b52e2ae25,2025-01-21_21h59.52.078,VisualArraysMentalRotation_v4,2021.1.4,Win32,243.902439,679054f2072d526265aabff2,67906d1e16ed8e26151ed332,,,,,,,,,,,,,,,,,,,,,,,,,,,,,,,,,,,,,,,,,,,,,,,,,,,,,,,,,Stimuli/40_100.jpg,Same,100,b,b,1,3.2482,70,0,70,0,1,,,,,
,,,,,,,,664f408259a7d76b52e2ae25,2025-01-21_21h59.52.078,VisualArraysMentalRotation_v4,2021.1.4,Win32,243.902439,679054f2072d526265aabff2,67906d1e16ed8e26151ed332,,,,,,,,,,,,,,,,,,,,,,,,,,,,,,,,,,,,,,,,,,,,,,,,,,,,,,,,,Stimuli/38_100_R.jpg,Different,100,n,n,1,3.2585,71,0,71,0,1,,,,,
,,,,,,,,664f408259a7d76b52e2ae25,2025-01-21_21h59.52.078,VisualArraysMentalRotation_v4,2021.1.4,Win32,243.902439,679054f2072d526265aabff2,67906d1e16ed8e26151ed332,,,,,,,,,,,,,,,,,,,,,,,,,,,,,,,,,,,,,,,,,,,,,,,,,,,,,,,,,Stimuli/21_0.jpg,Same,0,b,b,1,0.8593,72,0,72,0,1,,,,,
,,,,,,,,664f408259a7d76b52e2ae25,2025-01-21_21h59.52.078,VisualArraysMentalRotation_v4,2021.1.4,Win32,243.902439,679054f2072d526265aabff2,67906d1e16ed8e26151ed332,,,,,,,,,,,,,,,,,,,,,,,,,,,,,,,,,,,,,,,,,,,,,,,,,,,,,,,,,Stimuli/19_150.jpg,Same,150,b,b,1,3.23,73,0,73,0,1,,,,,
,,,,,,,,664f408259a7d76b52e2ae25,2025-01-21_21h59.52.078,VisualArraysMentalRotation_v4,2021.1.4,Win32,243.902439,679054f2072d526265aabff2,67906d1e16ed8e26151ed332,,,,,,,,,,,,,,,,,,,,,,,,,,,,,,,,,,,,,,,,,,,,,,,,,,,,,,,,,Stimuli/22_50.jpg,Same,50,b,b,1,1.5954,74,0,74,0,1,,,,,
,,,,,,,,664f408259a7d76b52e2ae25,2025-01-21_21h59.52.078,VisualArraysMentalRotation_v4,2021.1.4,Win32,243.902439,679054f2072d526265aabff2,67906d1e16ed8e26151ed332,,,,,,,,,,,,,,,,,,,,,,,,,,,,,,,,,,,,,,,,,,,,,,,,,,,,,,,,,Stimuli/3_150_R.jpg,Different,150,n,n,1,5.1036,75,0,75,0,1,,,,,
,,,,,,,,664f408259a7d76b52e2ae25,2025-01-21_21h59.52.078,VisualArraysMentalRotation_v4,2021.1.4,Win32,243.902439,679054f2072d526265aabff2,67906d1e16ed8e26151ed332,,,,,,,,,,,,,,,,,,,,,,,,,,,,,,,,,,,,,,,,,,,,,,,,,,,,,,,,,Stimuli/21_150.jpg,Same,150,b,b,1,2.394,76,0,76,0,1,,,,,
,,,,,,,,664f408259a7d76b52e2ae25,2025-01-21_21h59.52.078,VisualArraysMentalRotation_v4,2021.1.4,Win32,243.902439,679054f2072d526265aabff2,67906d1e16ed8e26151ed332,,,,,,,,,,,,,,,,,,,,,,,,,,,,,,,,,,,,,,,,,,,,,,,,,,,,,,,,,Stimuli/28_150_R.jpg,Different,150,n,n,1,3.331,77,0,77,0,1,,,,,
,,,,,,,,664f408259a7d76b52e2ae25,2025-01-21_21h59.52.078,VisualArraysMentalRotation_v4,2021.1.4,Win32,243.902439,679054f2072d526265aabff2,67906d1e16ed8e26151ed332,,,,,,,,,,,,,,,,,,,,,,,,,,,,,,,,,,,,,,,,,,,,,,,,,,,,,,,,,Stimuli/16_50_R.jpg,Different,50,n,n,1,2.2886,78,0,78,0,1,,,,,
,,,,,,,,664f408259a7d76b52e2ae25,2025-01-21_21h59.52.078,VisualArraysMentalRotation_v4,2021.1.4,Win32,243.902439,679054f2072d526265aabff2,67906d1e16ed8e26151ed332,,,,,,,,,,,,,,,,,,,,,,,,,,,,,,,,,,,,,,,,,,,,,,,,,,,,,,,,,Stimuli/44_150.jpg,Same,150,b,b,1,1.928,79,0,79,0,1,,,,,
,,,,,,,,664f408259a7d76b52e2ae25,2025-01-21_21h59.52.078,VisualArraysMentalRotation_v4,2021.1.4,Win32,243.902439,679054f2072d526265aabff2,67906d1e16ed8e26151ed332,,,,,,,,,,,,,,,,,,,,,,,,,,,,,,,,,,,,,,,,,,,,,,,,,,,,,,,,,Stimuli/3_50.jpg,Same,50,b,b,1,3.6713,80,0,80,0,1,,,,,
,,,,,,,,664f408259a7d76b52e2ae25,2025-01-21_21h59.52.078,VisualArraysMentalRotation_v4,2021.1.4,Win32,243.902439,679054f2072d526265aabff2,67906d1e16ed8e26151ed332,,,,,,,,,,,,,,,,,,,,,,,,,,,,,,,,,,,,,,,,,,,,,,,,,,,,,,,,,Stimuli/40_150.jpg,Same,150,b,b,1,3.3867,81,0,81,0,1,,,,,
,,,,,,,,664f408259a7d76b52e2ae25,2025-01-21_21h59.52.078,VisualArraysMentalRotation_v4,2021.1.4,Win32,243.902439,679054f2072d526265aabff2,67906d1e16ed8e26151ed332,,,,,,,,,,,,,,,,,,,,,,,,,,,,,,,,,,,,,,,,,,,,,,,,,,,,,,,,,Stimuli/40_50_R.jpg,Different,50,n,n,1,2.4205,82,0,82,0,1,,,,,
,,,,,,,,664f408259a7d76b52e2ae25,2025-01-21_21h59.52.078,VisualArraysMentalRotation_v4,2021.1.4,Win32,243.902439,679054f2072d526265aabff2,67906d1e16ed8e26151ed332,,,,,,,,,,,,,,,,,,,,,,,,,,,,,,,,,,,,,,,,,,,,,,,,,,,,,,,,,Stimuli/38_50.jpg,Same,50,b,b,1,1.1567,83,0,83,0,1,,,,,
,,,,,,,,664f408259a7d76b52e2ae25,2025-01-21_21h59.52.078,VisualArraysMentalRotation_v4,2021.1.4,Win32,243.902439,679054f2072d526265aabff2,67906d1e16ed8e26151ed332,,,,,,,,,,,,,,,,,,,,,,,,,,,,,,,,,,,,,,,,,,,,,,,,,,,,,,,,,Stimuli/19_0.jpg,Same,0,b,b,1,4.0648,84,0,84,0,1,,,,,
,,,,,,,,664f408259a7d76b52e2ae25,2025-01-21_21h59.52.078,VisualArraysMentalRotation_v4,2021.1.4,Win32,243.902439,679054f2072d526265aabff2,67906d1e16ed8e26151ed332,,,,,,,,,,,,,,,,,,,,,,,,,,,,,,,,,,,,,,,,,,,,,,,,,,,,,,,,,Stimuli/21_0_R.jpg,Different,0,n,n,1,3.1106,85,0,85,0,1,,,,,
,,,,,,,,664f408259a7d76b52e2ae25,2025-01-21_21h59.52.078,VisualArraysMentalRotation_v4,2021.1.4,Win32,243.902439,679054f2072d526265aabff2,67906d1e16ed8e26151ed332,,,,,,,,,,,,,,,,,,,,,,,,,,,,,,,,,,,,,,,,,,,,,,,,,,,,,,,,,Stimuli/27_0_R.jpg,Different,0,n,n,1,3.3419,86,0,86,0,1,,,,,
,,,,,,,,664f408259a7d76b52e2ae25,2025-01-21_21h59.52.078,VisualArraysMentalRotation_v4,2021.1.4,Win32,243.902439,679054f2072d526265aabff2,67906d1e16ed8e26151ed332,,,,,,,,,,,,,,,,,,,,,,,,,,,,,,,,,,,,,,,,,,,,,,,,,,,,,,,,,Stimuli/38_150.jpg,Same,150,b,b,1,1.8447,87,0,87,0,1,,,,,
,,,,,,,,664f408259a7d76b52e2ae25,2025-01-21_21h59.52.078,VisualArraysMentalRotation_v4,2021.1.4,Win32,243.902439,679054f2072d526265aabff2,67906d1e16ed8e26151ed332,,,,,,,,,,,,,,,,,,,,,,,,,,,,,,,,,,,,,,,,,,,,,,,,,,,,,,,,,Stimuli/32_50_R.jpg,Different,50,n,n,1,1.7298,88,0,88,0,1,,,,,
,,,,,,,,664f408259a7d76b52e2ae25,2025-01-21_21h59.52.078,VisualArraysMentalRotation_v4,2021.1.4,Win32,243.902439,679054f2072d526265aabff2,67906d1e16ed8e26151ed332,,,,,,,,,,,,,,,,,,,,,,,,,,,,,,,,,,,,,,,,,,,,,,,,,,,,,,,,,Stimuli/3_100_R.jpg,Different,100,n,n,1,4.4485,89,0,89,0,1,,,,,
,,,,,,,,664f408259a7d76b52e2ae25,2025-01-21_21h59.52.078,VisualArraysMentalRotation_v4,2021.1.4,Win32,243.902439,679054f2072d526265aabff2,67906d1e16ed8e26151ed332,,,,,,,,,,,,,,,,,,,,,,,,,,,,,,,,,,,,,,,,,,,,,,,,,,,,,,,,,Stimuli/16_50.jpg,Same,50,b,b,1,1.2934,90,0,90,0,1,,,,,
,,,,,,,,664f408259a7d76b52e2ae25,2025-01-21_21h59.52.078,VisualArraysMentalRotation_v4,2021.1.4,Win32,243.902439,679054f2072d526265aabff2,67906d1e16ed8e26151ed332,,,,,,,,,,,,,,,,,,,,,,,,,,,,,,,,,,,,,,,,,,,,,,,,,,,,,,,,,Stimuli/44_50_R.jpg,Different,50,n,n,1,2.0428,91,0,91,0,1,,,,,
,,,,,,,,664f408259a7d76b52e2ae25,2025-01-21_21h59.52.078,VisualArraysMentalRotation_v4,2021.1.4,Win32,243.902439,679054f2072d526265aabff2,67906d1e16ed8e26151ed332,,,,,,,,,,,,,,,,,,,,,,,,,,,,,,,,,,,,,,,,,,,,,,,,,,,,,,,,,Stimuli/16_0_R.jpg,Different,0,n,n,1,2.5066,92,0,92,0,1,,,,,
,,,,,,,,664f408259a7d76b52e2ae25,2025-01-21_21h59.52.078,VisualArraysMentalRotation_v4,2021.1.4,Win32,243.902439,679054f2072d526265aabff2,67906d1e16ed8e26151ed332,,,,,,,,,,,,,,,,,,,,,,,,,,,,,,,,,,,,,,,,,,,,,,,,,,,,,,,,,Stimuli/28_100.jpg,Same,100,b,b,1,1.8028,93,0,93,0,1,,,,,
,,,,,,,,664f408259a7d76b52e2ae25,2025-01-21_21h59.52.078,VisualArraysMentalRotation_v4,2021.1.4,Win32,243.902439,679054f2072d526265aabff2,67906d1e16ed8e26151ed332,,,,,,,,,,,,,,,,,,,,,,,,,,,,,,,,,,,,,,,,,,,,,,,,,,,,,,,,,Stimuli/38_0_R.jpg,Different,0,n,n,1,1.3283,94,0,94,0,1,,,,,
,,,,,,,,664f408259a7d76b52e2ae25,2025-01-21_21h59.52.078,VisualArraysMentalRotation_v4,2021.1.4,Win32,243.902439,679054f2072d526265aabff2,67906d1e16ed8e26151ed332,,,,,,,,,,,,,,,,,,,,,,,,,,,,,,,,,,,,,,,,,,,,,,,,,,,,,,,,,Stimuli/40_100_R.jpg,Different,100,n,n,1,2.685,95,0,95,0,1,,,,,
,,,,,,,,664f408259a7d76b52e2ae25,2025-01-21_21h59.52.078,VisualArraysMentalRotation_v4,2021.1.4,Win32,243.902439,679054f2072d526265aabff2,67906d1e16ed8e26151ed332,,,,,,,,,,,,,,,,,,,,,,,,,,,,,,,,,,,,,,,,,,,,,,,,,,,,,,,,,,,,,,,,,,,,,0,0,0,0,1
,,,,,,,,664f408259a7d76b52e2ae25,2025-01-21_21h59.52.078,VisualArraysMentalRotation_v4,2021.1.4,Win32,243.902439,679054f2072d526265aabff2,67906d1e16ed8e26151ed332,,,,,,,,,,,,,,,,,,,,,,,,,,,,,,,,,,,,,,0,1,1,1,1,0,1,,,,,,,,,,,,,,,,,,,,,,,,,,,,,
