TaskOrder,consent_final_key_resp.keys,consent_final_key_resp.rt,MRTPracResponse.keys,MRTPracResponse.corr,MRTPracResponse.rt,MRTPracticeTrials.thisRepN,MRTPracticeTrials.thisTrialN,MRTPracticeTrials.thisN,MRTPracticeTrials.thisIndex,MRTPracticeTrials.ran,PracStimulus,PracDegRotation,PracType,MRTPracCorrectAns,PROLIFIC_PID,date,expName,psychopyVersion,OS,frameRate,STUDY_ID,SESSION_ID,MRTStimulus,MRTType,MRTDegRotation,MRTCorrectAns,MRTTestResponse.keys,MRTTestResponse.corr,MRTTestResponse.rt,MRTTestTrials.thisRepN,MRTTestTrials.thisTrialN,MRTTestTrials.thisN,MRTTestTrials.thisIndex,MRTTestTrials.ran,MRT_Task.thisRepN,MRT_Task.thisTrialN,MRT_Task.thisN,MRT_Task.thisIndex,MRT_Task.ran,TasksLoop.thisRepN,TasksLoop.thisTrialN,TasksLoop.thisN,TasksLoop.thisIndex,TasksLoop.ran,nRepsVA,nRepsMRT,Red Orientations,Blue Orientations,VA_array_dur,Target Rectangle,New Red Orientations,New Blue Orientations,VA_PracResponse.keys,VA_PracResponse.corr,VA_PracResponse.rt,PracTrials.thisRepN,PracTrials.thisTrialN,PracTrials.thisN,PracTrials.thisIndex,PracTrials.ran,VA_Target,VA_TargetNumber,VA_Orientation,VA_Answer,VA_DelayDur,VA_PracTrialsSpeed.thisRepN,VA_PracTrialsSpeed.thisTrialN,VA_PracTrialsSpeed.thisN,VA_PracTrialsSpeed.thisIndex,VA_PracTrialsSpeed.ran,VA_TestResponse.keys,VA_TestResponse.corr,VA_TestResponse.rt,VA_TestTrials.thisRepN,VA_TestTrials.thisTrialN,VA_TestTrials.thisN,VA_TestTrials.thisIndex,VA_TestTrials.ran,VA_Task.thisRepN,VA_Task.thisTrialN,VA_Task.thisN,VA_Task.thisIndex,VA_Task.ran
2,y,19.6087,n,0,4.4142,0,0,0,5,1,PracticeStim/26_150.jpg,150,Same,b,66ee186efc9a208ef9446a30,2025-01-21_21h20.43.720,VisualArraysMentalRotation_v4,2021.1.4,Win32,59.88023952,679054f2072d526265aabff2,679063f2c12982612b7ac372,,,,,,,,,,,,,,,,,,,,,,,,,,,,,,,,,,,,,,,,,,,,,,,,,,,,,,,,,,,,,
,,,n,0,3.9928,0,1,1,3,1,PracticeStim/18_150.jpg,150,Same,b,66ee186efc9a208ef9446a30,2025-01-21_21h20.43.720,VisualArraysMentalRotation_v4,2021.1.4,Win32,59.88023952,679054f2072d526265aabff2,679063f2c12982612b7ac372,,,,,,,,,,,,,,,,,,,,,,,,,,,,,,,,,,,,,,,,,,,,,,,,,,,,,,,,,,,,,
,,,b,1,3.2437,0,2,2,11,1,PracticeStim/42_50.jpg,50,Same,b,66ee186efc9a208ef9446a30,2025-01-21_21h20.43.720,VisualArraysMentalRotation_v4,2021.1.4,Win32,59.88023952,679054f2072d526265aabff2,679063f2c12982612b7ac372,,,,,,,,,,,,,,,,,,,,,,,,,,,,,,,,,,,,,,,,,,,,,,,,,,,,,,,,,,,,,
,,,n,1,3.9458,0,3,3,6,1,PracticeStim/30_100_R.jpg,100,Different,n,66ee186efc9a208ef9446a30,2025-01-21_21h20.43.720,VisualArraysMentalRotation_v4,2021.1.4,Win32,59.88023952,679054f2072d526265aabff2,679063f2c12982612b7ac372,,,,,,,,,,,,,,,,,,,,,,,,,,,,,,,,,,,,,,,,,,,,,,,,,,,,,,,,,,,,,
,,,b,1,5.8103,0,4,4,2,1,PracticeStim/17_50.jpg,50,Same,b,66ee186efc9a208ef9446a30,2025-01-21_21h20.43.720,VisualArraysMentalRotation_v4,2021.1.4,Win32,59.88023952,679054f2072d526265aabff2,679063f2c12982612b7ac372,,,,,,,,,,,,,,,,,,,,,,,,,,,,,,,,,,,,,,,,,,,,,,,,,,,,,,,,,,,,,
,,,b,1,3.7267,0,5,5,10,1,PracticeStim/41_150.jpg,150,Same,b,66ee186efc9a208ef9446a30,2025-01-21_21h20.43.720,VisualArraysMentalRotation_v4,2021.1.4,Win32,59.88023952,679054f2072d526265aabff2,679063f2c12982612b7ac372,,,,,,,,,,,,,,,,,,,,,,,,,,,,,,,,,,,,,,,,,,,,,,,,,,,,,,,,,,,,,
,,,n,1,5.2097,0,6,6,1,1,PracticeStim/9_100_R.jpg,100,Different,n,66ee186efc9a208ef9446a30,2025-01-21_21h20.43.720,VisualArraysMentalRotation_v4,2021.1.4,Win32,59.88023952,679054f2072d526265aabff2,679063f2c12982612b7ac372,,,,,,,,,,,,,,,,,,,,,,,,,,,,,,,,,,,,,,,,,,,,,,,,,,,,,,,,,,,,,
,,,n,1,5.1115,0,7,7,7,1,PracticeStim/31_50_R.jpg,50,Different,n,66ee186efc9a208ef9446a30,2025-01-21_21h20.43.720,VisualArraysMentalRotation_v4,2021.1.4,Win32,59.88023952,679054f2072d526265aabff2,679063f2c12982612b7ac372,,,,,,,,,,,,,,,,,,,,,,,,,,,,,,,,,,,,,,,,,,,,,,,,,,,,,,,,,,,,,
,,,b,1,5.0274,0,8,8,4,1,PracticeStim/25_150.jpg,150,Same,b,66ee186efc9a208ef9446a30,2025-01-21_21h20.43.720,VisualArraysMentalRotation_v4,2021.1.4,Win32,59.88023952,679054f2072d526265aabff2,679063f2c12982612b7ac372,,,,,,,,,,,,,,,,,,,,,,,,,,,,,,,,,,,,,,,,,,,,,,,,,,,,,,,,,,,,,
,,,n,1,4.6092,0,9,9,9,1,PracticeStim/36_100_R.jpg,100,Different,n,66ee186efc9a208ef9446a30,2025-01-21_21h20.43.720,VisualArraysMentalRotation_v4,2021.1.4,Win32,59.88023952,679054f2072d526265aabff2,679063f2c12982612b7ac372,,,,,,,,,,,,,,,,,,,,,,,,,,,,,,,,,,,,,,,,,,,,,,,,,,,,,,,,,,,,,
,,,n,1,6.2445,0,10,10,8,1,PracticeStim/33_50_R.jpg,50,Different,n,66ee186efc9a208ef9446a30,2025-01-21_21h20.43.720,VisualArraysMentalRotation_v4,2021.1.4,Win32,59.88023952,679054f2072d526265aabff2,679063f2c12982612b7ac372,,,,,,,,,,,,,,,,,,,,,,,,,,,,,,,,,,,,,,,,,,,,,,,,,,,,,,,,,,,,,
,,,n,1,3.7753,0,11,11,0,1,PracticeStim/7_100_R.jpg,100,Different,n,66ee186efc9a208ef9446a30,2025-01-21_21h20.43.720,VisualArraysMentalRotation_v4,2021.1.4,Win32,59.88023952,679054f2072d526265aabff2,679063f2c12982612b7ac372,,,,,,,,,,,,,,,,,,,,,,,,,,,,,,,,,,,,,,,,,,,,,,,,,,,,,,,,,,,,,
,,,,,,,,,,,,,,,66ee186efc9a208ef9446a30,2025-01-21_21h20.43.720,VisualArraysMentalRotation_v4,2021.1.4,Win32,59.88023952,679054f2072d526265aabff2,679063f2c12982612b7ac372,Stimuli/38_50_R.jpg,Different,50,n,n,1,6.131,0,0,0,0,1,,,,,,,,,,,,,,,,,,,,,,,,,,,,,,,,,,,,,,,,,,,,,,,,,
,,,,,,,,,,,,,,,66ee186efc9a208ef9446a30,2025-01-21_21h20.43.720,VisualArraysMentalRotation_v4,2021.1.4,Win32,59.88023952,679054f2072d526265aabff2,679063f2c12982612b7ac372,Stimuli/38_100.jpg,Same,100,b,b,1,3.3591,1,0,1,0,1,,,,,,,,,,,,,,,,,,,,,,,,,,,,,,,,,,,,,,,,,,,,,,,,,
,,,,,,,,,,,,,,,66ee186efc9a208ef9446a30,2025-01-21_21h20.43.720,VisualArraysMentalRotation_v4,2021.1.4,Win32,59.88023952,679054f2072d526265aabff2,679063f2c12982612b7ac372,Stimuli/19_150.jpg,Same,150,b,b,1,3.3603,2,0,2,0,1,,,,,,,,,,,,,,,,,,,,,,,,,,,,,,,,,,,,,,,,,,,,,,,,,
,,,,,,,,,,,,,,,66ee186efc9a208ef9446a30,2025-01-21_21h20.43.720,VisualArraysMentalRotation_v4,2021.1.4,Win32,59.88023952,679054f2072d526265aabff2,679063f2c12982612b7ac372,Stimuli/38_0.jpg,Same,0,b,b,1,2.3609,3,0,3,0,1,,,,,,,,,,,,,,,,,,,,,,,,,,,,,,,,,,,,,,,,,,,,,,,,,
,,,,,,,,,,,,,,,66ee186efc9a208ef9446a30,2025-01-21_21h20.43.720,VisualArraysMentalRotation_v4,2021.1.4,Win32,59.88023952,679054f2072d526265aabff2,679063f2c12982612b7ac372,Stimuli/3_0_R.jpg,Different,0,n,n,1,4.2439,4,0,4,0,1,,,,,,,,,,,,,,,,,,,,,,,,,,,,,,,,,,,,,,,,,,,,,,,,,
,,,,,,,,,,,,,,,66ee186efc9a208ef9446a30,2025-01-21_21h20.43.720,VisualArraysMentalRotation_v4,2021.1.4,Win32,59.88023952,679054f2072d526265aabff2,679063f2c12982612b7ac372,Stimuli/22_0_R.jpg,Different,0,n,n,1,4.9762,5,0,5,0,1,,,,,,,,,,,,,,,,,,,,,,,,,,,,,,,,,,,,,,,,,,,,,,,,,
,,,,,,,,,,,,,,,66ee186efc9a208ef9446a30,2025-01-21_21h20.43.720,VisualArraysMentalRotation_v4,2021.1.4,Win32,59.88023952,679054f2072d526265aabff2,679063f2c12982612b7ac372,Stimuli/21_150_R.jpg,Different,150,n,n,1,5.9634,6,0,6,0,1,,,,,,,,,,,,,,,,,,,,,,,,,,,,,,,,,,,,,,,,,,,,,,,,,
,,,,,,,,,,,,,,,66ee186efc9a208ef9446a30,2025-01-21_21h20.43.720,VisualArraysMentalRotation_v4,2021.1.4,Win32,59.88023952,679054f2072d526265aabff2,679063f2c12982612b7ac372,Stimuli/22_50.jpg,Same,50,b,b,1,1.8462,7,0,7,0,1,,,,,,,,,,,,,,,,,,,,,,,,,,,,,,,,,,,,,,,,,,,,,,,,,
,,,,,,,,,,,,,,,66ee186efc9a208ef9446a30,2025-01-21_21h20.43.720,VisualArraysMentalRotation_v4,2021.1.4,Win32,59.88023952,679054f2072d526265aabff2,679063f2c12982612b7ac372,Stimuli/21_150.jpg,Same,150,b,b,1,5.1602,8,0,8,0,1,,,,,,,,,,,,,,,,,,,,,,,,,,,,,,,,,,,,,,,,,,,,,,,,,
,,,,,,,,,,,,,,,66ee186efc9a208ef9446a30,2025-01-21_21h20.43.720,VisualArraysMentalRotation_v4,2021.1.4,Win32,59.88023952,679054f2072d526265aabff2,679063f2c12982612b7ac372,Stimuli/28_50.jpg,Same,50,b,b,1,3.1937,9,0,9,0,1,,,,,,,,,,,,,,,,,,,,,,,,,,,,,,,,,,,,,,,,,,,,,,,,,
,,,,,,,,,,,,,,,66ee186efc9a208ef9446a30,2025-01-21_21h20.43.720,VisualArraysMentalRotation_v4,2021.1.4,Win32,59.88023952,679054f2072d526265aabff2,679063f2c12982612b7ac372,Stimuli/19_0_R.jpg,Different,0,n,n,1,2.7896,10,0,10,0,1,,,,,,,,,,,,,,,,,,,,,,,,,,,,,,,,,,,,,,,,,,,,,,,,,
,,,,,,,,,,,,,,,66ee186efc9a208ef9446a30,2025-01-21_21h20.43.720,VisualArraysMentalRotation_v4,2021.1.4,Win32,59.88023952,679054f2072d526265aabff2,679063f2c12982612b7ac372,Stimuli/40_100_R.jpg,Different,100,n,n,1,5.2639,11,0,11,0,1,,,,,,,,,,,,,,,,,,,,,,,,,,,,,,,,,,,,,,,,,,,,,,,,,
,,,,,,,,,,,,,,,66ee186efc9a208ef9446a30,2025-01-21_21h20.43.720,VisualArraysMentalRotation_v4,2021.1.4,Win32,59.88023952,679054f2072d526265aabff2,679063f2c12982612b7ac372,Stimuli/16_150.jpg,Same,150,b,b,1,2.9261,12,0,12,0,1,,,,,,,,,,,,,,,,,,,,,,,,,,,,,,,,,,,,,,,,,,,,,,,,,
,,,,,,,,,,,,,,,66ee186efc9a208ef9446a30,2025-01-21_21h20.43.720,VisualArraysMentalRotation_v4,2021.1.4,Win32,59.88023952,679054f2072d526265aabff2,679063f2c12982612b7ac372,Stimuli/28_150.jpg,Same,150,b,b,1,4.3829,13,0,13,0,1,,,,,,,,,,,,,,,,,,,,,,,,,,,,,,,,,,,,,,,,,,,,,,,,,
,,,,,,,,,,,,,,,66ee186efc9a208ef9446a30,2025-01-21_21h20.43.720,VisualArraysMentalRotation_v4,2021.1.4,Win32,59.88023952,679054f2072d526265aabff2,679063f2c12982612b7ac372,Stimuli/3_150_R.jpg,Different,150,n,n,1,4.927,14,0,14,0,1,,,,,,,,,,,,,,,,,,,,,,,,,,,,,,,,,,,,,,,,,,,,,,,,,
,,,,,,,,,,,,,,,66ee186efc9a208ef9446a30,2025-01-21_21h20.43.720,VisualArraysMentalRotation_v4,2021.1.4,Win32,59.88023952,679054f2072d526265aabff2,679063f2c12982612b7ac372,Stimuli/28_100.jpg,Same,100,b,b,1,2.9604,15,0,15,0,1,,,,,,,,,,,,,,,,,,,,,,,,,,,,,,,,,,,,,,,,,,,,,,,,,
,,,,,,,,,,,,,,,66ee186efc9a208ef9446a30,2025-01-21_21h20.43.720,VisualArraysMentalRotation_v4,2021.1.4,Win32,59.88023952,679054f2072d526265aabff2,679063f2c12982612b7ac372,Stimuli/21_100.jpg,Same,100,b,b,1,4.949,16,0,16,0,1,,,,,,,,,,,,,,,,,,,,,,,,,,,,,,,,,,,,,,,,,,,,,,,,,
,,,,,,,,,,,,,,,66ee186efc9a208ef9446a30,2025-01-21_21h20.43.720,VisualArraysMentalRotation_v4,2021.1.4,Win32,59.88023952,679054f2072d526265aabff2,679063f2c12982612b7ac372,Stimuli/44_0.jpg,Same,0,b,b,1,3.331,17,0,17,0,1,,,,,,,,,,,,,,,,,,,,,,,,,,,,,,,,,,,,,,,,,,,,,,,,,
,,,,,,,,,,,,,,,66ee186efc9a208ef9446a30,2025-01-21_21h20.43.720,VisualArraysMentalRotation_v4,2021.1.4,Win32,59.88023952,679054f2072d526265aabff2,679063f2c12982612b7ac372,Stimuli/44_150_R.jpg,Different,150,n,n,1,2.1458,18,0,18,0,1,,,,,,,,,,,,,,,,,,,,,,,,,,,,,,,,,,,,,,,,,,,,,,,,,
,,,,,,,,,,,,,,,66ee186efc9a208ef9446a30,2025-01-21_21h20.43.720,VisualArraysMentalRotation_v4,2021.1.4,Win32,59.88023952,679054f2072d526265aabff2,679063f2c12982612b7ac372,Stimuli/27_50_R.jpg,Different,50,n,n,1,3.6101,19,0,19,0,1,,,,,,,,,,,,,,,,,,,,,,,,,,,,,,,,,,,,,,,,,,,,,,,,,
,,,,,,,,,,,,,,,66ee186efc9a208ef9446a30,2025-01-21_21h20.43.720,VisualArraysMentalRotation_v4,2021.1.4,Win32,59.88023952,679054f2072d526265aabff2,679063f2c12982612b7ac372,Stimuli/43_150_R.jpg,Different,150,n,n,1,6.7939,20,0,20,0,1,,,,,,,,,,,,,,,,,,,,,,,,,,,,,,,,,,,,,,,,,,,,,,,,,
,,,,,,,,,,,,,,,66ee186efc9a208ef9446a30,2025-01-21_21h20.43.720,VisualArraysMentalRotation_v4,2021.1.4,Win32,59.88023952,679054f2072d526265aabff2,679063f2c12982612b7ac372,Stimuli/32_0.jpg,Same,0,b,b,1,2.6915,21,0,21,0,1,,,,,,,,,,,,,,,,,,,,,,,,,,,,,,,,,,,,,,,,,,,,,,,,,
,,,,,,,,,,,,,,,66ee186efc9a208ef9446a30,2025-01-21_21h20.43.720,VisualArraysMentalRotation_v4,2021.1.4,Win32,59.88023952,679054f2072d526265aabff2,679063f2c12982612b7ac372,Stimuli/43_50_R.jpg,Different,50,n,n,1,4.26,22,0,22,0,1,,,,,,,,,,,,,,,,,,,,,,,,,,,,,,,,,,,,,,,,,,,,,,,,,
,,,,,,,,,,,,,,,66ee186efc9a208ef9446a30,2025-01-21_21h20.43.720,VisualArraysMentalRotation_v4,2021.1.4,Win32,59.88023952,679054f2072d526265aabff2,679063f2c12982612b7ac372,Stimuli/28_50_R.jpg,Different,50,n,n,1,5.3449,23,0,23,0,1,,,,,,,,,,,,,,,,,,,,,,,,,,,,,,,,,,,,,,,,,,,,,,,,,
,,,,,,,,,,,,,,,66ee186efc9a208ef9446a30,2025-01-21_21h20.43.720,VisualArraysMentalRotation_v4,2021.1.4,Win32,59.88023952,679054f2072d526265aabff2,679063f2c12982612b7ac372,Stimuli/43_100_R.jpg,Different,100,n,n,1,4.9665,24,0,24,0,1,,,,,,,,,,,,,,,,,,,,,,,,,,,,,,,,,,,,,,,,,,,,,,,,,
,,,,,,,,,,,,,,,66ee186efc9a208ef9446a30,2025-01-21_21h20.43.720,VisualArraysMentalRotation_v4,2021.1.4,Win32,59.88023952,679054f2072d526265aabff2,679063f2c12982612b7ac372,Stimuli/16_50.jpg,Same,50,b,b,1,5.1259,25,0,25,0,1,,,,,,,,,,,,,,,,,,,,,,,,,,,,,,,,,,,,,,,,,,,,,,,,,
,,,,,,,,,,,,,,,66ee186efc9a208ef9446a30,2025-01-21_21h20.43.720,VisualArraysMentalRotation_v4,2021.1.4,Win32,59.88023952,679054f2072d526265aabff2,679063f2c12982612b7ac372,Stimuli/43_0_R.jpg,Different,0,n,n,1,2.3596,26,0,26,0,1,,,,,,,,,,,,,,,,,,,,,,,,,,,,,,,,,,,,,,,,,,,,,,,,,
,,,,,,,,,,,,,,,66ee186efc9a208ef9446a30,2025-01-21_21h20.43.720,VisualArraysMentalRotation_v4,2021.1.4,Win32,59.88023952,679054f2072d526265aabff2,679063f2c12982612b7ac372,Stimuli/32_150_R.jpg,Different,150,n,n,1,5.8433,27,0,27,0,1,,,,,,,,,,,,,,,,,,,,,,,,,,,,,,,,,,,,,,,,,,,,,,,,,
,,,,,,,,,,,,,,,66ee186efc9a208ef9446a30,2025-01-21_21h20.43.720,VisualArraysMentalRotation_v4,2021.1.4,Win32,59.88023952,679054f2072d526265aabff2,679063f2c12982612b7ac372,Stimuli/32_100.jpg,Same,100,b,b,1,3.792,28,0,28,0,1,,,,,,,,,,,,,,,,,,,,,,,,,,,,,,,,,,,,,,,,,,,,,,,,,
,,,,,,,,,,,,,,,66ee186efc9a208ef9446a30,2025-01-21_21h20.43.720,VisualArraysMentalRotation_v4,2021.1.4,Win32,59.88023952,679054f2072d526265aabff2,679063f2c12982612b7ac372,Stimuli/32_100_R.jpg,Different,100,n,n,1,6.5748,29,0,29,0,1,,,,,,,,,,,,,,,,,,,,,,,,,,,,,,,,,,,,,,,,,,,,,,,,,
,,,,,,,,,,,,,,,66ee186efc9a208ef9446a30,2025-01-21_21h20.43.720,VisualArraysMentalRotation_v4,2021.1.4,Win32,59.88023952,679054f2072d526265aabff2,679063f2c12982612b7ac372,Stimuli/27_50.jpg,Same,50,b,b,1,2.6256,30,0,30,0,1,,,,,,,,,,,,,,,,,,,,,,,,,,,,,,,,,,,,,,,,,,,,,,,,,
,,,,,,,,,,,,,,,66ee186efc9a208ef9446a30,2025-01-21_21h20.43.720,VisualArraysMentalRotation_v4,2021.1.4,Win32,59.88023952,679054f2072d526265aabff2,679063f2c12982612b7ac372,Stimuli/22_150_R.jpg,Different,150,n,n,1,2.3928,31,0,31,0,1,,,,,,,,,,,,,,,,,,,,,,,,,,,,,,,,,,,,,,,,,,,,,,,,,
,,,,,,,,,,,,,,,66ee186efc9a208ef9446a30,2025-01-21_21h20.43.720,VisualArraysMentalRotation_v4,2021.1.4,Win32,59.88023952,679054f2072d526265aabff2,679063f2c12982612b7ac372,Stimuli/44_50_R.jpg,Different,50,n,n,1,5.6762,32,0,32,0,1,,,,,,,,,,,,,,,,,,,,,,,,,,,,,,,,,,,,,,,,,,,,,,,,,
,,,,,,,,,,,,,,,66ee186efc9a208ef9446a30,2025-01-21_21h20.43.720,VisualArraysMentalRotation_v4,2021.1.4,Win32,59.88023952,679054f2072d526265aabff2,679063f2c12982612b7ac372,Stimuli/3_150.jpg,Same,150,b,b,1,3.2432,33,0,33,0,1,,,,,,,,,,,,,,,,,,,,,,,,,,,,,,,,,,,,,,,,,,,,,,,,,
,,,,,,,,,,,,,,,66ee186efc9a208ef9446a30,2025-01-21_21h20.43.720,VisualArraysMentalRotation_v4,2021.1.4,Win32,59.88023952,679054f2072d526265aabff2,679063f2c12982612b7ac372,Stimuli/3_100_R.jpg,Different,100,n,,0,,34,0,34,0,1,,,,,,,,,,,,,,,,,,,,,,,,,,,,,,,,,,,,,,,,,,,,,,,,,
,,,,,,,,,,,,,,,66ee186efc9a208ef9446a30,2025-01-21_21h20.43.720,VisualArraysMentalRotation_v4,2021.1.4,Win32,59.88023952,679054f2072d526265aabff2,679063f2c12982612b7ac372,Stimuli/21_50.jpg,Same,50,b,b,1,3.4439,35,0,35,0,1,,,,,,,,,,,,,,,,,,,,,,,,,,,,,,,,,,,,,,,,,,,,,,,,,
,,,,,,,,,,,,,,,66ee186efc9a208ef9446a30,2025-01-21_21h20.43.720,VisualArraysMentalRotation_v4,2021.1.4,Win32,59.88023952,679054f2072d526265aabff2,679063f2c12982612b7ac372,Stimuli/19_0.jpg,Same,0,b,b,1,1.9599,36,0,36,0,1,,,,,,,,,,,,,,,,,,,,,,,,,,,,,,,,,,,,,,,,,,,,,,,,,
,,,,,,,,,,,,,,,66ee186efc9a208ef9446a30,2025-01-21_21h20.43.720,VisualArraysMentalRotation_v4,2021.1.4,Win32,59.88023952,679054f2072d526265aabff2,679063f2c12982612b7ac372,Stimuli/21_0_R.jpg,Different,0,n,n,1,2.9268,37,0,37,0,1,,,,,,,,,,,,,,,,,,,,,,,,,,,,,,,,,,,,,,,,,,,,,,,,,
,,,,,,,,,,,,,,,66ee186efc9a208ef9446a30,2025-01-21_21h20.43.720,VisualArraysMentalRotation_v4,2021.1.4,Win32,59.88023952,679054f2072d526265aabff2,679063f2c12982612b7ac372,Stimuli/43_150.jpg,Same,150,b,b,1,4.2424,38,0,38,0,1,,,,,,,,,,,,,,,,,,,,,,,,,,,,,,,,,,,,,,,,,,,,,,,,,
,,,,,,,,,,,,,,,66ee186efc9a208ef9446a30,2025-01-21_21h20.43.720,VisualArraysMentalRotation_v4,2021.1.4,Win32,59.88023952,679054f2072d526265aabff2,679063f2c12982612b7ac372,Stimuli/27_0_R.jpg,Different,0,n,n,1,3.7428,39,0,39,0,1,,,,,,,,,,,,,,,,,,,,,,,,,,,,,,,,,,,,,,,,,,,,,,,,,
,,,,,,,,,,,,,,,66ee186efc9a208ef9446a30,2025-01-21_21h20.43.720,VisualArraysMentalRotation_v4,2021.1.4,Win32,59.88023952,679054f2072d526265aabff2,679063f2c12982612b7ac372,Stimuli/16_0.jpg,Same,0,b,b,1,1.4932,40,0,40,0,1,,,,,,,,,,,,,,,,,,,,,,,,,,,,,,,,,,,,,,,,,,,,,,,,,
,,,,,,,,,,,,,,,66ee186efc9a208ef9446a30,2025-01-21_21h20.43.720,VisualArraysMentalRotation_v4,2021.1.4,Win32,59.88023952,679054f2072d526265aabff2,679063f2c12982612b7ac372,Stimuli/43_100.jpg,Same,100,b,b,1,5.1424,41,0,41,0,1,,,,,,,,,,,,,,,,,,,,,,,,,,,,,,,,,,,,,,,,,,,,,,,,,
,,,,,,,,,,,,,,,66ee186efc9a208ef9446a30,2025-01-21_21h20.43.720,VisualArraysMentalRotation_v4,2021.1.4,Win32,59.88023952,679054f2072d526265aabff2,679063f2c12982612b7ac372,Stimuli/3_50.jpg,Same,50,b,b,1,4.731,42,0,42,0,1,,,,,,,,,,,,,,,,,,,,,,,,,,,,,,,,,,,,,,,,,,,,,,,,,
,,,,,,,,,,,,,,,66ee186efc9a208ef9446a30,2025-01-21_21h20.43.720,VisualArraysMentalRotation_v4,2021.1.4,Win32,59.88023952,679054f2072d526265aabff2,679063f2c12982612b7ac372,Stimuli/22_100_R.jpg,Different,100,n,n,1,1.4604,43,0,43,0,1,,,,,,,,,,,,,,,,,,,,,,,,,,,,,,,,,,,,,,,,,,,,,,,,,
,,,,,,,,,,,,,,,66ee186efc9a208ef9446a30,2025-01-21_21h20.43.720,VisualArraysMentalRotation_v4,2021.1.4,Win32,59.88023952,679054f2072d526265aabff2,679063f2c12982612b7ac372,Stimuli/27_0.jpg,Same,0,b,b,1,2.5259,44,0,44,0,1,,,,,,,,,,,,,,,,,,,,,,,,,,,,,,,,,,,,,,,,,,,,,,,,,
,,,,,,,,,,,,,,,66ee186efc9a208ef9446a30,2025-01-21_21h20.43.720,VisualArraysMentalRotation_v4,2021.1.4,Win32,59.88023952,679054f2072d526265aabff2,679063f2c12982612b7ac372,Stimuli/21_50_R.jpg,Different,50,n,n,1,1.5593,45,0,45,0,1,,,,,,,,,,,,,,,,,,,,,,,,,,,,,,,,,,,,,,,,,,,,,,,,,
,,,,,,,,,,,,,,,66ee186efc9a208ef9446a30,2025-01-21_21h20.43.720,VisualArraysMentalRotation_v4,2021.1.4,Win32,59.88023952,679054f2072d526265aabff2,679063f2c12982612b7ac372,Stimuli/22_100.jpg,Same,100,b,b,1,2.0927,46,0,46,0,1,,,,,,,,,,,,,,,,,,,,,,,,,,,,,,,,,,,,,,,,,,,,,,,,,
,,,,,,,,,,,,,,,66ee186efc9a208ef9446a30,2025-01-21_21h20.43.720,VisualArraysMentalRotation_v4,2021.1.4,Win32,59.88023952,679054f2072d526265aabff2,679063f2c12982612b7ac372,Stimuli/19_100_R.jpg,Different,100,n,n,1,2.6428,47,0,47,0,1,,,,,,,,,,,,,,,,,,,,,,,,,,,,,,,,,,,,,,,,,,,,,,,,,
,,,,,,,,,,,,,,,66ee186efc9a208ef9446a30,2025-01-21_21h20.43.720,VisualArraysMentalRotation_v4,2021.1.4,Win32,59.88023952,679054f2072d526265aabff2,679063f2c12982612b7ac372,Stimuli/44_50.jpg,Same,50,b,b,1,3.0793,48,0,48,0,1,,,,,,,,,,,,,,,,,,,,,,,,,,,,,,,,,,,,,,,,,,,,,,,,,
,,,,,,,,,,,,,,,66ee186efc9a208ef9446a30,2025-01-21_21h20.43.720,VisualArraysMentalRotation_v4,2021.1.4,Win32,59.88023952,679054f2072d526265aabff2,679063f2c12982612b7ac372,Stimuli/19_50.jpg,Same,50,b,b,1,2.6433,49,0,49,0,1,,,,,,,,,,,,,,,,,,,,,,,,,,,,,,,,,,,,,,,,,,,,,,,,,
,,,,,,,,,,,,,,,66ee186efc9a208ef9446a30,2025-01-21_21h20.43.720,VisualArraysMentalRotation_v4,2021.1.4,Win32,59.88023952,679054f2072d526265aabff2,679063f2c12982612b7ac372,Stimuli/38_50.jpg,Same,50,b,b,1,3.1817,50,0,50,0,1,,,,,,,,,,,,,,,,,,,,,,,,,,,,,,,,,,,,,,,,,,,,,,,,,
,,,,,,,,,,,,,,,66ee186efc9a208ef9446a30,2025-01-21_21h20.43.720,VisualArraysMentalRotation_v4,2021.1.4,Win32,59.88023952,679054f2072d526265aabff2,679063f2c12982612b7ac372,Stimuli/16_150_R.jpg,Different,150,n,n,1,1.4444,51,0,51,0,1,,,,,,,,,,,,,,,,,,,,,,,,,,,,,,,,,,,,,,,,,,,,,,,,,
,,,,,,,,,,,,,,,66ee186efc9a208ef9446a30,2025-01-21_21h20.43.720,VisualArraysMentalRotation_v4,2021.1.4,Win32,59.88023952,679054f2072d526265aabff2,679063f2c12982612b7ac372,Stimuli/40_0_R.jpg,Different,0,n,n,1,3.4086,52,0,52,0,1,,,,,,,,,,,,,,,,,,,,,,,,,,,,,,,,,,,,,,,,,,,,,,,,,
,,,,,,,,,,,,,,,66ee186efc9a208ef9446a30,2025-01-21_21h20.43.720,VisualArraysMentalRotation_v4,2021.1.4,Win32,59.88023952,679054f2072d526265aabff2,679063f2c12982612b7ac372,Stimuli/44_0_R.jpg,Different,0,n,n,1,4.1131,53,0,53,0,1,,,,,,,,,,,,,,,,,,,,,,,,,,,,,,,,,,,,,,,,,,,,,,,,,
,,,,,,,,,,,,,,,66ee186efc9a208ef9446a30,2025-01-21_21h20.43.720,VisualArraysMentalRotation_v4,2021.1.4,Win32,59.88023952,679054f2072d526265aabff2,679063f2c12982612b7ac372,Stimuli/44_150.jpg,Same,150,b,b,1,2.6092,54,0,54,0,1,,,,,,,,,,,,,,,,,,,,,,,,,,,,,,,,,,,,,,,,,,,,,,,,,
,,,,,,,,,,,,,,,66ee186efc9a208ef9446a30,2025-01-21_21h20.43.720,VisualArraysMentalRotation_v4,2021.1.4,Win32,59.88023952,679054f2072d526265aabff2,679063f2c12982612b7ac372,Stimuli/32_0_R.jpg,Different,0,n,n,1,2.8265,55,0,55,0,1,,,,,,,,,,,,,,,,,,,,,,,,,,,,,,,,,,,,,,,,,,,,,,,,,
,,,,,,,,,,,,,,,66ee186efc9a208ef9446a30,2025-01-21_21h20.43.720,VisualArraysMentalRotation_v4,2021.1.4,Win32,59.88023952,679054f2072d526265aabff2,679063f2c12982612b7ac372,Stimuli/21_100_R.jpg,Different,100,n,n,1,2.6952,56,0,56,0,1,,,,,,,,,,,,,,,,,,,,,,,,,,,,,,,,,,,,,,,,,,,,,,,,,
,,,,,,,,,,,,,,,66ee186efc9a208ef9446a30,2025-01-21_21h20.43.720,VisualArraysMentalRotation_v4,2021.1.4,Win32,59.88023952,679054f2072d526265aabff2,679063f2c12982612b7ac372,Stimuli/38_150.jpg,Same,150,b,b,1,3.3786,57,0,57,0,1,,,,,,,,,,,,,,,,,,,,,,,,,,,,,,,,,,,,,,,,,,,,,,,,,
,,,,,,,,,,,,,,,66ee186efc9a208ef9446a30,2025-01-21_21h20.43.720,VisualArraysMentalRotation_v4,2021.1.4,Win32,59.88023952,679054f2072d526265aabff2,679063f2c12982612b7ac372,Stimuli/32_50.jpg,Same,50,b,b,1,2.012,58,0,58,0,1,,,,,,,,,,,,,,,,,,,,,,,,,,,,,,,,,,,,,,,,,,,,,,,,,
,,,,,,,,,,,,,,,66ee186efc9a208ef9446a30,2025-01-21_21h20.43.720,VisualArraysMentalRotation_v4,2021.1.4,Win32,59.88023952,679054f2072d526265aabff2,679063f2c12982612b7ac372,Stimuli/28_100_R.jpg,Different,100,n,n,1,2.2585,59,0,59,0,1,,,,,,,,,,,,,,,,,,,,,,,,,,,,,,,,,,,,,,,,,,,,,,,,,
,,,,,,,,,,,,,,,66ee186efc9a208ef9446a30,2025-01-21_21h20.43.720,VisualArraysMentalRotation_v4,2021.1.4,Win32,59.88023952,679054f2072d526265aabff2,679063f2c12982612b7ac372,Stimuli/44_100.jpg,Same,100,b,b,1,1.6945,60,0,60,0,1,,,,,,,,,,,,,,,,,,,,,,,,,,,,,,,,,,,,,,,,,,,,,,,,,
,,,,,,,,,,,,,,,66ee186efc9a208ef9446a30,2025-01-21_21h20.43.720,VisualArraysMentalRotation_v4,2021.1.4,Win32,59.88023952,679054f2072d526265aabff2,679063f2c12982612b7ac372,Stimuli/40_50.jpg,Same,50,b,b,1,2.9757,61,0,61,0,1,,,,,,,,,,,,,,,,,,,,,,,,,,,,,,,,,,,,,,,,,,,,,,,,,
,,,,,,,,,,,,,,,66ee186efc9a208ef9446a30,2025-01-21_21h20.43.720,VisualArraysMentalRotation_v4,2021.1.4,Win32,59.88023952,679054f2072d526265aabff2,679063f2c12982612b7ac372,Stimuli/22_150.jpg,Same,150,b,b,1,4.7975,62,0,62,0,1,,,,,,,,,,,,,,,,,,,,,,,,,,,,,,,,,,,,,,,,,,,,,,,,,
,,,,,,,,,,,,,,,66ee186efc9a208ef9446a30,2025-01-21_21h20.43.720,VisualArraysMentalRotation_v4,2021.1.4,Win32,59.88023952,679054f2072d526265aabff2,679063f2c12982612b7ac372,Stimuli/38_150_R.jpg,Different,150,n,n,1,1.7081,63,0,63,0,1,,,,,,,,,,,,,,,,,,,,,,,,,,,,,,,,,,,,,,,,,,,,,,,,,
,,,,,,,,,,,,,,,66ee186efc9a208ef9446a30,2025-01-21_21h20.43.720,VisualArraysMentalRotation_v4,2021.1.4,Win32,59.88023952,679054f2072d526265aabff2,679063f2c12982612b7ac372,Stimuli/3_100.jpg,Same,100,b,b,1,2.2957,64,0,64,0,1,,,,,,,,,,,,,,,,,,,,,,,,,,,,,,,,,,,,,,,,,,,,,,,,,
,,,,,,,,,,,,,,,66ee186efc9a208ef9446a30,2025-01-21_21h20.43.720,VisualArraysMentalRotation_v4,2021.1.4,Win32,59.88023952,679054f2072d526265aabff2,679063f2c12982612b7ac372,Stimuli/3_50_R.jpg,Different,50,n,n,1,2.9432,65,0,65,0,1,,,,,,,,,,,,,,,,,,,,,,,,,,,,,,,,,,,,,,,,,,,,,,,,,
,,,,,,,,,,,,,,,66ee186efc9a208ef9446a30,2025-01-21_21h20.43.720,VisualArraysMentalRotation_v4,2021.1.4,Win32,59.88023952,679054f2072d526265aabff2,679063f2c12982612b7ac372,Stimuli/27_100_R.jpg,Different,100,n,n,1,3.2756,66,0,66,0,1,,,,,,,,,,,,,,,,,,,,,,,,,,,,,,,,,,,,,,,,,,,,,,,,,
,,,,,,,,,,,,,,,66ee186efc9a208ef9446a30,2025-01-21_21h20.43.720,VisualArraysMentalRotation_v4,2021.1.4,Win32,59.88023952,679054f2072d526265aabff2,679063f2c12982612b7ac372,Stimuli/21_0.jpg,Same,0,b,b,1,1.9105,67,0,67,0,1,,,,,,,,,,,,,,,,,,,,,,,,,,,,,,,,,,,,,,,,,,,,,,,,,
,,,,,,,,,,,,,,,66ee186efc9a208ef9446a30,2025-01-21_21h20.43.720,VisualArraysMentalRotation_v4,2021.1.4,Win32,59.88023952,679054f2072d526265aabff2,679063f2c12982612b7ac372,Stimuli/22_0.jpg,Same,0,b,b,1,2.0439,68,0,68,0,1,,,,,,,,,,,,,,,,,,,,,,,,,,,,,,,,,,,,,,,,,,,,,,,,,
,,,,,,,,,,,,,,,66ee186efc9a208ef9446a30,2025-01-21_21h20.43.720,VisualArraysMentalRotation_v4,2021.1.4,Win32,59.88023952,679054f2072d526265aabff2,679063f2c12982612b7ac372,Stimuli/27_150_R.jpg,Different,150,n,n,1,3.063,69,0,69,0,1,,,,,,,,,,,,,,,,,,,,,,,,,,,,,,,,,,,,,,,,,,,,,,,,,
,,,,,,,,,,,,,,,66ee186efc9a208ef9446a30,2025-01-21_21h20.43.720,VisualArraysMentalRotation_v4,2021.1.4,Win32,59.88023952,679054f2072d526265aabff2,679063f2c12982612b7ac372,Stimuli/19_50_R.jpg,Different,50,n,n,1,3.9113,70,0,70,0,1,,,,,,,,,,,,,,,,,,,,,,,,,,,,,,,,,,,,,,,,,,,,,,,,,
,,,,,,,,,,,,,,,66ee186efc9a208ef9446a30,2025-01-21_21h20.43.720,VisualArraysMentalRotation_v4,2021.1.4,Win32,59.88023952,679054f2072d526265aabff2,679063f2c12982612b7ac372,Stimuli/38_100_R.jpg,Different,100,n,n,1,3.6102,71,0,71,0,1,,,,,,,,,,,,,,,,,,,,,,,,,,,,,,,,,,,,,,,,,,,,,,,,,
,,,,,,,,,,,,,,,66ee186efc9a208ef9446a30,2025-01-21_21h20.43.720,VisualArraysMentalRotation_v4,2021.1.4,Win32,59.88023952,679054f2072d526265aabff2,679063f2c12982612b7ac372,Stimuli/3_0.jpg,Same,0,b,b,1,1.5771,72,0,72,0,1,,,,,,,,,,,,,,,,,,,,,,,,,,,,,,,,,,,,,,,,,,,,,,,,,
,,,,,,,,,,,,,,,66ee186efc9a208ef9446a30,2025-01-21_21h20.43.720,VisualArraysMentalRotation_v4,2021.1.4,Win32,59.88023952,679054f2072d526265aabff2,679063f2c12982612b7ac372,Stimuli/38_0_R.jpg,Different,0,n,n,1,2.8595,73,0,73,0,1,,,,,,,,,,,,,,,,,,,,,,,,,,,,,,,,,,,,,,,,,,,,,,,,,
,,,,,,,,,,,,,,,66ee186efc9a208ef9446a30,2025-01-21_21h20.43.720,VisualArraysMentalRotation_v4,2021.1.4,Win32,59.88023952,679054f2072d526265aabff2,679063f2c12982612b7ac372,Stimuli/16_0_R.jpg,Different,0,n,n,1,3.6765,74,0,74,0,1,,,,,,,,,,,,,,,,,,,,,,,,,,,,,,,,,,,,,,,,,,,,,,,,,
,,,,,,,,,,,,,,,66ee186efc9a208ef9446a30,2025-01-21_21h20.43.720,VisualArraysMentalRotation_v4,2021.1.4,Win32,59.88023952,679054f2072d526265aabff2,679063f2c12982612b7ac372,Stimuli/28_150_R.jpg,Different,150,n,b,0,3.86,75,0,75,0,1,,,,,,,,,,,,,,,,,,,,,,,,,,,,,,,,,,,,,,,,,,,,,,,,,
,,,,,,,,,,,,,,,66ee186efc9a208ef9446a30,2025-01-21_21h20.43.720,VisualArraysMentalRotation_v4,2021.1.4,Win32,59.88023952,679054f2072d526265aabff2,679063f2c12982612b7ac372,Stimuli/43_0.jpg,Same,0,b,b,1,3.8591,76,0,76,0,1,,,,,,,,,,,,,,,,,,,,,,,,,,,,,,,,,,,,,,,,,,,,,,,,,
,,,,,,,,,,,,,,,66ee186efc9a208ef9446a30,2025-01-21_21h20.43.720,VisualArraysMentalRotation_v4,2021.1.4,Win32,59.88023952,679054f2072d526265aabff2,679063f2c12982612b7ac372,Stimuli/27_150.jpg,Same,150,b,b,1,3.2463,77,0,77,0,1,,,,,,,,,,,,,,,,,,,,,,,,,,,,,,,,,,,,,,,,,,,,,,,,,
,,,,,,,,,,,,,,,66ee186efc9a208ef9446a30,2025-01-21_21h20.43.720,VisualArraysMentalRotation_v4,2021.1.4,Win32,59.88023952,679054f2072d526265aabff2,679063f2c12982612b7ac372,Stimuli/40_100.jpg,Same,100,b,b,1,4.5768,78,0,78,0,1,,,,,,,,,,,,,,,,,,,,,,,,,,,,,,,,,,,,,,,,,,,,,,,,,
,,,,,,,,,,,,,,,66ee186efc9a208ef9446a30,2025-01-21_21h20.43.720,VisualArraysMentalRotation_v4,2021.1.4,Win32,59.88023952,679054f2072d526265aabff2,679063f2c12982612b7ac372,Stimuli/19_150_R.jpg,Different,150,n,n,1,1.877,79,0,79,0,1,,,,,,,,,,,,,,,,,,,,,,,,,,,,,,,,,,,,,,,,,,,,,,,,,
,,,,,,,,,,,,,,,66ee186efc9a208ef9446a30,2025-01-21_21h20.43.720,VisualArraysMentalRotation_v4,2021.1.4,Win32,59.88023952,679054f2072d526265aabff2,679063f2c12982612b7ac372,Stimuli/28_0_R.jpg,Different,0,n,n,1,4.3112,80,0,80,0,1,,,,,,,,,,,,,,,,,,,,,,,,,,,,,,,,,,,,,,,,,,,,,,,,,
,,,,,,,,,,,,,,,66ee186efc9a208ef9446a30,2025-01-21_21h20.43.720,VisualArraysMentalRotation_v4,2021.1.4,Win32,59.88023952,679054f2072d526265aabff2,679063f2c12982612b7ac372,Stimuli/40_0.jpg,Same,0,b,b,1,3.3601,81,0,81,0,1,,,,,,,,,,,,,,,,,,,,,,,,,,,,,,,,,,,,,,,,,,,,,,,,,
,,,,,,,,,,,,,,,66ee186efc9a208ef9446a30,2025-01-21_21h20.43.720,VisualArraysMentalRotation_v4,2021.1.4,Win32,59.88023952,679054f2072d526265aabff2,679063f2c12982612b7ac372,Stimuli/44_100_R.jpg,Different,100,n,n,1,3.6609,82,0,82,0,1,,,,,,,,,,,,,,,,,,,,,,,,,,,,,,,,,,,,,,,,,,,,,,,,,
,,,,,,,,,,,,,,,66ee186efc9a208ef9446a30,2025-01-21_21h20.43.720,VisualArraysMentalRotation_v4,2021.1.4,Win32,59.88023952,679054f2072d526265aabff2,679063f2c12982612b7ac372,Stimuli/16_50_R.jpg,Different,50,n,n,1,4.7113,83,0,83,0,1,,,,,,,,,,,,,,,,,,,,,,,,,,,,,,,,,,,,,,,,,,,,,,,,,
,,,,,,,,,,,,,,,66ee186efc9a208ef9446a30,2025-01-21_21h20.43.720,VisualArraysMentalRotation_v4,2021.1.4,Win32,59.88023952,679054f2072d526265aabff2,679063f2c12982612b7ac372,Stimuli/32_150.jpg,Same,150,b,b,1,3.6091,84,0,84,0,1,,,,,,,,,,,,,,,,,,,,,,,,,,,,,,,,,,,,,,,,,,,,,,,,,
,,,,,,,,,,,,,,,66ee186efc9a208ef9446a30,2025-01-21_21h20.43.720,VisualArraysMentalRotation_v4,2021.1.4,Win32,59.88023952,679054f2072d526265aabff2,679063f2c12982612b7ac372,Stimuli/43_50.jpg,Same,50,b,b,1,3.7428,85,0,85,0,1,,,,,,,,,,,,,,,,,,,,,,,,,,,,,,,,,,,,,,,,,,,,,,,,,
,,,,,,,,,,,,,,,66ee186efc9a208ef9446a30,2025-01-21_21h20.43.720,VisualArraysMentalRotation_v4,2021.1.4,Win32,59.88023952,679054f2072d526265aabff2,679063f2c12982612b7ac372,Stimuli/40_150_R.jpg,Different,150,n,n,1,4.1601,86,0,86,0,1,,,,,,,,,,,,,,,,,,,,,,,,,,,,,,,,,,,,,,,,,,,,,,,,,
,,,,,,,,,,,,,,,66ee186efc9a208ef9446a30,2025-01-21_21h20.43.720,VisualArraysMentalRotation_v4,2021.1.4,Win32,59.88023952,679054f2072d526265aabff2,679063f2c12982612b7ac372,Stimuli/40_150.jpg,Same,150,b,b,1,4.5101,87,0,87,0,1,,,,,,,,,,,,,,,,,,,,,,,,,,,,,,,,,,,,,,,,,,,,,,,,,
,,,,,,,,,,,,,,,66ee186efc9a208ef9446a30,2025-01-21_21h20.43.720,VisualArraysMentalRotation_v4,2021.1.4,Win32,59.88023952,679054f2072d526265aabff2,679063f2c12982612b7ac372,Stimuli/16_100.jpg,Same,100,b,b,1,2.4156,88,0,88,0,1,,,,,,,,,,,,,,,,,,,,,,,,,,,,,,,,,,,,,,,,,,,,,,,,,
,,,,,,,,,,,,,,,66ee186efc9a208ef9446a30,2025-01-21_21h20.43.720,VisualArraysMentalRotation_v4,2021.1.4,Win32,59.88023952,679054f2072d526265aabff2,679063f2c12982612b7ac372,Stimuli/32_50_R.jpg,Different,50,n,b,0,7.4098,89,0,89,0,1,,,,,,,,,,,,,,,,,,,,,,,,,,,,,,,,,,,,,,,,,,,,,,,,,
,,,,,,,,,,,,,,,66ee186efc9a208ef9446a30,2025-01-21_21h20.43.720,VisualArraysMentalRotation_v4,2021.1.4,Win32,59.88023952,679054f2072d526265aabff2,679063f2c12982612b7ac372,Stimuli/27_100.jpg,Same,100,b,b,1,3.4258,90,0,90,0,1,,,,,,,,,,,,,,,,,,,,,,,,,,,,,,,,,,,,,,,,,,,,,,,,,
,,,,,,,,,,,,,,,66ee186efc9a208ef9446a30,2025-01-21_21h20.43.720,VisualArraysMentalRotation_v4,2021.1.4,Win32,59.88023952,679054f2072d526265aabff2,679063f2c12982612b7ac372,Stimuli/40_50_R.jpg,Different,50,n,n,1,3.4462,91,0,91,0,1,,,,,,,,,,,,,,,,,,,,,,,,,,,,,,,,,,,,,,,,,,,,,,,,,
,,,,,,,,,,,,,,,66ee186efc9a208ef9446a30,2025-01-21_21h20.43.720,VisualArraysMentalRotation_v4,2021.1.4,Win32,59.88023952,679054f2072d526265aabff2,679063f2c12982612b7ac372,Stimuli/19_100.jpg,Same,100,b,b,1,3.6264,92,0,92,0,1,,,,,,,,,,,,,,,,,,,,,,,,,,,,,,,,,,,,,,,,,,,,,,,,,
,,,,,,,,,,,,,,,66ee186efc9a208ef9446a30,2025-01-21_21h20.43.720,VisualArraysMentalRotation_v4,2021.1.4,Win32,59.88023952,679054f2072d526265aabff2,679063f2c12982612b7ac372,Stimuli/28_0.jpg,Same,0,b,b,1,1.8831,93,0,93,0,1,,,,,,,,,,,,,,,,,,,,,,,,,,,,,,,,,,,,,,,,,,,,,,,,,
,,,,,,,,,,,,,,,66ee186efc9a208ef9446a30,2025-01-21_21h20.43.720,VisualArraysMentalRotation_v4,2021.1.4,Win32,59.88023952,679054f2072d526265aabff2,679063f2c12982612b7ac372,Stimuli/22_50_R.jpg,Different,50,n,n,1,2.1946,94,0,94,0,1,,,,,,,,,,,,,,,,,,,,,,,,,,,,,,,,,,,,,,,,,,,,,,,,,
,,,,,,,,,,,,,,,66ee186efc9a208ef9446a30,2025-01-21_21h20.43.720,VisualArraysMentalRotation_v4,2021.1.4,Win32,59.88023952,679054f2072d526265aabff2,679063f2c12982612b7ac372,Stimuli/16_100_R.jpg,Different,100,n,n,1,2.1139,95,0,95,0,1,,,,,,,,,,,,,,,,,,,,,,,,,,,,,,,,,,,,,,,,,,,,,,,,,
,,,,,,,,,,,,,,,66ee186efc9a208ef9446a30,2025-01-21_21h20.43.720,VisualArraysMentalRotation_v4,2021.1.4,Win32,59.88023952,679054f2072d526265aabff2,679063f2c12982612b7ac372,,,,,,,,,,,,,0,0,0,0,1,,,,,,,,,,,,,,,,,,,,,,,,,,,,,,,,,,,,,,,,,,,,
,,,,,,,,,,,,,,,66ee186efc9a208ef9446a30,2025-01-21_21h20.43.720,VisualArraysMentalRotation_v4,2021.1.4,Win32,59.88023952,679054f2072d526265aabff2,679063f2c12982612b7ac372,,,,,,,,,,,,,,,,,,0,0,0,0,1,0,1,,,,,,,,,,,,,,,,,,,,,,,,,,,,,,,,,,,,,
,,,,,,,,,,,,,,,66ee186efc9a208ef9446a30,2025-01-21_21h20.43.720,VisualArraysMentalRotation_v4,2021.1.4,Win32,59.88023952,679054f2072d526265aabff2,679063f2c12982612b7ac372,,,,,,,,,,,,,,,,,,,,,,,,,"[90,0,45,90,0]","[45,-45,0,-45,90]",0.25,PracRed_5,"[90,0,45,90,0]","[45,-45,0,-45,90]",5,1,3.141,0,0,0,3,1,RED,5,Same,5,3,,,,,,,,,,,,,,,,,,
,,,,,,,,,,,,,,,66ee186efc9a208ef9446a30,2025-01-21_21h20.43.720,VisualArraysMentalRotation_v4,2021.1.4,Win32,59.88023952,679054f2072d526265aabff2,679063f2c12982612b7ac372,,,,,,,,,,,,,,,,,,,,,,,,,"[-45,90,-45,45,0]","[0,0,45,45,90]",0.25,PracRed_3,"[-45,90,90,45,0]","[0,0,45,45,90]",5,0,1.3355,0,1,1,5,1,RED,3,Different,6,3,,,,,,,,,,,,,,,,,,
,,,,,,,,,,,,,,,66ee186efc9a208ef9446a30,2025-01-21_21h20.43.720,VisualArraysMentalRotation_v4,2021.1.4,Win32,59.88023952,679054f2072d526265aabff2,679063f2c12982612b7ac372,,,,,,,,,,,,,,,,,,,,,,,,,"[90,0,-45,-45,0]","[90,90,90,-45,-45]",0.25,PracBlue_2,"[90,0,-45,-45,0]","[90,90,90,-45,-45]",5,1,1.0207,0,2,2,8,1,BLUE,3,Same,5,1,,,,,,,,,,,,,,,,,,
,,,,,,,,,,,,,,,66ee186efc9a208ef9446a30,2025-01-21_21h20.43.720,VisualArraysMentalRotation_v4,2021.1.4,Win32,59.88023952,679054f2072d526265aabff2,679063f2c12982612b7ac372,,,,,,,,,,,,,,,,,,,,,,,,,"[90,90,0,45,-45]","[-45,45,90,0,90]",0.25,PracBlue_2,"[90,90,0,45,-45]","[-45,-45,90,0,90]",5,0,1.212,0,3,3,14,1,BLUE,5,Different,6,1,,,,,,,,,,,,,,,,,,
,,,,,,,,,,,,,,,66ee186efc9a208ef9446a30,2025-01-21_21h20.43.720,VisualArraysMentalRotation_v4,2021.1.4,Win32,59.88023952,679054f2072d526265aabff2,679063f2c12982612b7ac372,,,,,,,,,,,,,,,,,,,,,,,,,"[0,-45,90,45,-45]","[90,-45,-45,-45,90]",0.25,PracRed_3,"[0,-45,-45,45,-45]","[90,-45,-45,-45,90]",6,1,0.9461,0,4,4,7,1,RED,5,Different,6,3,,,,,,,,,,,,,,,,,,
,,,,,,,,,,,,,,,66ee186efc9a208ef9446a30,2025-01-21_21h20.43.720,VisualArraysMentalRotation_v4,2021.1.4,Win32,59.88023952,679054f2072d526265aabff2,679063f2c12982612b7ac372,,,,,,,,,,,,,,,,,,,,,,,,,"[90,-45,-45,90,45]","[-45,45,0,0,90]",0.25,PracRed_3,"[90,-45,0,90,45]","[-45,45,0,0,90]",6,1,1.5526,0,5,5,4,1,RED,3,Different,6,1,,,,,,,,,,,,,,,,,,
,,,,,,,,,,,,,,,66ee186efc9a208ef9446a30,2025-01-21_21h20.43.720,VisualArraysMentalRotation_v4,2021.1.4,Win32,59.88023952,679054f2072d526265aabff2,679063f2c12982612b7ac372,,,,,,,,,,,,,,,,,,,,,,,,,"[0,0,-45,0,-45]","[-45,45,90,45,90]",0.25,PracRed_1,"[0,0,-45,0,-45]","[-45,45,90,45,90]",5,1,0.765,0,6,6,1,1,RED,3,Same,5,3,,,,,,,,,,,,,,,,,,
,,,,,,,,,,,,,,,66ee186efc9a208ef9446a30,2025-01-21_21h20.43.720,VisualArraysMentalRotation_v4,2021.1.4,Win32,59.88023952,679054f2072d526265aabff2,679063f2c12982612b7ac372,,,,,,,,,,,,,,,,,,,,,,,,,"[45,90,0,45,45]","[-45,90,-45,0,45]",0.25,PracRed_1,"[90,90,0,45,45]","[-45,90,-45,0,45]",6,1,1.8831,0,7,7,6,1,RED,5,Different,6,1,,,,,,,,,,,,,,,,,,
,,,,,,,,,,,,,,,66ee186efc9a208ef9446a30,2025-01-21_21h20.43.720,VisualArraysMentalRotation_v4,2021.1.4,Win32,59.88023952,679054f2072d526265aabff2,679063f2c12982612b7ac372,,,,,,,,,,,,,,,,,,,,,,,,,"[90,45,-45,90,-45]","[-45,90,0,90,45]",0.25,PracBlue_3,"[90,45,-45,90,-45]","[-45,90,0,90,45]",6,0,2.0293,0,8,8,11,1,BLUE,5,Same,5,3,,,,,,,,,,,,,,,,,,
,,,,,,,,,,,,,,,66ee186efc9a208ef9446a30,2025-01-21_21h20.43.720,VisualArraysMentalRotation_v4,2021.1.4,Win32,59.88023952,679054f2072d526265aabff2,679063f2c12982612b7ac372,,,,,,,,,,,,,,,,,,,,,,,,,"[-45,45,90,90,45]","[90,-45,0,45,45]",0.25,PracBlue_2,"[-45,45,90,90,45]","[90,45,0,45,45]",6,1,1.3461,0,9,9,15,1,BLUE,5,Different,6,3,,,,,,,,,,,,,,,,,,
,,,,,,,,,,,,,,,66ee186efc9a208ef9446a30,2025-01-21_21h20.43.720,VisualArraysMentalRotation_v4,2021.1.4,Win32,59.88023952,679054f2072d526265aabff2,679063f2c12982612b7ac372,,,,,,,,,,,,,,,,,,,,,,,,,"[90,-45,90,-45,45]","[45,-45,45,45,90]",0.25,PracBlue_1,"[90,-45,90,-45,45]","[90,-45,45,45,90]",5,0,0.731,0,10,10,12,1,BLUE,3,Different,6,1,,,,,,,,,,,,,,,,,,
,,,,,,,,,,,,,,,66ee186efc9a208ef9446a30,2025-01-21_21h20.43.720,VisualArraysMentalRotation_v4,2021.1.4,Win32,59.88023952,679054f2072d526265aabff2,679063f2c12982612b7ac372,,,,,,,,,,,,,,,,,,,,,,,,,"[90,90,-45,90,90]","[0,0,-45,45,0]",0.25,PracBlue_1,"[90,90,-45,90,90]","[90,0,-45,45,0]",6,1,1.0043,0,11,11,13,1,BLUE,3,Different,6,3,,,,,,,,,,,,,,,,,,
,,,,,,,,,,,,,,,66ee186efc9a208ef9446a30,2025-01-21_21h20.43.720,VisualArraysMentalRotation_v4,2021.1.4,Win32,59.88023952,679054f2072d526265aabff2,679063f2c12982612b7ac372,,,,,,,,,,,,,,,,,,,,,,,,,"[-45,0,90,-45,-45]","[90,-45,45,0,0]",0.25,PracBlue_1,"[-45,0,90,-45,-45]","[90,-45,45,0,0]",5,1,1.0028,0,12,12,9,1,BLUE,3,Same,5,3,,,,,,,,,,,,,,,,,,
,,,,,,,,,,,,,,,66ee186efc9a208ef9446a30,2025-01-21_21h20.43.720,VisualArraysMentalRotation_v4,2021.1.4,Win32,59.88023952,679054f2072d526265aabff2,679063f2c12982612b7ac372,,,,,,,,,,,,,,,,,,,,,,,,,"[0,0,0,45,90]","[45,-45,90,90,45]",0.25,PracRed_3,"[0,0,0,45,90]","[45,-45,90,90,45]",5,1,0.607,0,13,13,0,1,RED,3,Same,5,1,,,,,,,,,,,,,,,,,,
,,,,,,,,,,,,,,,66ee186efc9a208ef9446a30,2025-01-21_21h20.43.720,VisualArraysMentalRotation_v4,2021.1.4,Win32,59.88023952,679054f2072d526265aabff2,679063f2c12982612b7ac372,,,,,,,,,,,,,,,,,,,,,,,,,"[45,-45,45,0,45]","[45,90,90,45,45]",0.25,PracBlue_3,"[45,-45,45,0,45]","[45,90,90,45,45]",5,1,0.9531,0,14,14,10,1,BLUE,5,Same,5,1,,,,,,,,,,,,,,,,,,
,,,,,,,,,,,,,,,66ee186efc9a208ef9446a30,2025-01-21_21h20.43.720,VisualArraysMentalRotation_v4,2021.1.4,Win32,59.88023952,679054f2072d526265aabff2,679063f2c12982612b7ac372,,,,,,,,,,,,,,,,,,,,,,,,,"[45,45,-45,-45,0]","[0,-45,45,45,0]",0.25,PracRed_1,"[45,45,-45,-45,0]","[0,-45,45,45,0]",5,1,0.8528,0,15,15,2,1,RED,5,Same,5,1,,,,,,,,,,,,,,,,,,
,,,,,,,,,,,,,,,66ee186efc9a208ef9446a30,2025-01-21_21h20.43.720,VisualArraysMentalRotation_v4,2021.1.4,Win32,59.88023952,679054f2072d526265aabff2,679063f2c12982612b7ac372,,,,,,,,,,,,,,,,,,,,,,,,,,,,,,,,,,,,,,,,,,,,0,0,0,0,1,,,,,,,,,,,,,
,,,,,,,,,,,,,,,66ee186efc9a208ef9446a30,2025-01-21_21h20.43.720,VisualArraysMentalRotation_v4,2021.1.4,Win32,59.88023952,679054f2072d526265aabff2,679063f2c12982612b7ac372,,,,,,,,,,,,,,,,,,,,,,,,,"[45,45,45,0,-45]","[0,-45,90,0,45]",0.25,PracRed_4,"[45,45,45,-45,-45]","[0,-45,90,0,45]",6,1,0.9298,0,0,0,7,1,RED,5,Different,6,3,,,,,,,,,,,,,,,,,,
,,,,,,,,,,,,,,,66ee186efc9a208ef9446a30,2025-01-21_21h20.43.720,VisualArraysMentalRotation_v4,2021.1.4,Win32,59.88023952,679054f2072d526265aabff2,679063f2c12982612b7ac372,,,,,,,,,,,,,,,,,,,,,,,,,"[0,45,-45,45,-45]","[45,-45,-45,90,45]",0.25,PracRed_2,"[0,90,-45,45,-45]","[45,-45,-45,90,45]",5,0,0.8609,0,1,1,6,1,RED,5,Different,6,1,,,,,,,,,,,,,,,,,,
,,,,,,,,,,,,,,,66ee186efc9a208ef9446a30,2025-01-21_21h20.43.720,VisualArraysMentalRotation_v4,2021.1.4,Win32,59.88023952,679054f2072d526265aabff2,679063f2c12982612b7ac372,,,,,,,,,,,,,,,,,,,,,,,,,"[45,0,45,0,45]","[90,-45,45,0,0]",0.25,PracRed_5,"[45,0,45,0,45]","[90,-45,45,0,0]",5,1,0.6864,0,2,2,2,1,RED,5,Same,5,1,,,,,,,,,,,,,,,,,,
,,,,,,,,,,,,,,,66ee186efc9a208ef9446a30,2025-01-21_21h20.43.720,VisualArraysMentalRotation_v4,2021.1.4,Win32,59.88023952,679054f2072d526265aabff2,679063f2c12982612b7ac372,,,,,,,,,,,,,,,,,,,,,,,,,"[45,90,0,45,0]","[0,45,90,-45,-45]",0.25,PracBlue_2,"[45,90,0,45,0]","[0,45,90,-45,-45]",5,1,0.757,0,3,3,8,1,BLUE,3,Same,5,1,,,,,,,,,,,,,,,,,,
,,,,,,,,,,,,,,,66ee186efc9a208ef9446a30,2025-01-21_21h20.43.720,VisualArraysMentalRotation_v4,2021.1.4,Win32,59.88023952,679054f2072d526265aabff2,679063f2c12982612b7ac372,,,,,,,,,,,,,,,,,,,,,,,,,"[90,0,45,45,90]","[0,-45,45,0,45]",0.25,PracBlue_3,"[90,0,45,45,90]","[0,-45,45,0,45]",5,1,0.6633,0,4,4,10,1,BLUE,5,Same,5,1,,,,,,,,,,,,,,,,,,
,,,,,,,,,,,,,,,66ee186efc9a208ef9446a30,2025-01-21_21h20.43.720,VisualArraysMentalRotation_v4,2021.1.4,Win32,59.88023952,679054f2072d526265aabff2,679063f2c12982612b7ac372,,,,,,,,,,,,,,,,,,,,,,,,,"[-45,-45,0,90,0]","[90,90,90,0,90]",0.25,PracBlue_5,"[-45,-45,0,90,0]","[90,90,90,0,45]",6,1,0.563,0,5,5,14,1,BLUE,5,Different,6,1,,,,,,,,,,,,,,,,,,
,,,,,,,,,,,,,,,66ee186efc9a208ef9446a30,2025-01-21_21h20.43.720,VisualArraysMentalRotation_v4,2021.1.4,Win32,59.88023952,679054f2072d526265aabff2,679063f2c12982612b7ac372,,,,,,,,,,,,,,,,,,,,,,,,,"[0,45,0,0,45]","[45,45,-45,45,-45]",0.25,PracRed_2,"[0,45,0,0,45]","[45,45,-45,45,-45]",5,1,0.6788,0,6,6,1,1,RED,3,Same,5,3,,,,,,,,,,,,,,,,,,
,,,,,,,,,,,,,,,66ee186efc9a208ef9446a30,2025-01-21_21h20.43.720,VisualArraysMentalRotation_v4,2021.1.4,Win32,59.88023952,679054f2072d526265aabff2,679063f2c12982612b7ac372,,,,,,,,,,,,,,,,,,,,,,,,,"[0,0,90,90,45]","[90,90,90,90,0]",0.25,PracRed_1,"[0,0,90,90,45]","[90,90,90,90,0]",5,1,0.4697,0,7,7,0,1,RED,3,Same,5,1,,,,,,,,,,,,,,,,,,
,,,,,,,,,,,,,,,66ee186efc9a208ef9446a30,2025-01-21_21h20.43.720,VisualArraysMentalRotation_v4,2021.1.4,Win32,59.88023952,679054f2072d526265aabff2,679063f2c12982612b7ac372,,,,,,,,,,,,,,,,,,,,,,,,,"[0,45,-45,45,-45]","[45,90,0,90,45]",0.25,PracBlue_1,"[0,45,-45,45,-45]","[-45,90,0,90,45]",6,1,1.1033,0,8,8,12,1,BLUE,3,Different,6,1,,,,,,,,,,,,,,,,,,
,,,,,,,,,,,,,,,66ee186efc9a208ef9446a30,2025-01-21_21h20.43.720,VisualArraysMentalRotation_v4,2021.1.4,Win32,59.88023952,679054f2072d526265aabff2,679063f2c12982612b7ac372,,,,,,,,,,,,,,,,,,,,,,,,,"[-45,90,45,-45,0]","[-45,45,-45,90,45]",0.25,PracBlue_3,"[-45,90,45,-45,0]","[-45,45,0,90,45]",6,1,1.016,0,9,9,13,1,BLUE,3,Different,6,3,,,,,,,,,,,,,,,,,,
,,,,,,,,,,,,,,,66ee186efc9a208ef9446a30,2025-01-21_21h20.43.720,VisualArraysMentalRotation_v4,2021.1.4,Win32,59.88023952,679054f2072d526265aabff2,679063f2c12982612b7ac372,,,,,,,,,,,,,,,,,,,,,,,,,"[45,90,45,0,90]","[45,-45,0,45,-45]",0.25,PracBlue_2,"[45,90,45,0,90]","[45,-45,0,45,-45]",5,1,0.8035,0,10,10,9,1,BLUE,3,Same,5,3,,,,,,,,,,,,,,,,,,
,,,,,,,,,,,,,,,66ee186efc9a208ef9446a30,2025-01-21_21h20.43.720,VisualArraysMentalRotation_v4,2021.1.4,Win32,59.88023952,679054f2072d526265aabff2,679063f2c12982612b7ac372,,,,,,,,,,,,,,,,,,,,,,,,,"[0,90,45,0,45]","[90,0,-45,90,90]",0.25,PracBlue_2,"[0,90,45,0,45]","[90,-45,-45,90,90]",6,1,0.9244,0,11,11,15,1,BLUE,5,Different,6,3,,,,,,,,,,,,,,,,,,
,,,,,,,,,,,,,,,66ee186efc9a208ef9446a30,2025-01-21_21h20.43.720,VisualArraysMentalRotation_v4,2021.1.4,Win32,59.88023952,679054f2072d526265aabff2,679063f2c12982612b7ac372,,,,,,,,,,,,,,,,,,,,,,,,,"[-45,0,0,90,45]","[0,45,45,45,0]",0.25,PracRed_1,"[45,0,0,90,45]","[0,45,45,45,0]",6,1,0.6454,0,12,12,4,1,RED,3,Different,6,1,,,,,,,,,,,,,,,,,,
,,,,,,,,,,,,,,,66ee186efc9a208ef9446a30,2025-01-21_21h20.43.720,VisualArraysMentalRotation_v4,2021.1.4,Win32,59.88023952,679054f2072d526265aabff2,679063f2c12982612b7ac372,,,,,,,,,,,,,,,,,,,,,,,,,"[-45,-45,0,-45,0]","[90,0,-45,45,-45]",0.25,PracBlue_4,"[-45,-45,0,-45,0]","[90,0,-45,45,-45]",5,1,0.6253,0,13,13,11,1,BLUE,5,Same,5,3,,,,,,,,,,,,,,,,,,
,,,,,,,,,,,,,,,66ee186efc9a208ef9446a30,2025-01-21_21h20.43.720,VisualArraysMentalRotation_v4,2021.1.4,Win32,59.88023952,679054f2072d526265aabff2,679063f2c12982612b7ac372,,,,,,,,,,,,,,,,,,,,,,,,,"[90,-45,45,-45,-45]","[45,90,90,45,90]",0.25,PracRed_3,"[90,-45,90,-45,-45]","[45,90,90,45,90]",6,1,0.7624,0,14,14,5,1,RED,3,Different,6,3,,,,,,,,,,,,,,,,,,
,,,,,,,,,,,,,,,66ee186efc9a208ef9446a30,2025-01-21_21h20.43.720,VisualArraysMentalRotation_v4,2021.1.4,Win32,59.88023952,679054f2072d526265aabff2,679063f2c12982612b7ac372,,,,,,,,,,,,,,,,,,,,,,,,,"[0,-45,-45,-45,90]","[90,-45,45,90,45]",0.25,PracRed_2,"[0,-45,-45,-45,90]","[90,-45,45,90,45]",6,0,0.7925,0,15,15,3,1,RED,5,Same,5,3,,,,,,,,,,,,,,,,,,
,,,,,,,,,,,,,,,66ee186efc9a208ef9446a30,2025-01-21_21h20.43.720,VisualArraysMentalRotation_v4,2021.1.4,Win32,59.88023952,679054f2072d526265aabff2,679063f2c12982612b7ac372,,,,,,,,,,,,,,,,,,,,,,,,,,,,,,,,,,,,,,,,,,,,1,0,1,0,1,,,,,,,,,,,,,
,,,,,,,,,,,,,,,66ee186efc9a208ef9446a30,2025-01-21_21h20.43.720,VisualArraysMentalRotation_v4,2021.1.4,Win32,59.88023952,679054f2072d526265aabff2,679063f2c12982612b7ac372,,,,,,,,,,,,,,,,,,,,,,,,,"[0,45,90,45,-45]","[-45,-45,90,0,-45]",,Blue_1,"[0,45,90,45,-45]","[-45,-45,90,0,-45]",,,,,,,,,BLUE,3,Same,5,1,,,,,,5,1,0.7363,0,0,0,8,1,,,,,
,,,,,,,,,,,,,,,66ee186efc9a208ef9446a30,2025-01-21_21h20.43.720,VisualArraysMentalRotation_v4,2021.1.4,Win32,59.88023952,679054f2072d526265aabff2,679063f2c12982612b7ac372,,,,,,,,,,,,,,,,,,,,,,,,,"[90,45,45,0,0]","[0,-45,90,0,90]",,Red_2,"[90,45,45,0,0]","[0,-45,90,0,90]",,,,,,,,,RED,3,Same,5,1,,,,,,5,1,0.5936,0,1,1,0,1,,,,,
,,,,,,,,,,,,,,,66ee186efc9a208ef9446a30,2025-01-21_21h20.43.720,VisualArraysMentalRotation_v4,2021.1.4,Win32,59.88023952,679054f2072d526265aabff2,679063f2c12982612b7ac372,,,,,,,,,,,,,,,,,,,,,,,,,"[45,45,45,0,0]","[45,-45,-45,-45,90]",,Red_2,"[45,45,45,0,0]","[45,-45,-45,-45,90]",,,,,,,,,RED,3,Same,5,3,,,,,,5,1,1.0452,0,2,2,1,1,,,,,
,,,,,,,,,,,,,,,66ee186efc9a208ef9446a30,2025-01-21_21h20.43.720,VisualArraysMentalRotation_v4,2021.1.4,Win32,59.88023952,679054f2072d526265aabff2,679063f2c12982612b7ac372,,,,,,,,,,,,,,,,,,,,,,,,,"[-45,90,90,0,0]","[-45,90,-45,90,90]",,Blue_2,"[-45,90,90,0,0]","[-45,45,-45,90,90]",,,,,,,,,BLUE,3,Different,6,3,,,,,,6,1,1.3946,0,3,3,13,1,,,,,
,,,,,,,,,,,,,,,66ee186efc9a208ef9446a30,2025-01-21_21h20.43.720,VisualArraysMentalRotation_v4,2021.1.4,Win32,59.88023952,679054f2072d526265aabff2,679063f2c12982612b7ac372,,,,,,,,,,,,,,,,,,,,,,,,,"[0,90,90,45,90]","[45,0,45,-45,-45]",,Red_1,"[90,90,90,45,90]","[45,0,45,-45,-45]",,,,,,,,,RED,3,Different,6,1,,,,,,6,1,0.9251,0,4,4,4,1,,,,,
,,,,,,,,,,,,,,,66ee186efc9a208ef9446a30,2025-01-21_21h20.43.720,VisualArraysMentalRotation_v4,2021.1.4,Win32,59.88023952,679054f2072d526265aabff2,679063f2c12982612b7ac372,,,,,,,,,,,,,,,,,,,,,,,,,"[-45,90,-45,90,90]","[45,90,-45,-45,0]",,Blue_3,"[-45,90,-45,90,90]","[45,90,-45,-45,0]",,,,,,,,,BLUE,5,Same,5,3,,,,,,6,0,2.3722,0,5,5,11,1,,,,,
,,,,,,,,,,,,,,,66ee186efc9a208ef9446a30,2025-01-21_21h20.43.720,VisualArraysMentalRotation_v4,2021.1.4,Win32,59.88023952,679054f2072d526265aabff2,679063f2c12982612b7ac372,,,,,,,,,,,,,,,,,,,,,,,,,"[90,90,-45,45,-45]","[90,45,45,0,45]",,Blue_3,"[90,90,-45,45,-45]","[90,45,90,0,45]",,,,,,,,,BLUE,5,Different,6,1,,,,,,6,1,1.089,0,6,6,14,1,,,,,
,,,,,,,,,,,,,,,66ee186efc9a208ef9446a30,2025-01-21_21h20.43.720,VisualArraysMentalRotation_v4,2021.1.4,Win32,59.88023952,679054f2072d526265aabff2,679063f2c12982612b7ac372,,,,,,,,,,,,,,,,,,,,,,,,,"[90,-45,45,0,45]","[45,45,45,90,-45]",,Blue_2,"[90,-45,45,0,45]","[45,0,45,90,-45]",,,,,,,,,BLUE,3,Different,6,1,,,,,,5,0,0.9109,0,7,7,12,1,,,,,
,,,,,,,,,,,,,,,66ee186efc9a208ef9446a30,2025-01-21_21h20.43.720,VisualArraysMentalRotation_v4,2021.1.4,Win32,59.88023952,679054f2072d526265aabff2,679063f2c12982612b7ac372,,,,,,,,,,,,,,,,,,,,,,,,,"[-45,-45,45,90,90]","[0,-45,90,0,90]",,Red_1,"[0,-45,45,90,90]","[0,-45,90,0,90]",,,,,,,,,RED,5,Different,6,3,,,,,,6,1,1.8464,0,8,8,7,1,,,,,
,,,,,,,,,,,,,,,66ee186efc9a208ef9446a30,2025-01-21_21h20.43.720,VisualArraysMentalRotation_v4,2021.1.4,Win32,59.88023952,679054f2072d526265aabff2,679063f2c12982612b7ac372,,,,,,,,,,,,,,,,,,,,,,,,,"[90,45,90,45,-45]","[90,-45,-45,45,-45]",,Red_1,"[90,45,90,45,-45]","[90,-45,-45,45,-45]",,,,,,,,,RED,5,Same,5,1,,,,,,6,0,1.7537,0,9,9,2,1,,,,,
,,,,,,,,,,,,,,,66ee186efc9a208ef9446a30,2025-01-21_21h20.43.720,VisualArraysMentalRotation_v4,2021.1.4,Win32,59.88023952,679054f2072d526265aabff2,679063f2c12982612b7ac372,,,,,,,,,,,,,,,,,,,,,,,,,"[90,45,90,-45,-45]","[0,0,90,-45,45]",,Blue_3,"[90,45,90,-45,-45]","[0,0,45,-45,45]",,,,,,,,,BLUE,5,Different,6,3,,,,,,5,0,1.0198,0,10,10,15,1,,,,,
,,,,,,,,,,,,,,,66ee186efc9a208ef9446a30,2025-01-21_21h20.43.720,VisualArraysMentalRotation_v4,2021.1.4,Win32,59.88023952,679054f2072d526265aabff2,679063f2c12982612b7ac372,,,,,,,,,,,,,,,,,,,,,,,,,"[45,0,45,90,-45]","[90,-45,90,-45,-45]",,Blue_1,"[45,0,45,90,-45]","[90,-45,90,-45,-45]",,,,,,,,,BLUE,3,Same,5,3,,,,,,6,0,0.9921,0,11,11,9,1,,,,,
,,,,,,,,,,,,,,,66ee186efc9a208ef9446a30,2025-01-21_21h20.43.720,VisualArraysMentalRotation_v4,2021.1.4,Win32,59.88023952,679054f2072d526265aabff2,679063f2c12982612b7ac372,,,,,,,,,,,,,,,,,,,,,,,,,"[90,45,45,-45,-45]","[-45,-45,90,0,0]",,Blue_1,"[90,45,45,-45,-45]","[-45,-45,90,0,0]",,,,,,,,,BLUE,5,Same,5,1,,,,,,5,1,1.6382,0,12,12,10,1,,,,,
,,,,,,,,,,,,,,,66ee186efc9a208ef9446a30,2025-01-21_21h20.43.720,VisualArraysMentalRotation_v4,2021.1.4,Win32,59.88023952,679054f2072d526265aabff2,679063f2c12982612b7ac372,,,,,,,,,,,,,,,,,,,,,,,,,"[0,-45,-45,90,0]","[45,45,90,45,0]",,Red_5,"[0,-45,-45,90,90]","[45,45,90,45,0]",,,,,,,,,RED,5,Different,6,1,,,,,,6,1,1.7809,0,13,13,6,1,,,,,
,,,,,,,,,,,,,,,66ee186efc9a208ef9446a30,2025-01-21_21h20.43.720,VisualArraysMentalRotation_v4,2021.1.4,Win32,59.88023952,679054f2072d526265aabff2,679063f2c12982612b7ac372,,,,,,,,,,,,,,,,,,,,,,,,,"[-45,-45,90,45,45]","[45,0,45,-45,-45]",,Red_1,"[90,-45,90,45,45]","[45,0,45,-45,-45]",,,,,,,,,RED,3,Different,6,3,,,,,,6,1,1.2583,0,14,14,5,1,,,,,
,,,,,,,,,,,,,,,66ee186efc9a208ef9446a30,2025-01-21_21h20.43.720,VisualArraysMentalRotation_v4,2021.1.4,Win32,59.88023952,679054f2072d526265aabff2,679063f2c12982612b7ac372,,,,,,,,,,,,,,,,,,,,,,,,,"[45,45,90,90,0]","[45,-45,0,-45,90]",,Red_3,"[45,45,90,90,0]","[45,-45,0,-45,90]",,,,,,,,,RED,5,Same,5,3,,,,,,5,1,0.9477,0,15,15,3,1,,,,,
,,,,,,,,,,,,,,,66ee186efc9a208ef9446a30,2025-01-21_21h20.43.720,VisualArraysMentalRotation_v4,2021.1.4,Win32,59.88023952,679054f2072d526265aabff2,679063f2c12982612b7ac372,,,,,,,,,,,,,,,,,,,,,,,,,"[90,-45,-45,45,-45]","[90,0,0,-45,90]",,Blue_2,"[90,-45,-45,45,-45]","[90,0,0,-45,90]",,,,,,,,,BLUE,3,Same,5,1,,,,,,5,1,0.8301,1,0,16,8,1,,,,,
,,,,,,,,,,,,,,,66ee186efc9a208ef9446a30,2025-01-21_21h20.43.720,VisualArraysMentalRotation_v4,2021.1.4,Win32,59.88023952,679054f2072d526265aabff2,679063f2c12982612b7ac372,,,,,,,,,,,,,,,,,,,,,,,,,"[45,-45,45,90,45]","[45,0,-45,90,45]",,Red_1,"[45,-45,45,90,45]","[45,0,-45,90,45]",,,,,,,,,RED,3,Same,5,3,,,,,,5,1,0.9912,1,1,17,1,1,,,,,
,,,,,,,,,,,,,,,66ee186efc9a208ef9446a30,2025-01-21_21h20.43.720,VisualArraysMentalRotation_v4,2021.1.4,Win32,59.88023952,679054f2072d526265aabff2,679063f2c12982612b7ac372,,,,,,,,,,,,,,,,,,,,,,,,,"[-45,45,-45,-45,0]","[-45,0,45,-45,90]",,Red_5,"[-45,45,-45,-45,0]","[-45,0,45,-45,90]",,,,,,,,,RED,5,Same,5,1,,,,,,5,1,1.264,1,2,18,2,1,,,,,
,,,,,,,,,,,,,,,66ee186efc9a208ef9446a30,2025-01-21_21h20.43.720,VisualArraysMentalRotation_v4,2021.1.4,Win32,59.88023952,679054f2072d526265aabff2,679063f2c12982612b7ac372,,,,,,,,,,,,,,,,,,,,,,,,,"[90,0,0,-45,-45]","[45,0,0,90,-45]",,Red_3,"[90,0,45,-45,-45]","[45,0,0,90,-45]",,,,,,,,,RED,3,Different,6,3,,,,,,5,0,2.6106,1,3,19,5,1,,,,,
,,,,,,,,,,,,,,,66ee186efc9a208ef9446a30,2025-01-21_21h20.43.720,VisualArraysMentalRotation_v4,2021.1.4,Win32,59.88023952,679054f2072d526265aabff2,679063f2c12982612b7ac372,,,,,,,,,,,,,,,,,,,,,,,,,"[90,45,45,45,0]","[90,90,-45,0,-45]",,Red_1,"[90,45,45,45,0]","[90,90,-45,0,-45]",,,,,,,,,RED,3,Same,5,1,,,,,,5,1,0.9422,1,4,20,0,1,,,,,
,,,,,,,,,,,,,,,66ee186efc9a208ef9446a30,2025-01-21_21h20.43.720,VisualArraysMentalRotation_v4,2021.1.4,Win32,59.88023952,679054f2072d526265aabff2,679063f2c12982612b7ac372,,,,,,,,,,,,,,,,,,,,,,,,,"[45,-45,0,-45,90]","[45,-45,45,-45,45]",,Red_2,"[45,90,0,-45,90]","[45,-45,45,-45,45]",,,,,,,,,RED,5,Different,6,1,,,,,,6,1,0.8951,1,5,21,6,1,,,,,
,,,,,,,,,,,,,,,66ee186efc9a208ef9446a30,2025-01-21_21h20.43.720,VisualArraysMentalRotation_v4,2021.1.4,Win32,59.88023952,679054f2072d526265aabff2,679063f2c12982612b7ac372,,,,,,,,,,,,,,,,,,,,,,,,,"[90,-45,45,45,45]","[45,0,0,0,0]",,Blue_2,"[90,-45,45,45,45]","[45,90,0,0,0]",,,,,,,,,BLUE,5,Different,6,3,,,,,,6,1,1.406,1,6,22,15,1,,,,,
,,,,,,,,,,,,,,,66ee186efc9a208ef9446a30,2025-01-21_21h20.43.720,VisualArraysMentalRotation_v4,2021.1.4,Win32,59.88023952,679054f2072d526265aabff2,679063f2c12982612b7ac372,,,,,,,,,,,,,,,,,,,,,,,,,"[0,45,90,45,-45]","[90,-45,-45,45,-45]",,Red_4,"[0,45,90,-45,-45]","[90,-45,-45,45,-45]",,,,,,,,,RED,5,Different,6,3,,,,,,6,1,1.2029,1,7,23,7,1,,,,,
,,,,,,,,,,,,,,,66ee186efc9a208ef9446a30,2025-01-21_21h20.43.720,VisualArraysMentalRotation_v4,2021.1.4,Win32,59.88023952,679054f2072d526265aabff2,679063f2c12982612b7ac372,,,,,,,,,,,,,,,,,,,,,,,,,"[90,-45,0,90,-45]","[-45,0,45,90,45]",,Red_3,"[90,-45,-45,90,-45]","[-45,0,45,90,45]",,,,,,,,,RED,3,Different,6,1,,,,,,6,1,0.9927,1,8,24,4,1,,,,,
,,,,,,,,,,,,,,,66ee186efc9a208ef9446a30,2025-01-21_21h20.43.720,VisualArraysMentalRotation_v4,2021.1.4,Win32,59.88023952,679054f2072d526265aabff2,679063f2c12982612b7ac372,,,,,,,,,,,,,,,,,,,,,,,,,"[0,0,0,0,90]","[-45,-45,0,90,-45]",,Blue_1,"[0,0,0,0,90]","[45,-45,0,90,-45]",,,,,,,,,BLUE,5,Different,6,1,,,,,,6,1,1.6202,1,9,25,14,1,,,,,
,,,,,,,,,,,,,,,66ee186efc9a208ef9446a30,2025-01-21_21h20.43.720,VisualArraysMentalRotation_v4,2021.1.4,Win32,59.88023952,679054f2072d526265aabff2,679063f2c12982612b7ac372,,,,,,,,,,,,,,,,,,,,,,,,,"[0,0,45,45,0]","[0,45,-45,45,0]",,Blue_1,"[0,0,45,45,0]","[-45,45,-45,45,0]",,,,,,,,,BLUE,3,Different,6,1,,,,,,6,1,2.1448,1,10,26,12,1,,,,,
,,,,,,,,,,,,,,,66ee186efc9a208ef9446a30,2025-01-21_21h20.43.720,VisualArraysMentalRotation_v4,2021.1.4,Win32,59.88023952,679054f2072d526265aabff2,679063f2c12982612b7ac372,,,,,,,,,,,,,,,,,,,,,,,,,"[0,90,-45,45,0]","[90,0,0,0,45]",,Blue_2,"[0,90,-45,45,0]","[90,90,0,0,45]",,,,,,,,,BLUE,3,Different,6,3,,,,,,6,1,2.1155,1,11,27,13,1,,,,,
,,,,,,,,,,,,,,,66ee186efc9a208ef9446a30,2025-01-21_21h20.43.720,VisualArraysMentalRotation_v4,2021.1.4,Win32,59.88023952,679054f2072d526265aabff2,679063f2c12982612b7ac372,,,,,,,,,,,,,,,,,,,,,,,,,"[90,0,0,0,-45]","[-45,90,90,0,-45]",,Red_1,"[90,0,0,0,-45]","[-45,90,90,0,-45]",,,,,,,,,RED,5,Same,5,3,,,,,,5,1,2.0804,1,12,28,3,1,,,,,
,,,,,,,,,,,,,,,66ee186efc9a208ef9446a30,2025-01-21_21h20.43.720,VisualArraysMentalRotation_v4,2021.1.4,Win32,59.88023952,679054f2072d526265aabff2,679063f2c12982612b7ac372,,,,,,,,,,,,,,,,,,,,,,,,,"[0,45,-45,0,45]","[45,-45,45,-45,-45]",,Blue_1,"[0,45,-45,0,45]","[45,-45,45,-45,-45]",,,,,,,,,BLUE,3,Same,5,3,,,,,,5,1,1.3964,1,13,29,9,1,,,,,
,,,,,,,,,,,,,,,66ee186efc9a208ef9446a30,2025-01-21_21h20.43.720,VisualArraysMentalRotation_v4,2021.1.4,Win32,59.88023952,679054f2072d526265aabff2,679063f2c12982612b7ac372,,,,,,,,,,,,,,,,,,,,,,,,,"[45,-45,-45,45,0]","[90,90,-45,-45,90]",,Blue_2,"[45,-45,-45,45,0]","[90,90,-45,-45,90]",,,,,,,,,BLUE,5,Same,5,1,,,,,,5,1,0.87,1,14,30,10,1,,,,,
,,,,,,,,,,,,,,,66ee186efc9a208ef9446a30,2025-01-21_21h20.43.720,VisualArraysMentalRotation_v4,2021.1.4,Win32,59.88023952,679054f2072d526265aabff2,679063f2c12982612b7ac372,,,,,,,,,,,,,,,,,,,,,,,,,"[-45,90,90,0,0]","[-45,90,0,-45,-45]",,Blue_5,"[-45,90,90,0,0]","[-45,90,0,-45,-45]",,,,,,,,,BLUE,5,Same,5,3,,,,,,5,1,1.3067,1,15,31,11,1,,,,,
,,,,,,,,,,,,,,,66ee186efc9a208ef9446a30,2025-01-21_21h20.43.720,VisualArraysMentalRotation_v4,2021.1.4,Win32,59.88023952,679054f2072d526265aabff2,679063f2c12982612b7ac372,,,,,,,,,,,,,,,,,,,,,,,,,"[0,-45,-45,0,90]","[90,45,45,90,45]",,Red_5,"[0,-45,-45,0,-45]","[90,45,45,90,45]",,,,,,,,,RED,5,Different,6,3,,,,,,5,0,2.6567,2,0,32,7,1,,,,,
,,,,,,,,,,,,,,,66ee186efc9a208ef9446a30,2025-01-21_21h20.43.720,VisualArraysMentalRotation_v4,2021.1.4,Win32,59.88023952,679054f2072d526265aabff2,679063f2c12982612b7ac372,,,,,,,,,,,,,,,,,,,,,,,,,"[90,0,90,90,0]","[-45,-45,-45,45,0]",,Red_2,"[90,0,90,90,0]","[-45,-45,-45,45,0]",,,,,,,,,RED,3,Same,5,1,,,,,,5,1,0.7422,2,1,33,0,1,,,,,
,,,,,,,,,,,,,,,66ee186efc9a208ef9446a30,2025-01-21_21h20.43.720,VisualArraysMentalRotation_v4,2021.1.4,Win32,59.88023952,679054f2072d526265aabff2,679063f2c12982612b7ac372,,,,,,,,,,,,,,,,,,,,,,,,,"[45,0,-45,0,45]","[-45,45,90,0,-45]",,Red_5,"[45,0,-45,0,45]","[-45,45,90,0,-45]",,,,,,,,,RED,5,Same,5,1,,,,,,5,1,1.0055,2,2,34,2,1,,,,,
,,,,,,,,,,,,,,,66ee186efc9a208ef9446a30,2025-01-21_21h20.43.720,VisualArraysMentalRotation_v4,2021.1.4,Win32,59.88023952,679054f2072d526265aabff2,679063f2c12982612b7ac372,,,,,,,,,,,,,,,,,,,,,,,,,"[90,45,-45,0,90]","[45,45,45,0,-45]",,Blue_3,"[90,45,-45,0,90]","[45,45,90,0,-45]",,,,,,,,,BLUE,3,Different,6,1,,,,,,6,1,0.7078,2,3,35,12,1,,,,,
,,,,,,,,,,,,,,,66ee186efc9a208ef9446a30,2025-01-21_21h20.43.720,VisualArraysMentalRotation_v4,2021.1.4,Win32,59.88023952,679054f2072d526265aabff2,679063f2c12982612b7ac372,,,,,,,,,,,,,,,,,,,,,,,,,"[-45,0,0,45,90]","[45,45,-45,0,-45]",,Red_3,"[-45,0,-45,45,90]","[45,45,-45,0,-45]",,,,,,,,,RED,5,Different,6,1,,,,,,6,1,1.9114,2,4,36,6,1,,,,,
,,,,,,,,,,,,,,,66ee186efc9a208ef9446a30,2025-01-21_21h20.43.720,VisualArraysMentalRotation_v4,2021.1.4,Win32,59.88023952,679054f2072d526265aabff2,679063f2c12982612b7ac372,,,,,,,,,,,,,,,,,,,,,,,,,"[-45,90,-45,45,90]","[90,45,-45,-45,90]",,Red_1,"[45,90,-45,45,90]","[90,45,-45,-45,90]",,,,,,,,,RED,3,Different,6,1,,,,,,6,1,1.2618,2,5,37,4,1,,,,,
,,,,,,,,,,,,,,,66ee186efc9a208ef9446a30,2025-01-21_21h20.43.720,VisualArraysMentalRotation_v4,2021.1.4,Win32,59.88023952,679054f2072d526265aabff2,679063f2c12982612b7ac372,,,,,,,,,,,,,,,,,,,,,,,,,"[0,0,90,90,90]","[45,45,90,45,-45]",,Red_1,"[0,0,90,90,90]","[45,45,90,45,-45]",,,,,,,,,RED,3,Same,5,3,,,,,,5,1,0.9365,2,6,38,1,1,,,,,
,,,,,,,,,,,,,,,66ee186efc9a208ef9446a30,2025-01-21_21h20.43.720,VisualArraysMentalRotation_v4,2021.1.4,Win32,59.88023952,679054f2072d526265aabff2,679063f2c12982612b7ac372,,,,,,,,,,,,,,,,,,,,,,,,,"[90,90,-45,-45,45]","[-45,-45,0,90,0]",,Blue_1,"[90,90,-45,-45,45]","[-45,-45,0,90,0]",,,,,,,,,BLUE,3,Same,5,1,,,,,,5,1,0.9774,2,7,39,8,1,,,,,
,,,,,,,,,,,,,,,66ee186efc9a208ef9446a30,2025-01-21_21h20.43.720,VisualArraysMentalRotation_v4,2021.1.4,Win32,59.88023952,679054f2072d526265aabff2,679063f2c12982612b7ac372,,,,,,,,,,,,,,,,,,,,,,,,,"[-45,0,90,45,90]","[-45,-45,45,-45,45]",,Blue_2,"[-45,0,90,45,90]","[-45,-45,45,-45,45]",,,,,,,,,BLUE,5,Same,5,3,,,,,,5,1,2.7633,2,8,40,11,1,,,,,
,,,,,,,,,,,,,,,66ee186efc9a208ef9446a30,2025-01-21_21h20.43.720,VisualArraysMentalRotation_v4,2021.1.4,Win32,59.88023952,679054f2072d526265aabff2,679063f2c12982612b7ac372,,,,,,,,,,,,,,,,,,,,,,,,,"[-45,-45,0,45,0]","[-45,-45,0,0,-45]",,Blue_1,"[-45,-45,0,45,0]","[0,-45,0,0,-45]",,,,,,,,,BLUE,5,Different,6,1,,,,,,6,1,1.0404,2,9,41,14,1,,,,,
,,,,,,,,,,,,,,,66ee186efc9a208ef9446a30,2025-01-21_21h20.43.720,VisualArraysMentalRotation_v4,2021.1.4,Win32,59.88023952,679054f2072d526265aabff2,679063f2c12982612b7ac372,,,,,,,,,,,,,,,,,,,,,,,,,"[90,0,-45,0,90]","[90,-45,0,45,0]",,Blue_4,"[90,0,-45,0,90]","[90,-45,0,0,0]",,,,,,,,,BLUE,5,Different,6,3,,,,,,5,0,1.4387,2,10,42,15,1,,,,,
,,,,,,,,,,,,,,,66ee186efc9a208ef9446a30,2025-01-21_21h20.43.720,VisualArraysMentalRotation_v4,2021.1.4,Win32,59.88023952,679054f2072d526265aabff2,679063f2c12982612b7ac372,,,,,,,,,,,,,,,,,,,,,,,,,"[90,45,0,-45,0]","[90,-45,90,0,-45]",,Blue_3,"[90,45,0,-45,0]","[90,-45,-45,0,-45]",,,,,,,,,BLUE,3,Different,6,3,,,,,,6,1,0.9449,2,11,43,13,1,,,,,
,,,,,,,,,,,,,,,66ee186efc9a208ef9446a30,2025-01-21_21h20.43.720,VisualArraysMentalRotation_v4,2021.1.4,Win32,59.88023952,679054f2072d526265aabff2,679063f2c12982612b7ac372,,,,,,,,,,,,,,,,,,,,,,,,,"[45,90,90,0,90]","[45,45,45,-45,0]",,Blue_1,"[45,90,90,0,90]","[45,45,45,-45,0]",,,,,,,,,BLUE,3,Same,5,3,,,,,,5,1,3.2206,2,12,44,9,1,,,,,
,,,,,,,,,,,,,,,66ee186efc9a208ef9446a30,2025-01-21_21h20.43.720,VisualArraysMentalRotation_v4,2021.1.4,Win32,59.88023952,679054f2072d526265aabff2,679063f2c12982612b7ac372,,,,,,,,,,,,,,,,,,,,,,,,,"[-45,-45,0,90,0]","[45,0,-45,90,90]",,Blue_5,"[-45,-45,0,90,0]","[45,0,-45,90,90]",,,,,,,,,BLUE,5,Same,5,1,,,,,,6,0,1.4957,2,13,45,10,1,,,,,
,,,,,,,,,,,,,,,66ee186efc9a208ef9446a30,2025-01-21_21h20.43.720,VisualArraysMentalRotation_v4,2021.1.4,Win32,59.88023952,679054f2072d526265aabff2,679063f2c12982612b7ac372,,,,,,,,,,,,,,,,,,,,,,,,,"[90,0,0,45,45]","[45,90,90,-45,-45]",,Red_3,"[90,0,45,45,45]","[45,90,90,-45,-45]",,,,,,,,,RED,3,Different,6,3,,,,,,5,0,4.1696,2,14,46,5,1,,,,,
,,,,,,,,,,,,,,,66ee186efc9a208ef9446a30,2025-01-21_21h20.43.720,VisualArraysMentalRotation_v4,2021.1.4,Win32,59.88023952,679054f2072d526265aabff2,679063f2c12982612b7ac372,,,,,,,,,,,,,,,,,,,,,,,,,"[45,-45,45,45,90]","[0,90,0,45,90]",,Red_5,"[45,-45,45,45,90]","[0,90,0,45,90]",,,,,,,,,RED,5,Same,5,3,,,,,,5,1,1.0602,2,15,47,3,1,,,,,
,,,,,,,,,,,,,,,66ee186efc9a208ef9446a30,2025-01-21_21h20.43.720,VisualArraysMentalRotation_v4,2021.1.4,Win32,59.88023952,679054f2072d526265aabff2,679063f2c12982612b7ac372,,,,,,,,,,,,,,,,,,,,,,,,,"[0,90,45,90,45]","[90,-45,45,0,45]",,Blue_1,"[0,90,45,90,45]","[90,-45,45,0,45]",,,,,,,,,BLUE,3,Same,5,3,,,,,,5,1,0.9873,3,0,48,9,1,,,,,
,,,,,,,,,,,,,,,66ee186efc9a208ef9446a30,2025-01-21_21h20.43.720,VisualArraysMentalRotation_v4,2021.1.4,Win32,59.88023952,679054f2072d526265aabff2,679063f2c12982612b7ac372,,,,,,,,,,,,,,,,,,,,,,,,,"[0,0,-45,0,-45]","[90,0,0,0,-45]",,Blue_3,"[0,0,-45,0,-45]","[90,0,45,0,-45]",,,,,,,,,BLUE,5,Different,6,1,,,,,,6,1,1.0865,3,1,49,14,1,,,,,
,,,,,,,,,,,,,,,66ee186efc9a208ef9446a30,2025-01-21_21h20.43.720,VisualArraysMentalRotation_v4,2021.1.4,Win32,59.88023952,679054f2072d526265aabff2,679063f2c12982612b7ac372,,,,,,,,,,,,,,,,,,,,,,,,,"[-45,90,0,90,-45]","[0,45,90,45,90]",,Red_2,"[-45,90,0,90,-45]","[0,45,90,45,90]",,,,,,,,,RED,5,Same,5,1,,,,,,5,1,1.0708,3,2,50,2,1,,,,,
,,,,,,,,,,,,,,,66ee186efc9a208ef9446a30,2025-01-21_21h20.43.720,VisualArraysMentalRotation_v4,2021.1.4,Win32,59.88023952,679054f2072d526265aabff2,679063f2c12982612b7ac372,,,,,,,,,,,,,,,,,,,,,,,,,"[-45,45,45,-45,0]","[-45,90,45,45,-45]",,Blue_2,"[-45,45,45,-45,0]","[-45,90,45,45,-45]",,,,,,,,,BLUE,5,Same,5,1,,,,,,5,1,1.0088,3,3,51,10,1,,,,,
,,,,,,,,,,,,,,,66ee186efc9a208ef9446a30,2025-01-21_21h20.43.720,VisualArraysMentalRotation_v4,2021.1.4,Win32,59.88023952,679054f2072d526265aabff2,679063f2c12982612b7ac372,,,,,,,,,,,,,,,,,,,,,,,,,"[-45,90,0,45,90]","[90,-45,90,-45,0]",,Red_1,"[-45,90,0,45,90]","[90,-45,90,-45,0]",,,,,,,,,RED,3,Same,5,1,,,,,,5,1,1.4875,3,4,52,0,1,,,,,
,,,,,,,,,,,,,,,66ee186efc9a208ef9446a30,2025-01-21_21h20.43.720,VisualArraysMentalRotation_v4,2021.1.4,Win32,59.88023952,679054f2072d526265aabff2,679063f2c12982612b7ac372,,,,,,,,,,,,,,,,,,,,,,,,,"[-45,90,0,0,90]","[-45,45,45,-45,45]",,Red_2,"[-45,0,0,0,90]","[-45,45,45,-45,45]",,,,,,,,,RED,5,Different,6,1,,,,,,6,1,1.0788,3,5,53,6,1,,,,,
,,,,,,,,,,,,,,,66ee186efc9a208ef9446a30,2025-01-21_21h20.43.720,VisualArraysMentalRotation_v4,2021.1.4,Win32,59.88023952,679054f2072d526265aabff2,679063f2c12982612b7ac372,,,,,,,,,,,,,,,,,,,,,,,,,"[90,90,-45,45,0]","[-45,0,90,0,90]",,Blue_3,"[90,90,-45,45,0]","[-45,0,45,0,90]",,,,,,,,,BLUE,5,Different,6,3,,,,,,6,1,1.6229,3,6,54,15,1,,,,,
,,,,,,,,,,,,,,,66ee186efc9a208ef9446a30,2025-01-21_21h20.43.720,VisualArraysMentalRotation_v4,2021.1.4,Win32,59.88023952,679054f2072d526265aabff2,679063f2c12982612b7ac372,,,,,,,,,,,,,,,,,,,,,,,,,"[0,-45,0,90,-45]","[45,90,90,90,90]",,Red_5,"[0,-45,0,90,-45]","[45,90,90,90,90]",,,,,,,,,RED,5,Same,5,3,,,,,,5,1,1.4222,3,7,55,3,1,,,,,
,,,,,,,,,,,,,,,66ee186efc9a208ef9446a30,2025-01-21_21h20.43.720,VisualArraysMentalRotation_v4,2021.1.4,Win32,59.88023952,679054f2072d526265aabff2,679063f2c12982612b7ac372,,,,,,,,,,,,,,,,,,,,,,,,,"[-45,90,-45,0,-45]","[45,0,-45,-45,-45]",,Red_5,"[-45,90,-45,0,0]","[45,0,-45,-45,-45]",,,,,,,,,RED,5,Different,6,3,,,,,,5,0,1.7202,3,8,56,7,1,,,,,
,,,,,,,,,,,,,,,66ee186efc9a208ef9446a30,2025-01-21_21h20.43.720,VisualArraysMentalRotation_v4,2021.1.4,Win32,59.88023952,679054f2072d526265aabff2,679063f2c12982612b7ac372,,,,,,,,,,,,,,,,,,,,,,,,,"[45,0,45,45,90]","[0,45,-45,-45,90]",,Blue_2,"[45,0,45,45,90]","[0,45,-45,-45,90]",,,,,,,,,BLUE,5,Same,5,3,,,,,,6,0,1.671,3,9,57,11,1,,,,,
,,,,,,,,,,,,,,,66ee186efc9a208ef9446a30,2025-01-21_21h20.43.720,VisualArraysMentalRotation_v4,2021.1.4,Win32,59.88023952,679054f2072d526265aabff2,679063f2c12982612b7ac372,,,,,,,,,,,,,,,,,,,,,,,,,"[-45,-45,-45,90,-45]","[90,-45,45,45,90]",,Red_3,"[-45,-45,45,90,-45]","[90,-45,45,45,90]",,,,,,,,,RED,3,Different,6,3,,,,,,6,1,1.1821,3,10,58,5,1,,,,,
,,,,,,,,,,,,,,,66ee186efc9a208ef9446a30,2025-01-21_21h20.43.720,VisualArraysMentalRotation_v4,2021.1.4,Win32,59.88023952,679054f2072d526265aabff2,679063f2c12982612b7ac372,,,,,,,,,,,,,,,,,,,,,,,,,"[0,0,45,90,45]","[0,-45,90,0,-45]",,Red_2,"[0,45,45,90,45]","[0,-45,90,0,-45]",,,,,,,,,RED,3,Different,6,1,,,,,,6,1,1.4967,3,11,59,4,1,,,,,
,,,,,,,,,,,,,,,66ee186efc9a208ef9446a30,2025-01-21_21h20.43.720,VisualArraysMentalRotation_v4,2021.1.4,Win32,59.88023952,679054f2072d526265aabff2,679063f2c12982612b7ac372,,,,,,,,,,,,,,,,,,,,,,,,,"[90,90,90,0,45]","[-45,90,90,90,90]",,Blue_1,"[90,90,90,0,45]","[45,90,90,90,90]",,,,,,,,,BLUE,3,Different,6,1,,,,,,5,0,0.9878,3,12,60,12,1,,,,,
,,,,,,,,,,,,,,,66ee186efc9a208ef9446a30,2025-01-21_21h20.43.720,VisualArraysMentalRotation_v4,2021.1.4,Win32,59.88023952,679054f2072d526265aabff2,679063f2c12982612b7ac372,,,,,,,,,,,,,,,,,,,,,,,,,"[45,45,45,-45,0]","[-45,-45,0,90,90]",,Blue_2,"[45,45,45,-45,0]","[-45,45,0,90,90]",,,,,,,,,BLUE,3,Different,6,3,,,,,,6,1,1.6482,3,13,61,13,1,,,,,
,,,,,,,,,,,,,,,66ee186efc9a208ef9446a30,2025-01-21_21h20.43.720,VisualArraysMentalRotation_v4,2021.1.4,Win32,59.88023952,679054f2072d526265aabff2,679063f2c12982612b7ac372,,,,,,,,,,,,,,,,,,,,,,,,,"[90,-45,-45,90,0]","[-45,-45,-45,-45,45]",,Blue_1,"[90,-45,-45,90,0]","[-45,-45,-45,-45,45]",,,,,,,,,BLUE,3,Same,5,1,,,,,,5,1,0.6309,3,14,62,8,1,,,,,
,,,,,,,,,,,,,,,66ee186efc9a208ef9446a30,2025-01-21_21h20.43.720,VisualArraysMentalRotation_v4,2021.1.4,Win32,59.88023952,679054f2072d526265aabff2,679063f2c12982612b7ac372,,,,,,,,,,,,,,,,,,,,,,,,,"[45,-45,0,0,-45]","[0,45,-45,0,0]",,Red_2,"[45,-45,0,0,-45]","[0,45,-45,0,0]",,,,,,,,,RED,3,Same,5,3,,,,,,5,1,1.3534,3,15,63,1,1,,,,,
,,,,,,,,,,,,,,,66ee186efc9a208ef9446a30,2025-01-21_21h20.43.720,VisualArraysMentalRotation_v4,2021.1.4,Win32,59.88023952,679054f2072d526265aabff2,679063f2c12982612b7ac372,,,,,,,,,,,,,,,,,,,,,,,,,"[0,90,0,0,-45]","[-45,0,0,-45,-45]",,Red_3,"[0,90,0,0,-45]","[-45,0,0,-45,-45]",,,,,,,,,RED,5,Same,5,1,,,,,,5,1,1.5037,4,0,64,2,1,,,,,
,,,,,,,,,,,,,,,66ee186efc9a208ef9446a30,2025-01-21_21h20.43.720,VisualArraysMentalRotation_v4,2021.1.4,Win32,59.88023952,679054f2072d526265aabff2,679063f2c12982612b7ac372,,,,,,,,,,,,,,,,,,,,,,,,,"[45,-45,45,45,0]","[0,0,45,0,0]",,Red_1,"[0,-45,45,45,0]","[0,0,45,0,0]",,,,,,,,,RED,5,Different,6,3,,,,,,5,0,0.932,4,1,65,7,1,,,,,
,,,,,,,,,,,,,,,66ee186efc9a208ef9446a30,2025-01-21_21h20.43.720,VisualArraysMentalRotation_v4,2021.1.4,Win32,59.88023952,679054f2072d526265aabff2,679063f2c12982612b7ac372,,,,,,,,,,,,,,,,,,,,,,,,,"[0,-45,45,0,0]","[-45,90,-45,-45,90]",,Red_3,"[0,-45,0,0,0]","[-45,90,-45,-45,90]",,,,,,,,,RED,3,Different,6,3,,,,,,6,1,2.5536,4,2,66,5,1,,,,,
,,,,,,,,,,,,,,,66ee186efc9a208ef9446a30,2025-01-21_21h20.43.720,VisualArraysMentalRotation_v4,2021.1.4,Win32,59.88023952,679054f2072d526265aabff2,679063f2c12982612b7ac372,,,,,,,,,,,,,,,,,,,,,,,,,"[0,-45,0,0,0]","[-45,0,45,90,0]",,Blue_5,"[0,-45,0,0,0]","[-45,0,45,90,0]",,,,,,,,,BLUE,5,Same,5,1,,,,,,6,0,1.9885,4,3,67,10,1,,,,,
,,,,,,,,,,,,,,,66ee186efc9a208ef9446a30,2025-01-21_21h20.43.720,VisualArraysMentalRotation_v4,2021.1.4,Win32,59.88023952,679054f2072d526265aabff2,679063f2c12982612b7ac372,,,,,,,,,,,,,,,,,,,,,,,,,"[90,0,0,0,90]","[45,-45,90,0,45]",,Red_4,"[90,0,0,0,90]","[45,-45,90,0,45]",,,,,,,,,RED,5,Same,5,3,,,,,,5,1,2.0662,4,4,68,3,1,,,,,
,,,,,,,,,,,,,,,66ee186efc9a208ef9446a30,2025-01-21_21h20.43.720,VisualArraysMentalRotation_v4,2021.1.4,Win32,59.88023952,679054f2072d526265aabff2,679063f2c12982612b7ac372,,,,,,,,,,,,,,,,,,,,,,,,,"[0,90,45,0,-45]","[45,-45,-45,0,0]",,Red_2,"[0,-45,45,0,-45]","[45,-45,-45,0,0]",,,,,,,,,RED,5,Different,6,1,,,,,,5,0,0.9753,4,5,69,6,1,,,,,
,,,,,,,,,,,,,,,66ee186efc9a208ef9446a30,2025-01-21_21h20.43.720,VisualArraysMentalRotation_v4,2021.1.4,Win32,59.88023952,679054f2072d526265aabff2,679063f2c12982612b7ac372,,,,,,,,,,,,,,,,,,,,,,,,,"[90,90,0,90,90]","[45,-45,90,45,45]",,Red_1,"[-45,90,0,90,90]","[45,-45,90,45,45]",,,,,,,,,RED,3,Different,6,1,,,,,,6,1,0.9453,4,6,70,4,1,,,,,
,,,,,,,,,,,,,,,66ee186efc9a208ef9446a30,2025-01-21_21h20.43.720,VisualArraysMentalRotation_v4,2021.1.4,Win32,59.88023952,679054f2072d526265aabff2,679063f2c12982612b7ac372,,,,,,,,,,,,,,,,,,,,,,,,,"[0,0,-45,-45,90]","[0,0,-45,-45,90]",,Blue_5,"[0,0,-45,-45,90]","[0,0,-45,-45,0]",,,,,,,,,BLUE,5,Different,6,1,,,,,,5,0,0.9124,4,7,71,14,1,,,,,
,,,,,,,,,,,,,,,66ee186efc9a208ef9446a30,2025-01-21_21h20.43.720,VisualArraysMentalRotation_v4,2021.1.4,Win32,59.88023952,679054f2072d526265aabff2,679063f2c12982612b7ac372,,,,,,,,,,,,,,,,,,,,,,,,,"[0,-45,90,45,45]","[-45,0,45,-45,-45]",,Blue_1,"[0,-45,90,45,45]","[-45,0,45,-45,-45]",,,,,,,,,BLUE,3,Same,5,3,,,,,,5,1,1.1266,4,8,72,9,1,,,,,
,,,,,,,,,,,,,,,66ee186efc9a208ef9446a30,2025-01-21_21h20.43.720,VisualArraysMentalRotation_v4,2021.1.4,Win32,59.88023952,679054f2072d526265aabff2,679063f2c12982612b7ac372,,,,,,,,,,,,,,,,,,,,,,,,,"[0,-45,45,90,90]","[-45,90,-45,45,0]",,Blue_1,"[0,-45,45,90,90]","[0,90,-45,45,0]",,,,,,,,,BLUE,5,Different,6,3,,,,,,6,1,1.2611,4,9,73,15,1,,,,,
,,,,,,,,,,,,,,,66ee186efc9a208ef9446a30,2025-01-21_21h20.43.720,VisualArraysMentalRotation_v4,2021.1.4,Win32,59.88023952,679054f2072d526265aabff2,679063f2c12982612b7ac372,,,,,,,,,,,,,,,,,,,,,,,,,"[-45,-45,90,45,-45]","[-45,0,0,-45,0]",,Blue_2,"[-45,-45,90,45,-45]","[-45,90,0,-45,0]",,,,,,,,,BLUE,3,Different,6,1,,,,,,6,1,1.0084,4,10,74,12,1,,,,,
,,,,,,,,,,,,,,,66ee186efc9a208ef9446a30,2025-01-21_21h20.43.720,VisualArraysMentalRotation_v4,2021.1.4,Win32,59.88023952,679054f2072d526265aabff2,679063f2c12982612b7ac372,,,,,,,,,,,,,,,,,,,,,,,,,"[0,90,0,0,0]","[0,-45,0,0,-45]",,Blue_3,"[0,90,0,0,0]","[0,-45,0,0,-45]",,,,,,,,,BLUE,5,Same,5,3,,,,,,5,1,0.923,4,11,75,11,1,,,,,
,,,,,,,,,,,,,,,66ee186efc9a208ef9446a30,2025-01-21_21h20.43.720,VisualArraysMentalRotation_v4,2021.1.4,Win32,59.88023952,679054f2072d526265aabff2,679063f2c12982612b7ac372,,,,,,,,,,,,,,,,,,,,,,,,,"[45,45,45,45,-45]","[-45,45,-45,0,45]",,Blue_3,"[45,45,45,45,-45]","[-45,45,0,0,45]",,,,,,,,,BLUE,3,Different,6,3,,,,,,6,1,2.0742,4,12,76,13,1,,,,,
,,,,,,,,,,,,,,,66ee186efc9a208ef9446a30,2025-01-21_21h20.43.720,VisualArraysMentalRotation_v4,2021.1.4,Win32,59.88023952,679054f2072d526265aabff2,679063f2c12982612b7ac372,,,,,,,,,,,,,,,,,,,,,,,,,"[45,-45,-45,0,-45]","[-45,90,-45,90,0]",,Blue_1,"[45,-45,-45,0,-45]","[-45,90,-45,90,0]",,,,,,,,,BLUE,3,Same,5,1,,,,,,5,1,0.7701,4,13,77,8,1,,,,,
,,,,,,,,,,,,,,,66ee186efc9a208ef9446a30,2025-01-21_21h20.43.720,VisualArraysMentalRotation_v4,2021.1.4,Win32,59.88023952,679054f2072d526265aabff2,679063f2c12982612b7ac372,,,,,,,,,,,,,,,,,,,,,,,,,"[90,45,45,90,-45]","[90,45,-45,45,90]",,Red_2,"[90,45,45,90,-45]","[90,45,-45,45,90]",,,,,,,,,RED,3,Same,5,3,,,,,,5,1,1.0208,4,14,78,1,1,,,,,
,,,,,,,,,,,,,,,66ee186efc9a208ef9446a30,2025-01-21_21h20.43.720,VisualArraysMentalRotation_v4,2021.1.4,Win32,59.88023952,679054f2072d526265aabff2,679063f2c12982612b7ac372,,,,,,,,,,,,,,,,,,,,,,,,,"[0,-45,90,45,-45]","[-45,-45,90,90,0]",,Red_2,"[0,-45,90,45,-45]","[-45,-45,90,90,0]",,,,,,,,,RED,3,Same,5,1,,,,,,5,1,1.2658,4,15,79,0,1,,,,,
,,,,,,,,,,,,,,,66ee186efc9a208ef9446a30,2025-01-21_21h20.43.720,VisualArraysMentalRotation_v4,2021.1.4,Win32,59.88023952,679054f2072d526265aabff2,679063f2c12982612b7ac372,,,,,,,,,,,,,,,,,,,,,,,,,"[45,-45,-45,45,-45]","[-45,45,0,90,0]",,Red_5,"[45,-45,-45,45,45]","[-45,45,0,90,0]",,,,,,,,,RED,5,Different,6,3,,,,,,6,1,0.9213,5,0,80,7,1,,,,,
,,,,,,,,,,,,,,,66ee186efc9a208ef9446a30,2025-01-21_21h20.43.720,VisualArraysMentalRotation_v4,2021.1.4,Win32,59.88023952,679054f2072d526265aabff2,679063f2c12982612b7ac372,,,,,,,,,,,,,,,,,,,,,,,,,"[-45,0,-45,0,0]","[45,45,-45,45,45]",,Blue_2,"[-45,0,-45,0,0]","[45,45,-45,45,45]",,,,,,,,,BLUE,3,Same,5,1,,,,,,5,1,0.8424,5,1,81,8,1,,,,,
,,,,,,,,,,,,,,,66ee186efc9a208ef9446a30,2025-01-21_21h20.43.720,VisualArraysMentalRotation_v4,2021.1.4,Win32,59.88023952,679054f2072d526265aabff2,679063f2c12982612b7ac372,,,,,,,,,,,,,,,,,,,,,,,,,"[0,-45,90,-45,-45]","[-45,45,0,90,90]",,Red_1,"[0,-45,90,-45,-45]","[-45,45,0,90,90]",,,,,,,,,RED,3,Same,5,1,,,,,,5,1,1.4873,5,2,82,0,1,,,,,
,,,,,,,,,,,,,,,66ee186efc9a208ef9446a30,2025-01-21_21h20.43.720,VisualArraysMentalRotation_v4,2021.1.4,Win32,59.88023952,679054f2072d526265aabff2,679063f2c12982612b7ac372,,,,,,,,,,,,,,,,,,,,,,,,,"[90,45,45,45,45]","[-45,-45,90,45,0]",,Blue_1,"[90,45,45,45,45]","[-45,-45,90,45,0]",,,,,,,,,BLUE,3,Same,5,3,,,,,,5,1,0.7114,5,3,83,9,1,,,,,
,,,,,,,,,,,,,,,66ee186efc9a208ef9446a30,2025-01-21_21h20.43.720,VisualArraysMentalRotation_v4,2021.1.4,Win32,59.88023952,679054f2072d526265aabff2,679063f2c12982612b7ac372,,,,,,,,,,,,,,,,,,,,,,,,,"[90,45,90,90,90]","[90,90,-45,90,-45]",,Blue_1,"[90,45,90,90,90]","[45,90,-45,90,-45]",,,,,,,,,BLUE,5,Different,6,3,,,,,,6,1,0.8218,5,4,84,15,1,,,,,
,,,,,,,,,,,,,,,66ee186efc9a208ef9446a30,2025-01-21_21h20.43.720,VisualArraysMentalRotation_v4,2021.1.4,Win32,59.88023952,679054f2072d526265aabff2,679063f2c12982612b7ac372,,,,,,,,,,,,,,,,,,,,,,,,,"[0,90,-45,45,45]","[90,0,90,90,-45]",,Blue_2,"[0,90,-45,45,45]","[90,90,90,90,-45]",,,,,,,,,BLUE,3,Different,6,1,,,,,,6,1,0.7928,5,5,85,12,1,,,,,
,,,,,,,,,,,,,,,66ee186efc9a208ef9446a30,2025-01-21_21h20.43.720,VisualArraysMentalRotation_v4,2021.1.4,Win32,59.88023952,679054f2072d526265aabff2,679063f2c12982612b7ac372,,,,,,,,,,,,,,,,,,,,,,,,,"[-45,0,-45,0,-45]","[45,45,90,45,90]",,Red_4,"[-45,0,-45,0,-45]","[45,45,90,45,90]",,,,,,,,,RED,5,Same,5,3,,,,,,6,0,1.7594,5,6,86,3,1,,,,,
,,,,,,,,,,,,,,,66ee186efc9a208ef9446a30,2025-01-21_21h20.43.720,VisualArraysMentalRotation_v4,2021.1.4,Win32,59.88023952,679054f2072d526265aabff2,679063f2c12982612b7ac372,,,,,,,,,,,,,,,,,,,,,,,,,"[90,0,45,45,-45]","[90,0,90,-45,-45]",,Blue_2,"[90,0,45,45,-45]","[90,45,90,-45,-45]",,,,,,,,,BLUE,3,Different,6,3,,,,,,6,1,1.9736,5,7,87,13,1,,,,,
,,,,,,,,,,,,,,,66ee186efc9a208ef9446a30,2025-01-21_21h20.43.720,VisualArraysMentalRotation_v4,2021.1.4,Win32,59.88023952,679054f2072d526265aabff2,679063f2c12982612b7ac372,,,,,,,,,,,,,,,,,,,,,,,,,"[-45,0,45,-45,-45]","[45,-45,0,90,0]",,Red_1,"[90,0,45,-45,-45]","[45,-45,0,90,0]",,,,,,,,,RED,5,Different,6,1,,,,,,5,0,0.9765,5,8,88,6,1,,,,,
,,,,,,,,,,,,,,,66ee186efc9a208ef9446a30,2025-01-21_21h20.43.720,VisualArraysMentalRotation_v4,2021.1.4,Win32,59.88023952,679054f2072d526265aabff2,679063f2c12982612b7ac372,,,,,,,,,,,,,,,,,,,,,,,,,"[-45,90,0,0,90]","[90,90,45,45,45]",,Red_1,"[-45,90,0,0,90]","[90,90,45,45,45]",,,,,,,,,RED,5,Same,5,1,,,,,,5,1,1.9036,5,9,89,2,1,,,,,
,,,,,,,,,,,,,,,66ee186efc9a208ef9446a30,2025-01-21_21h20.43.720,VisualArraysMentalRotation_v4,2021.1.4,Win32,59.88023952,679054f2072d526265aabff2,679063f2c12982612b7ac372,,,,,,,,,,,,,,,,,,,,,,,,,"[45,45,0,0,0]","[90,90,-45,45,90]",,Red_2,"[45,0,0,0,0]","[90,90,-45,45,90]",,,,,,,,,RED,3,Different,6,1,,,,,,6,1,0.8375,5,10,90,4,1,,,,,
,,,,,,,,,,,,,,,66ee186efc9a208ef9446a30,2025-01-21_21h20.43.720,VisualArraysMentalRotation_v4,2021.1.4,Win32,59.88023952,679054f2072d526265aabff2,679063f2c12982612b7ac372,,,,,,,,,,,,,,,,,,,,,,,,,"[90,90,45,45,45]","[45,-45,-45,45,90]",,Blue_2,"[90,90,45,45,45]","[45,90,-45,45,90]",,,,,,,,,BLUE,5,Different,6,1,,,,,,6,1,0.8026,5,11,91,14,1,,,,,
,,,,,,,,,,,,,,,66ee186efc9a208ef9446a30,2025-01-21_21h20.43.720,VisualArraysMentalRotation_v4,2021.1.4,Win32,59.88023952,679054f2072d526265aabff2,679063f2c12982612b7ac372,,,,,,,,,,,,,,,,,,,,,,,,,"[90,-45,90,0,45]","[45,-45,-45,-45,90]",,Red_1,"[90,-45,90,0,45]","[45,-45,-45,-45,90]",,,,,,,,,RED,3,Same,5,3,,,,,,6,0,2.1027,5,12,92,1,1,,,,,
,,,,,,,,,,,,,,,66ee186efc9a208ef9446a30,2025-01-21_21h20.43.720,VisualArraysMentalRotation_v4,2021.1.4,Win32,59.88023952,679054f2072d526265aabff2,679063f2c12982612b7ac372,,,,,,,,,,,,,,,,,,,,,,,,,"[-45,0,0,45,90]","[-45,45,0,45,90]",,Blue_1,"[-45,0,0,45,90]","[-45,45,0,45,90]",,,,,,,,,BLUE,5,Same,5,1,,,,,,5,1,1.2947,5,13,93,10,1,,,,,
,,,,,,,,,,,,,,,66ee186efc9a208ef9446a30,2025-01-21_21h20.43.720,VisualArraysMentalRotation_v4,2021.1.4,Win32,59.88023952,679054f2072d526265aabff2,679063f2c12982612b7ac372,,,,,,,,,,,,,,,,,,,,,,,,,"[90,45,-45,90,45]","[-45,-45,90,90,90]",,Blue_2,"[90,45,-45,90,45]","[-45,-45,90,90,90]",,,,,,,,,BLUE,5,Same,5,3,,,,,,5,1,1.7617,5,14,94,11,1,,,,,
,,,,,,,,,,,,,,,66ee186efc9a208ef9446a30,2025-01-21_21h20.43.720,VisualArraysMentalRotation_v4,2021.1.4,Win32,59.88023952,679054f2072d526265aabff2,679063f2c12982612b7ac372,,,,,,,,,,,,,,,,,,,,,,,,,"[45,0,45,45,45]","[45,-45,45,0,0]",,Red_2,"[45,-45,45,45,45]","[45,-45,45,0,0]",,,,,,,,,RED,3,Different,6,3,,,,,,5,0,2.9883,5,15,95,5,1,,,,,
,,,,,,,,,,,,,,,66ee186efc9a208ef9446a30,2025-01-21_21h20.43.720,VisualArraysMentalRotation_v4,2021.1.4,Win32,59.88023952,679054f2072d526265aabff2,679063f2c12982612b7ac372,,,,,,,,,,,,,,,,,,,,,,,,,"[-45,90,0,90,90]","[0,45,0,90,90]",,Red_3,"[-45,90,0,90,90]","[0,45,0,90,90]",,,,,,,,,RED,3,Same,5,3,,,,,,5,1,0.971,6,0,96,1,1,,,,,
,,,,,,,,,,,,,,,66ee186efc9a208ef9446a30,2025-01-21_21h20.43.720,VisualArraysMentalRotation_v4,2021.1.4,Win32,59.88023952,679054f2072d526265aabff2,679063f2c12982612b7ac372,,,,,,,,,,,,,,,,,,,,,,,,,"[45,90,0,90,-45]","[45,0,45,90,-45]",,Red_1,"[90,90,0,90,-45]","[45,0,45,90,-45]",,,,,,,,,RED,5,Different,6,1,,,,,,6,1,1.1985,6,1,97,6,1,,,,,
,,,,,,,,,,,,,,,66ee186efc9a208ef9446a30,2025-01-21_21h20.43.720,VisualArraysMentalRotation_v4,2021.1.4,Win32,59.88023952,679054f2072d526265aabff2,679063f2c12982612b7ac372,,,,,,,,,,,,,,,,,,,,,,,,,"[45,0,45,90,0]","[45,45,45,90,-45]",,Red_1,"[45,0,45,90,0]","[45,45,45,90,-45]",,,,,,,,,RED,3,Same,5,1,,,,,,5,1,0.7713,6,2,98,0,1,,,,,
,,,,,,,,,,,,,,,66ee186efc9a208ef9446a30,2025-01-21_21h20.43.720,VisualArraysMentalRotation_v4,2021.1.4,Win32,59.88023952,679054f2072d526265aabff2,679063f2c12982612b7ac372,,,,,,,,,,,,,,,,,,,,,,,,,"[45,90,0,0,90]","[45,0,0,-45,0]",,Blue_4,"[45,90,0,0,90]","[45,0,0,-45,0]",,,,,,,,,BLUE,5,Same,5,1,,,,,,5,1,2.5653,6,3,99,10,1,,,,,
,,,,,,,,,,,,,,,66ee186efc9a208ef9446a30,2025-01-21_21h20.43.720,VisualArraysMentalRotation_v4,2021.1.4,Win32,59.88023952,679054f2072d526265aabff2,679063f2c12982612b7ac372,,,,,,,,,,,,,,,,,,,,,,,,,"[90,90,90,45,0]","[-45,0,90,90,90]",,Red_2,"[90,90,90,45,0]","[-45,0,90,90,90]",,,,,,,,,RED,5,Same,5,3,,,,,,5,1,1.149,6,4,100,3,1,,,,,
,,,,,,,,,,,,,,,66ee186efc9a208ef9446a30,2025-01-21_21h20.43.720,VisualArraysMentalRotation_v4,2021.1.4,Win32,59.88023952,679054f2072d526265aabff2,679063f2c12982612b7ac372,,,,,,,,,,,,,,,,,,,,,,,,,"[90,0,-45,0,90]","[45,0,-45,90,45]",,Red_2,"[90,-45,-45,0,90]","[45,0,-45,90,45]",,,,,,,,,RED,5,Different,6,3,,,,,,6,1,1.2203,6,5,101,7,1,,,,,
,,,,,,,,,,,,,,,66ee186efc9a208ef9446a30,2025-01-21_21h20.43.720,VisualArraysMentalRotation_v4,2021.1.4,Win32,59.88023952,679054f2072d526265aabff2,679063f2c12982612b7ac372,,,,,,,,,,,,,,,,,,,,,,,,,"[0,45,45,90,0]","[90,90,-45,-45,45]",,Blue_1,"[0,45,45,90,0]","[90,90,-45,-45,45]",,,,,,,,,BLUE,5,Same,5,3,,,,,,5,1,0.7931,6,6,102,11,1,,,,,
,,,,,,,,,,,,,,,66ee186efc9a208ef9446a30,2025-01-21_21h20.43.720,VisualArraysMentalRotation_v4,2021.1.4,Win32,59.88023952,679054f2072d526265aabff2,679063f2c12982612b7ac372,,,,,,,,,,,,,,,,,,,,,,,,,"[0,90,-45,0,90]","[45,-45,0,90,90]",,Blue_2,"[0,90,-45,0,90]","[45,90,0,90,90]",,,,,,,,,BLUE,5,Different,6,3,,,,,,6,1,0.9233,6,7,103,15,1,,,,,
,,,,,,,,,,,,,,,66ee186efc9a208ef9446a30,2025-01-21_21h20.43.720,VisualArraysMentalRotation_v4,2021.1.4,Win32,59.88023952,679054f2072d526265aabff2,679063f2c12982612b7ac372,,,,,,,,,,,,,,,,,,,,,,,,,"[90,-45,0,-45,45]","[90,90,0,0,0]",,Red_4,"[90,-45,0,-45,45]","[90,90,0,0,0]",,,,,,,,,RED,5,Same,5,1,,,,,,6,0,2.7242,6,8,104,2,1,,,,,
,,,,,,,,,,,,,,,66ee186efc9a208ef9446a30,2025-01-21_21h20.43.720,VisualArraysMentalRotation_v4,2021.1.4,Win32,59.88023952,679054f2072d526265aabff2,679063f2c12982612b7ac372,,,,,,,,,,,,,,,,,,,,,,,,,"[45,-45,0,45,90]","[45,90,45,45,-45]",,Blue_3,"[45,-45,0,45,90]","[45,90,45,45,-45]",,,,,,,,,BLUE,3,Same,5,3,,,,,,5,1,1.4806,6,9,105,9,1,,,,,
,,,,,,,,,,,,,,,66ee186efc9a208ef9446a30,2025-01-21_21h20.43.720,VisualArraysMentalRotation_v4,2021.1.4,Win32,59.88023952,679054f2072d526265aabff2,679063f2c12982612b7ac372,,,,,,,,,,,,,,,,,,,,,,,,,"[0,0,0,90,0]","[0,0,90,90,-45]",,Blue_2,"[0,0,0,90,0]","[0,90,90,90,-45]",,,,,,,,,BLUE,3,Different,6,1,,,,,,6,1,2.4598,6,10,106,12,1,,,,,
,,,,,,,,,,,,,,,66ee186efc9a208ef9446a30,2025-01-21_21h20.43.720,VisualArraysMentalRotation_v4,2021.1.4,Win32,59.88023952,679054f2072d526265aabff2,679063f2c12982612b7ac372,,,,,,,,,,,,,,,,,,,,,,,,,"[0,45,45,0,0]","[90,0,90,90,45]",,Red_3,"[0,45,-45,0,0]","[90,0,90,90,45]",,,,,,,,,RED,3,Different,6,3,,,,,,6,1,1.0533,6,11,107,5,1,,,,,
,,,,,,,,,,,,,,,66ee186efc9a208ef9446a30,2025-01-21_21h20.43.720,VisualArraysMentalRotation_v4,2021.1.4,Win32,59.88023952,679054f2072d526265aabff2,679063f2c12982612b7ac372,,,,,,,,,,,,,,,,,,,,,,,,,"[-45,0,90,-45,90]","[0,45,45,-45,90]",,Blue_3,"[-45,0,90,-45,90]","[0,45,0,-45,90]",,,,,,,,,BLUE,3,Different,6,3,,,,,,6,1,1.1717,6,12,108,13,1,,,,,
,,,,,,,,,,,,,,,66ee186efc9a208ef9446a30,2025-01-21_21h20.43.720,VisualArraysMentalRotation_v4,2021.1.4,Win32,59.88023952,679054f2072d526265aabff2,679063f2c12982612b7ac372,,,,,,,,,,,,,,,,,,,,,,,,,"[-45,45,0,-45,-45]","[45,0,0,90,-45]",,Blue_3,"[-45,45,0,-45,-45]","[45,0,0,90,-45]",,,,,,,,,BLUE,3,Same,5,1,,,,,,5,1,0.8032,6,13,109,8,1,,,,,
,,,,,,,,,,,,,,,66ee186efc9a208ef9446a30,2025-01-21_21h20.43.720,VisualArraysMentalRotation_v4,2021.1.4,Win32,59.88023952,679054f2072d526265aabff2,679063f2c12982612b7ac372,,,,,,,,,,,,,,,,,,,,,,,,,"[90,45,45,45,-45]","[-45,90,0,0,45]",,Blue_2,"[90,45,45,45,-45]","[-45,0,0,0,45]",,,,,,,,,BLUE,5,Different,6,1,,,,,,5,0,1.2823,6,14,110,14,1,,,,,
,,,,,,,,,,,,,,,66ee186efc9a208ef9446a30,2025-01-21_21h20.43.720,VisualArraysMentalRotation_v4,2021.1.4,Win32,59.88023952,679054f2072d526265aabff2,679063f2c12982612b7ac372,,,,,,,,,,,,,,,,,,,,,,,,,"[90,45,-45,0,45]","[45,0,-45,0,-45]",,Red_2,"[90,0,-45,0,45]","[45,0,-45,0,-45]",,,,,,,,,RED,3,Different,6,1,,,,,,6,1,0.7702,6,15,111,4,1,,,,,
,,,,,,,,,,,,,,,66ee186efc9a208ef9446a30,2025-01-21_21h20.43.720,VisualArraysMentalRotation_v4,2021.1.4,Win32,59.88023952,679054f2072d526265aabff2,679063f2c12982612b7ac372,,,,,,,,,,,,,,,,,,,,,,,,,,,,,,,,,,,,,,,,,,,,,,,,,,,,,,,,,0,0,0,0,1
,,,,,,,,,,,,,,,66ee186efc9a208ef9446a30,2025-01-21_21h20.43.720,VisualArraysMentalRotation_v4,2021.1.4,Win32,59.88023952,679054f2072d526265aabff2,679063f2c12982612b7ac372,,,,,,,,,,,,,,,,,,0,1,1,1,1,1,0,,,,,,,,,,,,,,,,,,,,,,,,,,,,,,,,,,,,,
