TaskOrder,consent_final_key_resp.keys,consent_final_key_resp.rt,MRTPracResponse.keys,MRTPracResponse.corr,MRTPracResponse.rt,MRTPracticeTrials.thisRepN,MRTPracticeTrials.thisTrialN,MRTPracticeTrials.thisN,MRTPracticeTrials.thisIndex,MRTPracticeTrials.ran,PracStimulus,PracDegRotation,PracType,MRTPracCorrectAns,PROLIFIC_PID,date,expName,psychopyVersion,OS,frameRate,STUDY_ID,SESSION_ID,MRTStimulus,MRTType,MRTDegRotation,MRTCorrectAns,MRTTestResponse.keys,MRTTestResponse.corr,MRTTestResponse.rt,MRTTestTrials.thisRepN,MRTTestTrials.thisTrialN,MRTTestTrials.thisN,MRTTestTrials.thisIndex,MRTTestTrials.ran,MRT_Task.thisRepN,MRT_Task.thisTrialN,MRT_Task.thisN,MRT_Task.thisIndex,MRT_Task.ran,TasksLoop.thisRepN,TasksLoop.thisTrialN,TasksLoop.thisN,TasksLoop.thisIndex,TasksLoop.ran,nRepsVA,nRepsMRT,Red Orientations,Blue Orientations,VA_array_dur,Target Rectangle,New Red Orientations,New Blue Orientations,VA_PracResponse.keys,VA_PracResponse.corr,VA_PracResponse.rt,PracTrials.thisRepN,PracTrials.thisTrialN,PracTrials.thisN,PracTrials.thisIndex,PracTrials.ran,VA_Target,VA_TargetNumber,VA_Orientation,VA_Answer,VA_DelayDur,VA_PracTrialsSpeed.thisRepN,VA_PracTrialsSpeed.thisTrialN,VA_PracTrialsSpeed.thisN,VA_PracTrialsSpeed.thisIndex,VA_PracTrialsSpeed.ran,VA_TestResponse.keys,VA_TestResponse.corr,VA_TestResponse.rt,VA_TestTrials.thisRepN,VA_TestTrials.thisTrialN,VA_TestTrials.thisN,VA_TestTrials.thisIndex,VA_TestTrials.ran,VA_Task.thisRepN,VA_Task.thisTrialN,VA_Task.thisN,VA_Task.thisIndex,VA_Task.ran
2,y,6.578,n,1,2.194,0,0,0,1,1,PracticeStim/9_100_R.jpg,100,Different,n,5f974c72a0ed8c0f9ce724ea,2025-01-21_19h46.36.530,VisualArraysMentalRotation_v4,2021.1.4,MacIntel,121.0653753,679054f2072d526265aabff2,67906991e4501d47f2d9f452,,,,,,,,,,,,,,,,,,,,,,,,,,,,,,,,,,,,,,,,,,,,,,,,,,,,,,,,,,,,,
,,,b,1,3.138,0,1,1,10,1,PracticeStim/41_150.jpg,150,Same,b,5f974c72a0ed8c0f9ce724ea,2025-01-21_19h46.36.530,VisualArraysMentalRotation_v4,2021.1.4,MacIntel,121.0653753,679054f2072d526265aabff2,67906991e4501d47f2d9f452,,,,,,,,,,,,,,,,,,,,,,,,,,,,,,,,,,,,,,,,,,,,,,,,,,,,,,,,,,,,,
,,,b,1,2.526,0,2,2,2,1,PracticeStim/17_50.jpg,50,Same,b,5f974c72a0ed8c0f9ce724ea,2025-01-21_19h46.36.530,VisualArraysMentalRotation_v4,2021.1.4,MacIntel,121.0653753,679054f2072d526265aabff2,67906991e4501d47f2d9f452,,,,,,,,,,,,,,,,,,,,,,,,,,,,,,,,,,,,,,,,,,,,,,,,,,,,,,,,,,,,,
,,,n,0,2.758,0,3,3,5,1,PracticeStim/26_150.jpg,150,Same,b,5f974c72a0ed8c0f9ce724ea,2025-01-21_19h46.36.530,VisualArraysMentalRotation_v4,2021.1.4,MacIntel,121.0653753,679054f2072d526265aabff2,67906991e4501d47f2d9f452,,,,,,,,,,,,,,,,,,,,,,,,,,,,,,,,,,,,,,,,,,,,,,,,,,,,,,,,,,,,,
,,,b,1,3.275,0,4,4,11,1,PracticeStim/42_50.jpg,50,Same,b,5f974c72a0ed8c0f9ce724ea,2025-01-21_19h46.36.530,VisualArraysMentalRotation_v4,2021.1.4,MacIntel,121.0653753,679054f2072d526265aabff2,67906991e4501d47f2d9f452,,,,,,,,,,,,,,,,,,,,,,,,,,,,,,,,,,,,,,,,,,,,,,,,,,,,,,,,,,,,,
,,,n,1,2.775,0,5,5,7,1,PracticeStim/31_50_R.jpg,50,Different,n,5f974c72a0ed8c0f9ce724ea,2025-01-21_19h46.36.530,VisualArraysMentalRotation_v4,2021.1.4,MacIntel,121.0653753,679054f2072d526265aabff2,67906991e4501d47f2d9f452,,,,,,,,,,,,,,,,,,,,,,,,,,,,,,,,,,,,,,,,,,,,,,,,,,,,,,,,,,,,,
,,,n,1,3.336,0,6,6,0,1,PracticeStim/7_100_R.jpg,100,Different,n,5f974c72a0ed8c0f9ce724ea,2025-01-21_19h46.36.530,VisualArraysMentalRotation_v4,2021.1.4,MacIntel,121.0653753,679054f2072d526265aabff2,67906991e4501d47f2d9f452,,,,,,,,,,,,,,,,,,,,,,,,,,,,,,,,,,,,,,,,,,,,,,,,,,,,,,,,,,,,,
,,,b,1,4.06,0,7,7,3,1,PracticeStim/18_150.jpg,150,Same,b,5f974c72a0ed8c0f9ce724ea,2025-01-21_19h46.36.530,VisualArraysMentalRotation_v4,2021.1.4,MacIntel,121.0653753,679054f2072d526265aabff2,67906991e4501d47f2d9f452,,,,,,,,,,,,,,,,,,,,,,,,,,,,,,,,,,,,,,,,,,,,,,,,,,,,,,,,,,,,,
,,,n,1,2.528,0,8,8,9,1,PracticeStim/36_100_R.jpg,100,Different,n,5f974c72a0ed8c0f9ce724ea,2025-01-21_19h46.36.530,VisualArraysMentalRotation_v4,2021.1.4,MacIntel,121.0653753,679054f2072d526265aabff2,67906991e4501d47f2d9f452,,,,,,,,,,,,,,,,,,,,,,,,,,,,,,,,,,,,,,,,,,,,,,,,,,,,,,,,,,,,,
,,,b,0,3.406,0,9,9,8,1,PracticeStim/33_50_R.jpg,50,Different,n,5f974c72a0ed8c0f9ce724ea,2025-01-21_19h46.36.530,VisualArraysMentalRotation_v4,2021.1.4,MacIntel,121.0653753,679054f2072d526265aabff2,67906991e4501d47f2d9f452,,,,,,,,,,,,,,,,,,,,,,,,,,,,,,,,,,,,,,,,,,,,,,,,,,,,,,,,,,,,,
,,,b,1,3.913,0,10,10,4,1,PracticeStim/25_150.jpg,150,Same,b,5f974c72a0ed8c0f9ce724ea,2025-01-21_19h46.36.530,VisualArraysMentalRotation_v4,2021.1.4,MacIntel,121.0653753,679054f2072d526265aabff2,67906991e4501d47f2d9f452,,,,,,,,,,,,,,,,,,,,,,,,,,,,,,,,,,,,,,,,,,,,,,,,,,,,,,,,,,,,,
,,,n,1,2.027,0,11,11,6,1,PracticeStim/30_100_R.jpg,100,Different,n,5f974c72a0ed8c0f9ce724ea,2025-01-21_19h46.36.530,VisualArraysMentalRotation_v4,2021.1.4,MacIntel,121.0653753,679054f2072d526265aabff2,67906991e4501d47f2d9f452,,,,,,,,,,,,,,,,,,,,,,,,,,,,,,,,,,,,,,,,,,,,,,,,,,,,,,,,,,,,,
,,,,,,,,,,,,,,,5f974c72a0ed8c0f9ce724ea,2025-01-21_19h46.36.530,VisualArraysMentalRotation_v4,2021.1.4,MacIntel,121.0653753,679054f2072d526265aabff2,67906991e4501d47f2d9f452,Stimuli/27_150_R.jpg,Different,150,n,n,1,2.858,0,0,0,0,1,,,,,,,,,,,,,,,,,,,,,,,,,,,,,,,,,,,,,,,,,,,,,,,,,
,,,,,,,,,,,,,,,5f974c72a0ed8c0f9ce724ea,2025-01-21_19h46.36.530,VisualArraysMentalRotation_v4,2021.1.4,MacIntel,121.0653753,679054f2072d526265aabff2,67906991e4501d47f2d9f452,Stimuli/3_100.jpg,Same,100,b,b,1,2.724,1,0,1,0,1,,,,,,,,,,,,,,,,,,,,,,,,,,,,,,,,,,,,,,,,,,,,,,,,,
,,,,,,,,,,,,,,,5f974c72a0ed8c0f9ce724ea,2025-01-21_19h46.36.530,VisualArraysMentalRotation_v4,2021.1.4,MacIntel,121.0653753,679054f2072d526265aabff2,67906991e4501d47f2d9f452,Stimuli/3_150.jpg,Same,150,b,b,1,2.017,2,0,2,0,1,,,,,,,,,,,,,,,,,,,,,,,,,,,,,,,,,,,,,,,,,,,,,,,,,
,,,,,,,,,,,,,,,5f974c72a0ed8c0f9ce724ea,2025-01-21_19h46.36.530,VisualArraysMentalRotation_v4,2021.1.4,MacIntel,121.0653753,679054f2072d526265aabff2,67906991e4501d47f2d9f452,Stimuli/22_100.jpg,Same,100,b,b,1,2.083,3,0,3,0,1,,,,,,,,,,,,,,,,,,,,,,,,,,,,,,,,,,,,,,,,,,,,,,,,,
,,,,,,,,,,,,,,,5f974c72a0ed8c0f9ce724ea,2025-01-21_19h46.36.530,VisualArraysMentalRotation_v4,2021.1.4,MacIntel,121.0653753,679054f2072d526265aabff2,67906991e4501d47f2d9f452,Stimuli/44_150_R.jpg,Different,150,n,n,1,1.51,4,0,4,0,1,,,,,,,,,,,,,,,,,,,,,,,,,,,,,,,,,,,,,,,,,,,,,,,,,
,,,,,,,,,,,,,,,5f974c72a0ed8c0f9ce724ea,2025-01-21_19h46.36.530,VisualArraysMentalRotation_v4,2021.1.4,MacIntel,121.0653753,679054f2072d526265aabff2,67906991e4501d47f2d9f452,Stimuli/27_0_R.jpg,Different,0,n,n,1,3.296,5,0,5,0,1,,,,,,,,,,,,,,,,,,,,,,,,,,,,,,,,,,,,,,,,,,,,,,,,,
,,,,,,,,,,,,,,,5f974c72a0ed8c0f9ce724ea,2025-01-21_19h46.36.530,VisualArraysMentalRotation_v4,2021.1.4,MacIntel,121.0653753,679054f2072d526265aabff2,67906991e4501d47f2d9f452,Stimuli/16_50.jpg,Same,50,b,b,1,3.408,6,0,6,0,1,,,,,,,,,,,,,,,,,,,,,,,,,,,,,,,,,,,,,,,,,,,,,,,,,
,,,,,,,,,,,,,,,5f974c72a0ed8c0f9ce724ea,2025-01-21_19h46.36.530,VisualArraysMentalRotation_v4,2021.1.4,MacIntel,121.0653753,679054f2072d526265aabff2,67906991e4501d47f2d9f452,Stimuli/19_150_R.jpg,Different,150,n,n,1,4.35,7,0,7,0,1,,,,,,,,,,,,,,,,,,,,,,,,,,,,,,,,,,,,,,,,,,,,,,,,,
,,,,,,,,,,,,,,,5f974c72a0ed8c0f9ce724ea,2025-01-21_19h46.36.530,VisualArraysMentalRotation_v4,2021.1.4,MacIntel,121.0653753,679054f2072d526265aabff2,67906991e4501d47f2d9f452,Stimuli/44_0_R.jpg,Different,0,n,n,1,2.442,8,0,8,0,1,,,,,,,,,,,,,,,,,,,,,,,,,,,,,,,,,,,,,,,,,,,,,,,,,
,,,,,,,,,,,,,,,5f974c72a0ed8c0f9ce724ea,2025-01-21_19h46.36.530,VisualArraysMentalRotation_v4,2021.1.4,MacIntel,121.0653753,679054f2072d526265aabff2,67906991e4501d47f2d9f452,Stimuli/28_50.jpg,Same,50,b,b,1,1.713,9,0,9,0,1,,,,,,,,,,,,,,,,,,,,,,,,,,,,,,,,,,,,,,,,,,,,,,,,,
,,,,,,,,,,,,,,,5f974c72a0ed8c0f9ce724ea,2025-01-21_19h46.36.530,VisualArraysMentalRotation_v4,2021.1.4,MacIntel,121.0653753,679054f2072d526265aabff2,67906991e4501d47f2d9f452,Stimuli/21_100.jpg,Same,100,b,b,1,4.258,10,0,10,0,1,,,,,,,,,,,,,,,,,,,,,,,,,,,,,,,,,,,,,,,,,,,,,,,,,
,,,,,,,,,,,,,,,5f974c72a0ed8c0f9ce724ea,2025-01-21_19h46.36.530,VisualArraysMentalRotation_v4,2021.1.4,MacIntel,121.0653753,679054f2072d526265aabff2,67906991e4501d47f2d9f452,Stimuli/40_50_R.jpg,Different,50,n,n,1,3.805,11,0,11,0,1,,,,,,,,,,,,,,,,,,,,,,,,,,,,,,,,,,,,,,,,,,,,,,,,,
,,,,,,,,,,,,,,,5f974c72a0ed8c0f9ce724ea,2025-01-21_19h46.36.530,VisualArraysMentalRotation_v4,2021.1.4,MacIntel,121.0653753,679054f2072d526265aabff2,67906991e4501d47f2d9f452,Stimuli/19_0_R.jpg,Different,0,n,n,1,2.048,12,0,12,0,1,,,,,,,,,,,,,,,,,,,,,,,,,,,,,,,,,,,,,,,,,,,,,,,,,
,,,,,,,,,,,,,,,5f974c72a0ed8c0f9ce724ea,2025-01-21_19h46.36.530,VisualArraysMentalRotation_v4,2021.1.4,MacIntel,121.0653753,679054f2072d526265aabff2,67906991e4501d47f2d9f452,Stimuli/43_150_R.jpg,Different,150,n,n,1,2.385,13,0,13,0,1,,,,,,,,,,,,,,,,,,,,,,,,,,,,,,,,,,,,,,,,,,,,,,,,,
,,,,,,,,,,,,,,,5f974c72a0ed8c0f9ce724ea,2025-01-21_19h46.36.530,VisualArraysMentalRotation_v4,2021.1.4,MacIntel,121.0653753,679054f2072d526265aabff2,67906991e4501d47f2d9f452,Stimuli/16_0.jpg,Same,0,b,b,1,1.854,14,0,14,0,1,,,,,,,,,,,,,,,,,,,,,,,,,,,,,,,,,,,,,,,,,,,,,,,,,
,,,,,,,,,,,,,,,5f974c72a0ed8c0f9ce724ea,2025-01-21_19h46.36.530,VisualArraysMentalRotation_v4,2021.1.4,MacIntel,121.0653753,679054f2072d526265aabff2,67906991e4501d47f2d9f452,Stimuli/22_150.jpg,Same,150,b,b,1,2.309,15,0,15,0,1,,,,,,,,,,,,,,,,,,,,,,,,,,,,,,,,,,,,,,,,,,,,,,,,,
,,,,,,,,,,,,,,,5f974c72a0ed8c0f9ce724ea,2025-01-21_19h46.36.530,VisualArraysMentalRotation_v4,2021.1.4,MacIntel,121.0653753,679054f2072d526265aabff2,67906991e4501d47f2d9f452,Stimuli/3_50_R.jpg,Different,50,n,b,0,3.977,16,0,16,0,1,,,,,,,,,,,,,,,,,,,,,,,,,,,,,,,,,,,,,,,,,,,,,,,,,
,,,,,,,,,,,,,,,5f974c72a0ed8c0f9ce724ea,2025-01-21_19h46.36.530,VisualArraysMentalRotation_v4,2021.1.4,MacIntel,121.0653753,679054f2072d526265aabff2,67906991e4501d47f2d9f452,Stimuli/16_100.jpg,Same,100,b,b,1,1.649,17,0,17,0,1,,,,,,,,,,,,,,,,,,,,,,,,,,,,,,,,,,,,,,,,,,,,,,,,,
,,,,,,,,,,,,,,,5f974c72a0ed8c0f9ce724ea,2025-01-21_19h46.36.530,VisualArraysMentalRotation_v4,2021.1.4,MacIntel,121.0653753,679054f2072d526265aabff2,67906991e4501d47f2d9f452,Stimuli/44_100.jpg,Same,100,b,b,1,2.915,18,0,18,0,1,,,,,,,,,,,,,,,,,,,,,,,,,,,,,,,,,,,,,,,,,,,,,,,,,
,,,,,,,,,,,,,,,5f974c72a0ed8c0f9ce724ea,2025-01-21_19h46.36.530,VisualArraysMentalRotation_v4,2021.1.4,MacIntel,121.0653753,679054f2072d526265aabff2,67906991e4501d47f2d9f452,Stimuli/32_50_R.jpg,Different,50,n,n,1,1.174,19,0,19,0,1,,,,,,,,,,,,,,,,,,,,,,,,,,,,,,,,,,,,,,,,,,,,,,,,,
,,,,,,,,,,,,,,,5f974c72a0ed8c0f9ce724ea,2025-01-21_19h46.36.530,VisualArraysMentalRotation_v4,2021.1.4,MacIntel,121.0653753,679054f2072d526265aabff2,67906991e4501d47f2d9f452,Stimuli/27_50.jpg,Same,50,b,b,1,2.925,20,0,20,0,1,,,,,,,,,,,,,,,,,,,,,,,,,,,,,,,,,,,,,,,,,,,,,,,,,
,,,,,,,,,,,,,,,5f974c72a0ed8c0f9ce724ea,2025-01-21_19h46.36.530,VisualArraysMentalRotation_v4,2021.1.4,MacIntel,121.0653753,679054f2072d526265aabff2,67906991e4501d47f2d9f452,Stimuli/44_100_R.jpg,Different,100,n,n,1,1.975,21,0,21,0,1,,,,,,,,,,,,,,,,,,,,,,,,,,,,,,,,,,,,,,,,,,,,,,,,,
,,,,,,,,,,,,,,,5f974c72a0ed8c0f9ce724ea,2025-01-21_19h46.36.530,VisualArraysMentalRotation_v4,2021.1.4,MacIntel,121.0653753,679054f2072d526265aabff2,67906991e4501d47f2d9f452,Stimuli/32_0_R.jpg,Different,0,n,n,1,4.025,22,0,22,0,1,,,,,,,,,,,,,,,,,,,,,,,,,,,,,,,,,,,,,,,,,,,,,,,,,
,,,,,,,,,,,,,,,5f974c72a0ed8c0f9ce724ea,2025-01-21_19h46.36.530,VisualArraysMentalRotation_v4,2021.1.4,MacIntel,121.0653753,679054f2072d526265aabff2,67906991e4501d47f2d9f452,Stimuli/43_100_R.jpg,Different,100,n,n,1,2.761,23,0,23,0,1,,,,,,,,,,,,,,,,,,,,,,,,,,,,,,,,,,,,,,,,,,,,,,,,,
,,,,,,,,,,,,,,,5f974c72a0ed8c0f9ce724ea,2025-01-21_19h46.36.530,VisualArraysMentalRotation_v4,2021.1.4,MacIntel,121.0653753,679054f2072d526265aabff2,67906991e4501d47f2d9f452,Stimuli/44_50.jpg,Same,50,b,b,1,1.616,24,0,24,0,1,,,,,,,,,,,,,,,,,,,,,,,,,,,,,,,,,,,,,,,,,,,,,,,,,
,,,,,,,,,,,,,,,5f974c72a0ed8c0f9ce724ea,2025-01-21_19h46.36.530,VisualArraysMentalRotation_v4,2021.1.4,MacIntel,121.0653753,679054f2072d526265aabff2,67906991e4501d47f2d9f452,Stimuli/16_50_R.jpg,Different,50,n,n,1,1.541,25,0,25,0,1,,,,,,,,,,,,,,,,,,,,,,,,,,,,,,,,,,,,,,,,,,,,,,,,,
,,,,,,,,,,,,,,,5f974c72a0ed8c0f9ce724ea,2025-01-21_19h46.36.530,VisualArraysMentalRotation_v4,2021.1.4,MacIntel,121.0653753,679054f2072d526265aabff2,67906991e4501d47f2d9f452,Stimuli/44_50_R.jpg,Different,50,n,n,1,1.962,26,0,26,0,1,,,,,,,,,,,,,,,,,,,,,,,,,,,,,,,,,,,,,,,,,,,,,,,,,
,,,,,,,,,,,,,,,5f974c72a0ed8c0f9ce724ea,2025-01-21_19h46.36.530,VisualArraysMentalRotation_v4,2021.1.4,MacIntel,121.0653753,679054f2072d526265aabff2,67906991e4501d47f2d9f452,Stimuli/38_50.jpg,Same,50,b,b,1,1.665,27,0,27,0,1,,,,,,,,,,,,,,,,,,,,,,,,,,,,,,,,,,,,,,,,,,,,,,,,,
,,,,,,,,,,,,,,,5f974c72a0ed8c0f9ce724ea,2025-01-21_19h46.36.530,VisualArraysMentalRotation_v4,2021.1.4,MacIntel,121.0653753,679054f2072d526265aabff2,67906991e4501d47f2d9f452,Stimuli/43_150.jpg,Same,150,b,b,1,2.154,28,0,28,0,1,,,,,,,,,,,,,,,,,,,,,,,,,,,,,,,,,,,,,,,,,,,,,,,,,
,,,,,,,,,,,,,,,5f974c72a0ed8c0f9ce724ea,2025-01-21_19h46.36.530,VisualArraysMentalRotation_v4,2021.1.4,MacIntel,121.0653753,679054f2072d526265aabff2,67906991e4501d47f2d9f452,Stimuli/32_150_R.jpg,Different,150,n,n,1,2.4,29,0,29,0,1,,,,,,,,,,,,,,,,,,,,,,,,,,,,,,,,,,,,,,,,,,,,,,,,,
,,,,,,,,,,,,,,,5f974c72a0ed8c0f9ce724ea,2025-01-21_19h46.36.530,VisualArraysMentalRotation_v4,2021.1.4,MacIntel,121.0653753,679054f2072d526265aabff2,67906991e4501d47f2d9f452,Stimuli/21_150.jpg,Same,150,b,b,1,1.87,30,0,30,0,1,,,,,,,,,,,,,,,,,,,,,,,,,,,,,,,,,,,,,,,,,,,,,,,,,
,,,,,,,,,,,,,,,5f974c72a0ed8c0f9ce724ea,2025-01-21_19h46.36.530,VisualArraysMentalRotation_v4,2021.1.4,MacIntel,121.0653753,679054f2072d526265aabff2,67906991e4501d47f2d9f452,Stimuli/16_0_R.jpg,Different,0,n,n,1,1.575,31,0,31,0,1,,,,,,,,,,,,,,,,,,,,,,,,,,,,,,,,,,,,,,,,,,,,,,,,,
,,,,,,,,,,,,,,,5f974c72a0ed8c0f9ce724ea,2025-01-21_19h46.36.530,VisualArraysMentalRotation_v4,2021.1.4,MacIntel,121.0653753,679054f2072d526265aabff2,67906991e4501d47f2d9f452,Stimuli/28_100.jpg,Same,100,b,b,1,2.428,32,0,32,0,1,,,,,,,,,,,,,,,,,,,,,,,,,,,,,,,,,,,,,,,,,,,,,,,,,
,,,,,,,,,,,,,,,5f974c72a0ed8c0f9ce724ea,2025-01-21_19h46.36.530,VisualArraysMentalRotation_v4,2021.1.4,MacIntel,121.0653753,679054f2072d526265aabff2,67906991e4501d47f2d9f452,Stimuli/22_0.jpg,Same,0,b,b,1,2.279,33,0,33,0,1,,,,,,,,,,,,,,,,,,,,,,,,,,,,,,,,,,,,,,,,,,,,,,,,,
,,,,,,,,,,,,,,,5f974c72a0ed8c0f9ce724ea,2025-01-21_19h46.36.530,VisualArraysMentalRotation_v4,2021.1.4,MacIntel,121.0653753,679054f2072d526265aabff2,67906991e4501d47f2d9f452,Stimuli/28_50_R.jpg,Different,50,n,n,1,2.795,34,0,34,0,1,,,,,,,,,,,,,,,,,,,,,,,,,,,,,,,,,,,,,,,,,,,,,,,,,
,,,,,,,,,,,,,,,5f974c72a0ed8c0f9ce724ea,2025-01-21_19h46.36.530,VisualArraysMentalRotation_v4,2021.1.4,MacIntel,121.0653753,679054f2072d526265aabff2,67906991e4501d47f2d9f452,Stimuli/38_0.jpg,Same,0,b,b,1,1.035,35,0,35,0,1,,,,,,,,,,,,,,,,,,,,,,,,,,,,,,,,,,,,,,,,,,,,,,,,,
,,,,,,,,,,,,,,,5f974c72a0ed8c0f9ce724ea,2025-01-21_19h46.36.530,VisualArraysMentalRotation_v4,2021.1.4,MacIntel,121.0653753,679054f2072d526265aabff2,67906991e4501d47f2d9f452,Stimuli/27_0.jpg,Same,0,b,b,1,1.244,36,0,36,0,1,,,,,,,,,,,,,,,,,,,,,,,,,,,,,,,,,,,,,,,,,,,,,,,,,
,,,,,,,,,,,,,,,5f974c72a0ed8c0f9ce724ea,2025-01-21_19h46.36.530,VisualArraysMentalRotation_v4,2021.1.4,MacIntel,121.0653753,679054f2072d526265aabff2,67906991e4501d47f2d9f452,Stimuli/32_0.jpg,Same,0,b,b,1,1.442,37,0,37,0,1,,,,,,,,,,,,,,,,,,,,,,,,,,,,,,,,,,,,,,,,,,,,,,,,,
,,,,,,,,,,,,,,,5f974c72a0ed8c0f9ce724ea,2025-01-21_19h46.36.530,VisualArraysMentalRotation_v4,2021.1.4,MacIntel,121.0653753,679054f2072d526265aabff2,67906991e4501d47f2d9f452,Stimuli/16_100_R.jpg,Different,100,n,n,1,1.31,38,0,38,0,1,,,,,,,,,,,,,,,,,,,,,,,,,,,,,,,,,,,,,,,,,,,,,,,,,
,,,,,,,,,,,,,,,5f974c72a0ed8c0f9ce724ea,2025-01-21_19h46.36.530,VisualArraysMentalRotation_v4,2021.1.4,MacIntel,121.0653753,679054f2072d526265aabff2,67906991e4501d47f2d9f452,Stimuli/38_150.jpg,Same,150,b,b,1,1.251,39,0,39,0,1,,,,,,,,,,,,,,,,,,,,,,,,,,,,,,,,,,,,,,,,,,,,,,,,,
,,,,,,,,,,,,,,,5f974c72a0ed8c0f9ce724ea,2025-01-21_19h46.36.530,VisualArraysMentalRotation_v4,2021.1.4,MacIntel,121.0653753,679054f2072d526265aabff2,67906991e4501d47f2d9f452,Stimuli/28_100_R.jpg,Different,100,n,n,1,2.047,40,0,40,0,1,,,,,,,,,,,,,,,,,,,,,,,,,,,,,,,,,,,,,,,,,,,,,,,,,
,,,,,,,,,,,,,,,5f974c72a0ed8c0f9ce724ea,2025-01-21_19h46.36.530,VisualArraysMentalRotation_v4,2021.1.4,MacIntel,121.0653753,679054f2072d526265aabff2,67906991e4501d47f2d9f452,Stimuli/28_0_R.jpg,Different,0,n,n,1,1.179,41,0,41,0,1,,,,,,,,,,,,,,,,,,,,,,,,,,,,,,,,,,,,,,,,,,,,,,,,,
,,,,,,,,,,,,,,,5f974c72a0ed8c0f9ce724ea,2025-01-21_19h46.36.530,VisualArraysMentalRotation_v4,2021.1.4,MacIntel,121.0653753,679054f2072d526265aabff2,67906991e4501d47f2d9f452,Stimuli/3_150_R.jpg,Different,150,n,n,1,1.922,42,0,42,0,1,,,,,,,,,,,,,,,,,,,,,,,,,,,,,,,,,,,,,,,,,,,,,,,,,
,,,,,,,,,,,,,,,5f974c72a0ed8c0f9ce724ea,2025-01-21_19h46.36.530,VisualArraysMentalRotation_v4,2021.1.4,MacIntel,121.0653753,679054f2072d526265aabff2,67906991e4501d47f2d9f452,Stimuli/19_0.jpg,Same,0,b,b,1,1.05,43,0,43,0,1,,,,,,,,,,,,,,,,,,,,,,,,,,,,,,,,,,,,,,,,,,,,,,,,,
,,,,,,,,,,,,,,,5f974c72a0ed8c0f9ce724ea,2025-01-21_19h46.36.530,VisualArraysMentalRotation_v4,2021.1.4,MacIntel,121.0653753,679054f2072d526265aabff2,67906991e4501d47f2d9f452,Stimuli/16_150.jpg,Same,150,b,b,1,1.219,44,0,44,0,1,,,,,,,,,,,,,,,,,,,,,,,,,,,,,,,,,,,,,,,,,,,,,,,,,
,,,,,,,,,,,,,,,5f974c72a0ed8c0f9ce724ea,2025-01-21_19h46.36.530,VisualArraysMentalRotation_v4,2021.1.4,MacIntel,121.0653753,679054f2072d526265aabff2,67906991e4501d47f2d9f452,Stimuli/32_50.jpg,Same,50,b,b,1,2.544,45,0,45,0,1,,,,,,,,,,,,,,,,,,,,,,,,,,,,,,,,,,,,,,,,,,,,,,,,,
,,,,,,,,,,,,,,,5f974c72a0ed8c0f9ce724ea,2025-01-21_19h46.36.530,VisualArraysMentalRotation_v4,2021.1.4,MacIntel,121.0653753,679054f2072d526265aabff2,67906991e4501d47f2d9f452,Stimuli/22_100_R.jpg,Different,100,n,n,1,2.127,46,0,46,0,1,,,,,,,,,,,,,,,,,,,,,,,,,,,,,,,,,,,,,,,,,,,,,,,,,
,,,,,,,,,,,,,,,5f974c72a0ed8c0f9ce724ea,2025-01-21_19h46.36.530,VisualArraysMentalRotation_v4,2021.1.4,MacIntel,121.0653753,679054f2072d526265aabff2,67906991e4501d47f2d9f452,Stimuli/21_100_R.jpg,Different,100,n,n,1,1.551,47,0,47,0,1,,,,,,,,,,,,,,,,,,,,,,,,,,,,,,,,,,,,,,,,,,,,,,,,,
,,,,,,,,,,,,,,,5f974c72a0ed8c0f9ce724ea,2025-01-21_19h46.36.530,VisualArraysMentalRotation_v4,2021.1.4,MacIntel,121.0653753,679054f2072d526265aabff2,67906991e4501d47f2d9f452,Stimuli/19_100_R.jpg,Different,100,n,n,1,2.015,48,0,48,0,1,,,,,,,,,,,,,,,,,,,,,,,,,,,,,,,,,,,,,,,,,,,,,,,,,
,,,,,,,,,,,,,,,5f974c72a0ed8c0f9ce724ea,2025-01-21_19h46.36.530,VisualArraysMentalRotation_v4,2021.1.4,MacIntel,121.0653753,679054f2072d526265aabff2,67906991e4501d47f2d9f452,Stimuli/32_100.jpg,Same,100,b,b,1,1.914,49,0,49,0,1,,,,,,,,,,,,,,,,,,,,,,,,,,,,,,,,,,,,,,,,,,,,,,,,,
,,,,,,,,,,,,,,,5f974c72a0ed8c0f9ce724ea,2025-01-21_19h46.36.530,VisualArraysMentalRotation_v4,2021.1.4,MacIntel,121.0653753,679054f2072d526265aabff2,67906991e4501d47f2d9f452,Stimuli/19_50_R.jpg,Different,50,n,n,1,1.208,50,0,50,0,1,,,,,,,,,,,,,,,,,,,,,,,,,,,,,,,,,,,,,,,,,,,,,,,,,
,,,,,,,,,,,,,,,5f974c72a0ed8c0f9ce724ea,2025-01-21_19h46.36.530,VisualArraysMentalRotation_v4,2021.1.4,MacIntel,121.0653753,679054f2072d526265aabff2,67906991e4501d47f2d9f452,Stimuli/19_100.jpg,Same,100,b,b,1,1.37,51,0,51,0,1,,,,,,,,,,,,,,,,,,,,,,,,,,,,,,,,,,,,,,,,,,,,,,,,,
,,,,,,,,,,,,,,,5f974c72a0ed8c0f9ce724ea,2025-01-21_19h46.36.530,VisualArraysMentalRotation_v4,2021.1.4,MacIntel,121.0653753,679054f2072d526265aabff2,67906991e4501d47f2d9f452,Stimuli/21_50.jpg,Same,50,b,b,1,1.064,52,0,52,0,1,,,,,,,,,,,,,,,,,,,,,,,,,,,,,,,,,,,,,,,,,,,,,,,,,
,,,,,,,,,,,,,,,5f974c72a0ed8c0f9ce724ea,2025-01-21_19h46.36.530,VisualArraysMentalRotation_v4,2021.1.4,MacIntel,121.0653753,679054f2072d526265aabff2,67906991e4501d47f2d9f452,Stimuli/40_150_R.jpg,Different,150,n,n,1,2.614,53,0,53,0,1,,,,,,,,,,,,,,,,,,,,,,,,,,,,,,,,,,,,,,,,,,,,,,,,,
,,,,,,,,,,,,,,,5f974c72a0ed8c0f9ce724ea,2025-01-21_19h46.36.530,VisualArraysMentalRotation_v4,2021.1.4,MacIntel,121.0653753,679054f2072d526265aabff2,67906991e4501d47f2d9f452,Stimuli/40_150.jpg,Same,150,b,b,1,2.735,54,0,54,0,1,,,,,,,,,,,,,,,,,,,,,,,,,,,,,,,,,,,,,,,,,,,,,,,,,
,,,,,,,,,,,,,,,5f974c72a0ed8c0f9ce724ea,2025-01-21_19h46.36.530,VisualArraysMentalRotation_v4,2021.1.4,MacIntel,121.0653753,679054f2072d526265aabff2,67906991e4501d47f2d9f452,Stimuli/43_50_R.jpg,Different,50,n,n,1,2.037,55,0,55,0,1,,,,,,,,,,,,,,,,,,,,,,,,,,,,,,,,,,,,,,,,,,,,,,,,,
,,,,,,,,,,,,,,,5f974c72a0ed8c0f9ce724ea,2025-01-21_19h46.36.530,VisualArraysMentalRotation_v4,2021.1.4,MacIntel,121.0653753,679054f2072d526265aabff2,67906991e4501d47f2d9f452,Stimuli/38_150_R.jpg,Different,150,n,n,1,1.345,56,0,56,0,1,,,,,,,,,,,,,,,,,,,,,,,,,,,,,,,,,,,,,,,,,,,,,,,,,
,,,,,,,,,,,,,,,5f974c72a0ed8c0f9ce724ea,2025-01-21_19h46.36.530,VisualArraysMentalRotation_v4,2021.1.4,MacIntel,121.0653753,679054f2072d526265aabff2,67906991e4501d47f2d9f452,Stimuli/27_100.jpg,Same,100,b,b,1,1.274,57,0,57,0,1,,,,,,,,,,,,,,,,,,,,,,,,,,,,,,,,,,,,,,,,,,,,,,,,,
,,,,,,,,,,,,,,,5f974c72a0ed8c0f9ce724ea,2025-01-21_19h46.36.530,VisualArraysMentalRotation_v4,2021.1.4,MacIntel,121.0653753,679054f2072d526265aabff2,67906991e4501d47f2d9f452,Stimuli/21_150_R.jpg,Different,150,n,n,1,1.326,58,0,58,0,1,,,,,,,,,,,,,,,,,,,,,,,,,,,,,,,,,,,,,,,,,,,,,,,,,
,,,,,,,,,,,,,,,5f974c72a0ed8c0f9ce724ea,2025-01-21_19h46.36.530,VisualArraysMentalRotation_v4,2021.1.4,MacIntel,121.0653753,679054f2072d526265aabff2,67906991e4501d47f2d9f452,Stimuli/16_150_R.jpg,Different,150,n,n,1,1.273,59,0,59,0,1,,,,,,,,,,,,,,,,,,,,,,,,,,,,,,,,,,,,,,,,,,,,,,,,,
,,,,,,,,,,,,,,,5f974c72a0ed8c0f9ce724ea,2025-01-21_19h46.36.530,VisualArraysMentalRotation_v4,2021.1.4,MacIntel,121.0653753,679054f2072d526265aabff2,67906991e4501d47f2d9f452,Stimuli/40_50.jpg,Same,50,b,b,1,2.121,60,0,60,0,1,,,,,,,,,,,,,,,,,,,,,,,,,,,,,,,,,,,,,,,,,,,,,,,,,
,,,,,,,,,,,,,,,5f974c72a0ed8c0f9ce724ea,2025-01-21_19h46.36.530,VisualArraysMentalRotation_v4,2021.1.4,MacIntel,121.0653753,679054f2072d526265aabff2,67906991e4501d47f2d9f452,Stimuli/21_50_R.jpg,Different,50,n,n,1,1.947,61,0,61,0,1,,,,,,,,,,,,,,,,,,,,,,,,,,,,,,,,,,,,,,,,,,,,,,,,,
,,,,,,,,,,,,,,,5f974c72a0ed8c0f9ce724ea,2025-01-21_19h46.36.530,VisualArraysMentalRotation_v4,2021.1.4,MacIntel,121.0653753,679054f2072d526265aabff2,67906991e4501d47f2d9f452,Stimuli/43_0.jpg,Same,0,b,b,1,1.137,62,0,62,0,1,,,,,,,,,,,,,,,,,,,,,,,,,,,,,,,,,,,,,,,,,,,,,,,,,
,,,,,,,,,,,,,,,5f974c72a0ed8c0f9ce724ea,2025-01-21_19h46.36.530,VisualArraysMentalRotation_v4,2021.1.4,MacIntel,121.0653753,679054f2072d526265aabff2,67906991e4501d47f2d9f452,Stimuli/3_50.jpg,Same,50,b,b,1,1.865,63,0,63,0,1,,,,,,,,,,,,,,,,,,,,,,,,,,,,,,,,,,,,,,,,,,,,,,,,,
,,,,,,,,,,,,,,,5f974c72a0ed8c0f9ce724ea,2025-01-21_19h46.36.530,VisualArraysMentalRotation_v4,2021.1.4,MacIntel,121.0653753,679054f2072d526265aabff2,67906991e4501d47f2d9f452,Stimuli/40_0_R.jpg,Different,0,n,n,1,1.458,64,0,64,0,1,,,,,,,,,,,,,,,,,,,,,,,,,,,,,,,,,,,,,,,,,,,,,,,,,
,,,,,,,,,,,,,,,5f974c72a0ed8c0f9ce724ea,2025-01-21_19h46.36.530,VisualArraysMentalRotation_v4,2021.1.4,MacIntel,121.0653753,679054f2072d526265aabff2,67906991e4501d47f2d9f452,Stimuli/22_50_R.jpg,Different,50,n,n,1,1.619,65,0,65,0,1,,,,,,,,,,,,,,,,,,,,,,,,,,,,,,,,,,,,,,,,,,,,,,,,,
,,,,,,,,,,,,,,,5f974c72a0ed8c0f9ce724ea,2025-01-21_19h46.36.530,VisualArraysMentalRotation_v4,2021.1.4,MacIntel,121.0653753,679054f2072d526265aabff2,67906991e4501d47f2d9f452,Stimuli/40_0.jpg,Same,0,b,b,1,1.467,66,0,66,0,1,,,,,,,,,,,,,,,,,,,,,,,,,,,,,,,,,,,,,,,,,,,,,,,,,
,,,,,,,,,,,,,,,5f974c72a0ed8c0f9ce724ea,2025-01-21_19h46.36.530,VisualArraysMentalRotation_v4,2021.1.4,MacIntel,121.0653753,679054f2072d526265aabff2,67906991e4501d47f2d9f452,Stimuli/40_100.jpg,Same,100,b,b,1,1.685,67,0,67,0,1,,,,,,,,,,,,,,,,,,,,,,,,,,,,,,,,,,,,,,,,,,,,,,,,,
,,,,,,,,,,,,,,,5f974c72a0ed8c0f9ce724ea,2025-01-21_19h46.36.530,VisualArraysMentalRotation_v4,2021.1.4,MacIntel,121.0653753,679054f2072d526265aabff2,67906991e4501d47f2d9f452,Stimuli/19_50.jpg,Same,50,b,b,1,1.292,68,0,68,0,1,,,,,,,,,,,,,,,,,,,,,,,,,,,,,,,,,,,,,,,,,,,,,,,,,
,,,,,,,,,,,,,,,5f974c72a0ed8c0f9ce724ea,2025-01-21_19h46.36.530,VisualArraysMentalRotation_v4,2021.1.4,MacIntel,121.0653753,679054f2072d526265aabff2,67906991e4501d47f2d9f452,Stimuli/43_0_R.jpg,Different,0,n,n,1,2.001,69,0,69,0,1,,,,,,,,,,,,,,,,,,,,,,,,,,,,,,,,,,,,,,,,,,,,,,,,,
,,,,,,,,,,,,,,,5f974c72a0ed8c0f9ce724ea,2025-01-21_19h46.36.530,VisualArraysMentalRotation_v4,2021.1.4,MacIntel,121.0653753,679054f2072d526265aabff2,67906991e4501d47f2d9f452,Stimuli/28_150.jpg,Same,150,b,b,1,2.155,70,0,70,0,1,,,,,,,,,,,,,,,,,,,,,,,,,,,,,,,,,,,,,,,,,,,,,,,,,
,,,,,,,,,,,,,,,5f974c72a0ed8c0f9ce724ea,2025-01-21_19h46.36.530,VisualArraysMentalRotation_v4,2021.1.4,MacIntel,121.0653753,679054f2072d526265aabff2,67906991e4501d47f2d9f452,Stimuli/43_50.jpg,Same,50,b,b,1,1.729,71,0,71,0,1,,,,,,,,,,,,,,,,,,,,,,,,,,,,,,,,,,,,,,,,,,,,,,,,,
,,,,,,,,,,,,,,,5f974c72a0ed8c0f9ce724ea,2025-01-21_19h46.36.530,VisualArraysMentalRotation_v4,2021.1.4,MacIntel,121.0653753,679054f2072d526265aabff2,67906991e4501d47f2d9f452,Stimuli/27_150.jpg,Same,150,b,b,1,1.295,72,0,72,0,1,,,,,,,,,,,,,,,,,,,,,,,,,,,,,,,,,,,,,,,,,,,,,,,,,
,,,,,,,,,,,,,,,5f974c72a0ed8c0f9ce724ea,2025-01-21_19h46.36.530,VisualArraysMentalRotation_v4,2021.1.4,MacIntel,121.0653753,679054f2072d526265aabff2,67906991e4501d47f2d9f452,Stimuli/3_100_R.jpg,Different,100,n,n,1,1.682,73,0,73,0,1,,,,,,,,,,,,,,,,,,,,,,,,,,,,,,,,,,,,,,,,,,,,,,,,,
,,,,,,,,,,,,,,,5f974c72a0ed8c0f9ce724ea,2025-01-21_19h46.36.530,VisualArraysMentalRotation_v4,2021.1.4,MacIntel,121.0653753,679054f2072d526265aabff2,67906991e4501d47f2d9f452,Stimuli/32_150.jpg,Same,150,b,b,1,1.561,74,0,74,0,1,,,,,,,,,,,,,,,,,,,,,,,,,,,,,,,,,,,,,,,,,,,,,,,,,
,,,,,,,,,,,,,,,5f974c72a0ed8c0f9ce724ea,2025-01-21_19h46.36.530,VisualArraysMentalRotation_v4,2021.1.4,MacIntel,121.0653753,679054f2072d526265aabff2,67906991e4501d47f2d9f452,Stimuli/22_150_R.jpg,Different,150,n,n,1,1.777,75,0,75,0,1,,,,,,,,,,,,,,,,,,,,,,,,,,,,,,,,,,,,,,,,,,,,,,,,,
,,,,,,,,,,,,,,,5f974c72a0ed8c0f9ce724ea,2025-01-21_19h46.36.530,VisualArraysMentalRotation_v4,2021.1.4,MacIntel,121.0653753,679054f2072d526265aabff2,67906991e4501d47f2d9f452,Stimuli/3_0.jpg,Same,0,b,b,1,1.103,76,0,76,0,1,,,,,,,,,,,,,,,,,,,,,,,,,,,,,,,,,,,,,,,,,,,,,,,,,
,,,,,,,,,,,,,,,5f974c72a0ed8c0f9ce724ea,2025-01-21_19h46.36.530,VisualArraysMentalRotation_v4,2021.1.4,MacIntel,121.0653753,679054f2072d526265aabff2,67906991e4501d47f2d9f452,Stimuli/22_0_R.jpg,Different,0,n,n,1,1.35,77,0,77,0,1,,,,,,,,,,,,,,,,,,,,,,,,,,,,,,,,,,,,,,,,,,,,,,,,,
,,,,,,,,,,,,,,,5f974c72a0ed8c0f9ce724ea,2025-01-21_19h46.36.530,VisualArraysMentalRotation_v4,2021.1.4,MacIntel,121.0653753,679054f2072d526265aabff2,67906991e4501d47f2d9f452,Stimuli/22_50.jpg,Same,50,b,b,1,1.501,78,0,78,0,1,,,,,,,,,,,,,,,,,,,,,,,,,,,,,,,,,,,,,,,,,,,,,,,,,
,,,,,,,,,,,,,,,5f974c72a0ed8c0f9ce724ea,2025-01-21_19h46.36.530,VisualArraysMentalRotation_v4,2021.1.4,MacIntel,121.0653753,679054f2072d526265aabff2,67906991e4501d47f2d9f452,Stimuli/3_0_R.jpg,Different,0,n,n,1,1.401,79,0,79,0,1,,,,,,,,,,,,,,,,,,,,,,,,,,,,,,,,,,,,,,,,,,,,,,,,,
,,,,,,,,,,,,,,,5f974c72a0ed8c0f9ce724ea,2025-01-21_19h46.36.530,VisualArraysMentalRotation_v4,2021.1.4,MacIntel,121.0653753,679054f2072d526265aabff2,67906991e4501d47f2d9f452,Stimuli/27_100_R.jpg,Different,100,n,n,1,1.369,80,0,80,0,1,,,,,,,,,,,,,,,,,,,,,,,,,,,,,,,,,,,,,,,,,,,,,,,,,
,,,,,,,,,,,,,,,5f974c72a0ed8c0f9ce724ea,2025-01-21_19h46.36.530,VisualArraysMentalRotation_v4,2021.1.4,MacIntel,121.0653753,679054f2072d526265aabff2,67906991e4501d47f2d9f452,Stimuli/19_150.jpg,Same,150,b,n,0,1.484,81,0,81,0,1,,,,,,,,,,,,,,,,,,,,,,,,,,,,,,,,,,,,,,,,,,,,,,,,,
,,,,,,,,,,,,,,,5f974c72a0ed8c0f9ce724ea,2025-01-21_19h46.36.530,VisualArraysMentalRotation_v4,2021.1.4,MacIntel,121.0653753,679054f2072d526265aabff2,67906991e4501d47f2d9f452,Stimuli/21_0_R.jpg,Different,0,n,n,1,1.37,82,0,82,0,1,,,,,,,,,,,,,,,,,,,,,,,,,,,,,,,,,,,,,,,,,,,,,,,,,
,,,,,,,,,,,,,,,5f974c72a0ed8c0f9ce724ea,2025-01-21_19h46.36.530,VisualArraysMentalRotation_v4,2021.1.4,MacIntel,121.0653753,679054f2072d526265aabff2,67906991e4501d47f2d9f452,Stimuli/38_0_R.jpg,Different,0,n,n,1,1.596,83,0,83,0,1,,,,,,,,,,,,,,,,,,,,,,,,,,,,,,,,,,,,,,,,,,,,,,,,,
,,,,,,,,,,,,,,,5f974c72a0ed8c0f9ce724ea,2025-01-21_19h46.36.530,VisualArraysMentalRotation_v4,2021.1.4,MacIntel,121.0653753,679054f2072d526265aabff2,67906991e4501d47f2d9f452,Stimuli/21_0.jpg,Same,0,b,b,1,0.939,84,0,84,0,1,,,,,,,,,,,,,,,,,,,,,,,,,,,,,,,,,,,,,,,,,,,,,,,,,
,,,,,,,,,,,,,,,5f974c72a0ed8c0f9ce724ea,2025-01-21_19h46.36.530,VisualArraysMentalRotation_v4,2021.1.4,MacIntel,121.0653753,679054f2072d526265aabff2,67906991e4501d47f2d9f452,Stimuli/38_100.jpg,Same,100,b,b,1,1.726,85,0,85,0,1,,,,,,,,,,,,,,,,,,,,,,,,,,,,,,,,,,,,,,,,,,,,,,,,,
,,,,,,,,,,,,,,,5f974c72a0ed8c0f9ce724ea,2025-01-21_19h46.36.530,VisualArraysMentalRotation_v4,2021.1.4,MacIntel,121.0653753,679054f2072d526265aabff2,67906991e4501d47f2d9f452,Stimuli/38_50_R.jpg,Different,50,n,n,1,1.249,86,0,86,0,1,,,,,,,,,,,,,,,,,,,,,,,,,,,,,,,,,,,,,,,,,,,,,,,,,
,,,,,,,,,,,,,,,5f974c72a0ed8c0f9ce724ea,2025-01-21_19h46.36.530,VisualArraysMentalRotation_v4,2021.1.4,MacIntel,121.0653753,679054f2072d526265aabff2,67906991e4501d47f2d9f452,Stimuli/44_150.jpg,Same,150,b,b,1,1.225,87,0,87,0,1,,,,,,,,,,,,,,,,,,,,,,,,,,,,,,,,,,,,,,,,,,,,,,,,,
,,,,,,,,,,,,,,,5f974c72a0ed8c0f9ce724ea,2025-01-21_19h46.36.530,VisualArraysMentalRotation_v4,2021.1.4,MacIntel,121.0653753,679054f2072d526265aabff2,67906991e4501d47f2d9f452,Stimuli/28_150_R.jpg,Different,150,n,n,1,2.117,88,0,88,0,1,,,,,,,,,,,,,,,,,,,,,,,,,,,,,,,,,,,,,,,,,,,,,,,,,
,,,,,,,,,,,,,,,5f974c72a0ed8c0f9ce724ea,2025-01-21_19h46.36.530,VisualArraysMentalRotation_v4,2021.1.4,MacIntel,121.0653753,679054f2072d526265aabff2,67906991e4501d47f2d9f452,Stimuli/40_100_R.jpg,Different,100,n,n,1,2.209,89,0,89,0,1,,,,,,,,,,,,,,,,,,,,,,,,,,,,,,,,,,,,,,,,,,,,,,,,,
,,,,,,,,,,,,,,,5f974c72a0ed8c0f9ce724ea,2025-01-21_19h46.36.530,VisualArraysMentalRotation_v4,2021.1.4,MacIntel,121.0653753,679054f2072d526265aabff2,67906991e4501d47f2d9f452,Stimuli/43_100.jpg,Same,100,b,b,1,1.513,90,0,90,0,1,,,,,,,,,,,,,,,,,,,,,,,,,,,,,,,,,,,,,,,,,,,,,,,,,
,,,,,,,,,,,,,,,5f974c72a0ed8c0f9ce724ea,2025-01-21_19h46.36.530,VisualArraysMentalRotation_v4,2021.1.4,MacIntel,121.0653753,679054f2072d526265aabff2,67906991e4501d47f2d9f452,Stimuli/44_0.jpg,Same,0,b,b,1,0.886,91,0,91,0,1,,,,,,,,,,,,,,,,,,,,,,,,,,,,,,,,,,,,,,,,,,,,,,,,,
,,,,,,,,,,,,,,,5f974c72a0ed8c0f9ce724ea,2025-01-21_19h46.36.530,VisualArraysMentalRotation_v4,2021.1.4,MacIntel,121.0653753,679054f2072d526265aabff2,67906991e4501d47f2d9f452,Stimuli/28_0.jpg,Same,0,b,b,1,1.068,92,0,92,0,1,,,,,,,,,,,,,,,,,,,,,,,,,,,,,,,,,,,,,,,,,,,,,,,,,
,,,,,,,,,,,,,,,5f974c72a0ed8c0f9ce724ea,2025-01-21_19h46.36.530,VisualArraysMentalRotation_v4,2021.1.4,MacIntel,121.0653753,679054f2072d526265aabff2,67906991e4501d47f2d9f452,Stimuli/32_100_R.jpg,Different,100,n,n,1,2.061,93,0,93,0,1,,,,,,,,,,,,,,,,,,,,,,,,,,,,,,,,,,,,,,,,,,,,,,,,,
,,,,,,,,,,,,,,,5f974c72a0ed8c0f9ce724ea,2025-01-21_19h46.36.530,VisualArraysMentalRotation_v4,2021.1.4,MacIntel,121.0653753,679054f2072d526265aabff2,67906991e4501d47f2d9f452,Stimuli/27_50_R.jpg,Different,50,n,n,1,2.218,94,0,94,0,1,,,,,,,,,,,,,,,,,,,,,,,,,,,,,,,,,,,,,,,,,,,,,,,,,
,,,,,,,,,,,,,,,5f974c72a0ed8c0f9ce724ea,2025-01-21_19h46.36.530,VisualArraysMentalRotation_v4,2021.1.4,MacIntel,121.0653753,679054f2072d526265aabff2,67906991e4501d47f2d9f452,Stimuli/38_100_R.jpg,Different,100,n,n,1,1.194,95,0,95,0,1,,,,,,,,,,,,,,,,,,,,,,,,,,,,,,,,,,,,,,,,,,,,,,,,,
,,,,,,,,,,,,,,,5f974c72a0ed8c0f9ce724ea,2025-01-21_19h46.36.530,VisualArraysMentalRotation_v4,2021.1.4,MacIntel,121.0653753,679054f2072d526265aabff2,67906991e4501d47f2d9f452,,,,,,,,,,,,,0,0,0,0,1,,,,,,,,,,,,,,,,,,,,,,,,,,,,,,,,,,,,,,,,,,,,
,,,,,,,,,,,,,,,5f974c72a0ed8c0f9ce724ea,2025-01-21_19h46.36.530,VisualArraysMentalRotation_v4,2021.1.4,MacIntel,121.0653753,679054f2072d526265aabff2,67906991e4501d47f2d9f452,,,,,,,,,,,,,,,,,,0,0,0,0,1,0,1,,,,,,,,,,,,,,,,,,,,,,,,,,,,,,,,,,,,,
,,,,,,,,,,,,,,,5f974c72a0ed8c0f9ce724ea,2025-01-21_19h46.36.530,VisualArraysMentalRotation_v4,2021.1.4,MacIntel,121.0653753,679054f2072d526265aabff2,67906991e4501d47f2d9f452,,,,,,,,,,,,,,,,,,,,,,,,,"[90,90,0,45,45]","[0,45,-45,45,90]",0.25,PracBlue_2,"[90,90,0,45,45]","[0,45,-45,45,90]",6,0,1.381,0,0,0,9,1,BLUE,3,Same,5,3,,,,,,,,,,,,,,,,,,
,,,,,,,,,,,,,,,5f974c72a0ed8c0f9ce724ea,2025-01-21_19h46.36.530,VisualArraysMentalRotation_v4,2021.1.4,MacIntel,121.0653753,679054f2072d526265aabff2,67906991e4501d47f2d9f452,,,,,,,,,,,,,,,,,,,,,,,,,"[0,-45,45,0,-45]","[90,-45,-45,90,45]",0.25,PracRed_1,"[0,-45,45,0,-45]","[90,-45,-45,90,45]",5,1,1.254,0,1,1,3,1,RED,5,Same,5,3,,,,,,,,,,,,,,,,,,
,,,,,,,,,,,,,,,5f974c72a0ed8c0f9ce724ea,2025-01-21_19h46.36.530,VisualArraysMentalRotation_v4,2021.1.4,MacIntel,121.0653753,679054f2072d526265aabff2,67906991e4501d47f2d9f452,,,,,,,,,,,,,,,,,,,,,,,,,"[45,-45,90,0,45]","[-45,-45,-45,-45,45]",0.25,PracRed_2,"[45,45,90,0,45]","[-45,-45,-45,-45,45]",6,1,1.029,0,2,2,6,1,RED,5,Different,6,1,,,,,,,,,,,,,,,,,,
,,,,,,,,,,,,,,,5f974c72a0ed8c0f9ce724ea,2025-01-21_19h46.36.530,VisualArraysMentalRotation_v4,2021.1.4,MacIntel,121.0653753,679054f2072d526265aabff2,67906991e4501d47f2d9f452,,,,,,,,,,,,,,,,,,,,,,,,,"[45,-45,90,90,-45]","[90,90,45,45,45]",0.25,PracBlue_2,"[45,-45,90,90,-45]","[90,-45,45,45,45]",6,1,0.992,0,3,3,12,1,BLUE,3,Different,6,1,,,,,,,,,,,,,,,,,,
,,,,,,,,,,,,,,,5f974c72a0ed8c0f9ce724ea,2025-01-21_19h46.36.530,VisualArraysMentalRotation_v4,2021.1.4,MacIntel,121.0653753,679054f2072d526265aabff2,67906991e4501d47f2d9f452,,,,,,,,,,,,,,,,,,,,,,,,,"[-45,45,45,90,-45]","[0,0,90,45,0]",0.25,PracRed_1,"[-45,45,45,90,-45]","[0,0,90,45,0]",5,1,1.093,0,4,4,1,1,RED,3,Same,5,3,,,,,,,,,,,,,,,,,,
,,,,,,,,,,,,,,,5f974c72a0ed8c0f9ce724ea,2025-01-21_19h46.36.530,VisualArraysMentalRotation_v4,2021.1.4,MacIntel,121.0653753,679054f2072d526265aabff2,67906991e4501d47f2d9f452,,,,,,,,,,,,,,,,,,,,,,,,,"[45,0,0,-45,0]","[-45,-45,-45,-45,0]",0.25,PracBlue_2,"[45,0,0,-45,0]","[-45,-45,-45,-45,0]",5,1,0.886,0,5,5,8,1,BLUE,3,Same,5,1,,,,,,,,,,,,,,,,,,
,,,,,,,,,,,,,,,5f974c72a0ed8c0f9ce724ea,2025-01-21_19h46.36.530,VisualArraysMentalRotation_v4,2021.1.4,MacIntel,121.0653753,679054f2072d526265aabff2,67906991e4501d47f2d9f452,,,,,,,,,,,,,,,,,,,,,,,,,"[45,0,45,0,-45]","[0,-45,90,90,45]",0.25,PracRed_4,"[45,0,45,0,-45]","[0,-45,90,90,45]",6,0,1.031,0,6,6,2,1,RED,5,Same,5,1,,,,,,,,,,,,,,,,,,
,,,,,,,,,,,,,,,5f974c72a0ed8c0f9ce724ea,2025-01-21_19h46.36.530,VisualArraysMentalRotation_v4,2021.1.4,MacIntel,121.0653753,679054f2072d526265aabff2,67906991e4501d47f2d9f452,,,,,,,,,,,,,,,,,,,,,,,,,"[45,45,90,45,0]","[90,0,0,-45,0]",0.25,PracRed_5,"[45,45,90,45,90]","[90,0,0,-45,0]",6,1,0.973,0,7,7,7,1,RED,5,Different,6,3,,,,,,,,,,,,,,,,,,
,,,,,,,,,,,,,,,5f974c72a0ed8c0f9ce724ea,2025-01-21_19h46.36.530,VisualArraysMentalRotation_v4,2021.1.4,MacIntel,121.0653753,679054f2072d526265aabff2,67906991e4501d47f2d9f452,,,,,,,,,,,,,,,,,,,,,,,,,"[0,0,-45,45,90]","[45,-45,-45,90,90]",0.25,PracBlue_1,"[0,0,-45,45,90]","[-45,-45,-45,90,90]",5,0,1.033,0,8,8,14,1,BLUE,5,Different,6,1,,,,,,,,,,,,,,,,,,
,,,,,,,,,,,,,,,5f974c72a0ed8c0f9ce724ea,2025-01-21_19h46.36.530,VisualArraysMentalRotation_v4,2021.1.4,MacIntel,121.0653753,679054f2072d526265aabff2,67906991e4501d47f2d9f452,,,,,,,,,,,,,,,,,,,,,,,,,"[-45,90,0,-45,90]","[-45,45,45,90,90]",0.25,PracBlue_1,"[-45,90,0,-45,90]","[0,45,45,90,90]",6,1,1.012,0,9,9,13,1,BLUE,3,Different,6,3,,,,,,,,,,,,,,,,,,
,,,,,,,,,,,,,,,5f974c72a0ed8c0f9ce724ea,2025-01-21_19h46.36.530,VisualArraysMentalRotation_v4,2021.1.4,MacIntel,121.0653753,679054f2072d526265aabff2,67906991e4501d47f2d9f452,,,,,,,,,,,,,,,,,,,,,,,,,"[90,0,45,-45,90]","[90,-45,-45,0,45]",0.25,PracRed_1,"[90,0,45,-45,90]","[90,-45,-45,0,45]",5,1,1.07,0,10,10,0,1,RED,3,Same,5,1,,,,,,,,,,,,,,,,,,
,,,,,,,,,,,,,,,5f974c72a0ed8c0f9ce724ea,2025-01-21_19h46.36.530,VisualArraysMentalRotation_v4,2021.1.4,MacIntel,121.0653753,679054f2072d526265aabff2,67906991e4501d47f2d9f452,,,,,,,,,,,,,,,,,,,,,,,,,"[-45,0,45,90,0]","[90,45,0,-45,45]",0.25,PracRed_3,"[-45,0,-45,90,0]","[90,45,0,-45,45]",5,0,1.043,0,11,11,5,1,RED,3,Different,6,3,,,,,,,,,,,,,,,,,,
,,,,,,,,,,,,,,,5f974c72a0ed8c0f9ce724ea,2025-01-21_19h46.36.530,VisualArraysMentalRotation_v4,2021.1.4,MacIntel,121.0653753,679054f2072d526265aabff2,67906991e4501d47f2d9f452,,,,,,,,,,,,,,,,,,,,,,,,,"[45,45,-45,45,45]","[0,90,45,0,90]",0.25,PracBlue_1,"[45,45,-45,45,45]","[90,90,45,0,90]",6,1,0.916,0,12,12,15,1,BLUE,5,Different,6,3,,,,,,,,,,,,,,,,,,
,,,,,,,,,,,,,,,5f974c72a0ed8c0f9ce724ea,2025-01-21_19h46.36.530,VisualArraysMentalRotation_v4,2021.1.4,MacIntel,121.0653753,679054f2072d526265aabff2,67906991e4501d47f2d9f452,,,,,,,,,,,,,,,,,,,,,,,,,"[90,0,45,90,-45]","[-45,90,90,90,0]",0.25,PracBlue_3,"[90,0,45,90,-45]","[-45,90,90,90,0]",5,1,0.758,0,13,13,11,1,BLUE,5,Same,5,3,,,,,,,,,,,,,,,,,,
,,,,,,,,,,,,,,,5f974c72a0ed8c0f9ce724ea,2025-01-21_19h46.36.530,VisualArraysMentalRotation_v4,2021.1.4,MacIntel,121.0653753,679054f2072d526265aabff2,67906991e4501d47f2d9f452,,,,,,,,,,,,,,,,,,,,,,,,,"[90,0,0,45,45]","[90,0,90,45,0]",0.25,PracRed_2,"[90,45,0,45,45]","[90,0,90,45,0]",6,1,0.753,0,14,14,4,1,RED,3,Different,6,1,,,,,,,,,,,,,,,,,,
,,,,,,,,,,,,,,,5f974c72a0ed8c0f9ce724ea,2025-01-21_19h46.36.530,VisualArraysMentalRotation_v4,2021.1.4,MacIntel,121.0653753,679054f2072d526265aabff2,67906991e4501d47f2d9f452,,,,,,,,,,,,,,,,,,,,,,,,,"[-45,0,45,90,90]","[90,-45,0,90,90]",0.25,PracBlue_3,"[-45,0,45,90,90]","[90,-45,0,90,90]",5,1,0.735,0,15,15,10,1,BLUE,5,Same,5,1,,,,,,,,,,,,,,,,,,
,,,,,,,,,,,,,,,5f974c72a0ed8c0f9ce724ea,2025-01-21_19h46.36.530,VisualArraysMentalRotation_v4,2021.1.4,MacIntel,121.0653753,679054f2072d526265aabff2,67906991e4501d47f2d9f452,,,,,,,,,,,,,,,,,,,,,,,,,,,,,,,,,,,,,,,,,,,,0,0,0,0,1,,,,,,,,,,,,,
,,,,,,,,,,,,,,,5f974c72a0ed8c0f9ce724ea,2025-01-21_19h46.36.530,VisualArraysMentalRotation_v4,2021.1.4,MacIntel,121.0653753,679054f2072d526265aabff2,67906991e4501d47f2d9f452,,,,,,,,,,,,,,,,,,,,,,,,,"[45,90,0,90,0]","[90,45,45,45,45]",0.25,PracRed_3,"[45,90,45,90,0]","[90,45,45,45,45]",5,0,0.736,0,0,0,4,1,RED,3,Different,6,1,,,,,,,,,,,,,,,,,,
,,,,,,,,,,,,,,,5f974c72a0ed8c0f9ce724ea,2025-01-21_19h46.36.530,VisualArraysMentalRotation_v4,2021.1.4,MacIntel,121.0653753,679054f2072d526265aabff2,67906991e4501d47f2d9f452,,,,,,,,,,,,,,,,,,,,,,,,,"[-45,0,45,0,-45]","[45,45,0,-45,0]",0.25,PracRed_1,"[-45,0,45,0,-45]","[45,45,0,-45,0]",5,1,0.741,0,1,1,0,1,RED,3,Same,5,1,,,,,,,,,,,,,,,,,,
,,,,,,,,,,,,,,,5f974c72a0ed8c0f9ce724ea,2025-01-21_19h46.36.530,VisualArraysMentalRotation_v4,2021.1.4,MacIntel,121.0653753,679054f2072d526265aabff2,67906991e4501d47f2d9f452,,,,,,,,,,,,,,,,,,,,,,,,,"[0,90,-45,90,-45]","[0,-45,-45,0,0]",0.25,PracBlue_3,"[0,90,-45,90,-45]","[0,-45,45,0,0]",6,1,0.731,0,2,2,13,1,BLUE,3,Different,6,3,,,,,,,,,,,,,,,,,,
,,,,,,,,,,,,,,,5f974c72a0ed8c0f9ce724ea,2025-01-21_19h46.36.530,VisualArraysMentalRotation_v4,2021.1.4,MacIntel,121.0653753,679054f2072d526265aabff2,67906991e4501d47f2d9f452,,,,,,,,,,,,,,,,,,,,,,,,,"[0,45,-45,45,-45]","[45,-45,0,45,0]",0.25,PracRed_4,"[0,45,-45,45,-45]","[45,-45,0,45,0]",6,0,0.855,0,3,3,2,1,RED,5,Same,5,1,,,,,,,,,,,,,,,,,,
,,,,,,,,,,,,,,,5f974c72a0ed8c0f9ce724ea,2025-01-21_19h46.36.530,VisualArraysMentalRotation_v4,2021.1.4,MacIntel,121.0653753,679054f2072d526265aabff2,67906991e4501d47f2d9f452,,,,,,,,,,,,,,,,,,,,,,,,,"[45,-45,45,0,90]","[45,90,45,90,-45]",0.25,PracBlue_3,"[45,-45,45,0,90]","[45,90,45,90,-45]",5,1,0.959,0,4,4,10,1,BLUE,5,Same,5,1,,,,,,,,,,,,,,,,,,
,,,,,,,,,,,,,,,5f974c72a0ed8c0f9ce724ea,2025-01-21_19h46.36.530,VisualArraysMentalRotation_v4,2021.1.4,MacIntel,121.0653753,679054f2072d526265aabff2,67906991e4501d47f2d9f452,,,,,,,,,,,,,,,,,,,,,,,,,"[90,0,90,-45,90]","[90,90,-45,0,90]",0.25,PracBlue_5,"[90,0,90,-45,90]","[90,90,-45,0,0]",6,1,0.643,0,5,5,14,1,BLUE,5,Different,6,1,,,,,,,,,,,,,,,,,,
,,,,,,,,,,,,,,,5f974c72a0ed8c0f9ce724ea,2025-01-21_19h46.36.530,VisualArraysMentalRotation_v4,2021.1.4,MacIntel,121.0653753,679054f2072d526265aabff2,67906991e4501d47f2d9f452,,,,,,,,,,,,,,,,,,,,,,,,,"[45,45,45,-45,0]","[45,0,-45,-45,-45]",0.25,PracBlue_2,"[45,45,45,-45,0]","[45,-45,-45,-45,-45]",6,1,0.871,0,6,6,12,1,BLUE,3,Different,6,1,,,,,,,,,,,,,,,,,,
,,,,,,,,,,,,,,,5f974c72a0ed8c0f9ce724ea,2025-01-21_19h46.36.530,VisualArraysMentalRotation_v4,2021.1.4,MacIntel,121.0653753,679054f2072d526265aabff2,67906991e4501d47f2d9f452,,,,,,,,,,,,,,,,,,,,,,,,,"[90,45,90,90,90]","[-45,0,45,45,45]",0.25,PracBlue_1,"[90,45,90,90,90]","[-45,0,45,45,45]",5,1,0.864,0,7,7,8,1,BLUE,3,Same,5,1,,,,,,,,,,,,,,,,,,
,,,,,,,,,,,,,,,5f974c72a0ed8c0f9ce724ea,2025-01-21_19h46.36.530,VisualArraysMentalRotation_v4,2021.1.4,MacIntel,121.0653753,679054f2072d526265aabff2,67906991e4501d47f2d9f452,,,,,,,,,,,,,,,,,,,,,,,,,"[0,0,0,0,0]","[90,90,90,45,45]",0.25,PracRed_1,"[45,0,0,0,0]","[90,90,90,45,45]",6,1,0.686,0,8,8,5,1,RED,3,Different,6,3,,,,,,,,,,,,,,,,,,
,,,,,,,,,,,,,,,5f974c72a0ed8c0f9ce724ea,2025-01-21_19h46.36.530,VisualArraysMentalRotation_v4,2021.1.4,MacIntel,121.0653753,679054f2072d526265aabff2,67906991e4501d47f2d9f452,,,,,,,,,,,,,,,,,,,,,,,,,"[45,0,45,0,0]","[90,0,-45,90,90]",0.25,PracBlue_1,"[45,0,45,0,0]","[90,0,-45,90,90]",5,1,0.758,0,9,9,9,1,BLUE,3,Same,5,3,,,,,,,,,,,,,,,,,,
,,,,,,,,,,,,,,,5f974c72a0ed8c0f9ce724ea,2025-01-21_19h46.36.530,VisualArraysMentalRotation_v4,2021.1.4,MacIntel,121.0653753,679054f2072d526265aabff2,67906991e4501d47f2d9f452,,,,,,,,,,,,,,,,,,,,,,,,,"[-45,0,-45,0,45]","[45,90,90,0,45]",0.25,PracRed_3,"[-45,0,-45,0,45]","[45,90,90,0,45]",5,1,0.556,0,10,10,1,1,RED,3,Same,5,3,,,,,,,,,,,,,,,,,,
,,,,,,,,,,,,,,,5f974c72a0ed8c0f9ce724ea,2025-01-21_19h46.36.530,VisualArraysMentalRotation_v4,2021.1.4,MacIntel,121.0653753,679054f2072d526265aabff2,67906991e4501d47f2d9f452,,,,,,,,,,,,,,,,,,,,,,,,,"[0,-45,0,-45,-45]","[-45,45,-45,-45,0]",0.25,PracRed_3,"[0,-45,0,-45,-45]","[-45,45,-45,-45,0]",5,1,0.54,0,11,11,3,1,RED,5,Same,5,3,,,,,,,,,,,,,,,,,,
,,,,,,,,,,,,,,,5f974c72a0ed8c0f9ce724ea,2025-01-21_19h46.36.530,VisualArraysMentalRotation_v4,2021.1.4,MacIntel,121.0653753,679054f2072d526265aabff2,67906991e4501d47f2d9f452,,,,,,,,,,,,,,,,,,,,,,,,,"[0,0,90,0,45]","[90,0,0,45,-45]",0.25,PracRed_3,"[0,0,0,0,45]","[90,0,0,45,-45]",5,0,0.818,0,12,12,7,1,RED,5,Different,6,3,,,,,,,,,,,,,,,,,,
,,,,,,,,,,,,,,,5f974c72a0ed8c0f9ce724ea,2025-01-21_19h46.36.530,VisualArraysMentalRotation_v4,2021.1.4,MacIntel,121.0653753,679054f2072d526265aabff2,67906991e4501d47f2d9f452,,,,,,,,,,,,,,,,,,,,,,,,,"[0,90,45,45,0]","[45,-45,45,45,-45]",0.25,PracRed_5,"[0,90,45,45,90]","[45,-45,45,45,-45]",5,0,0.749,0,13,13,6,1,RED,5,Different,6,1,,,,,,,,,,,,,,,,,,
,,,,,,,,,,,,,,,5f974c72a0ed8c0f9ce724ea,2025-01-21_19h46.36.530,VisualArraysMentalRotation_v4,2021.1.4,MacIntel,121.0653753,679054f2072d526265aabff2,67906991e4501d47f2d9f452,,,,,,,,,,,,,,,,,,,,,,,,,"[90,0,-45,45,-45]","[0,-45,0,90,90]",0.25,PracBlue_3,"[90,0,-45,45,-45]","[0,-45,0,90,90]",5,1,0.587,0,14,14,11,1,BLUE,5,Same,5,3,,,,,,,,,,,,,,,,,,
,,,,,,,,,,,,,,,5f974c72a0ed8c0f9ce724ea,2025-01-21_19h46.36.530,VisualArraysMentalRotation_v4,2021.1.4,MacIntel,121.0653753,679054f2072d526265aabff2,67906991e4501d47f2d9f452,,,,,,,,,,,,,,,,,,,,,,,,,"[-45,45,-45,-45,90]","[45,-45,-45,-45,90]",0.25,PracBlue_4,"[-45,45,-45,-45,90]","[45,-45,-45,0,90]",5,0,0.658,0,15,15,15,1,BLUE,5,Different,6,3,,,,,,,,,,,,,,,,,,
,,,,,,,,,,,,,,,5f974c72a0ed8c0f9ce724ea,2025-01-21_19h46.36.530,VisualArraysMentalRotation_v4,2021.1.4,MacIntel,121.0653753,679054f2072d526265aabff2,67906991e4501d47f2d9f452,,,,,,,,,,,,,,,,,,,,,,,,,,,,,,,,,,,,,,,,,,,,1,0,1,0,1,,,,,,,,,,,,,
,,,,,,,,,,,,,,,5f974c72a0ed8c0f9ce724ea,2025-01-21_19h46.36.530,VisualArraysMentalRotation_v4,2021.1.4,MacIntel,121.0653753,679054f2072d526265aabff2,67906991e4501d47f2d9f452,,,,,,,,,,,,,,,,,,,,,,,,,"[45,90,-45,45,0]","[0,0,-45,-45,45]",,Red_3,"[45,90,0,45,0]","[0,0,-45,-45,45]",,,,,,,,,RED,3,Different,6,1,,,,,,6,1,0.863,0,0,0,4,1,,,,,
,,,,,,,,,,,,,,,5f974c72a0ed8c0f9ce724ea,2025-01-21_19h46.36.530,VisualArraysMentalRotation_v4,2021.1.4,MacIntel,121.0653753,679054f2072d526265aabff2,67906991e4501d47f2d9f452,,,,,,,,,,,,,,,,,,,,,,,,,"[-45,0,45,90,90]","[45,0,45,-45,90]",,Red_5,"[-45,0,45,90,45]","[45,0,45,-45,90]",,,,,,,,,RED,5,Different,6,1,,,,,,6,1,1.01,0,1,1,6,1,,,,,
,,,,,,,,,,,,,,,5f974c72a0ed8c0f9ce724ea,2025-01-21_19h46.36.530,VisualArraysMentalRotation_v4,2021.1.4,MacIntel,121.0653753,679054f2072d526265aabff2,67906991e4501d47f2d9f452,,,,,,,,,,,,,,,,,,,,,,,,,"[45,-45,90,0,45]","[-45,90,45,45,0]",,Blue_2,"[45,-45,90,0,45]","[-45,-45,45,45,0]",,,,,,,,,BLUE,3,Different,6,1,,,,,,5,0,0.764,0,2,2,12,1,,,,,
,,,,,,,,,,,,,,,5f974c72a0ed8c0f9ce724ea,2025-01-21_19h46.36.530,VisualArraysMentalRotation_v4,2021.1.4,MacIntel,121.0653753,679054f2072d526265aabff2,67906991e4501d47f2d9f452,,,,,,,,,,,,,,,,,,,,,,,,,"[0,90,90,0,0]","[0,0,-45,90,45]",,Red_3,"[0,90,90,0,0]","[0,0,-45,90,45]",,,,,,,,,RED,5,Same,5,3,,,,,,5,1,1.318,0,3,3,3,1,,,,,
,,,,,,,,,,,,,,,5f974c72a0ed8c0f9ce724ea,2025-01-21_19h46.36.530,VisualArraysMentalRotation_v4,2021.1.4,MacIntel,121.0653753,679054f2072d526265aabff2,67906991e4501d47f2d9f452,,,,,,,,,,,,,,,,,,,,,,,,,"[0,-45,45,90,-45]","[-45,-45,90,90,0]",,Blue_5,"[0,-45,45,90,-45]","[-45,-45,90,90,45]",,,,,,,,,BLUE,5,Different,6,1,,,,,,6,1,0.945,0,4,4,14,1,,,,,
,,,,,,,,,,,,,,,5f974c72a0ed8c0f9ce724ea,2025-01-21_19h46.36.530,VisualArraysMentalRotation_v4,2021.1.4,MacIntel,121.0653753,679054f2072d526265aabff2,67906991e4501d47f2d9f452,,,,,,,,,,,,,,,,,,,,,,,,,"[45,-45,-45,-45,-45]","[90,45,0,-45,-45]",,Red_2,"[45,90,-45,-45,-45]","[90,45,0,-45,-45]",,,,,,,,,RED,3,Different,6,3,,,,,,6,1,1.542,0,5,5,5,1,,,,,
,,,,,,,,,,,,,,,5f974c72a0ed8c0f9ce724ea,2025-01-21_19h46.36.530,VisualArraysMentalRotation_v4,2021.1.4,MacIntel,121.0653753,679054f2072d526265aabff2,67906991e4501d47f2d9f452,,,,,,,,,,,,,,,,,,,,,,,,,"[45,-45,45,90,0]","[-45,90,90,0,45]",,Blue_4,"[45,-45,45,90,0]","[-45,90,90,-45,45]",,,,,,,,,BLUE,5,Different,6,3,,,,,,5,0,1.368,0,6,6,15,1,,,,,
,,,,,,,,,,,,,,,5f974c72a0ed8c0f9ce724ea,2025-01-21_19h46.36.530,VisualArraysMentalRotation_v4,2021.1.4,MacIntel,121.0653753,679054f2072d526265aabff2,67906991e4501d47f2d9f452,,,,,,,,,,,,,,,,,,,,,,,,,"[90,-45,0,0,-45]","[0,45,90,45,0]",,Red_5,"[90,-45,0,0,90]","[0,45,90,45,0]",,,,,,,,,RED,5,Different,6,3,,,,,,6,1,1.494,0,7,7,7,1,,,,,
,,,,,,,,,,,,,,,5f974c72a0ed8c0f9ce724ea,2025-01-21_19h46.36.530,VisualArraysMentalRotation_v4,2021.1.4,MacIntel,121.0653753,679054f2072d526265aabff2,67906991e4501d47f2d9f452,,,,,,,,,,,,,,,,,,,,,,,,,"[0,90,90,-45,90]","[-45,90,90,90,-45]",,Red_2,"[0,90,90,-45,90]","[-45,90,90,90,-45]",,,,,,,,,RED,3,Same,5,1,,,,,,5,1,0.883,0,8,8,0,1,,,,,
,,,,,,,,,,,,,,,5f974c72a0ed8c0f9ce724ea,2025-01-21_19h46.36.530,VisualArraysMentalRotation_v4,2021.1.4,MacIntel,121.0653753,679054f2072d526265aabff2,67906991e4501d47f2d9f452,,,,,,,,,,,,,,,,,,,,,,,,,"[0,-45,45,90,45]","[45,45,90,-45,-45]",,Red_3,"[0,-45,45,90,45]","[45,45,90,-45,-45]",,,,,,,,,RED,3,Same,5,3,,,,,,5,1,1.375,0,9,9,1,1,,,,,
,,,,,,,,,,,,,,,5f974c72a0ed8c0f9ce724ea,2025-01-21_19h46.36.530,VisualArraysMentalRotation_v4,2021.1.4,MacIntel,121.0653753,679054f2072d526265aabff2,67906991e4501d47f2d9f452,,,,,,,,,,,,,,,,,,,,,,,,,"[90,45,45,0,45]","[90,45,90,-45,-45]",,Red_3,"[90,45,45,0,45]","[90,45,90,-45,-45]",,,,,,,,,RED,5,Same,5,1,,,,,,5,1,1.156,0,10,10,2,1,,,,,
,,,,,,,,,,,,,,,5f974c72a0ed8c0f9ce724ea,2025-01-21_19h46.36.530,VisualArraysMentalRotation_v4,2021.1.4,MacIntel,121.0653753,679054f2072d526265aabff2,67906991e4501d47f2d9f452,,,,,,,,,,,,,,,,,,,,,,,,,"[90,90,-45,0,-45]","[-45,0,90,0,45]",,Blue_4,"[90,90,-45,0,-45]","[-45,0,90,0,45]",,,,,,,,,BLUE,5,Same,5,1,,,,,,5,1,0.797,0,11,11,10,1,,,,,
,,,,,,,,,,,,,,,5f974c72a0ed8c0f9ce724ea,2025-01-21_19h46.36.530,VisualArraysMentalRotation_v4,2021.1.4,MacIntel,121.0653753,679054f2072d526265aabff2,67906991e4501d47f2d9f452,,,,,,,,,,,,,,,,,,,,,,,,,"[-45,0,-45,90,-45]","[-45,45,45,45,45]",,Blue_3,"[-45,0,-45,90,-45]","[-45,45,45,45,45]",,,,,,,,,BLUE,5,Same,5,3,,,,,,6,0,1.026,0,12,12,11,1,,,,,
,,,,,,,,,,,,,,,5f974c72a0ed8c0f9ce724ea,2025-01-21_19h46.36.530,VisualArraysMentalRotation_v4,2021.1.4,MacIntel,121.0653753,679054f2072d526265aabff2,67906991e4501d47f2d9f452,,,,,,,,,,,,,,,,,,,,,,,,,"[0,90,90,-45,45]","[90,45,90,0,-45]",,Blue_2,"[0,90,90,-45,45]","[90,45,90,0,-45]",,,,,,,,,BLUE,3,Same,5,3,,,,,,5,1,1.04,0,13,13,9,1,,,,,
,,,,,,,,,,,,,,,5f974c72a0ed8c0f9ce724ea,2025-01-21_19h46.36.530,VisualArraysMentalRotation_v4,2021.1.4,MacIntel,121.0653753,679054f2072d526265aabff2,67906991e4501d47f2d9f452,,,,,,,,,,,,,,,,,,,,,,,,,"[-45,-45,-45,45,0]","[90,0,90,-45,45]",,Blue_3,"[-45,-45,-45,45,0]","[90,0,90,-45,45]",,,,,,,,,BLUE,3,Same,5,1,,,,,,5,1,0.785,0,14,14,8,1,,,,,
,,,,,,,,,,,,,,,5f974c72a0ed8c0f9ce724ea,2025-01-21_19h46.36.530,VisualArraysMentalRotation_v4,2021.1.4,MacIntel,121.0653753,679054f2072d526265aabff2,67906991e4501d47f2d9f452,,,,,,,,,,,,,,,,,,,,,,,,,"[-45,45,-45,-45,-45]","[90,90,90,45,-45]",,Blue_2,"[-45,45,-45,-45,-45]","[90,-45,90,45,-45]",,,,,,,,,BLUE,3,Different,6,3,,,,,,6,1,0.851,0,15,15,13,1,,,,,
,,,,,,,,,,,,,,,5f974c72a0ed8c0f9ce724ea,2025-01-21_19h46.36.530,VisualArraysMentalRotation_v4,2021.1.4,MacIntel,121.0653753,679054f2072d526265aabff2,67906991e4501d47f2d9f452,,,,,,,,,,,,,,,,,,,,,,,,,"[45,-45,45,-45,45]","[45,45,0,0,90]",,Blue_3,"[45,-45,45,-45,45]","[45,45,90,0,90]",,,,,,,,,BLUE,3,Different,6,1,,,,,,6,1,1.219,1,0,16,12,1,,,,,
,,,,,,,,,,,,,,,5f974c72a0ed8c0f9ce724ea,2025-01-21_19h46.36.530,VisualArraysMentalRotation_v4,2021.1.4,MacIntel,121.0653753,679054f2072d526265aabff2,67906991e4501d47f2d9f452,,,,,,,,,,,,,,,,,,,,,,,,,"[45,45,-45,90,45]","[45,-45,0,-45,-45]",,Red_1,"[90,45,-45,90,45]","[45,-45,0,-45,-45]",,,,,,,,,RED,3,Different,6,1,,,,,,6,1,1.029,1,1,17,4,1,,,,,
,,,,,,,,,,,,,,,5f974c72a0ed8c0f9ce724ea,2025-01-21_19h46.36.530,VisualArraysMentalRotation_v4,2021.1.4,MacIntel,121.0653753,679054f2072d526265aabff2,67906991e4501d47f2d9f452,,,,,,,,,,,,,,,,,,,,,,,,,"[0,-45,0,45,0]","[-45,-45,0,90,-45]",,Red_4,"[0,-45,0,0,0]","[-45,-45,0,90,-45]",,,,,,,,,RED,5,Different,6,1,,,,,,6,1,1.419,1,2,18,6,1,,,,,
,,,,,,,,,,,,,,,5f974c72a0ed8c0f9ce724ea,2025-01-21_19h46.36.530,VisualArraysMentalRotation_v4,2021.1.4,MacIntel,121.0653753,679054f2072d526265aabff2,67906991e4501d47f2d9f452,,,,,,,,,,,,,,,,,,,,,,,,,"[0,90,0,0,-45]","[90,90,0,45,-45]",,Red_2,"[0,90,0,0,-45]","[90,90,0,45,-45]",,,,,,,,,RED,3,Same,5,3,,,,,,6,0,1.832,1,3,19,1,1,,,,,
,,,,,,,,,,,,,,,5f974c72a0ed8c0f9ce724ea,2025-01-21_19h46.36.530,VisualArraysMentalRotation_v4,2021.1.4,MacIntel,121.0653753,679054f2072d526265aabff2,67906991e4501d47f2d9f452,,,,,,,,,,,,,,,,,,,,,,,,,"[90,-45,90,45,90]","[90,-45,90,0,45]",,Red_2,"[90,90,90,45,90]","[90,-45,90,0,45]",,,,,,,,,RED,3,Different,6,3,,,,,,6,1,1.378,1,4,20,5,1,,,,,
,,,,,,,,,,,,,,,5f974c72a0ed8c0f9ce724ea,2025-01-21_19h46.36.530,VisualArraysMentalRotation_v4,2021.1.4,MacIntel,121.0653753,679054f2072d526265aabff2,67906991e4501d47f2d9f452,,,,,,,,,,,,,,,,,,,,,,,,,"[45,90,0,90,45]","[45,-45,-45,45,0]",,Blue_1,"[45,90,0,90,45]","[0,-45,-45,45,0]",,,,,,,,,BLUE,5,Different,6,1,,,,,,5,0,1.067,1,5,21,14,1,,,,,
,,,,,,,,,,,,,,,5f974c72a0ed8c0f9ce724ea,2025-01-21_19h46.36.530,VisualArraysMentalRotation_v4,2021.1.4,MacIntel,121.0653753,679054f2072d526265aabff2,67906991e4501d47f2d9f452,,,,,,,,,,,,,,,,,,,,,,,,,"[45,45,-45,90,0]","[45,45,45,0,0]",,Blue_5,"[45,45,-45,90,0]","[45,45,45,0,0]",,,,,,,,,BLUE,5,Same,5,3,,,,,,6,0,1.22,1,6,22,11,1,,,,,
,,,,,,,,,,,,,,,5f974c72a0ed8c0f9ce724ea,2025-01-21_19h46.36.530,VisualArraysMentalRotation_v4,2021.1.4,MacIntel,121.0653753,679054f2072d526265aabff2,67906991e4501d47f2d9f452,,,,,,,,,,,,,,,,,,,,,,,,,"[90,90,45,0,90]","[0,0,-45,90,90]",,Red_2,"[90,90,45,0,90]","[0,0,-45,90,90]",,,,,,,,,RED,3,Same,5,1,,,,,,5,1,0.772,1,7,23,0,1,,,,,
,,,,,,,,,,,,,,,5f974c72a0ed8c0f9ce724ea,2025-01-21_19h46.36.530,VisualArraysMentalRotation_v4,2021.1.4,MacIntel,121.0653753,679054f2072d526265aabff2,67906991e4501d47f2d9f452,,,,,,,,,,,,,,,,,,,,,,,,,"[45,45,45,-45,45]","[-45,45,0,45,-45]",,Blue_3,"[45,45,45,-45,45]","[-45,45,0,45,-45]",,,,,,,,,BLUE,3,Same,5,1,,,,,,5,1,0.892,1,8,24,8,1,,,,,
,,,,,,,,,,,,,,,5f974c72a0ed8c0f9ce724ea,2025-01-21_19h46.36.530,VisualArraysMentalRotation_v4,2021.1.4,MacIntel,121.0653753,679054f2072d526265aabff2,67906991e4501d47f2d9f452,,,,,,,,,,,,,,,,,,,,,,,,,"[45,45,0,-45,0]","[90,45,90,45,-45]",,Blue_3,"[45,45,0,-45,0]","[90,45,45,45,-45]",,,,,,,,,BLUE,3,Different,6,3,,,,,,6,1,1.21,1,9,25,13,1,,,,,
,,,,,,,,,,,,,,,5f974c72a0ed8c0f9ce724ea,2025-01-21_19h46.36.530,VisualArraysMentalRotation_v4,2021.1.4,MacIntel,121.0653753,679054f2072d526265aabff2,67906991e4501d47f2d9f452,,,,,,,,,,,,,,,,,,,,,,,,,"[-45,45,90,0,90]","[0,0,0,45,-45]",,Red_4,"[-45,45,90,0,90]","[0,0,0,45,-45]",,,,,,,,,RED,5,Same,5,1,,,,,,5,1,1.111,1,10,26,2,1,,,,,
,,,,,,,,,,,,,,,5f974c72a0ed8c0f9ce724ea,2025-01-21_19h46.36.530,VisualArraysMentalRotation_v4,2021.1.4,MacIntel,121.0653753,679054f2072d526265aabff2,67906991e4501d47f2d9f452,,,,,,,,,,,,,,,,,,,,,,,,,"[-45,-45,0,-45,90]","[90,90,45,-45,-45]",,Blue_3,"[-45,-45,0,-45,90]","[90,90,-45,-45,-45]",,,,,,,,,BLUE,5,Different,6,3,,,,,,6,1,1,1,11,27,15,1,,,,,
,,,,,,,,,,,,,,,5f974c72a0ed8c0f9ce724ea,2025-01-21_19h46.36.530,VisualArraysMentalRotation_v4,2021.1.4,MacIntel,121.0653753,679054f2072d526265aabff2,67906991e4501d47f2d9f452,,,,,,,,,,,,,,,,,,,,,,,,,"[90,-45,-45,-45,-45]","[45,-45,90,0,45]",,Red_5,"[90,-45,-45,-45,90]","[45,-45,90,0,45]",,,,,,,,,RED,5,Different,6,3,,,,,,6,1,1.175,1,12,28,7,1,,,,,
,,,,,,,,,,,,,,,5f974c72a0ed8c0f9ce724ea,2025-01-21_19h46.36.530,VisualArraysMentalRotation_v4,2021.1.4,MacIntel,121.0653753,679054f2072d526265aabff2,67906991e4501d47f2d9f452,,,,,,,,,,,,,,,,,,,,,,,,,"[90,-45,90,90,90]","[0,45,0,-45,90]",,Blue_2,"[90,-45,90,90,90]","[0,45,0,-45,90]",,,,,,,,,BLUE,5,Same,5,1,,,,,,6,0,1.441,1,13,29,10,1,,,,,
,,,,,,,,,,,,,,,5f974c72a0ed8c0f9ce724ea,2025-01-21_19h46.36.530,VisualArraysMentalRotation_v4,2021.1.4,MacIntel,121.0653753,679054f2072d526265aabff2,67906991e4501d47f2d9f452,,,,,,,,,,,,,,,,,,,,,,,,,"[0,90,90,45,90]","[45,45,-45,0,45]",,Blue_3,"[0,90,90,45,90]","[45,45,-45,0,45]",,,,,,,,,BLUE,3,Same,5,3,,,,,,6,0,1.161,1,14,30,9,1,,,,,
,,,,,,,,,,,,,,,5f974c72a0ed8c0f9ce724ea,2025-01-21_19h46.36.530,VisualArraysMentalRotation_v4,2021.1.4,MacIntel,121.0653753,679054f2072d526265aabff2,67906991e4501d47f2d9f452,,,,,,,,,,,,,,,,,,,,,,,,,"[0,45,45,45,45]","[0,0,90,90,0]",,Red_1,"[0,45,45,45,45]","[0,0,90,90,0]",,,,,,,,,RED,5,Same,5,3,,,,,,6,0,1.268,1,15,31,3,1,,,,,
,,,,,,,,,,,,,,,5f974c72a0ed8c0f9ce724ea,2025-01-21_19h46.36.530,VisualArraysMentalRotation_v4,2021.1.4,MacIntel,121.0653753,679054f2072d526265aabff2,67906991e4501d47f2d9f452,,,,,,,,,,,,,,,,,,,,,,,,,"[-45,-45,0,45,-45]","[0,45,90,45,45]",,Blue_2,"[-45,-45,0,45,-45]","[0,45,90,45,45]",,,,,,,,,BLUE,3,Same,5,1,,,,,,5,1,0.824,2,0,32,8,1,,,,,
,,,,,,,,,,,,,,,5f974c72a0ed8c0f9ce724ea,2025-01-21_19h46.36.530,VisualArraysMentalRotation_v4,2021.1.4,MacIntel,121.0653753,679054f2072d526265aabff2,67906991e4501d47f2d9f452,,,,,,,,,,,,,,,,,,,,,,,,,"[90,90,-45,-45,-45]","[0,90,90,90,90]",,Blue_3,"[90,90,-45,-45,-45]","[0,90,90,90,90]",,,,,,,,,BLUE,3,Same,5,3,,,,,,5,1,1.121,2,1,33,9,1,,,,,
,,,,,,,,,,,,,,,5f974c72a0ed8c0f9ce724ea,2025-01-21_19h46.36.530,VisualArraysMentalRotation_v4,2021.1.4,MacIntel,121.0653753,679054f2072d526265aabff2,67906991e4501d47f2d9f452,,,,,,,,,,,,,,,,,,,,,,,,,"[-45,45,45,45,-45]","[-45,90,0,90,0]",,Red_2,"[-45,0,45,45,-45]","[-45,90,0,90,0]",,,,,,,,,RED,5,Different,6,1,,,,,,6,1,1.075,2,2,34,6,1,,,,,
,,,,,,,,,,,,,,,5f974c72a0ed8c0f9ce724ea,2025-01-21_19h46.36.530,VisualArraysMentalRotation_v4,2021.1.4,MacIntel,121.0653753,679054f2072d526265aabff2,67906991e4501d47f2d9f452,,,,,,,,,,,,,,,,,,,,,,,,,"[0,-45,90,90,-45]","[0,45,-45,-45,90]",,Red_4,"[0,-45,90,-45,-45]","[0,45,-45,-45,90]",,,,,,,,,RED,5,Different,6,3,,,,,,6,1,1.494,2,3,35,7,1,,,,,
,,,,,,,,,,,,,,,5f974c72a0ed8c0f9ce724ea,2025-01-21_19h46.36.530,VisualArraysMentalRotation_v4,2021.1.4,MacIntel,121.0653753,679054f2072d526265aabff2,67906991e4501d47f2d9f452,,,,,,,,,,,,,,,,,,,,,,,,,"[0,90,-45,90,0]","[90,0,90,-45,-45]",,Blue_5,"[0,90,-45,90,0]","[90,0,90,-45,90]",,,,,,,,,BLUE,5,Different,6,1,,,,,,5,0,1.236,2,4,36,14,1,,,,,
,,,,,,,,,,,,,,,5f974c72a0ed8c0f9ce724ea,2025-01-21_19h46.36.530,VisualArraysMentalRotation_v4,2021.1.4,MacIntel,121.0653753,679054f2072d526265aabff2,67906991e4501d47f2d9f452,,,,,,,,,,,,,,,,,,,,,,,,,"[0,-45,-45,-45,-45]","[45,-45,-45,-45,0]",,Red_1,"[45,-45,-45,-45,-45]","[45,-45,-45,-45,0]",,,,,,,,,RED,3,Different,6,1,,,,,,6,1,1.109,2,5,37,4,1,,,,,
,,,,,,,,,,,,,,,5f974c72a0ed8c0f9ce724ea,2025-01-21_19h46.36.530,VisualArraysMentalRotation_v4,2021.1.4,MacIntel,121.0653753,679054f2072d526265aabff2,67906991e4501d47f2d9f452,,,,,,,,,,,,,,,,,,,,,,,,,"[0,-45,-45,45,-45]","[45,-45,0,45,0]",,Blue_4,"[0,-45,-45,45,-45]","[45,-45,0,45,0]",,,,,,,,,BLUE,5,Same,5,1,,,,,,5,1,1.376,2,6,38,10,1,,,,,
,,,,,,,,,,,,,,,5f974c72a0ed8c0f9ce724ea,2025-01-21_19h46.36.530,VisualArraysMentalRotation_v4,2021.1.4,MacIntel,121.0653753,679054f2072d526265aabff2,67906991e4501d47f2d9f452,,,,,,,,,,,,,,,,,,,,,,,,,"[45,45,-45,45,0]","[0,0,90,90,45]",,Blue_1,"[45,45,-45,45,0]","[45,0,90,90,45]",,,,,,,,,BLUE,3,Different,6,1,,,,,,6,1,1.121,2,7,39,12,1,,,,,
,,,,,,,,,,,,,,,5f974c72a0ed8c0f9ce724ea,2025-01-21_19h46.36.530,VisualArraysMentalRotation_v4,2021.1.4,MacIntel,121.0653753,679054f2072d526265aabff2,67906991e4501d47f2d9f452,,,,,,,,,,,,,,,,,,,,,,,,,"[-45,90,45,45,45]","[90,45,-45,45,-45]",,Red_2,"[-45,90,45,45,45]","[90,45,-45,45,-45]",,,,,,,,,RED,3,Same,5,1,,,,,,5,1,1.392,2,8,40,0,1,,,,,
,,,,,,,,,,,,,,,5f974c72a0ed8c0f9ce724ea,2025-01-21_19h46.36.530,VisualArraysMentalRotation_v4,2021.1.4,MacIntel,121.0653753,679054f2072d526265aabff2,67906991e4501d47f2d9f452,,,,,,,,,,,,,,,,,,,,,,,,,"[-45,90,45,0,90]","[-45,90,45,-45,0]",,Red_5,"[-45,90,45,0,90]","[-45,90,45,-45,0]",,,,,,,,,RED,5,Same,5,3,,,,,,5,1,1.468,2,9,41,3,1,,,,,
,,,,,,,,,,,,,,,5f974c72a0ed8c0f9ce724ea,2025-01-21_19h46.36.530,VisualArraysMentalRotation_v4,2021.1.4,MacIntel,121.0653753,679054f2072d526265aabff2,67906991e4501d47f2d9f452,,,,,,,,,,,,,,,,,,,,,,,,,"[90,0,-45,-45,0]","[45,0,0,45,0]",,Red_1,"[90,0,-45,-45,0]","[45,0,0,45,0]",,,,,,,,,RED,5,Same,5,1,,,,,,5,1,0.776,2,10,42,2,1,,,,,
,,,,,,,,,,,,,,,5f974c72a0ed8c0f9ce724ea,2025-01-21_19h46.36.530,VisualArraysMentalRotation_v4,2021.1.4,MacIntel,121.0653753,679054f2072d526265aabff2,67906991e4501d47f2d9f452,,,,,,,,,,,,,,,,,,,,,,,,,"[90,90,90,-45,-45]","[-45,90,0,0,0]",,Blue_1,"[90,90,90,-45,-45]","[0,90,0,0,0]",,,,,,,,,BLUE,3,Different,6,3,,,,,,6,1,1.539,2,11,43,13,1,,,,,
,,,,,,,,,,,,,,,5f974c72a0ed8c0f9ce724ea,2025-01-21_19h46.36.530,VisualArraysMentalRotation_v4,2021.1.4,MacIntel,121.0653753,679054f2072d526265aabff2,67906991e4501d47f2d9f452,,,,,,,,,,,,,,,,,,,,,,,,,"[-45,90,0,-45,-45]","[90,90,0,0,-45]",,Blue_2,"[-45,90,0,-45,-45]","[90,-45,0,0,-45]",,,,,,,,,BLUE,5,Different,6,3,,,,,,5,0,1.449,2,12,44,15,1,,,,,
,,,,,,,,,,,,,,,5f974c72a0ed8c0f9ce724ea,2025-01-21_19h46.36.530,VisualArraysMentalRotation_v4,2021.1.4,MacIntel,121.0653753,679054f2072d526265aabff2,67906991e4501d47f2d9f452,,,,,,,,,,,,,,,,,,,,,,,,,"[-45,-45,45,90,-45]","[-45,-45,-45,-45,90]",,Red_2,"[-45,0,45,90,-45]","[-45,-45,-45,-45,90]",,,,,,,,,RED,3,Different,6,3,,,,,,6,1,1.455,2,13,45,5,1,,,,,
,,,,,,,,,,,,,,,5f974c72a0ed8c0f9ce724ea,2025-01-21_19h46.36.530,VisualArraysMentalRotation_v4,2021.1.4,MacIntel,121.0653753,679054f2072d526265aabff2,67906991e4501d47f2d9f452,,,,,,,,,,,,,,,,,,,,,,,,,"[-45,45,90,-45,0]","[45,-45,0,45,90]",,Blue_5,"[-45,45,90,-45,0]","[45,-45,0,45,90]",,,,,,,,,BLUE,5,Same,5,3,,,,,,5,1,1.084,2,14,46,11,1,,,,,
,,,,,,,,,,,,,,,5f974c72a0ed8c0f9ce724ea,2025-01-21_19h46.36.530,VisualArraysMentalRotation_v4,2021.1.4,MacIntel,121.0653753,679054f2072d526265aabff2,67906991e4501d47f2d9f452,,,,,,,,,,,,,,,,,,,,,,,,,"[0,-45,45,45,0]","[90,0,45,45,0]",,Red_1,"[0,-45,45,45,0]","[90,0,45,45,0]",,,,,,,,,RED,3,Same,5,3,,,,,,5,1,1.014,2,15,47,1,1,,,,,
,,,,,,,,,,,,,,,5f974c72a0ed8c0f9ce724ea,2025-01-21_19h46.36.530,VisualArraysMentalRotation_v4,2021.1.4,MacIntel,121.0653753,679054f2072d526265aabff2,67906991e4501d47f2d9f452,,,,,,,,,,,,,,,,,,,,,,,,,"[0,45,-45,45,90]","[0,45,-45,0,45]",,Red_3,"[0,45,45,45,90]","[0,45,-45,0,45]",,,,,,,,,RED,3,Different,6,1,,,,,,6,1,1.795,3,0,48,4,1,,,,,
,,,,,,,,,,,,,,,5f974c72a0ed8c0f9ce724ea,2025-01-21_19h46.36.530,VisualArraysMentalRotation_v4,2021.1.4,MacIntel,121.0653753,679054f2072d526265aabff2,67906991e4501d47f2d9f452,,,,,,,,,,,,,,,,,,,,,,,,,"[0,45,90,90,0]","[90,0,90,0,90]",,Blue_3,"[0,45,90,90,0]","[90,0,90,0,90]",,,,,,,,,BLUE,3,Same,5,3,,,,,,5,1,0.813,3,1,49,9,1,,,,,
,,,,,,,,,,,,,,,5f974c72a0ed8c0f9ce724ea,2025-01-21_19h46.36.530,VisualArraysMentalRotation_v4,2021.1.4,MacIntel,121.0653753,679054f2072d526265aabff2,67906991e4501d47f2d9f452,,,,,,,,,,,,,,,,,,,,,,,,,"[0,90,90,90,90]","[45,90,90,45,45]",,Blue_4,"[0,90,90,90,90]","[45,90,90,45,45]",,,,,,,,,BLUE,5,Same,5,3,,,,,,5,1,0.869,3,2,50,11,1,,,,,
,,,,,,,,,,,,,,,5f974c72a0ed8c0f9ce724ea,2025-01-21_19h46.36.530,VisualArraysMentalRotation_v4,2021.1.4,MacIntel,121.0653753,679054f2072d526265aabff2,67906991e4501d47f2d9f452,,,,,,,,,,,,,,,,,,,,,,,,,"[90,45,-45,-45,0]","[0,0,90,45,45]",,Blue_2,"[90,45,-45,-45,0]","[0,90,90,45,45]",,,,,,,,,BLUE,5,Different,6,3,,,,,,6,1,0.921,3,3,51,15,1,,,,,
,,,,,,,,,,,,,,,5f974c72a0ed8c0f9ce724ea,2025-01-21_19h46.36.530,VisualArraysMentalRotation_v4,2021.1.4,MacIntel,121.0653753,679054f2072d526265aabff2,67906991e4501d47f2d9f452,,,,,,,,,,,,,,,,,,,,,,,,,"[90,90,45,90,45]","[0,90,0,45,45]",,Blue_3,"[90,90,45,90,45]","[0,90,-45,45,45]",,,,,,,,,BLUE,5,Different,6,1,,,,,,5,0,1.505,3,4,52,14,1,,,,,
,,,,,,,,,,,,,,,5f974c72a0ed8c0f9ce724ea,2025-01-21_19h46.36.530,VisualArraysMentalRotation_v4,2021.1.4,MacIntel,121.0653753,679054f2072d526265aabff2,67906991e4501d47f2d9f452,,,,,,,,,,,,,,,,,,,,,,,,,"[45,90,90,45,45]","[45,90,90,45,45]",,Red_3,"[45,90,90,45,45]","[45,90,90,45,45]",,,,,,,,,RED,5,Same,5,1,,,,,,5,1,0.946,3,5,53,2,1,,,,,
,,,,,,,,,,,,,,,5f974c72a0ed8c0f9ce724ea,2025-01-21_19h46.36.530,VisualArraysMentalRotation_v4,2021.1.4,MacIntel,121.0653753,679054f2072d526265aabff2,67906991e4501d47f2d9f452,,,,,,,,,,,,,,,,,,,,,,,,,"[90,45,45,0,90]","[90,-45,-45,45,-45]",,Blue_1,"[90,45,45,0,90]","[0,-45,-45,45,-45]",,,,,,,,,BLUE,3,Different,6,1,,,,,,6,1,1.216,3,6,54,12,1,,,,,
,,,,,,,,,,,,,,,5f974c72a0ed8c0f9ce724ea,2025-01-21_19h46.36.530,VisualArraysMentalRotation_v4,2021.1.4,MacIntel,121.0653753,679054f2072d526265aabff2,67906991e4501d47f2d9f452,,,,,,,,,,,,,,,,,,,,,,,,,"[0,0,-45,0,0]","[0,45,0,-45,90]",,Red_2,"[0,0,-45,0,0]","[0,45,0,-45,90]",,,,,,,,,RED,3,Same,5,3,,,,,,5,1,1.056,3,7,55,1,1,,,,,
,,,,,,,,,,,,,,,5f974c72a0ed8c0f9ce724ea,2025-01-21_19h46.36.530,VisualArraysMentalRotation_v4,2021.1.4,MacIntel,121.0653753,679054f2072d526265aabff2,67906991e4501d47f2d9f452,,,,,,,,,,,,,,,,,,,,,,,,,"[-45,0,-45,-45,0]","[90,0,45,-45,45]",,Blue_3,"[-45,0,-45,-45,0]","[90,0,90,-45,45]",,,,,,,,,BLUE,3,Different,6,3,,,,,,6,1,1.473,3,8,56,13,1,,,,,
,,,,,,,,,,,,,,,5f974c72a0ed8c0f9ce724ea,2025-01-21_19h46.36.530,VisualArraysMentalRotation_v4,2021.1.4,MacIntel,121.0653753,679054f2072d526265aabff2,67906991e4501d47f2d9f452,,,,,,,,,,,,,,,,,,,,,,,,,"[0,0,45,90,-45]","[0,0,45,90,-45]",,Red_2,"[0,0,45,90,-45]","[0,0,45,90,-45]",,,,,,,,,RED,3,Same,5,1,,,,,,5,1,0.781,3,9,57,0,1,,,,,
,,,,,,,,,,,,,,,5f974c72a0ed8c0f9ce724ea,2025-01-21_19h46.36.530,VisualArraysMentalRotation_v4,2021.1.4,MacIntel,121.0653753,679054f2072d526265aabff2,67906991e4501d47f2d9f452,,,,,,,,,,,,,,,,,,,,,,,,,"[45,-45,0,90,90]","[45,0,90,0,0]",,Blue_3,"[45,-45,0,90,90]","[45,0,90,0,0]",,,,,,,,,BLUE,3,Same,5,1,,,,,,5,1,1.588,3,10,58,8,1,,,,,
,,,,,,,,,,,,,,,5f974c72a0ed8c0f9ce724ea,2025-01-21_19h46.36.530,VisualArraysMentalRotation_v4,2021.1.4,MacIntel,121.0653753,679054f2072d526265aabff2,67906991e4501d47f2d9f452,,,,,,,,,,,,,,,,,,,,,,,,,"[0,90,0,90,90]","[90,-45,90,90,90]",,Red_1,"[-45,90,0,90,90]","[90,-45,90,90,90]",,,,,,,,,RED,3,Different,6,3,,,,,,6,1,0.772,3,11,59,5,1,,,,,
,,,,,,,,,,,,,,,5f974c72a0ed8c0f9ce724ea,2025-01-21_19h46.36.530,VisualArraysMentalRotation_v4,2021.1.4,MacIntel,121.0653753,679054f2072d526265aabff2,67906991e4501d47f2d9f452,,,,,,,,,,,,,,,,,,,,,,,,,"[90,45,0,90,0]","[90,-45,90,-45,0]",,Red_2,"[90,-45,0,90,0]","[90,-45,90,-45,0]",,,,,,,,,RED,5,Different,6,3,,,,,,6,1,0.819,3,12,60,7,1,,,,,
,,,,,,,,,,,,,,,5f974c72a0ed8c0f9ce724ea,2025-01-21_19h46.36.530,VisualArraysMentalRotation_v4,2021.1.4,MacIntel,121.0653753,679054f2072d526265aabff2,67906991e4501d47f2d9f452,,,,,,,,,,,,,,,,,,,,,,,,,"[-45,0,-45,90,-45]","[45,-45,0,-45,0]",,Blue_5,"[-45,0,-45,90,-45]","[45,-45,0,-45,0]",,,,,,,,,BLUE,5,Same,5,1,,,,,,5,1,1.178,3,13,61,10,1,,,,,
,,,,,,,,,,,,,,,5f974c72a0ed8c0f9ce724ea,2025-01-21_19h46.36.530,VisualArraysMentalRotation_v4,2021.1.4,MacIntel,121.0653753,679054f2072d526265aabff2,67906991e4501d47f2d9f452,,,,,,,,,,,,,,,,,,,,,,,,,"[90,45,45,90,0]","[-45,0,0,0,45]",,Red_5,"[90,45,45,90,90]","[-45,0,0,0,45]",,,,,,,,,RED,5,Different,6,1,,,,,,6,1,0.772,3,14,62,6,1,,,,,
,,,,,,,,,,,,,,,5f974c72a0ed8c0f9ce724ea,2025-01-21_19h46.36.530,VisualArraysMentalRotation_v4,2021.1.4,MacIntel,121.0653753,679054f2072d526265aabff2,67906991e4501d47f2d9f452,,,,,,,,,,,,,,,,,,,,,,,,,"[-45,90,90,90,90]","[90,0,90,-45,-45]",,Red_5,"[-45,90,90,90,90]","[90,0,90,-45,-45]",,,,,,,,,RED,5,Same,5,3,,,,,,5,1,0.925,3,15,63,3,1,,,,,
,,,,,,,,,,,,,,,5f974c72a0ed8c0f9ce724ea,2025-01-21_19h46.36.530,VisualArraysMentalRotation_v4,2021.1.4,MacIntel,121.0653753,679054f2072d526265aabff2,67906991e4501d47f2d9f452,,,,,,,,,,,,,,,,,,,,,,,,,"[-45,90,45,-45,0]","[90,-45,0,0,0]",,Red_3,"[-45,90,90,-45,0]","[90,-45,0,0,0]",,,,,,,,,RED,5,Different,6,3,,,,,,6,1,0.794,4,0,64,7,1,,,,,
,,,,,,,,,,,,,,,5f974c72a0ed8c0f9ce724ea,2025-01-21_19h46.36.530,VisualArraysMentalRotation_v4,2021.1.4,MacIntel,121.0653753,679054f2072d526265aabff2,67906991e4501d47f2d9f452,,,,,,,,,,,,,,,,,,,,,,,,,"[45,-45,90,45,90]","[90,90,90,45,0]",,Red_2,"[45,-45,90,45,90]","[90,90,90,45,0]",,,,,,,,,RED,3,Same,5,3,,,,,,5,1,1.115,4,1,65,1,1,,,,,
,,,,,,,,,,,,,,,5f974c72a0ed8c0f9ce724ea,2025-01-21_19h46.36.530,VisualArraysMentalRotation_v4,2021.1.4,MacIntel,121.0653753,679054f2072d526265aabff2,67906991e4501d47f2d9f452,,,,,,,,,,,,,,,,,,,,,,,,,"[45,-45,90,-45,45]","[90,-45,-45,-45,45]",,Blue_4,"[45,-45,90,-45,45]","[90,-45,-45,90,45]",,,,,,,,,BLUE,5,Different,6,1,,,,,,5,0,1.177,4,2,66,14,1,,,,,
,,,,,,,,,,,,,,,5f974c72a0ed8c0f9ce724ea,2025-01-21_19h46.36.530,VisualArraysMentalRotation_v4,2021.1.4,MacIntel,121.0653753,679054f2072d526265aabff2,67906991e4501d47f2d9f452,,,,,,,,,,,,,,,,,,,,,,,,,"[90,90,45,90,-45]","[0,0,-45,90,45]",,Blue_2,"[90,90,45,90,-45]","[0,0,-45,90,45]",,,,,,,,,BLUE,3,Same,5,3,,,,,,5,1,0.677,4,3,67,9,1,,,,,
,,,,,,,,,,,,,,,5f974c72a0ed8c0f9ce724ea,2025-01-21_19h46.36.530,VisualArraysMentalRotation_v4,2021.1.4,MacIntel,121.0653753,679054f2072d526265aabff2,67906991e4501d47f2d9f452,,,,,,,,,,,,,,,,,,,,,,,,,"[-45,-45,90,-45,-45]","[90,0,90,45,45]",,Red_1,"[-45,-45,90,-45,-45]","[90,0,90,45,45]",,,,,,,,,RED,5,Same,5,1,,,,,,5,1,0.893,4,4,68,2,1,,,,,
,,,,,,,,,,,,,,,5f974c72a0ed8c0f9ce724ea,2025-01-21_19h46.36.530,VisualArraysMentalRotation_v4,2021.1.4,MacIntel,121.0653753,679054f2072d526265aabff2,67906991e4501d47f2d9f452,,,,,,,,,,,,,,,,,,,,,,,,,"[90,-45,90,-45,-45]","[-45,45,90,-45,90]",,Blue_1,"[90,-45,90,-45,-45]","[45,45,90,-45,90]",,,,,,,,,BLUE,5,Different,6,3,,,,,,6,1,1.059,4,5,69,15,1,,,,,
,,,,,,,,,,,,,,,5f974c72a0ed8c0f9ce724ea,2025-01-21_19h46.36.530,VisualArraysMentalRotation_v4,2021.1.4,MacIntel,121.0653753,679054f2072d526265aabff2,67906991e4501d47f2d9f452,,,,,,,,,,,,,,,,,,,,,,,,,"[-45,45,0,45,90]","[45,90,0,0,90]",,Red_3,"[-45,45,90,45,90]","[45,90,0,0,90]",,,,,,,,,RED,3,Different,6,1,,,,,,6,1,0.988,4,6,70,4,1,,,,,
,,,,,,,,,,,,,,,5f974c72a0ed8c0f9ce724ea,2025-01-21_19h46.36.530,VisualArraysMentalRotation_v4,2021.1.4,MacIntel,121.0653753,679054f2072d526265aabff2,67906991e4501d47f2d9f452,,,,,,,,,,,,,,,,,,,,,,,,,"[45,90,0,45,0]","[-45,45,-45,45,45]",,Blue_5,"[45,90,0,45,0]","[-45,45,-45,45,45]",,,,,,,,,BLUE,5,Same,5,1,,,,,,5,1,0.918,4,7,71,10,1,,,,,
,,,,,,,,,,,,,,,5f974c72a0ed8c0f9ce724ea,2025-01-21_19h46.36.530,VisualArraysMentalRotation_v4,2021.1.4,MacIntel,121.0653753,679054f2072d526265aabff2,67906991e4501d47f2d9f452,,,,,,,,,,,,,,,,,,,,,,,,,"[-45,0,45,-45,90]","[0,90,45,45,90]",,Red_1,"[-45,0,45,-45,90]","[0,90,45,45,90]",,,,,,,,,RED,3,Same,5,1,,,,,,5,1,1.335,4,8,72,0,1,,,,,
,,,,,,,,,,,,,,,5f974c72a0ed8c0f9ce724ea,2025-01-21_19h46.36.530,VisualArraysMentalRotation_v4,2021.1.4,MacIntel,121.0653753,679054f2072d526265aabff2,67906991e4501d47f2d9f452,,,,,,,,,,,,,,,,,,,,,,,,,"[-45,-45,-45,45,-45]","[-45,-45,90,-45,90]",,Red_4,"[-45,-45,-45,90,-45]","[-45,-45,90,-45,90]",,,,,,,,,RED,5,Different,6,1,,,,,,6,1,1.01,4,9,73,6,1,,,,,
,,,,,,,,,,,,,,,5f974c72a0ed8c0f9ce724ea,2025-01-21_19h46.36.530,VisualArraysMentalRotation_v4,2021.1.4,MacIntel,121.0653753,679054f2072d526265aabff2,67906991e4501d47f2d9f452,,,,,,,,,,,,,,,,,,,,,,,,,"[-45,90,90,90,-45]","[90,0,45,90,90]",,Blue_2,"[-45,90,90,90,-45]","[90,0,45,90,90]",,,,,,,,,BLUE,3,Same,5,1,,,,,,6,0,1.159,4,10,74,8,1,,,,,
,,,,,,,,,,,,,,,5f974c72a0ed8c0f9ce724ea,2025-01-21_19h46.36.530,VisualArraysMentalRotation_v4,2021.1.4,MacIntel,121.0653753,679054f2072d526265aabff2,67906991e4501d47f2d9f452,,,,,,,,,,,,,,,,,,,,,,,,,"[90,45,-45,45,-45]","[0,-45,-45,-45,45]",,Red_5,"[90,45,-45,45,-45]","[0,-45,-45,-45,45]",,,,,,,,,RED,5,Same,5,3,,,,,,5,1,0.974,4,11,75,3,1,,,,,
,,,,,,,,,,,,,,,5f974c72a0ed8c0f9ce724ea,2025-01-21_19h46.36.530,VisualArraysMentalRotation_v4,2021.1.4,MacIntel,121.0653753,679054f2072d526265aabff2,67906991e4501d47f2d9f452,,,,,,,,,,,,,,,,,,,,,,,,,"[90,90,-45,0,90]","[90,-45,90,45,-45]",,Blue_1,"[90,90,-45,0,90]","[45,-45,90,45,-45]",,,,,,,,,BLUE,3,Different,6,3,,,,,,6,1,1.052,4,12,76,13,1,,,,,
,,,,,,,,,,,,,,,5f974c72a0ed8c0f9ce724ea,2025-01-21_19h46.36.530,VisualArraysMentalRotation_v4,2021.1.4,MacIntel,121.0653753,679054f2072d526265aabff2,67906991e4501d47f2d9f452,,,,,,,,,,,,,,,,,,,,,,,,,"[-45,45,0,0,0]","[0,90,90,45,-45]",,Blue_1,"[-45,45,0,0,0]","[90,90,90,45,-45]",,,,,,,,,BLUE,3,Different,6,1,,,,,,6,1,0.846,4,13,77,12,1,,,,,
,,,,,,,,,,,,,,,5f974c72a0ed8c0f9ce724ea,2025-01-21_19h46.36.530,VisualArraysMentalRotation_v4,2021.1.4,MacIntel,121.0653753,679054f2072d526265aabff2,67906991e4501d47f2d9f452,,,,,,,,,,,,,,,,,,,,,,,,,"[90,0,90,0,0]","[-45,90,0,45,90]",,Blue_1,"[90,0,90,0,0]","[-45,90,0,45,90]",,,,,,,,,BLUE,5,Same,5,3,,,,,,6,0,1.491,4,14,78,11,1,,,,,
,,,,,,,,,,,,,,,5f974c72a0ed8c0f9ce724ea,2025-01-21_19h46.36.530,VisualArraysMentalRotation_v4,2021.1.4,MacIntel,121.0653753,679054f2072d526265aabff2,67906991e4501d47f2d9f452,,,,,,,,,,,,,,,,,,,,,,,,,"[0,90,90,45,90]","[45,90,45,90,90]",,Red_2,"[0,45,90,45,90]","[45,90,45,90,90]",,,,,,,,,RED,3,Different,6,3,,,,,,6,1,1.017,4,15,79,5,1,,,,,
,,,,,,,,,,,,,,,5f974c72a0ed8c0f9ce724ea,2025-01-21_19h46.36.530,VisualArraysMentalRotation_v4,2021.1.4,MacIntel,121.0653753,679054f2072d526265aabff2,67906991e4501d47f2d9f452,,,,,,,,,,,,,,,,,,,,,,,,,"[0,45,0,45,-45]","[45,-45,0,45,-45]",,Red_2,"[0,45,0,45,-45]","[45,-45,0,45,-45]",,,,,,,,,RED,3,Same,5,1,,,,,,5,1,1.107,5,0,80,0,1,,,,,
,,,,,,,,,,,,,,,5f974c72a0ed8c0f9ce724ea,2025-01-21_19h46.36.530,VisualArraysMentalRotation_v4,2021.1.4,MacIntel,121.0653753,679054f2072d526265aabff2,67906991e4501d47f2d9f452,,,,,,,,,,,,,,,,,,,,,,,,,"[90,0,90,45,90]","[90,0,45,90,90]",,Blue_1,"[90,0,90,45,90]","[45,0,45,90,90]",,,,,,,,,BLUE,3,Different,6,1,,,,,,6,1,0.945,5,1,81,12,1,,,,,
,,,,,,,,,,,,,,,5f974c72a0ed8c0f9ce724ea,2025-01-21_19h46.36.530,VisualArraysMentalRotation_v4,2021.1.4,MacIntel,121.0653753,679054f2072d526265aabff2,67906991e4501d47f2d9f452,,,,,,,,,,,,,,,,,,,,,,,,,"[45,45,0,45,-45]","[-45,-45,90,45,-45]",,Red_3,"[45,45,90,45,-45]","[-45,-45,90,45,-45]",,,,,,,,,RED,5,Different,6,3,,,,,,6,1,1.013,5,2,82,7,1,,,,,
,,,,,,,,,,,,,,,5f974c72a0ed8c0f9ce724ea,2025-01-21_19h46.36.530,VisualArraysMentalRotation_v4,2021.1.4,MacIntel,121.0653753,679054f2072d526265aabff2,67906991e4501d47f2d9f452,,,,,,,,,,,,,,,,,,,,,,,,,"[0,45,45,-45,45]","[90,-45,-45,90,-45]",,Blue_3,"[0,45,45,-45,45]","[90,-45,0,90,-45]",,,,,,,,,BLUE,5,Different,6,3,,,,,,6,1,0.828,5,3,83,15,1,,,,,
,,,,,,,,,,,,,,,5f974c72a0ed8c0f9ce724ea,2025-01-21_19h46.36.530,VisualArraysMentalRotation_v4,2021.1.4,MacIntel,121.0653753,679054f2072d526265aabff2,67906991e4501d47f2d9f452,,,,,,,,,,,,,,,,,,,,,,,,,"[0,0,90,90,0]","[-45,-45,-45,90,45]",,Red_2,"[0,90,90,90,0]","[-45,-45,-45,90,45]",,,,,,,,,RED,3,Different,6,1,,,,,,6,1,0.858,5,4,84,4,1,,,,,
,,,,,,,,,,,,,,,5f974c72a0ed8c0f9ce724ea,2025-01-21_19h46.36.530,VisualArraysMentalRotation_v4,2021.1.4,MacIntel,121.0653753,679054f2072d526265aabff2,67906991e4501d47f2d9f452,,,,,,,,,,,,,,,,,,,,,,,,,"[45,0,90,0,0]","[-45,-45,90,90,90]",,Blue_1,"[45,0,90,0,0]","[-45,-45,90,90,90]",,,,,,,,,BLUE,3,Same,5,3,,,,,,5,1,0.804,5,5,85,9,1,,,,,
,,,,,,,,,,,,,,,5f974c72a0ed8c0f9ce724ea,2025-01-21_19h46.36.530,VisualArraysMentalRotation_v4,2021.1.4,MacIntel,121.0653753,679054f2072d526265aabff2,67906991e4501d47f2d9f452,,,,,,,,,,,,,,,,,,,,,,,,,"[90,-45,-45,90,-45]","[45,45,45,0,-45]",,Red_2,"[90,45,-45,90,-45]","[45,45,45,0,-45]",,,,,,,,,RED,3,Different,6,3,,,,,,6,1,1.035,5,6,86,5,1,,,,,
,,,,,,,,,,,,,,,5f974c72a0ed8c0f9ce724ea,2025-01-21_19h46.36.530,VisualArraysMentalRotation_v4,2021.1.4,MacIntel,121.0653753,679054f2072d526265aabff2,67906991e4501d47f2d9f452,,,,,,,,,,,,,,,,,,,,,,,,,"[-45,45,45,45,0]","[90,45,45,0,-45]",,Blue_1,"[-45,45,45,45,0]","[0,45,45,0,-45]",,,,,,,,,BLUE,5,Different,6,1,,,,,,5,0,1.193,5,7,87,14,1,,,,,
,,,,,,,,,,,,,,,5f974c72a0ed8c0f9ce724ea,2025-01-21_19h46.36.530,VisualArraysMentalRotation_v4,2021.1.4,MacIntel,121.0653753,679054f2072d526265aabff2,67906991e4501d47f2d9f452,,,,,,,,,,,,,,,,,,,,,,,,,"[0,-45,45,90,90]","[0,45,0,0,90]",,Blue_2,"[0,-45,45,90,90]","[0,45,0,0,90]",,,,,,,,,BLUE,3,Same,5,1,,,,,,5,1,0.749,5,8,88,8,1,,,,,
,,,,,,,,,,,,,,,5f974c72a0ed8c0f9ce724ea,2025-01-21_19h46.36.530,VisualArraysMentalRotation_v4,2021.1.4,MacIntel,121.0653753,679054f2072d526265aabff2,67906991e4501d47f2d9f452,,,,,,,,,,,,,,,,,,,,,,,,,"[0,0,-45,90,0]","[0,45,0,90,45]",,Red_2,"[0,0,-45,90,0]","[0,45,0,90,45]",,,,,,,,,RED,3,Same,5,3,,,,,,5,1,0.915,5,9,89,1,1,,,,,
,,,,,,,,,,,,,,,5f974c72a0ed8c0f9ce724ea,2025-01-21_19h46.36.530,VisualArraysMentalRotation_v4,2021.1.4,MacIntel,121.0653753,679054f2072d526265aabff2,67906991e4501d47f2d9f452,,,,,,,,,,,,,,,,,,,,,,,,,"[45,-45,45,0,45]","[45,90,0,-45,0]",,Red_2,"[45,0,45,0,45]","[45,90,0,-45,0]",,,,,,,,,RED,5,Different,6,1,,,,,,6,1,0.97,5,10,90,6,1,,,,,
,,,,,,,,,,,,,,,5f974c72a0ed8c0f9ce724ea,2025-01-21_19h46.36.530,VisualArraysMentalRotation_v4,2021.1.4,MacIntel,121.0653753,679054f2072d526265aabff2,67906991e4501d47f2d9f452,,,,,,,,,,,,,,,,,,,,,,,,,"[90,45,0,0,-45]","[90,90,0,-45,90]",,Blue_3,"[90,45,0,0,-45]","[90,90,0,-45,90]",,,,,,,,,BLUE,5,Same,5,3,,,,,,5,1,1.111,5,11,91,11,1,,,,,
,,,,,,,,,,,,,,,5f974c72a0ed8c0f9ce724ea,2025-01-21_19h46.36.530,VisualArraysMentalRotation_v4,2021.1.4,MacIntel,121.0653753,679054f2072d526265aabff2,67906991e4501d47f2d9f452,,,,,,,,,,,,,,,,,,,,,,,,,"[0,-45,90,90,0]","[0,0,45,45,45]",,Blue_1,"[0,-45,90,90,0]","[0,0,45,45,45]",,,,,,,,,BLUE,5,Same,5,1,,,,,,5,1,0.792,5,12,92,10,1,,,,,
,,,,,,,,,,,,,,,5f974c72a0ed8c0f9ce724ea,2025-01-21_19h46.36.530,VisualArraysMentalRotation_v4,2021.1.4,MacIntel,121.0653753,679054f2072d526265aabff2,67906991e4501d47f2d9f452,,,,,,,,,,,,,,,,,,,,,,,,,"[0,0,45,45,45]","[-45,90,-45,90,0]",,Red_1,"[0,0,45,45,45]","[-45,90,-45,90,0]",,,,,,,,,RED,5,Same,5,1,,,,,,5,1,1.012,5,13,93,2,1,,,,,
,,,,,,,,,,,,,,,5f974c72a0ed8c0f9ce724ea,2025-01-21_19h46.36.530,VisualArraysMentalRotation_v4,2021.1.4,MacIntel,121.0653753,679054f2072d526265aabff2,67906991e4501d47f2d9f452,,,,,,,,,,,,,,,,,,,,,,,,,"[0,45,45,90,90]","[-45,-45,-45,0,45]",,Red_2,"[0,45,45,90,90]","[-45,-45,-45,0,45]",,,,,,,,,RED,5,Same,5,3,,,,,,6,0,0.946,5,14,94,3,1,,,,,
,,,,,,,,,,,,,,,5f974c72a0ed8c0f9ce724ea,2025-01-21_19h46.36.530,VisualArraysMentalRotation_v4,2021.1.4,MacIntel,121.0653753,679054f2072d526265aabff2,67906991e4501d47f2d9f452,,,,,,,,,,,,,,,,,,,,,,,,,"[90,90,45,45,0]","[45,45,0,0,45]",,Blue_1,"[90,90,45,45,0]","[-45,45,0,0,45]",,,,,,,,,BLUE,3,Different,6,3,,,,,,6,1,0.999,5,15,95,13,1,,,,,
,,,,,,,,,,,,,,,5f974c72a0ed8c0f9ce724ea,2025-01-21_19h46.36.530,VisualArraysMentalRotation_v4,2021.1.4,MacIntel,121.0653753,679054f2072d526265aabff2,67906991e4501d47f2d9f452,,,,,,,,,,,,,,,,,,,,,,,,,"[45,-45,0,45,0]","[45,-45,45,0,45]",,Blue_4,"[45,-45,0,45,0]","[45,-45,45,0,45]",,,,,,,,,BLUE,5,Same,5,3,,,,,,5,1,1.366,6,0,96,11,1,,,,,
,,,,,,,,,,,,,,,5f974c72a0ed8c0f9ce724ea,2025-01-21_19h46.36.530,VisualArraysMentalRotation_v4,2021.1.4,MacIntel,121.0653753,679054f2072d526265aabff2,67906991e4501d47f2d9f452,,,,,,,,,,,,,,,,,,,,,,,,,"[90,90,90,-45,90]","[90,90,0,0,90]",,Red_5,"[90,90,90,-45,45]","[90,90,0,0,90]",,,,,,,,,RED,5,Different,6,1,,,,,,6,1,1.026,6,1,97,6,1,,,,,
,,,,,,,,,,,,,,,5f974c72a0ed8c0f9ce724ea,2025-01-21_19h46.36.530,VisualArraysMentalRotation_v4,2021.1.4,MacIntel,121.0653753,679054f2072d526265aabff2,67906991e4501d47f2d9f452,,,,,,,,,,,,,,,,,,,,,,,,,"[0,-45,-45,90,0]","[0,0,0,-45,-45]",,Red_2,"[0,90,-45,90,0]","[0,0,0,-45,-45]",,,,,,,,,RED,3,Different,6,1,,,,,,6,1,0.913,6,2,98,4,1,,,,,
,,,,,,,,,,,,,,,5f974c72a0ed8c0f9ce724ea,2025-01-21_19h46.36.530,VisualArraysMentalRotation_v4,2021.1.4,MacIntel,121.0653753,679054f2072d526265aabff2,67906991e4501d47f2d9f452,,,,,,,,,,,,,,,,,,,,,,,,,"[-45,45,90,-45,-45]","[90,-45,-45,45,-45]",,Blue_3,"[-45,45,90,-45,-45]","[90,-45,45,45,-45]",,,,,,,,,BLUE,5,Different,6,1,,,,,,6,1,1.1,6,3,99,14,1,,,,,
,,,,,,,,,,,,,,,5f974c72a0ed8c0f9ce724ea,2025-01-21_19h46.36.530,VisualArraysMentalRotation_v4,2021.1.4,MacIntel,121.0653753,679054f2072d526265aabff2,67906991e4501d47f2d9f452,,,,,,,,,,,,,,,,,,,,,,,,,"[90,90,-45,-45,-45]","[45,90,0,-45,45]",,Blue_3,"[90,90,-45,-45,-45]","[45,90,0,-45,45]",,,,,,,,,BLUE,5,Same,5,1,,,,,,5,1,1.217,6,4,100,10,1,,,,,
,,,,,,,,,,,,,,,5f974c72a0ed8c0f9ce724ea,2025-01-21_19h46.36.530,VisualArraysMentalRotation_v4,2021.1.4,MacIntel,121.0653753,679054f2072d526265aabff2,67906991e4501d47f2d9f452,,,,,,,,,,,,,,,,,,,,,,,,,"[0,-45,45,45,90]","[-45,-45,-45,90,45]",,Red_1,"[-45,-45,45,45,90]","[-45,-45,-45,90,45]",,,,,,,,,RED,3,Different,6,3,,,,,,5,0,1.45,6,5,101,5,1,,,,,
,,,,,,,,,,,,,,,5f974c72a0ed8c0f9ce724ea,2025-01-21_19h46.36.530,VisualArraysMentalRotation_v4,2021.1.4,MacIntel,121.0653753,679054f2072d526265aabff2,67906991e4501d47f2d9f452,,,,,,,,,,,,,,,,,,,,,,,,,"[0,45,0,-45,-45]","[0,45,0,-45,45]",,Red_2,"[0,45,0,-45,-45]","[0,45,0,-45,45]",,,,,,,,,RED,5,Same,5,1,,,,,,5,1,1.091,6,6,102,2,1,,,,,
,,,,,,,,,,,,,,,5f974c72a0ed8c0f9ce724ea,2025-01-21_19h46.36.530,VisualArraysMentalRotation_v4,2021.1.4,MacIntel,121.0653753,679054f2072d526265aabff2,67906991e4501d47f2d9f452,,,,,,,,,,,,,,,,,,,,,,,,,"[0,45,45,90,45]","[0,0,-45,-45,90]",,Red_4,"[0,45,45,90,45]","[0,0,-45,-45,90]",,,,,,,,,RED,5,Same,5,3,,,,,,5,1,1.277,6,7,103,3,1,,,,,
,,,,,,,,,,,,,,,5f974c72a0ed8c0f9ce724ea,2025-01-21_19h46.36.530,VisualArraysMentalRotation_v4,2021.1.4,MacIntel,121.0653753,679054f2072d526265aabff2,67906991e4501d47f2d9f452,,,,,,,,,,,,,,,,,,,,,,,,,"[90,90,-45,-45,-45]","[90,0,90,90,0]",,Blue_3,"[90,90,-45,-45,-45]","[90,0,-45,90,0]",,,,,,,,,BLUE,3,Different,6,3,,,,,,6,1,0.9,6,8,104,13,1,,,,,
,,,,,,,,,,,,,,,5f974c72a0ed8c0f9ce724ea,2025-01-21_19h46.36.530,VisualArraysMentalRotation_v4,2021.1.4,MacIntel,121.0653753,679054f2072d526265aabff2,67906991e4501d47f2d9f452,,,,,,,,,,,,,,,,,,,,,,,,,"[45,-45,45,90,-45]","[45,-45,0,-45,45]",,Red_1,"[45,-45,45,90,-45]","[45,-45,0,-45,45]",,,,,,,,,RED,3,Same,5,1,,,,,,5,1,0.803,6,9,105,0,1,,,,,
,,,,,,,,,,,,,,,5f974c72a0ed8c0f9ce724ea,2025-01-21_19h46.36.530,VisualArraysMentalRotation_v4,2021.1.4,MacIntel,121.0653753,679054f2072d526265aabff2,67906991e4501d47f2d9f452,,,,,,,,,,,,,,,,,,,,,,,,,"[0,0,-45,90,45]","[45,90,90,90,0]",,Blue_3,"[0,0,-45,90,45]","[45,90,45,90,0]",,,,,,,,,BLUE,3,Different,6,1,,,,,,6,1,0.748,6,10,106,12,1,,,,,
,,,,,,,,,,,,,,,5f974c72a0ed8c0f9ce724ea,2025-01-21_19h46.36.530,VisualArraysMentalRotation_v4,2021.1.4,MacIntel,121.0653753,679054f2072d526265aabff2,67906991e4501d47f2d9f452,,,,,,,,,,,,,,,,,,,,,,,,,"[-45,0,0,0,0]","[-45,-45,45,45,45]",,Blue_2,"[-45,0,0,0,0]","[-45,-45,45,45,45]",,,,,,,,,BLUE,3,Same,5,1,,,,,,5,1,1.125,6,11,107,8,1,,,,,
,,,,,,,,,,,,,,,5f974c72a0ed8c0f9ce724ea,2025-01-21_19h46.36.530,VisualArraysMentalRotation_v4,2021.1.4,MacIntel,121.0653753,679054f2072d526265aabff2,67906991e4501d47f2d9f452,,,,,,,,,,,,,,,,,,,,,,,,,"[45,-45,-45,90,-45]","[90,45,45,0,-45]",,Red_3,"[45,-45,-45,90,-45]","[90,45,45,0,-45]",,,,,,,,,RED,3,Same,5,3,,,,,,5,1,0.802,6,12,108,1,1,,,,,
,,,,,,,,,,,,,,,5f974c72a0ed8c0f9ce724ea,2025-01-21_19h46.36.530,VisualArraysMentalRotation_v4,2021.1.4,MacIntel,121.0653753,679054f2072d526265aabff2,67906991e4501d47f2d9f452,,,,,,,,,,,,,,,,,,,,,,,,,"[90,90,0,90,45]","[90,90,45,90,-45]",,Blue_5,"[90,90,0,90,45]","[90,90,45,90,90]",,,,,,,,,BLUE,5,Different,6,3,,,,,,6,1,1,6,13,109,15,1,,,,,
,,,,,,,,,,,,,,,5f974c72a0ed8c0f9ce724ea,2025-01-21_19h46.36.530,VisualArraysMentalRotation_v4,2021.1.4,MacIntel,121.0653753,679054f2072d526265aabff2,67906991e4501d47f2d9f452,,,,,,,,,,,,,,,,,,,,,,,,,"[45,0,0,45,45]","[45,0,0,-45,90]",,Blue_1,"[45,0,0,45,45]","[45,0,0,-45,90]",,,,,,,,,BLUE,3,Same,5,3,,,,,,5,1,1.729,6,14,110,9,1,,,,,
,,,,,,,,,,,,,,,5f974c72a0ed8c0f9ce724ea,2025-01-21_19h46.36.530,VisualArraysMentalRotation_v4,2021.1.4,MacIntel,121.0653753,679054f2072d526265aabff2,67906991e4501d47f2d9f452,,,,,,,,,,,,,,,,,,,,,,,,,"[-45,-45,90,-45,90]","[45,45,0,0,90]",,Red_5,"[-45,-45,90,-45,45]","[45,45,0,0,90]",,,,,,,,,RED,5,Different,6,3,,,,,,5,0,1,6,15,111,7,1,,,,,
,,,,,,,,,,,,,,,5f974c72a0ed8c0f9ce724ea,2025-01-21_19h46.36.530,VisualArraysMentalRotation_v4,2021.1.4,MacIntel,121.0653753,679054f2072d526265aabff2,67906991e4501d47f2d9f452,,,,,,,,,,,,,,,,,,,,,,,,,,,,,,,,,,,,,,,,,,,,,,,,,,,,,,,,,0,0,0,0,1
,,,,,,,,,,,,,,,5f974c72a0ed8c0f9ce724ea,2025-01-21_19h46.36.530,VisualArraysMentalRotation_v4,2021.1.4,MacIntel,121.0653753,679054f2072d526265aabff2,67906991e4501d47f2d9f452,,,,,,,,,,,,,,,,,,0,1,1,1,1,1,0,,,,,,,,,,,,,,,,,,,,,,,,,,,,,,,,,,,,,
