TaskOrder,consent_final_key_resp.keys,consent_final_key_resp.rt,VA_InstructionsLoop.thisRepN,VA_InstructionsLoop.thisTrialN,VA_InstructionsLoop.thisN,VA_InstructionsLoop.thisIndex,VA_InstructionsLoop.ran,PROLIFIC_PID,date,expName,psychopyVersion,OS,frameRate,STUDY_ID,SESSION_ID,Red Orientations,Blue Orientations,VA_array_dur,Target Rectangle,New Red Orientations,New Blue Orientations,VA_PracResponse.keys,VA_PracResponse.corr,VA_PracResponse.rt,PracTrials.thisRepN,PracTrials.thisTrialN,PracTrials.thisN,PracTrials.thisIndex,PracTrials.ran,VA_Target,VA_TargetNumber,VA_Orientation,VA_Answer,VA_DelayDur,VA_PracTrialsSpeed.thisRepN,VA_PracTrialsSpeed.thisTrialN,VA_PracTrialsSpeed.thisN,VA_PracTrialsSpeed.thisIndex,VA_PracTrialsSpeed.ran,VA_TestResponse.keys,VA_TestResponse.corr,VA_TestResponse.rt,VA_TestTrials.thisRepN,VA_TestTrials.thisTrialN,VA_TestTrials.thisN,VA_TestTrials.thisIndex,VA_TestTrials.ran,VA_Task.thisRepN,VA_Task.thisTrialN,VA_Task.thisN,VA_Task.thisIndex,VA_Task.ran,TasksLoop.thisRepN,TasksLoop.thisTrialN,TasksLoop.thisN,TasksLoop.thisIndex,TasksLoop.ran,nRepsVA,nRepsMRT,MRTPracResponse.keys,MRTPracResponse.corr,MRTPracResponse.rt,MRTPracticeTrials.thisRepN,MRTPracticeTrials.thisTrialN,MRTPracticeTrials.thisN,MRTPracticeTrials.thisIndex,MRTPracticeTrials.ran,PracStimulus,PracDegRotation,PracType,MRTPracCorrectAns,MRTStimulus,MRTType,MRTDegRotation,MRTCorrectAns,MRTTestResponse.keys,MRTTestResponse.corr,MRTTestResponse.rt,MRTTestTrials.thisRepN,MRTTestTrials.thisTrialN,MRTTestTrials.thisN,MRTTestTrials.thisIndex,MRTTestTrials.ran,MRT_Task.thisRepN,MRT_Task.thisTrialN,MRT_Task.thisN,MRT_Task.thisIndex,MRT_Task.ran
1,y,19.268,0,0,0,0,1,610b06f1534fdc7ce455d168,2025-01-21_21h56.40.072,VisualArraysMentalRotation_v4,2021.1.4,Win32,59.95203837,679054f2072d526265aabff2,67905e4926b062ad60277d06,,,,,,,,,,,,,,,,,,,,,,,,,,,,,,,,,,,,,,,,,,,,,,,,,,,,,,,,,,,,,,,,,,,,,,,,,
,,,,,,,,610b06f1534fdc7ce455d168,2025-01-21_21h56.40.072,VisualArraysMentalRotation_v4,2021.1.4,Win32,59.95203837,679054f2072d526265aabff2,67905e4926b062ad60277d06,"[-45,90,0,90,45]","[-45,90,90,45,-45]",0.25,PracBlue_1,"[-45,90,0,90,45]","[-45,90,90,45,-45]",5,1,1.402,0,0,0,9,1,BLUE,3,Same,5,3,,,,,,,,,,,,,,,,,,,,,,,,,,,,,,,,,,,,,,,,,,,,,,,,,,,,,,
,,,,,,,,610b06f1534fdc7ce455d168,2025-01-21_21h56.40.072,VisualArraysMentalRotation_v4,2021.1.4,Win32,59.95203837,679054f2072d526265aabff2,67905e4926b062ad60277d06,"[90,-45,45,45,90]","[0,90,45,90,90]",0.25,PracBlue_2,"[90,-45,45,45,90]","[0,45,45,90,90]",6,1,1.068,0,1,1,13,1,BLUE,3,Different,6,3,,,,,,,,,,,,,,,,,,,,,,,,,,,,,,,,,,,,,,,,,,,,,,,,,,,,,,
,,,,,,,,610b06f1534fdc7ce455d168,2025-01-21_21h56.40.072,VisualArraysMentalRotation_v4,2021.1.4,Win32,59.95203837,679054f2072d526265aabff2,67905e4926b062ad60277d06,"[90,45,0,-45,0]","[90,0,-45,-45,45]",0.25,PracRed_2,"[90,90,0,-45,0]","[90,0,-45,-45,45]",5,0,0.667,0,2,2,6,1,RED,5,Different,6,1,,,,,,,,,,,,,,,,,,,,,,,,,,,,,,,,,,,,,,,,,,,,,,,,,,,,,,
,,,,,,,,610b06f1534fdc7ce455d168,2025-01-21_21h56.40.072,VisualArraysMentalRotation_v4,2021.1.4,Win32,59.95203837,679054f2072d526265aabff2,67905e4926b062ad60277d06,"[0,0,45,45,0]","[0,0,90,45,0]",0.25,PracBlue_2,"[0,0,45,45,0]","[0,0,90,45,0]",6,0,0.934,0,3,3,8,1,BLUE,3,Same,5,1,,,,,,,,,,,,,,,,,,,,,,,,,,,,,,,,,,,,,,,,,,,,,,,,,,,,,,
,,,,,,,,610b06f1534fdc7ce455d168,2025-01-21_21h56.40.072,VisualArraysMentalRotation_v4,2021.1.4,Win32,59.95203837,679054f2072d526265aabff2,67905e4926b062ad60277d06,"[-45,90,45,0,-45]","[0,45,0,0,45]",0.25,PracBlue_1,"[-45,90,45,0,-45]","[0,45,0,0,45]",6,0,1.033,0,4,4,10,1,BLUE,5,Same,5,1,,,,,,,,,,,,,,,,,,,,,,,,,,,,,,,,,,,,,,,,,,,,,,,,,,,,,,
,,,,,,,,610b06f1534fdc7ce455d168,2025-01-21_21h56.40.072,VisualArraysMentalRotation_v4,2021.1.4,Win32,59.95203837,679054f2072d526265aabff2,67905e4926b062ad60277d06,"[45,-45,90,45,0]","[-45,-45,45,-45,-45]",0.25,PracRed_2,"[45,90,90,45,0]","[-45,-45,45,-45,-45]",6,1,1.584,0,5,5,5,1,RED,3,Different,6,3,,,,,,,,,,,,,,,,,,,,,,,,,,,,,,,,,,,,,,,,,,,,,,,,,,,,,,
,,,,,,,,610b06f1534fdc7ce455d168,2025-01-21_21h56.40.072,VisualArraysMentalRotation_v4,2021.1.4,Win32,59.95203837,679054f2072d526265aabff2,67905e4926b062ad60277d06,"[-45,0,90,90,-45]","[90,-45,0,90,-45]",0.25,PracRed_4,"[-45,0,90,90,-45]","[90,-45,0,90,-45]",6,0,1.19,0,6,6,3,1,RED,5,Same,5,3,,,,,,,,,,,,,,,,,,,,,,,,,,,,,,,,,,,,,,,,,,,,,,,,,,,,,,
,,,,,,,,610b06f1534fdc7ce455d168,2025-01-21_21h56.40.072,VisualArraysMentalRotation_v4,2021.1.4,Win32,59.95203837,679054f2072d526265aabff2,67905e4926b062ad60277d06,"[0,90,45,90,90]","[45,-45,0,-45,45]",0.25,PracRed_1,"[0,90,45,90,90]","[45,-45,0,-45,45]",5,1,1.004,0,7,7,0,1,RED,3,Same,5,1,,,,,,,,,,,,,,,,,,,,,,,,,,,,,,,,,,,,,,,,,,,,,,,,,,,,,,
,,,,,,,,610b06f1534fdc7ce455d168,2025-01-21_21h56.40.072,VisualArraysMentalRotation_v4,2021.1.4,Win32,59.95203837,679054f2072d526265aabff2,67905e4926b062ad60277d06,"[0,90,0,90,45]","[45,0,-45,90,-45]",0.25,PracRed_1,"[0,90,0,90,45]","[45,0,-45,90,-45]",6,0,0.777,0,8,8,1,1,RED,3,Same,5,3,,,,,,,,,,,,,,,,,,,,,,,,,,,,,,,,,,,,,,,,,,,,,,,,,,,,,,
,,,,,,,,610b06f1534fdc7ce455d168,2025-01-21_21h56.40.072,VisualArraysMentalRotation_v4,2021.1.4,Win32,59.95203837,679054f2072d526265aabff2,67905e4926b062ad60277d06,"[90,90,45,-45,0]","[0,45,-45,45,-45]",0.25,PracRed_4,"[90,90,45,45,0]","[0,45,-45,45,-45]",6,1,0.867,0,9,9,7,1,RED,5,Different,6,3,,,,,,,,,,,,,,,,,,,,,,,,,,,,,,,,,,,,,,,,,,,,,,,,,,,,,,
,,,,,,,,610b06f1534fdc7ce455d168,2025-01-21_21h56.40.072,VisualArraysMentalRotation_v4,2021.1.4,Win32,59.95203837,679054f2072d526265aabff2,67905e4926b062ad60277d06,"[45,-45,90,0,45]","[45,90,45,0,45]",0.25,PracBlue_5,"[45,-45,90,0,45]","[45,90,45,0,90]",5,0,0.785,0,10,10,14,1,BLUE,5,Different,6,1,,,,,,,,,,,,,,,,,,,,,,,,,,,,,,,,,,,,,,,,,,,,,,,,,,,,,,
,,,,,,,,610b06f1534fdc7ce455d168,2025-01-21_21h56.40.072,VisualArraysMentalRotation_v4,2021.1.4,Win32,59.95203837,679054f2072d526265aabff2,67905e4926b062ad60277d06,"[0,-45,90,-45,45]","[90,45,45,0,45]",0.25,PracBlue_3,"[0,-45,90,-45,45]","[90,45,-45,0,45]",6,1,0.836,0,11,11,15,1,BLUE,5,Different,6,3,,,,,,,,,,,,,,,,,,,,,,,,,,,,,,,,,,,,,,,,,,,,,,,,,,,,,,
,,,,,,,,610b06f1534fdc7ce455d168,2025-01-21_21h56.40.072,VisualArraysMentalRotation_v4,2021.1.4,Win32,59.95203837,679054f2072d526265aabff2,67905e4926b062ad60277d06,"[0,-45,-45,0,90]","[90,-45,0,90,45]",0.25,PracBlue_1,"[0,-45,-45,0,90]","[45,-45,0,90,45]",6,1,0.837,0,12,12,12,1,BLUE,3,Different,6,1,,,,,,,,,,,,,,,,,,,,,,,,,,,,,,,,,,,,,,,,,,,,,,,,,,,,,,
,,,,,,,,610b06f1534fdc7ce455d168,2025-01-21_21h56.40.072,VisualArraysMentalRotation_v4,2021.1.4,Win32,59.95203837,679054f2072d526265aabff2,67905e4926b062ad60277d06,"[0,45,0,90,-45]","[0,90,90,45,45]",0.25,PracRed_3,"[0,45,90,90,-45]","[0,90,90,45,45]",5,0,0.586,0,13,13,4,1,RED,3,Different,6,1,,,,,,,,,,,,,,,,,,,,,,,,,,,,,,,,,,,,,,,,,,,,,,,,,,,,,,
,,,,,,,,610b06f1534fdc7ce455d168,2025-01-21_21h56.40.072,VisualArraysMentalRotation_v4,2021.1.4,Win32,59.95203837,679054f2072d526265aabff2,67905e4926b062ad60277d06,"[0,-45,45,-45,90]","[45,45,45,-45,45]",0.25,PracRed_5,"[0,-45,45,-45,90]","[45,45,45,-45,45]",6,0,0.728,0,14,14,2,1,RED,5,Same,5,1,,,,,,,,,,,,,,,,,,,,,,,,,,,,,,,,,,,,,,,,,,,,,,,,,,,,,,
,,,,,,,,610b06f1534fdc7ce455d168,2025-01-21_21h56.40.072,VisualArraysMentalRotation_v4,2021.1.4,Win32,59.95203837,679054f2072d526265aabff2,67905e4926b062ad60277d06,"[-45,0,90,45,90]","[-45,45,45,45,45]",0.25,PracBlue_4,"[-45,0,90,45,90]","[-45,45,45,45,45]",5,1,1.066,0,15,15,11,1,BLUE,5,Same,5,3,,,,,,,,,,,,,,,,,,,,,,,,,,,,,,,,,,,,,,,,,,,,,,,,,,,,,,
,,,,,,,,610b06f1534fdc7ce455d168,2025-01-21_21h56.40.072,VisualArraysMentalRotation_v4,2021.1.4,Win32,59.95203837,679054f2072d526265aabff2,67905e4926b062ad60277d06,,,,,,,,,,,,,,,,,,,,0,0,0,0,1,,,,,,,,,,,,,,,,,,,,,,,,,,,,,,,,,,,,,,,,,,,,,,,,,
,,,,,,,,610b06f1534fdc7ce455d168,2025-01-21_21h56.40.072,VisualArraysMentalRotation_v4,2021.1.4,Win32,59.95203837,679054f2072d526265aabff2,67905e4926b062ad60277d06,"[45,-45,-45,90,90]","[90,-45,45,-45,90]",0.25,PracBlue_2,"[45,-45,-45,90,90]","[90,-45,45,-45,90]",5,1,0.533,0,0,0,11,1,BLUE,5,Same,5,3,,,,,,,,,,,,,,,,,,,,,,,,,,,,,,,,,,,,,,,,,,,,,,,,,,,,,,
,,,,,,,,610b06f1534fdc7ce455d168,2025-01-21_21h56.40.072,VisualArraysMentalRotation_v4,2021.1.4,Win32,59.95203837,679054f2072d526265aabff2,67905e4926b062ad60277d06,"[0,45,0,90,90]","[-45,45,0,45,45]",0.25,PracBlue_2,"[0,45,0,90,90]","[-45,45,0,45,45]",5,1,0.524,0,1,1,8,1,BLUE,3,Same,5,1,,,,,,,,,,,,,,,,,,,,,,,,,,,,,,,,,,,,,,,,,,,,,,,,,,,,,,
,,,,,,,,610b06f1534fdc7ce455d168,2025-01-21_21h56.40.072,VisualArraysMentalRotation_v4,2021.1.4,Win32,59.95203837,679054f2072d526265aabff2,67905e4926b062ad60277d06,"[0,45,0,0,0]","[45,-45,45,45,-45]",0.25,PracRed_4,"[0,45,0,0,0]","[45,-45,45,45,-45]",6,0,2.173,0,2,2,2,1,RED,5,Same,5,1,,,,,,,,,,,,,,,,,,,,,,,,,,,,,,,,,,,,,,,,,,,,,,,,,,,,,,
,,,,,,,,610b06f1534fdc7ce455d168,2025-01-21_21h56.40.072,VisualArraysMentalRotation_v4,2021.1.4,Win32,59.95203837,679054f2072d526265aabff2,67905e4926b062ad60277d06,"[45,90,45,0,90]","[-45,-45,0,0,-45]",0.25,PracBlue_5,"[45,90,45,0,90]","[-45,-45,0,0,90]",6,1,0.937,0,3,3,15,1,BLUE,5,Different,6,3,,,,,,,,,,,,,,,,,,,,,,,,,,,,,,,,,,,,,,,,,,,,,,,,,,,,,,
,,,,,,,,610b06f1534fdc7ce455d168,2025-01-21_21h56.40.072,VisualArraysMentalRotation_v4,2021.1.4,Win32,59.95203837,679054f2072d526265aabff2,67905e4926b062ad60277d06,"[-45,-45,90,45,45]","[-45,45,0,-45,-45]",0.25,PracRed_1,"[0,-45,90,45,45]","[-45,45,0,-45,-45]",5,0,0.817,0,4,4,6,1,RED,5,Different,6,1,,,,,,,,,,,,,,,,,,,,,,,,,,,,,,,,,,,,,,,,,,,,,,,,,,,,,,
,,,,,,,,610b06f1534fdc7ce455d168,2025-01-21_21h56.40.072,VisualArraysMentalRotation_v4,2021.1.4,Win32,59.95203837,679054f2072d526265aabff2,67905e4926b062ad60277d06,"[0,90,90,-45,45]","[0,-45,90,0,90]",0.25,PracRed_2,"[0,90,90,-45,45]","[0,-45,90,0,90]",5,1,0.718,0,5,5,0,1,RED,3,Same,5,1,,,,,,,,,,,,,,,,,,,,,,,,,,,,,,,,,,,,,,,,,,,,,,,,,,,,,,
,,,,,,,,610b06f1534fdc7ce455d168,2025-01-21_21h56.40.072,VisualArraysMentalRotation_v4,2021.1.4,Win32,59.95203837,679054f2072d526265aabff2,67905e4926b062ad60277d06,"[0,-45,90,0,90]","[45,90,90,0,0]",0.25,PracRed_2,"[0,-45,90,0,90]","[45,90,90,0,0]",6,0,0.617,0,6,6,1,1,RED,3,Same,5,3,,,,,,,,,,,,,,,,,,,,,,,,,,,,,,,,,,,,,,,,,,,,,,,,,,,,,,
,,,,,,,,610b06f1534fdc7ce455d168,2025-01-21_21h56.40.072,VisualArraysMentalRotation_v4,2021.1.4,Win32,59.95203837,679054f2072d526265aabff2,67905e4926b062ad60277d06,"[45,0,0,-45,-45]","[-45,45,90,45,-45]",0.25,PracRed_2,"[45,-45,0,-45,-45]","[-45,45,90,45,-45]",6,1,0.667,0,7,7,5,1,RED,3,Different,6,3,,,,,,,,,,,,,,,,,,,,,,,,,,,,,,,,,,,,,,,,,,,,,,,,,,,,,,
,,,,,,,,610b06f1534fdc7ce455d168,2025-01-21_21h56.40.072,VisualArraysMentalRotation_v4,2021.1.4,Win32,59.95203837,679054f2072d526265aabff2,67905e4926b062ad60277d06,"[-45,0,-45,-45,-45]","[45,45,45,90,0]",0.25,PracBlue_2,"[-45,0,-45,-45,-45]","[45,45,45,90,0]",6,0,0.521,0,8,8,9,1,BLUE,3,Same,5,3,,,,,,,,,,,,,,,,,,,,,,,,,,,,,,,,,,,,,,,,,,,,,,,,,,,,,,
,,,,,,,,610b06f1534fdc7ce455d168,2025-01-21_21h56.40.072,VisualArraysMentalRotation_v4,2021.1.4,Win32,59.95203837,679054f2072d526265aabff2,67905e4926b062ad60277d06,"[90,45,90,0,90]","[45,0,90,90,-45]",0.25,PracBlue_1,"[90,45,90,0,90]","[-45,0,90,90,-45]",6,1,0.744,0,9,9,14,1,BLUE,5,Different,6,1,,,,,,,,,,,,,,,,,,,,,,,,,,,,,,,,,,,,,,,,,,,,,,,,,,,,,,
,,,,,,,,610b06f1534fdc7ce455d168,2025-01-21_21h56.40.072,VisualArraysMentalRotation_v4,2021.1.4,Win32,59.95203837,679054f2072d526265aabff2,67905e4926b062ad60277d06,"[-45,0,90,90,45]","[90,0,0,0,0]",0.25,PracRed_2,"[-45,0,90,90,45]","[90,0,0,0,0]",6,0,0.567,0,10,10,3,1,RED,5,Same,5,3,,,,,,,,,,,,,,,,,,,,,,,,,,,,,,,,,,,,,,,,,,,,,,,,,,,,,,
,,,,,,,,610b06f1534fdc7ce455d168,2025-01-21_21h56.40.072,VisualArraysMentalRotation_v4,2021.1.4,Win32,59.95203837,679054f2072d526265aabff2,67905e4926b062ad60277d06,"[0,-45,45,-45,45]","[-45,90,-45,90,90]",0.25,PracBlue_2,"[0,-45,45,-45,45]","[-45,45,-45,90,90]",5,0,1.248,0,11,11,12,1,BLUE,3,Different,6,1,,,,,,,,,,,,,,,,,,,,,,,,,,,,,,,,,,,,,,,,,,,,,,,,,,,,,,
,,,,,,,,610b06f1534fdc7ce455d168,2025-01-21_21h56.40.072,VisualArraysMentalRotation_v4,2021.1.4,Win32,59.95203837,679054f2072d526265aabff2,67905e4926b062ad60277d06,"[45,45,45,90,-45]","[-45,90,0,0,-45]",0.25,PracRed_2,"[45,0,45,90,-45]","[-45,90,0,0,-45]",6,1,0.752,0,12,12,4,1,RED,3,Different,6,1,,,,,,,,,,,,,,,,,,,,,,,,,,,,,,,,,,,,,,,,,,,,,,,,,,,,,,
,,,,,,,,610b06f1534fdc7ce455d168,2025-01-21_21h56.40.072,VisualArraysMentalRotation_v4,2021.1.4,Win32,59.95203837,679054f2072d526265aabff2,67905e4926b062ad60277d06,"[90,-45,90,90,-45]","[90,0,45,-45,45]",0.25,PracBlue_3,"[90,-45,90,90,-45]","[90,0,45,-45,45]",5,1,1.466,0,13,13,10,1,BLUE,5,Same,5,1,,,,,,,,,,,,,,,,,,,,,,,,,,,,,,,,,,,,,,,,,,,,,,,,,,,,,,
,,,,,,,,610b06f1534fdc7ce455d168,2025-01-21_21h56.40.072,VisualArraysMentalRotation_v4,2021.1.4,Win32,59.95203837,679054f2072d526265aabff2,67905e4926b062ad60277d06,"[90,0,0,0,45]","[0,0,45,45,-45]",0.25,PracRed_4,"[90,0,0,-45,45]","[0,0,45,45,-45]",6,1,1.109,0,14,14,7,1,RED,5,Different,6,3,,,,,,,,,,,,,,,,,,,,,,,,,,,,,,,,,,,,,,,,,,,,,,,,,,,,,,
,,,,,,,,610b06f1534fdc7ce455d168,2025-01-21_21h56.40.072,VisualArraysMentalRotation_v4,2021.1.4,Win32,59.95203837,679054f2072d526265aabff2,67905e4926b062ad60277d06,"[45,90,-45,-45,0]","[90,90,90,0,0]",0.25,PracBlue_1,"[45,90,-45,-45,0]","[45,90,90,0,0]",6,1,0.894,0,15,15,13,1,BLUE,3,Different,6,3,,,,,,,,,,,,,,,,,,,,,,,,,,,,,,,,,,,,,,,,,,,,,,,,,,,,,,
,,,,,,,,610b06f1534fdc7ce455d168,2025-01-21_21h56.40.072,VisualArraysMentalRotation_v4,2021.1.4,Win32,59.95203837,679054f2072d526265aabff2,67905e4926b062ad60277d06,,,,,,,,,,,,,,,,,,,,1,0,1,0,1,,,,,,,,,,,,,,,,,,,,,,,,,,,,,,,,,,,,,,,,,,,,,,,,,
,,,,,,,,610b06f1534fdc7ce455d168,2025-01-21_21h56.40.072,VisualArraysMentalRotation_v4,2021.1.4,Win32,59.95203837,679054f2072d526265aabff2,67905e4926b062ad60277d06,"[90,0,45,45,-45]","[0,-45,90,45,0]",,Blue_5,"[90,0,45,45,-45]","[0,-45,90,45,0]",,,,,,,,,BLUE,5,Same,5,1,,,,,,6,0,0.985,0,0,0,10,1,,,,,,,,,,,,,,,,,,,,,,,,,,,,,,,,,,,,,,,,,
,,,,,,,,610b06f1534fdc7ce455d168,2025-01-21_21h56.40.072,VisualArraysMentalRotation_v4,2021.1.4,Win32,59.95203837,679054f2072d526265aabff2,67905e4926b062ad60277d06,"[-45,-45,90,-45,90]","[0,-45,-45,-45,0]",,Blue_2,"[-45,-45,90,-45,90]","[0,90,-45,-45,0]",,,,,,,,,BLUE,3,Different,6,3,,,,,,6,1,1.171,0,1,1,13,1,,,,,,,,,,,,,,,,,,,,,,,,,,,,,,,,,,,,,,,,,
,,,,,,,,610b06f1534fdc7ce455d168,2025-01-21_21h56.40.072,VisualArraysMentalRotation_v4,2021.1.4,Win32,59.95203837,679054f2072d526265aabff2,67905e4926b062ad60277d06,"[0,90,-45,-45,-45]","[-45,90,-45,45,90]",,Red_3,"[0,90,-45,-45,-45]","[-45,90,-45,45,90]",,,,,,,,,RED,3,Same,5,1,,,,,,6,0,1.194,0,2,2,0,1,,,,,,,,,,,,,,,,,,,,,,,,,,,,,,,,,,,,,,,,,
,,,,,,,,610b06f1534fdc7ce455d168,2025-01-21_21h56.40.072,VisualArraysMentalRotation_v4,2021.1.4,Win32,59.95203837,679054f2072d526265aabff2,67905e4926b062ad60277d06,"[90,0,-45,0,0]","[0,45,0,0,0]",,Blue_1,"[90,0,-45,0,0]","[0,45,0,0,0]",,,,,,,,,BLUE,3,Same,5,3,,,,,,6,0,0.902,0,3,3,9,1,,,,,,,,,,,,,,,,,,,,,,,,,,,,,,,,,,,,,,,,,
,,,,,,,,610b06f1534fdc7ce455d168,2025-01-21_21h56.40.072,VisualArraysMentalRotation_v4,2021.1.4,Win32,59.95203837,679054f2072d526265aabff2,67905e4926b062ad60277d06,"[-45,0,90,0,45]","[45,-45,90,90,90]",,Red_2,"[-45,45,90,0,45]","[45,-45,90,90,90]",,,,,,,,,RED,3,Different,6,3,,,,,,6,1,1.686,0,4,4,5,1,,,,,,,,,,,,,,,,,,,,,,,,,,,,,,,,,,,,,,,,,
,,,,,,,,610b06f1534fdc7ce455d168,2025-01-21_21h56.40.072,VisualArraysMentalRotation_v4,2021.1.4,Win32,59.95203837,679054f2072d526265aabff2,67905e4926b062ad60277d06,"[0,0,0,-45,0]","[-45,0,-45,45,45]",,Blue_3,"[0,0,0,-45,0]","[-45,0,-45,45,45]",,,,,,,,,BLUE,3,Same,5,1,,,,,,6,0,0.944,0,5,5,8,1,,,,,,,,,,,,,,,,,,,,,,,,,,,,,,,,,,,,,,,,,
,,,,,,,,610b06f1534fdc7ce455d168,2025-01-21_21h56.40.072,VisualArraysMentalRotation_v4,2021.1.4,Win32,59.95203837,679054f2072d526265aabff2,67905e4926b062ad60277d06,"[90,0,45,90,45]","[-45,-45,-45,45,90]",,Blue_3,"[90,0,45,90,45]","[-45,-45,0,45,90]",,,,,,,,,BLUE,5,Different,6,1,,,,,,6,1,0.954,0,6,6,14,1,,,,,,,,,,,,,,,,,,,,,,,,,,,,,,,,,,,,,,,,,
,,,,,,,,610b06f1534fdc7ce455d168,2025-01-21_21h56.40.072,VisualArraysMentalRotation_v4,2021.1.4,Win32,59.95203837,679054f2072d526265aabff2,67905e4926b062ad60277d06,"[45,-45,90,0,90]","[0,0,-45,90,-45]",,Red_3,"[45,-45,90,0,90]","[0,0,-45,90,-45]",,,,,,,,,RED,3,Same,5,3,,,,,,5,1,1.569,0,7,7,1,1,,,,,,,,,,,,,,,,,,,,,,,,,,,,,,,,,,,,,,,,,
,,,,,,,,610b06f1534fdc7ce455d168,2025-01-21_21h56.40.072,VisualArraysMentalRotation_v4,2021.1.4,Win32,59.95203837,679054f2072d526265aabff2,67905e4926b062ad60277d06,"[90,0,0,-45,0]","[0,0,45,90,0]",,Blue_2,"[90,0,0,-45,0]","[0,-45,45,90,0]",,,,,,,,,BLUE,3,Different,6,1,,,,,,6,1,1.141,0,8,8,12,1,,,,,,,,,,,,,,,,,,,,,,,,,,,,,,,,,,,,,,,,,
,,,,,,,,610b06f1534fdc7ce455d168,2025-01-21_21h56.40.072,VisualArraysMentalRotation_v4,2021.1.4,Win32,59.95203837,679054f2072d526265aabff2,67905e4926b062ad60277d06,"[90,-45,45,45,0]","[90,90,90,-45,90]",,Blue_3,"[90,-45,45,45,0]","[90,90,0,-45,90]",,,,,,,,,BLUE,5,Different,6,3,,,,,,6,1,1.074,0,9,9,15,1,,,,,,,,,,,,,,,,,,,,,,,,,,,,,,,,,,,,,,,,,
,,,,,,,,610b06f1534fdc7ce455d168,2025-01-21_21h56.40.072,VisualArraysMentalRotation_v4,2021.1.4,Win32,59.95203837,679054f2072d526265aabff2,67905e4926b062ad60277d06,"[0,90,0,-45,90]","[-45,0,90,-45,-45]",,Blue_3,"[0,90,0,-45,90]","[-45,0,90,-45,-45]",,,,,,,,,BLUE,5,Same,5,3,,,,,,6,0,0.901,0,10,10,11,1,,,,,,,,,,,,,,,,,,,,,,,,,,,,,,,,,,,,,,,,,
,,,,,,,,610b06f1534fdc7ce455d168,2025-01-21_21h56.40.072,VisualArraysMentalRotation_v4,2021.1.4,Win32,59.95203837,679054f2072d526265aabff2,67905e4926b062ad60277d06,"[45,-45,90,45,45]","[0,0,45,90,45]",,Red_1,"[45,-45,90,45,45]","[0,0,45,90,45]",,,,,,,,,RED,5,Same,5,1,,,,,,5,1,1.169,0,11,11,2,1,,,,,,,,,,,,,,,,,,,,,,,,,,,,,,,,,,,,,,,,,
,,,,,,,,610b06f1534fdc7ce455d168,2025-01-21_21h56.40.072,VisualArraysMentalRotation_v4,2021.1.4,Win32,59.95203837,679054f2072d526265aabff2,67905e4926b062ad60277d06,"[45,-45,90,90,-45]","[-45,90,-45,-45,0]",,Red_3,"[45,-45,0,90,-45]","[-45,90,-45,-45,0]",,,,,,,,,RED,5,Different,6,1,,,,,,6,1,2.933,0,12,12,6,1,,,,,,,,,,,,,,,,,,,,,,,,,,,,,,,,,,,,,,,,,
,,,,,,,,610b06f1534fdc7ce455d168,2025-01-21_21h56.40.072,VisualArraysMentalRotation_v4,2021.1.4,Win32,59.95203837,679054f2072d526265aabff2,67905e4926b062ad60277d06,"[45,0,90,45,-45]","[-45,-45,-45,-45,0]",,Red_1,"[-45,0,90,45,-45]","[-45,-45,-45,-45,0]",,,,,,,,,RED,5,Different,6,3,,,,,,6,1,2.06,0,13,13,7,1,,,,,,,,,,,,,,,,,,,,,,,,,,,,,,,,,,,,,,,,,
,,,,,,,,610b06f1534fdc7ce455d168,2025-01-21_21h56.40.072,VisualArraysMentalRotation_v4,2021.1.4,Win32,59.95203837,679054f2072d526265aabff2,67905e4926b062ad60277d06,"[90,90,45,-45,0]","[0,45,90,-45,45]",,Red_2,"[90,45,45,-45,0]","[0,45,90,-45,45]",,,,,,,,,RED,3,Different,6,1,,,,,,6,1,0.919,0,14,14,4,1,,,,,,,,,,,,,,,,,,,,,,,,,,,,,,,,,,,,,,,,,
,,,,,,,,610b06f1534fdc7ce455d168,2025-01-21_21h56.40.072,VisualArraysMentalRotation_v4,2021.1.4,Win32,59.95203837,679054f2072d526265aabff2,67905e4926b062ad60277d06,"[-45,45,45,90,0]","[0,-45,90,90,90]",,Red_3,"[-45,45,45,90,0]","[0,-45,90,90,90]",,,,,,,,,RED,5,Same,5,3,,,,,,5,1,1.579,0,15,15,3,1,,,,,,,,,,,,,,,,,,,,,,,,,,,,,,,,,,,,,,,,,
,,,,,,,,610b06f1534fdc7ce455d168,2025-01-21_21h56.40.072,VisualArraysMentalRotation_v4,2021.1.4,Win32,59.95203837,679054f2072d526265aabff2,67905e4926b062ad60277d06,"[0,0,90,0,0]","[0,90,45,0,90]",,Red_3,"[0,0,90,0,0]","[0,90,45,0,90]",,,,,,,,,RED,3,Same,5,1,,,,,,5,1,1.139,1,0,16,0,1,,,,,,,,,,,,,,,,,,,,,,,,,,,,,,,,,,,,,,,,,
,,,,,,,,610b06f1534fdc7ce455d168,2025-01-21_21h56.40.072,VisualArraysMentalRotation_v4,2021.1.4,Win32,59.95203837,679054f2072d526265aabff2,67905e4926b062ad60277d06,"[90,45,0,0,45]","[90,-45,-45,90,0]",,Blue_2,"[90,45,0,0,45]","[90,-45,-45,90,0]",,,,,,,,,BLUE,5,Same,5,3,,,,,,5,1,1.339,1,1,17,11,1,,,,,,,,,,,,,,,,,,,,,,,,,,,,,,,,,,,,,,,,,
,,,,,,,,610b06f1534fdc7ce455d168,2025-01-21_21h56.40.072,VisualArraysMentalRotation_v4,2021.1.4,Win32,59.95203837,679054f2072d526265aabff2,67905e4926b062ad60277d06,"[-45,0,90,90,45]","[-45,-45,45,45,0]",,Blue_2,"[-45,0,90,90,45]","[-45,-45,45,45,0]",,,,,,,,,BLUE,3,Same,5,1,,,,,,5,1,1.05,1,2,18,8,1,,,,,,,,,,,,,,,,,,,,,,,,,,,,,,,,,,,,,,,,,
,,,,,,,,610b06f1534fdc7ce455d168,2025-01-21_21h56.40.072,VisualArraysMentalRotation_v4,2021.1.4,Win32,59.95203837,679054f2072d526265aabff2,67905e4926b062ad60277d06,"[45,45,0,45,0]","[45,-45,90,45,0]",,Red_1,"[45,45,0,45,0]","[45,-45,90,45,0]",,,,,,,,,RED,3,Same,5,3,,,,,,5,1,1.93,1,3,19,1,1,,,,,,,,,,,,,,,,,,,,,,,,,,,,,,,,,,,,,,,,,
,,,,,,,,610b06f1534fdc7ce455d168,2025-01-21_21h56.40.072,VisualArraysMentalRotation_v4,2021.1.4,Win32,59.95203837,679054f2072d526265aabff2,67905e4926b062ad60277d06,"[-45,-45,-45,0,90]","[0,45,45,0,90]",,Blue_3,"[-45,-45,-45,0,90]","[0,45,90,0,90]",,,,,,,,,BLUE,5,Different,6,3,,,,,,5,0,1.511,1,4,20,15,1,,,,,,,,,,,,,,,,,,,,,,,,,,,,,,,,,,,,,,,,,
,,,,,,,,610b06f1534fdc7ce455d168,2025-01-21_21h56.40.072,VisualArraysMentalRotation_v4,2021.1.4,Win32,59.95203837,679054f2072d526265aabff2,67905e4926b062ad60277d06,"[-45,0,-45,45,-45]","[90,45,0,0,0]",,Red_3,"[-45,0,45,45,-45]","[90,45,0,0,0]",,,,,,,,,RED,3,Different,6,1,,,,,,6,1,1.175,1,5,21,4,1,,,,,,,,,,,,,,,,,,,,,,,,,,,,,,,,,,,,,,,,,
,,,,,,,,610b06f1534fdc7ce455d168,2025-01-21_21h56.40.072,VisualArraysMentalRotation_v4,2021.1.4,Win32,59.95203837,679054f2072d526265aabff2,67905e4926b062ad60277d06,"[-45,-45,90,45,90]","[90,-45,90,0,90]",,Blue_2,"[-45,-45,90,45,90]","[90,0,90,0,90]",,,,,,,,,BLUE,3,Different,6,1,,,,,,6,1,1.073,1,6,22,12,1,,,,,,,,,,,,,,,,,,,,,,,,,,,,,,,,,,,,,,,,,
,,,,,,,,610b06f1534fdc7ce455d168,2025-01-21_21h56.40.072,VisualArraysMentalRotation_v4,2021.1.4,Win32,59.95203837,679054f2072d526265aabff2,67905e4926b062ad60277d06,"[-45,-45,90,-45,45]","[0,-45,-45,0,90]",,Red_1,"[-45,-45,90,-45,45]","[0,-45,-45,0,90]",,,,,,,,,RED,5,Same,5,3,,,,,,5,1,1.156,1,7,23,3,1,,,,,,,,,,,,,,,,,,,,,,,,,,,,,,,,,,,,,,,,,
,,,,,,,,610b06f1534fdc7ce455d168,2025-01-21_21h56.40.072,VisualArraysMentalRotation_v4,2021.1.4,Win32,59.95203837,679054f2072d526265aabff2,67905e4926b062ad60277d06,"[90,-45,0,45,90]","[90,90,90,45,-45]",,Blue_3,"[90,-45,0,45,90]","[90,90,-45,45,-45]",,,,,,,,,BLUE,5,Different,6,1,,,,,,6,1,1.218,1,8,24,14,1,,,,,,,,,,,,,,,,,,,,,,,,,,,,,,,,,,,,,,,,,
,,,,,,,,610b06f1534fdc7ce455d168,2025-01-21_21h56.40.072,VisualArraysMentalRotation_v4,2021.1.4,Win32,59.95203837,679054f2072d526265aabff2,67905e4926b062ad60277d06,"[-45,90,-45,-45,-45]","[90,45,45,0,45]",,Red_4,"[-45,90,-45,-45,-45]","[90,45,45,0,45]",,,,,,,,,RED,5,Same,5,1,,,,,,5,1,1.186,1,9,25,2,1,,,,,,,,,,,,,,,,,,,,,,,,,,,,,,,,,,,,,,,,,
,,,,,,,,610b06f1534fdc7ce455d168,2025-01-21_21h56.40.072,VisualArraysMentalRotation_v4,2021.1.4,Win32,59.95203837,679054f2072d526265aabff2,67905e4926b062ad60277d06,"[45,45,0,-45,-45]","[45,90,-45,-45,0]",,Red_1,"[0,45,0,-45,-45]","[45,90,-45,-45,0]",,,,,,,,,RED,3,Different,6,3,,,,,,6,1,0.879,1,10,26,5,1,,,,,,,,,,,,,,,,,,,,,,,,,,,,,,,,,,,,,,,,,
,,,,,,,,610b06f1534fdc7ce455d168,2025-01-21_21h56.40.072,VisualArraysMentalRotation_v4,2021.1.4,Win32,59.95203837,679054f2072d526265aabff2,67905e4926b062ad60277d06,"[-45,0,45,0,45]","[-45,-45,90,0,-45]",,Red_2,"[-45,-45,45,0,45]","[-45,-45,90,0,-45]",,,,,,,,,RED,5,Different,6,3,,,,,,6,1,1.519,1,11,27,7,1,,,,,,,,,,,,,,,,,,,,,,,,,,,,,,,,,,,,,,,,,
,,,,,,,,610b06f1534fdc7ce455d168,2025-01-21_21h56.40.072,VisualArraysMentalRotation_v4,2021.1.4,Win32,59.95203837,679054f2072d526265aabff2,67905e4926b062ad60277d06,"[90,90,0,90,0]","[90,-45,90,-45,90]",,Blue_1,"[90,90,0,90,0]","[90,-45,90,-45,90]",,,,,,,,,BLUE,3,Same,5,3,,,,,,5,1,1.618,1,12,28,9,1,,,,,,,,,,,,,,,,,,,,,,,,,,,,,,,,,,,,,,,,,
,,,,,,,,610b06f1534fdc7ce455d168,2025-01-21_21h56.40.072,VisualArraysMentalRotation_v4,2021.1.4,Win32,59.95203837,679054f2072d526265aabff2,67905e4926b062ad60277d06,"[-45,-45,45,-45,-45]","[45,45,90,45,45]",,Blue_3,"[-45,-45,45,-45,-45]","[45,45,-45,45,45]",,,,,,,,,BLUE,3,Different,6,3,,,,,,6,1,1.004,1,13,29,13,1,,,,,,,,,,,,,,,,,,,,,,,,,,,,,,,,,,,,,,,,,
,,,,,,,,610b06f1534fdc7ce455d168,2025-01-21_21h56.40.072,VisualArraysMentalRotation_v4,2021.1.4,Win32,59.95203837,679054f2072d526265aabff2,67905e4926b062ad60277d06,"[90,90,-45,-45,-45]","[0,0,-45,0,90]",,Red_4,"[90,90,-45,0,-45]","[0,0,-45,0,90]",,,,,,,,,RED,5,Different,6,1,,,,,,6,1,0.849,1,14,30,6,1,,,,,,,,,,,,,,,,,,,,,,,,,,,,,,,,,,,,,,,,,
,,,,,,,,610b06f1534fdc7ce455d168,2025-01-21_21h56.40.072,VisualArraysMentalRotation_v4,2021.1.4,Win32,59.95203837,679054f2072d526265aabff2,67905e4926b062ad60277d06,"[0,0,45,90,90]","[0,0,90,-45,45]",,Blue_2,"[0,0,45,90,90]","[0,0,90,-45,45]",,,,,,,,,BLUE,5,Same,5,1,,,,,,6,0,0.948,1,15,31,10,1,,,,,,,,,,,,,,,,,,,,,,,,,,,,,,,,,,,,,,,,,
,,,,,,,,610b06f1534fdc7ce455d168,2025-01-21_21h56.40.072,VisualArraysMentalRotation_v4,2021.1.4,Win32,59.95203837,679054f2072d526265aabff2,67905e4926b062ad60277d06,"[0,0,45,45,-45]","[90,-45,45,90,0]",,Red_1,"[90,0,45,45,-45]","[90,-45,45,90,0]",,,,,,,,,RED,5,Different,6,1,,,,,,6,1,0.867,2,0,32,6,1,,,,,,,,,,,,,,,,,,,,,,,,,,,,,,,,,,,,,,,,,
,,,,,,,,610b06f1534fdc7ce455d168,2025-01-21_21h56.40.072,VisualArraysMentalRotation_v4,2021.1.4,Win32,59.95203837,679054f2072d526265aabff2,67905e4926b062ad60277d06,"[-45,45,45,90,45]","[0,45,45,45,90]",,Red_4,"[-45,45,45,90,45]","[0,45,45,45,90]",,,,,,,,,RED,5,Same,5,3,,,,,,6,0,1.461,2,1,33,3,1,,,,,,,,,,,,,,,,,,,,,,,,,,,,,,,,,,,,,,,,,
,,,,,,,,610b06f1534fdc7ce455d168,2025-01-21_21h56.40.072,VisualArraysMentalRotation_v4,2021.1.4,Win32,59.95203837,679054f2072d526265aabff2,67905e4926b062ad60277d06,"[-45,0,-45,45,-45]","[90,-45,45,45,45]",,Red_2,"[-45,-45,-45,45,-45]","[90,-45,45,45,45]",,,,,,,,,RED,3,Different,6,3,,,,,,6,1,0.938,2,2,34,5,1,,,,,,,,,,,,,,,,,,,,,,,,,,,,,,,,,,,,,,,,,
,,,,,,,,610b06f1534fdc7ce455d168,2025-01-21_21h56.40.072,VisualArraysMentalRotation_v4,2021.1.4,Win32,59.95203837,679054f2072d526265aabff2,67905e4926b062ad60277d06,"[45,45,90,45,90]","[-45,-45,90,-45,45]",,Red_1,"[45,45,90,45,90]","[-45,-45,90,-45,45]",,,,,,,,,RED,3,Same,5,1,,,,,,6,0,0.871,2,3,35,0,1,,,,,,,,,,,,,,,,,,,,,,,,,,,,,,,,,,,,,,,,,
,,,,,,,,610b06f1534fdc7ce455d168,2025-01-21_21h56.40.072,VisualArraysMentalRotation_v4,2021.1.4,Win32,59.95203837,679054f2072d526265aabff2,67905e4926b062ad60277d06,"[90,0,45,0,0]","[0,90,90,0,0]",,Blue_3,"[90,0,45,0,0]","[0,90,90,0,0]",,,,,,,,,BLUE,3,Same,5,1,,,,,,6,0,0.723,2,4,36,8,1,,,,,,,,,,,,,,,,,,,,,,,,,,,,,,,,,,,,,,,,,
,,,,,,,,610b06f1534fdc7ce455d168,2025-01-21_21h56.40.072,VisualArraysMentalRotation_v4,2021.1.4,Win32,59.95203837,679054f2072d526265aabff2,67905e4926b062ad60277d06,"[-45,-45,0,90,0]","[-45,45,90,45,-45]",,Red_1,"[-45,-45,0,90,0]","[-45,45,90,45,-45]",,,,,,,,,RED,3,Same,5,3,,,,,,5,1,1.751,2,5,37,1,1,,,,,,,,,,,,,,,,,,,,,,,,,,,,,,,,,,,,,,,,,
,,,,,,,,610b06f1534fdc7ce455d168,2025-01-21_21h56.40.072,VisualArraysMentalRotation_v4,2021.1.4,Win32,59.95203837,679054f2072d526265aabff2,67905e4926b062ad60277d06,"[0,0,-45,0,90]","[0,45,45,90,45]",,Blue_4,"[0,0,-45,0,90]","[0,45,45,90,45]",,,,,,,,,BLUE,5,Same,5,1,,,,,,6,0,1.592,2,6,38,10,1,,,,,,,,,,,,,,,,,,,,,,,,,,,,,,,,,,,,,,,,,
,,,,,,,,610b06f1534fdc7ce455d168,2025-01-21_21h56.40.072,VisualArraysMentalRotation_v4,2021.1.4,Win32,59.95203837,679054f2072d526265aabff2,67905e4926b062ad60277d06,"[45,45,-45,-45,90]","[0,-45,-45,0,90]",,Blue_3,"[45,45,-45,-45,90]","[0,-45,-45,0,90]",,,,,,,,,BLUE,5,Same,5,3,,,,,,5,1,0.875,2,7,39,11,1,,,,,,,,,,,,,,,,,,,,,,,,,,,,,,,,,,,,,,,,,
,,,,,,,,610b06f1534fdc7ce455d168,2025-01-21_21h56.40.072,VisualArraysMentalRotation_v4,2021.1.4,Win32,59.95203837,679054f2072d526265aabff2,67905e4926b062ad60277d06,"[90,45,45,-45,90]","[0,90,45,-45,90]",,Red_2,"[90,45,45,-45,90]","[0,90,45,-45,90]",,,,,,,,,RED,5,Same,5,1,,,,,,5,1,1.156,2,8,40,2,1,,,,,,,,,,,,,,,,,,,,,,,,,,,,,,,,,,,,,,,,,
,,,,,,,,610b06f1534fdc7ce455d168,2025-01-21_21h56.40.072,VisualArraysMentalRotation_v4,2021.1.4,Win32,59.95203837,679054f2072d526265aabff2,67905e4926b062ad60277d06,"[90,0,90,0,0]","[-45,90,45,90,-45]",,Blue_1,"[90,0,90,0,0]","[45,90,45,90,-45]",,,,,,,,,BLUE,3,Different,6,1,,,,,,6,1,0.926,2,9,41,12,1,,,,,,,,,,,,,,,,,,,,,,,,,,,,,,,,,,,,,,,,,
,,,,,,,,610b06f1534fdc7ce455d168,2025-01-21_21h56.40.072,VisualArraysMentalRotation_v4,2021.1.4,Win32,59.95203837,679054f2072d526265aabff2,67905e4926b062ad60277d06,"[90,-45,90,45,45]","[0,45,90,0,90]",,Blue_2,"[90,-45,90,45,45]","[0,90,90,0,90]",,,,,,,,,BLUE,5,Different,6,3,,,,,,5,0,1.141,2,10,42,15,1,,,,,,,,,,,,,,,,,,,,,,,,,,,,,,,,,,,,,,,,,
,,,,,,,,610b06f1534fdc7ce455d168,2025-01-21_21h56.40.072,VisualArraysMentalRotation_v4,2021.1.4,Win32,59.95203837,679054f2072d526265aabff2,67905e4926b062ad60277d06,"[45,90,45,45,45]","[-45,-45,0,-45,45]",,Blue_2,"[45,90,45,45,45]","[-45,-45,0,-45,45]",,,,,,,,,BLUE,3,Same,5,3,,,,,,5,1,0.998,2,11,43,9,1,,,,,,,,,,,,,,,,,,,,,,,,,,,,,,,,,,,,,,,,,
,,,,,,,,610b06f1534fdc7ce455d168,2025-01-21_21h56.40.072,VisualArraysMentalRotation_v4,2021.1.4,Win32,59.95203837,679054f2072d526265aabff2,67905e4926b062ad60277d06,"[0,-45,45,90,-45]","[45,0,0,0,-45]",,Red_1,"[90,-45,45,90,-45]","[45,0,0,0,-45]",,,,,,,,,RED,5,Different,6,3,,,,,,6,1,3.417,2,12,44,7,1,,,,,,,,,,,,,,,,,,,,,,,,,,,,,,,,,,,,,,,,,
,,,,,,,,610b06f1534fdc7ce455d168,2025-01-21_21h56.40.072,VisualArraysMentalRotation_v4,2021.1.4,Win32,59.95203837,679054f2072d526265aabff2,67905e4926b062ad60277d06,"[-45,45,45,0,0]","[-45,-45,-45,45,0]",,Red_1,"[90,45,45,0,0]","[-45,-45,-45,45,0]",,,,,,,,,RED,3,Different,6,1,,,,,,5,0,0.868,2,13,45,4,1,,,,,,,,,,,,,,,,,,,,,,,,,,,,,,,,,,,,,,,,,
,,,,,,,,610b06f1534fdc7ce455d168,2025-01-21_21h56.40.072,VisualArraysMentalRotation_v4,2021.1.4,Win32,59.95203837,679054f2072d526265aabff2,67905e4926b062ad60277d06,"[90,90,90,90,90]","[90,90,0,90,0]",,Blue_3,"[90,90,90,90,90]","[90,90,90,90,0]",,,,,,,,,BLUE,5,Different,6,1,,,,,,5,0,1.145,2,14,46,14,1,,,,,,,,,,,,,,,,,,,,,,,,,,,,,,,,,,,,,,,,,
,,,,,,,,610b06f1534fdc7ce455d168,2025-01-21_21h56.40.072,VisualArraysMentalRotation_v4,2021.1.4,Win32,59.95203837,679054f2072d526265aabff2,67905e4926b062ad60277d06,"[0,0,-45,45,45]","[-45,45,90,-45,0]",,Blue_2,"[0,0,-45,45,45]","[-45,-45,90,-45,0]",,,,,,,,,BLUE,3,Different,6,3,,,,,,5,0,1.324,2,15,47,13,1,,,,,,,,,,,,,,,,,,,,,,,,,,,,,,,,,,,,,,,,,
,,,,,,,,610b06f1534fdc7ce455d168,2025-01-21_21h56.40.072,VisualArraysMentalRotation_v4,2021.1.4,Win32,59.95203837,679054f2072d526265aabff2,67905e4926b062ad60277d06,"[-45,90,90,45,0]","[0,90,45,0,-45]",,Red_3,"[-45,90,-45,45,0]","[0,90,45,0,-45]",,,,,,,,,RED,3,Different,6,1,,,,,,6,1,0.866,3,0,48,4,1,,,,,,,,,,,,,,,,,,,,,,,,,,,,,,,,,,,,,,,,,
,,,,,,,,610b06f1534fdc7ce455d168,2025-01-21_21h56.40.072,VisualArraysMentalRotation_v4,2021.1.4,Win32,59.95203837,679054f2072d526265aabff2,67905e4926b062ad60277d06,"[-45,45,45,45,90]","[45,90,-45,0,-45]",,Red_5,"[-45,45,45,45,90]","[45,90,-45,0,-45]",,,,,,,,,RED,5,Same,5,3,,,,,,5,1,1.731,3,1,49,3,1,,,,,,,,,,,,,,,,,,,,,,,,,,,,,,,,,,,,,,,,,
,,,,,,,,610b06f1534fdc7ce455d168,2025-01-21_21h56.40.072,VisualArraysMentalRotation_v4,2021.1.4,Win32,59.95203837,679054f2072d526265aabff2,67905e4926b062ad60277d06,"[0,45,0,45,45]","[0,-45,-45,0,90]",,Blue_2,"[0,45,0,45,45]","[0,-45,-45,0,90]",,,,,,,,,BLUE,3,Same,5,3,,,,,,6,0,0.887,3,2,50,9,1,,,,,,,,,,,,,,,,,,,,,,,,,,,,,,,,,,,,,,,,,
,,,,,,,,610b06f1534fdc7ce455d168,2025-01-21_21h56.40.072,VisualArraysMentalRotation_v4,2021.1.4,Win32,59.95203837,679054f2072d526265aabff2,67905e4926b062ad60277d06,"[90,-45,0,45,90]","[45,45,45,90,0]",,Blue_3,"[90,-45,0,45,90]","[45,45,90,90,0]",,,,,,,,,BLUE,3,Different,6,1,,,,,,6,1,1.494,3,3,51,12,1,,,,,,,,,,,,,,,,,,,,,,,,,,,,,,,,,,,,,,,,,
,,,,,,,,610b06f1534fdc7ce455d168,2025-01-21_21h56.40.072,VisualArraysMentalRotation_v4,2021.1.4,Win32,59.95203837,679054f2072d526265aabff2,67905e4926b062ad60277d06,"[90,-45,0,90,90]","[90,90,0,0,-45]",,Blue_1,"[90,-45,0,90,90]","[45,90,0,0,-45]",,,,,,,,,BLUE,3,Different,6,3,,,,,,6,1,0.838,3,4,52,13,1,,,,,,,,,,,,,,,,,,,,,,,,,,,,,,,,,,,,,,,,,
,,,,,,,,610b06f1534fdc7ce455d168,2025-01-21_21h56.40.072,VisualArraysMentalRotation_v4,2021.1.4,Win32,59.95203837,679054f2072d526265aabff2,67905e4926b062ad60277d06,"[-45,90,0,0,90]","[-45,45,-45,90,90]",,Red_1,"[-45,90,0,0,90]","[-45,45,-45,90,90]",,,,,,,,,RED,3,Same,5,1,,,,,,6,0,0.902,3,5,53,0,1,,,,,,,,,,,,,,,,,,,,,,,,,,,,,,,,,,,,,,,,,
,,,,,,,,610b06f1534fdc7ce455d168,2025-01-21_21h56.40.072,VisualArraysMentalRotation_v4,2021.1.4,Win32,59.95203837,679054f2072d526265aabff2,67905e4926b062ad60277d06,"[0,0,90,45,90]","[-45,-45,-45,0,-45]",,Red_3,"[0,0,-45,45,90]","[-45,-45,-45,0,-45]",,,,,,,,,RED,3,Different,6,3,,,,,,6,1,0.867,3,6,54,5,1,,,,,,,,,,,,,,,,,,,,,,,,,,,,,,,,,,,,,,,,,
,,,,,,,,610b06f1534fdc7ce455d168,2025-01-21_21h56.40.072,VisualArraysMentalRotation_v4,2021.1.4,Win32,59.95203837,679054f2072d526265aabff2,67905e4926b062ad60277d06,"[90,90,45,-45,0]","[90,-45,90,0,90]",,Blue_1,"[90,90,45,-45,0]","[45,-45,90,0,90]",,,,,,,,,BLUE,5,Different,6,3,,,,,,6,1,0.815,3,7,55,15,1,,,,,,,,,,,,,,,,,,,,,,,,,,,,,,,,,,,,,,,,,
,,,,,,,,610b06f1534fdc7ce455d168,2025-01-21_21h56.40.072,VisualArraysMentalRotation_v4,2021.1.4,Win32,59.95203837,679054f2072d526265aabff2,67905e4926b062ad60277d06,"[90,90,0,-45,-45]","[90,45,90,-45,0]",,Red_2,"[90,0,0,-45,-45]","[90,45,90,-45,0]",,,,,,,,,RED,5,Different,6,1,,,,,,6,1,0.811,3,8,56,6,1,,,,,,,,,,,,,,,,,,,,,,,,,,,,,,,,,,,,,,,,,
,,,,,,,,610b06f1534fdc7ce455d168,2025-01-21_21h56.40.072,VisualArraysMentalRotation_v4,2021.1.4,Win32,59.95203837,679054f2072d526265aabff2,67905e4926b062ad60277d06,"[0,-45,0,45,-45]","[0,90,90,45,-45]",,Blue_3,"[0,-45,0,45,-45]","[0,90,90,45,-45]",,,,,,,,,BLUE,5,Same,5,1,,,,,,6,0,0.749,3,9,57,10,1,,,,,,,,,,,,,,,,,,,,,,,,,,,,,,,,,,,,,,,,,
,,,,,,,,610b06f1534fdc7ce455d168,2025-01-21_21h56.40.072,VisualArraysMentalRotation_v4,2021.1.4,Win32,59.95203837,679054f2072d526265aabff2,67905e4926b062ad60277d06,"[0,0,45,-45,45]","[-45,-45,45,90,90]",,Blue_3,"[0,0,45,-45,45]","[-45,-45,45,90,90]",,,,,,,,,BLUE,3,Same,5,1,,,,,,5,1,1.268,3,10,58,8,1,,,,,,,,,,,,,,,,,,,,,,,,,,,,,,,,,,,,,,,,,
,,,,,,,,610b06f1534fdc7ce455d168,2025-01-21_21h56.40.072,VisualArraysMentalRotation_v4,2021.1.4,Win32,59.95203837,679054f2072d526265aabff2,67905e4926b062ad60277d06,"[-45,45,0,-45,90]","[0,45,45,-45,0]",,Blue_2,"[-45,45,0,-45,90]","[0,45,45,-45,0]",,,,,,,,,BLUE,5,Same,5,3,,,,,,6,0,4.88,3,11,59,11,1,,,,,,,,,,,,,,,,,,,,,,,,,,,,,,,,,,,,,,,,,
,,,,,,,,610b06f1534fdc7ce455d168,2025-01-21_21h56.40.072,VisualArraysMentalRotation_v4,2021.1.4,Win32,59.95203837,679054f2072d526265aabff2,67905e4926b062ad60277d06,"[-45,0,90,-45,0]","[0,0,90,45,0]",,Red_5,"[-45,0,90,-45,45]","[0,0,90,45,0]",,,,,,,,,RED,5,Different,6,3,,,,,,6,1,3.136,3,12,60,7,1,,,,,,,,,,,,,,,,,,,,,,,,,,,,,,,,,,,,,,,,,
,,,,,,,,610b06f1534fdc7ce455d168,2025-01-21_21h56.40.072,VisualArraysMentalRotation_v4,2021.1.4,Win32,59.95203837,679054f2072d526265aabff2,67905e4926b062ad60277d06,"[0,45,0,90,90]","[-45,45,0,0,90]",,Red_3,"[0,45,0,90,90]","[-45,45,0,0,90]",,,,,,,,,RED,3,Same,5,3,,,,,,5,1,1.072,3,13,61,1,1,,,,,,,,,,,,,,,,,,,,,,,,,,,,,,,,,,,,,,,,,
,,,,,,,,610b06f1534fdc7ce455d168,2025-01-21_21h56.40.072,VisualArraysMentalRotation_v4,2021.1.4,Win32,59.95203837,679054f2072d526265aabff2,67905e4926b062ad60277d06,"[0,0,0,90,-45]","[90,0,90,-45,45]",,Red_3,"[0,0,0,90,-45]","[90,0,90,-45,45]",,,,,,,,,RED,5,Same,5,1,,,,,,5,1,1.151,3,14,62,2,1,,,,,,,,,,,,,,,,,,,,,,,,,,,,,,,,,,,,,,,,,
,,,,,,,,610b06f1534fdc7ce455d168,2025-01-21_21h56.40.072,VisualArraysMentalRotation_v4,2021.1.4,Win32,59.95203837,679054f2072d526265aabff2,67905e4926b062ad60277d06,"[-45,-45,90,-45,90]","[0,0,45,0,-45]",,Blue_3,"[-45,-45,90,-45,90]","[0,0,90,0,-45]",,,,,,,,,BLUE,5,Different,6,1,,,,,,5,0,0.902,3,15,63,14,1,,,,,,,,,,,,,,,,,,,,,,,,,,,,,,,,,,,,,,,,,
,,,,,,,,610b06f1534fdc7ce455d168,2025-01-21_21h56.40.072,VisualArraysMentalRotation_v4,2021.1.4,Win32,59.95203837,679054f2072d526265aabff2,67905e4926b062ad60277d06,"[45,90,-45,-45,0]","[45,45,0,90,90]",,Blue_1,"[45,90,-45,-45,0]","[45,45,0,90,90]",,,,,,,,,BLUE,5,Same,5,1,,,,,,5,1,1.016,4,0,64,10,1,,,,,,,,,,,,,,,,,,,,,,,,,,,,,,,,,,,,,,,,,
,,,,,,,,610b06f1534fdc7ce455d168,2025-01-21_21h56.40.072,VisualArraysMentalRotation_v4,2021.1.4,Win32,59.95203837,679054f2072d526265aabff2,67905e4926b062ad60277d06,"[0,-45,0,90,45]","[-45,-45,45,0,0]",,Red_5,"[0,-45,0,90,90]","[-45,-45,45,0,0]",,,,,,,,,RED,5,Different,6,3,,,,,,5,0,0.966,4,1,65,7,1,,,,,,,,,,,,,,,,,,,,,,,,,,,,,,,,,,,,,,,,,
,,,,,,,,610b06f1534fdc7ce455d168,2025-01-21_21h56.40.072,VisualArraysMentalRotation_v4,2021.1.4,Win32,59.95203837,679054f2072d526265aabff2,67905e4926b062ad60277d06,"[-45,0,45,0,-45]","[90,-45,0,0,90]",,Red_2,"[-45,90,45,0,-45]","[90,-45,0,0,90]",,,,,,,,,RED,3,Different,6,3,,,,,,6,1,1.335,4,2,66,5,1,,,,,,,,,,,,,,,,,,,,,,,,,,,,,,,,,,,,,,,,,
,,,,,,,,610b06f1534fdc7ce455d168,2025-01-21_21h56.40.072,VisualArraysMentalRotation_v4,2021.1.4,Win32,59.95203837,679054f2072d526265aabff2,67905e4926b062ad60277d06,"[45,90,90,45,-45]","[-45,0,0,-45,45]",,Red_5,"[45,90,90,45,-45]","[-45,0,0,-45,45]",,,,,,,,,RED,5,Same,5,1,,,,,,6,0,1.04,4,3,67,2,1,,,,,,,,,,,,,,,,,,,,,,,,,,,,,,,,,,,,,,,,,
,,,,,,,,610b06f1534fdc7ce455d168,2025-01-21_21h56.40.072,VisualArraysMentalRotation_v4,2021.1.4,Win32,59.95203837,679054f2072d526265aabff2,67905e4926b062ad60277d06,"[45,90,90,90,45]","[0,-45,0,-45,45]",,Red_3,"[45,90,90,90,45]","[0,-45,0,-45,45]",,,,,,,,,RED,3,Same,5,1,,,,,,5,1,0.84,4,4,68,0,1,,,,,,,,,,,,,,,,,,,,,,,,,,,,,,,,,,,,,,,,,
,,,,,,,,610b06f1534fdc7ce455d168,2025-01-21_21h56.40.072,VisualArraysMentalRotation_v4,2021.1.4,Win32,59.95203837,679054f2072d526265aabff2,67905e4926b062ad60277d06,"[90,-45,45,45,45]","[0,0,90,90,90]",,Red_2,"[90,0,45,45,45]","[0,0,90,90,90]",,,,,,,,,RED,5,Different,6,1,,,,,,6,1,1.032,4,5,69,6,1,,,,,,,,,,,,,,,,,,,,,,,,,,,,,,,,,,,,,,,,,
,,,,,,,,610b06f1534fdc7ce455d168,2025-01-21_21h56.40.072,VisualArraysMentalRotation_v4,2021.1.4,Win32,59.95203837,679054f2072d526265aabff2,67905e4926b062ad60277d06,"[90,-45,45,90,90]","[45,45,45,90,-45]",,Red_2,"[90,-45,45,90,90]","[45,45,45,90,-45]",,,,,,,,,RED,3,Same,5,3,,,,,,6,0,1.169,4,6,70,1,1,,,,,,,,,,,,,,,,,,,,,,,,,,,,,,,,,,,,,,,,,
,,,,,,,,610b06f1534fdc7ce455d168,2025-01-21_21h56.40.072,VisualArraysMentalRotation_v4,2021.1.4,Win32,59.95203837,679054f2072d526265aabff2,67905e4926b062ad60277d06,"[-45,90,45,45,90]","[-45,-45,0,45,0]",,Blue_2,"[-45,90,45,45,90]","[-45,0,0,45,0]",,,,,,,,,BLUE,5,Different,6,3,,,,,,6,1,0.819,4,7,71,15,1,,,,,,,,,,,,,,,,,,,,,,,,,,,,,,,,,,,,,,,,,
,,,,,,,,610b06f1534fdc7ce455d168,2025-01-21_21h56.40.072,VisualArraysMentalRotation_v4,2021.1.4,Win32,59.95203837,679054f2072d526265aabff2,67905e4926b062ad60277d06,"[45,-45,0,90,-45]","[90,0,0,0,45]",,Blue_3,"[45,-45,0,90,-45]","[90,0,0,0,45]",,,,,,,,,BLUE,3,Same,5,3,,,,,,6,0,0.993,4,8,72,9,1,,,,,,,,,,,,,,,,,,,,,,,,,,,,,,,,,,,,,,,,,
,,,,,,,,610b06f1534fdc7ce455d168,2025-01-21_21h56.40.072,VisualArraysMentalRotation_v4,2021.1.4,Win32,59.95203837,679054f2072d526265aabff2,67905e4926b062ad60277d06,"[0,90,0,90,0]","[0,-45,90,-45,0]",,Blue_5,"[0,90,0,90,0]","[0,-45,90,-45,-45]",,,,,,,,,BLUE,5,Different,6,1,,,,,,6,1,0.776,4,9,73,14,1,,,,,,,,,,,,,,,,,,,,,,,,,,,,,,,,,,,,,,,,,
,,,,,,,,610b06f1534fdc7ce455d168,2025-01-21_21h56.40.072,VisualArraysMentalRotation_v4,2021.1.4,Win32,59.95203837,679054f2072d526265aabff2,67905e4926b062ad60277d06,"[45,45,90,-45,0]","[-45,45,-45,0,0]",,Blue_2,"[45,45,90,-45,0]","[-45,45,-45,0,0]",,,,,,,,,BLUE,3,Same,5,1,,,,,,5,1,0.86,4,10,74,8,1,,,,,,,,,,,,,,,,,,,,,,,,,,,,,,,,,,,,,,,,,
,,,,,,,,610b06f1534fdc7ce455d168,2025-01-21_21h56.40.072,VisualArraysMentalRotation_v4,2021.1.4,Win32,59.95203837,679054f2072d526265aabff2,67905e4926b062ad60277d06,"[-45,0,0,0,45]","[45,45,-45,-45,45]",,Blue_2,"[-45,0,0,0,45]","[45,-45,-45,-45,45]",,,,,,,,,BLUE,3,Different,6,1,,,,,,6,1,1.758,4,11,75,12,1,,,,,,,,,,,,,,,,,,,,,,,,,,,,,,,,,,,,,,,,,
,,,,,,,,610b06f1534fdc7ce455d168,2025-01-21_21h56.40.072,VisualArraysMentalRotation_v4,2021.1.4,Win32,59.95203837,679054f2072d526265aabff2,67905e4926b062ad60277d06,"[45,45,0,90,-45]","[0,45,45,45,0]",,Blue_3,"[45,45,0,90,-45]","[0,45,45,45,0]",,,,,,,,,BLUE,5,Same,5,3,,,,,,5,1,0.966,4,12,76,11,1,,,,,,,,,,,,,,,,,,,,,,,,,,,,,,,,,,,,,,,,,
,,,,,,,,610b06f1534fdc7ce455d168,2025-01-21_21h56.40.072,VisualArraysMentalRotation_v4,2021.1.4,Win32,59.95203837,679054f2072d526265aabff2,67905e4926b062ad60277d06,"[-45,90,0,-45,45]","[-45,45,90,90,-45]",,Red_4,"[-45,90,0,-45,45]","[-45,45,90,90,-45]",,,,,,,,,RED,5,Same,5,3,,,,,,6,0,0.989,4,13,77,3,1,,,,,,,,,,,,,,,,,,,,,,,,,,,,,,,,,,,,,,,,,
,,,,,,,,610b06f1534fdc7ce455d168,2025-01-21_21h56.40.072,VisualArraysMentalRotation_v4,2021.1.4,Win32,59.95203837,679054f2072d526265aabff2,67905e4926b062ad60277d06,"[90,0,-45,0,0]","[0,0,-45,-45,45]",,Blue_1,"[90,0,-45,0,0]","[-45,0,-45,-45,45]",,,,,,,,,BLUE,3,Different,6,3,,,,,,6,1,1.567,4,14,78,13,1,,,,,,,,,,,,,,,,,,,,,,,,,,,,,,,,,,,,,,,,,
,,,,,,,,610b06f1534fdc7ce455d168,2025-01-21_21h56.40.072,VisualArraysMentalRotation_v4,2021.1.4,Win32,59.95203837,679054f2072d526265aabff2,67905e4926b062ad60277d06,"[45,-45,45,0,-45]","[45,45,45,90,90]",,Red_2,"[45,90,45,0,-45]","[45,45,45,90,90]",,,,,,,,,RED,3,Different,6,1,,,,,,6,1,0.788,4,15,79,4,1,,,,,,,,,,,,,,,,,,,,,,,,,,,,,,,,,,,,,,,,,
,,,,,,,,610b06f1534fdc7ce455d168,2025-01-21_21h56.40.072,VisualArraysMentalRotation_v4,2021.1.4,Win32,59.95203837,679054f2072d526265aabff2,67905e4926b062ad60277d06,"[45,-45,-45,45,90]","[0,90,45,0,0]",,Blue_4,"[45,-45,-45,45,90]","[0,90,45,45,0]",,,,,,,,,BLUE,5,Different,6,1,,,,,,6,1,1.066,5,0,80,14,1,,,,,,,,,,,,,,,,,,,,,,,,,,,,,,,,,,,,,,,,,
,,,,,,,,610b06f1534fdc7ce455d168,2025-01-21_21h56.40.072,VisualArraysMentalRotation_v4,2021.1.4,Win32,59.95203837,679054f2072d526265aabff2,67905e4926b062ad60277d06,"[90,90,90,-45,90]","[90,-45,90,45,90]",,Red_2,"[90,-45,90,-45,90]","[90,-45,90,45,90]",,,,,,,,,RED,3,Different,6,3,,,,,,6,1,0.752,5,1,81,5,1,,,,,,,,,,,,,,,,,,,,,,,,,,,,,,,,,,,,,,,,,
,,,,,,,,610b06f1534fdc7ce455d168,2025-01-21_21h56.40.072,VisualArraysMentalRotation_v4,2021.1.4,Win32,59.95203837,679054f2072d526265aabff2,67905e4926b062ad60277d06,"[-45,0,-45,45,45]","[-45,0,45,90,90]",,Red_2,"[-45,0,-45,45,45]","[-45,0,45,90,90]",,,,,,,,,RED,3,Same,5,1,,,,,,5,1,0.784,5,2,82,0,1,,,,,,,,,,,,,,,,,,,,,,,,,,,,,,,,,,,,,,,,,
,,,,,,,,610b06f1534fdc7ce455d168,2025-01-21_21h56.40.072,VisualArraysMentalRotation_v4,2021.1.4,Win32,59.95203837,679054f2072d526265aabff2,67905e4926b062ad60277d06,"[90,90,-45,45,-45]","[0,90,45,-45,90]",,Red_3,"[90,90,-45,45,-45]","[0,90,45,-45,90]",,,,,,,,,RED,3,Same,5,3,,,,,,6,0,0.735,5,3,83,1,1,,,,,,,,,,,,,,,,,,,,,,,,,,,,,,,,,,,,,,,,,
,,,,,,,,610b06f1534fdc7ce455d168,2025-01-21_21h56.40.072,VisualArraysMentalRotation_v4,2021.1.4,Win32,59.95203837,679054f2072d526265aabff2,67905e4926b062ad60277d06,"[90,-45,0,45,-45]","[90,90,45,-45,45]",,Blue_2,"[90,-45,0,45,-45]","[90,90,45,-45,45]",,,,,,,,,BLUE,5,Same,5,1,,,,,,6,0,1.928,5,4,84,10,1,,,,,,,,,,,,,,,,,,,,,,,,,,,,,,,,,,,,,,,,,
,,,,,,,,610b06f1534fdc7ce455d168,2025-01-21_21h56.40.072,VisualArraysMentalRotation_v4,2021.1.4,Win32,59.95203837,679054f2072d526265aabff2,67905e4926b062ad60277d06,"[90,0,-45,-45,0]","[90,0,90,0,90]",,Blue_2,"[90,0,-45,-45,0]","[90,0,90,0,90]",,,,,,,,,BLUE,3,Same,5,1,,,,,,5,1,1.401,5,5,85,8,1,,,,,,,,,,,,,,,,,,,,,,,,,,,,,,,,,,,,,,,,,
,,,,,,,,610b06f1534fdc7ce455d168,2025-01-21_21h56.40.072,VisualArraysMentalRotation_v4,2021.1.4,Win32,59.95203837,679054f2072d526265aabff2,67905e4926b062ad60277d06,"[45,90,-45,45,0]","[0,-45,-45,-45,45]",,Red_3,"[45,90,-45,45,0]","[0,-45,-45,-45,45]",,,,,,,,,RED,5,Same,5,1,,,,,,5,1,2.001,5,6,86,2,1,,,,,,,,,,,,,,,,,,,,,,,,,,,,,,,,,,,,,,,,,
,,,,,,,,610b06f1534fdc7ce455d168,2025-01-21_21h56.40.072,VisualArraysMentalRotation_v4,2021.1.4,Win32,59.95203837,679054f2072d526265aabff2,67905e4926b062ad60277d06,"[0,90,-45,90,-45]","[45,90,45,0,90]",,Blue_1,"[0,90,-45,90,-45]","[45,90,45,0,90]",,,,,,,,,BLUE,3,Same,5,3,,,,,,5,1,1.334,5,7,87,9,1,,,,,,,,,,,,,,,,,,,,,,,,,,,,,,,,,,,,,,,,,
,,,,,,,,610b06f1534fdc7ce455d168,2025-01-21_21h56.40.072,VisualArraysMentalRotation_v4,2021.1.4,Win32,59.95203837,679054f2072d526265aabff2,67905e4926b062ad60277d06,"[0,45,-45,-45,45]","[90,-45,-45,0,0]",,Red_3,"[0,45,-45,-45,45]","[90,-45,-45,0,0]",,,,,,,,,RED,5,Same,5,3,,,,,,6,0,0.964,5,8,88,3,1,,,,,,,,,,,,,,,,,,,,,,,,,,,,,,,,,,,,,,,,,
,,,,,,,,610b06f1534fdc7ce455d168,2025-01-21_21h56.40.072,VisualArraysMentalRotation_v4,2021.1.4,Win32,59.95203837,679054f2072d526265aabff2,67905e4926b062ad60277d06,"[90,45,0,90,0]","[45,90,0,0,45]",,Red_2,"[90,90,0,90,0]","[45,90,0,0,45]",,,,,,,,,RED,3,Different,6,1,,,,,,5,0,2.39,5,9,89,4,1,,,,,,,,,,,,,,,,,,,,,,,,,,,,,,,,,,,,,,,,,
,,,,,,,,610b06f1534fdc7ce455d168,2025-01-21_21h56.40.072,VisualArraysMentalRotation_v4,2021.1.4,Win32,59.95203837,679054f2072d526265aabff2,67905e4926b062ad60277d06,"[45,-45,-45,45,90]","[90,0,90,90,-45]",,Blue_1,"[45,-45,-45,45,90]","[45,0,90,90,-45]",,,,,,,,,BLUE,3,Different,6,1,,,,,,6,1,0.758,5,10,90,12,1,,,,,,,,,,,,,,,,,,,,,,,,,,,,,,,,,,,,,,,,,
,,,,,,,,610b06f1534fdc7ce455d168,2025-01-21_21h56.40.072,VisualArraysMentalRotation_v4,2021.1.4,Win32,59.95203837,679054f2072d526265aabff2,67905e4926b062ad60277d06,"[90,-45,-45,90,0]","[45,90,90,-45,0]",,Red_2,"[90,45,-45,90,0]","[45,90,90,-45,0]",,,,,,,,,RED,5,Different,6,3,,,,,,6,1,0.738,5,11,91,7,1,,,,,,,,,,,,,,,,,,,,,,,,,,,,,,,,,,,,,,,,,
,,,,,,,,610b06f1534fdc7ce455d168,2025-01-21_21h56.40.072,VisualArraysMentalRotation_v4,2021.1.4,Win32,59.95203837,679054f2072d526265aabff2,67905e4926b062ad60277d06,"[0,45,0,-45,0]","[90,90,45,90,0]",,Red_2,"[0,-45,0,-45,0]","[90,90,45,90,0]",,,,,,,,,RED,5,Different,6,1,,,,,,6,1,0.851,5,12,92,6,1,,,,,,,,,,,,,,,,,,,,,,,,,,,,,,,,,,,,,,,,,
,,,,,,,,610b06f1534fdc7ce455d168,2025-01-21_21h56.40.072,VisualArraysMentalRotation_v4,2021.1.4,Win32,59.95203837,679054f2072d526265aabff2,67905e4926b062ad60277d06,"[45,45,0,90,45]","[90,45,45,45,90]",,Blue_3,"[45,45,0,90,45]","[90,45,45,45,90]",,,,,,,,,BLUE,5,Same,5,3,,,,,,6,0,0.798,5,13,93,11,1,,,,,,,,,,,,,,,,,,,,,,,,,,,,,,,,,,,,,,,,,
,,,,,,,,610b06f1534fdc7ce455d168,2025-01-21_21h56.40.072,VisualArraysMentalRotation_v4,2021.1.4,Win32,59.95203837,679054f2072d526265aabff2,67905e4926b062ad60277d06,"[90,-45,0,0,45]","[-45,-45,0,-45,45]",,Blue_2,"[90,-45,0,0,45]","[-45,0,0,-45,45]",,,,,,,,,BLUE,3,Different,6,3,,,,,,6,1,0.599,5,14,94,13,1,,,,,,,,,,,,,,,,,,,,,,,,,,,,,,,,,,,,,,,,,
,,,,,,,,610b06f1534fdc7ce455d168,2025-01-21_21h56.40.072,VisualArraysMentalRotation_v4,2021.1.4,Win32,59.95203837,679054f2072d526265aabff2,67905e4926b062ad60277d06,"[0,-45,-45,-45,45]","[90,0,-45,-45,-45]",,Blue_4,"[0,-45,-45,-45,45]","[90,0,-45,45,-45]",,,,,,,,,BLUE,5,Different,6,3,,,,,,6,1,0.648,5,15,95,15,1,,,,,,,,,,,,,,,,,,,,,,,,,,,,,,,,,,,,,,,,,
,,,,,,,,610b06f1534fdc7ce455d168,2025-01-21_21h56.40.072,VisualArraysMentalRotation_v4,2021.1.4,Win32,59.95203837,679054f2072d526265aabff2,67905e4926b062ad60277d06,"[45,-45,-45,-45,-45]","[90,90,90,45,-45]",,Red_3,"[45,-45,-45,-45,-45]","[90,90,90,45,-45]",,,,,,,,,RED,3,Same,5,3,,,,,,5,1,0.846,6,0,96,1,1,,,,,,,,,,,,,,,,,,,,,,,,,,,,,,,,,,,,,,,,,
,,,,,,,,610b06f1534fdc7ce455d168,2025-01-21_21h56.40.072,VisualArraysMentalRotation_v4,2021.1.4,Win32,59.95203837,679054f2072d526265aabff2,67905e4926b062ad60277d06,"[0,45,45,-45,0]","[0,90,45,-45,0]",,Blue_3,"[0,45,45,-45,0]","[0,90,0,-45,0]",,,,,,,,,BLUE,5,Different,6,1,,,,,,6,1,0.804,6,1,97,14,1,,,,,,,,,,,,,,,,,,,,,,,,,,,,,,,,,,,,,,,,,
,,,,,,,,610b06f1534fdc7ce455d168,2025-01-21_21h56.40.072,VisualArraysMentalRotation_v4,2021.1.4,Win32,59.95203837,679054f2072d526265aabff2,67905e4926b062ad60277d06,"[90,-45,-45,0,-45]","[-45,45,45,45,90]",,Red_1,"[90,-45,-45,0,-45]","[-45,45,45,45,90]",,,,,,,,,RED,5,Same,5,1,,,,,,6,0,0.711,6,2,98,2,1,,,,,,,,,,,,,,,,,,,,,,,,,,,,,,,,,,,,,,,,,
,,,,,,,,610b06f1534fdc7ce455d168,2025-01-21_21h56.40.072,VisualArraysMentalRotation_v4,2021.1.4,Win32,59.95203837,679054f2072d526265aabff2,67905e4926b062ad60277d06,"[0,0,45,45,-45]","[-45,45,90,45,45]",,Blue_2,"[0,0,45,45,-45]","[-45,0,90,45,45]",,,,,,,,,BLUE,5,Different,6,3,,,,,,6,1,0.992,6,3,99,15,1,,,,,,,,,,,,,,,,,,,,,,,,,,,,,,,,,,,,,,,,,
,,,,,,,,610b06f1534fdc7ce455d168,2025-01-21_21h56.40.072,VisualArraysMentalRotation_v4,2021.1.4,Win32,59.95203837,679054f2072d526265aabff2,67905e4926b062ad60277d06,"[90,0,45,45,0]","[-45,90,-45,0,-45]",,Blue_3,"[90,0,45,45,0]","[-45,90,-45,0,-45]",,,,,,,,,BLUE,3,Same,5,1,,,,,,5,1,0.787,6,4,100,8,1,,,,,,,,,,,,,,,,,,,,,,,,,,,,,,,,,,,,,,,,,
,,,,,,,,610b06f1534fdc7ce455d168,2025-01-21_21h56.40.072,VisualArraysMentalRotation_v4,2021.1.4,Win32,59.95203837,679054f2072d526265aabff2,67905e4926b062ad60277d06,"[45,90,90,-45,90]","[0,90,90,45,-45]",,Red_5,"[45,90,90,-45,45]","[0,90,90,45,-45]",,,,,,,,,RED,5,Different,6,1,,,,,,6,1,1.39,6,5,101,6,1,,,,,,,,,,,,,,,,,,,,,,,,,,,,,,,,,,,,,,,,,
,,,,,,,,610b06f1534fdc7ce455d168,2025-01-21_21h56.40.072,VisualArraysMentalRotation_v4,2021.1.4,Win32,59.95203837,679054f2072d526265aabff2,67905e4926b062ad60277d06,"[90,90,90,90,90]","[0,0,45,0,90]",,Red_3,"[90,90,90,90,90]","[0,0,45,0,90]",,,,,,,,,RED,3,Same,5,1,,,,,,6,0,0.718,6,6,102,0,1,,,,,,,,,,,,,,,,,,,,,,,,,,,,,,,,,,,,,,,,,
,,,,,,,,610b06f1534fdc7ce455d168,2025-01-21_21h56.40.072,VisualArraysMentalRotation_v4,2021.1.4,Win32,59.95203837,679054f2072d526265aabff2,67905e4926b062ad60277d06,"[45,-45,0,90,45]","[-45,-45,45,-45,45]",,Blue_1,"[45,-45,0,90,45]","[90,-45,45,-45,45]",,,,,,,,,BLUE,3,Different,6,3,,,,,,5,0,1.585,6,7,103,13,1,,,,,,,,,,,,,,,,,,,,,,,,,,,,,,,,,,,,,,,,,
,,,,,,,,610b06f1534fdc7ce455d168,2025-01-21_21h56.40.072,VisualArraysMentalRotation_v4,2021.1.4,Win32,59.95203837,679054f2072d526265aabff2,67905e4926b062ad60277d06,"[0,45,90,-45,45]","[-45,90,90,-45,-45]",,Blue_3,"[0,45,90,-45,45]","[-45,90,90,-45,-45]",,,,,,,,,BLUE,5,Same,5,1,,,,,,5,1,1.884,6,8,104,10,1,,,,,,,,,,,,,,,,,,,,,,,,,,,,,,,,,,,,,,,,,
,,,,,,,,610b06f1534fdc7ce455d168,2025-01-21_21h56.40.072,VisualArraysMentalRotation_v4,2021.1.4,Win32,59.95203837,679054f2072d526265aabff2,67905e4926b062ad60277d06,"[0,-45,0,45,90]","[90,0,0,45,45]",,Blue_5,"[0,-45,0,45,90]","[90,0,0,45,45]",,,,,,,,,BLUE,5,Same,5,3,,,,,,6,0,0.936,6,9,105,11,1,,,,,,,,,,,,,,,,,,,,,,,,,,,,,,,,,,,,,,,,,
,,,,,,,,610b06f1534fdc7ce455d168,2025-01-21_21h56.40.072,VisualArraysMentalRotation_v4,2021.1.4,Win32,59.95203837,679054f2072d526265aabff2,67905e4926b062ad60277d06,"[90,90,90,-45,0]","[0,45,0,45,-45]",,Red_1,"[-45,90,90,-45,0]","[0,45,0,45,-45]",,,,,,,,,RED,3,Different,6,3,,,,,,6,1,0.816,6,10,106,5,1,,,,,,,,,,,,,,,,,,,,,,,,,,,,,,,,,,,,,,,,,
,,,,,,,,610b06f1534fdc7ce455d168,2025-01-21_21h56.40.072,VisualArraysMentalRotation_v4,2021.1.4,Win32,59.95203837,679054f2072d526265aabff2,67905e4926b062ad60277d06,"[0,45,-45,0,45]","[0,90,0,90,45]",,Red_2,"[0,90,-45,0,45]","[0,90,0,90,45]",,,,,,,,,RED,3,Different,6,1,,,,,,6,1,1.827,6,11,107,4,1,,,,,,,,,,,,,,,,,,,,,,,,,,,,,,,,,,,,,,,,,
,,,,,,,,610b06f1534fdc7ce455d168,2025-01-21_21h56.40.072,VisualArraysMentalRotation_v4,2021.1.4,Win32,59.95203837,679054f2072d526265aabff2,67905e4926b062ad60277d06,"[45,-45,90,45,45]","[90,0,45,45,0]",,Blue_3,"[45,-45,90,45,45]","[90,0,90,45,0]",,,,,,,,,BLUE,3,Different,6,1,,,,,,5,0,2.921,6,12,108,12,1,,,,,,,,,,,,,,,,,,,,,,,,,,,,,,,,,,,,,,,,,
,,,,,,,,610b06f1534fdc7ce455d168,2025-01-21_21h56.40.072,VisualArraysMentalRotation_v4,2021.1.4,Win32,59.95203837,679054f2072d526265aabff2,67905e4926b062ad60277d06,"[0,0,90,0,45]","[0,45,90,45,0]",,Red_1,"[0,0,90,0,45]","[0,45,90,45,0]",,,,,,,,,RED,5,Same,5,3,,,,,,6,0,0.984,6,13,109,3,1,,,,,,,,,,,,,,,,,,,,,,,,,,,,,,,,,,,,,,,,,
,,,,,,,,610b06f1534fdc7ce455d168,2025-01-21_21h56.40.072,VisualArraysMentalRotation_v4,2021.1.4,Win32,59.95203837,679054f2072d526265aabff2,67905e4926b062ad60277d06,"[0,90,45,90,45]","[0,90,-45,90,45]",,Blue_3,"[0,90,45,90,45]","[0,90,-45,90,45]",,,,,,,,,BLUE,3,Same,5,3,,,,,,6,0,0.724,6,14,110,9,1,,,,,,,,,,,,,,,,,,,,,,,,,,,,,,,,,,,,,,,,,
,,,,,,,,610b06f1534fdc7ce455d168,2025-01-21_21h56.40.072,VisualArraysMentalRotation_v4,2021.1.4,Win32,59.95203837,679054f2072d526265aabff2,67905e4926b062ad60277d06,"[-45,90,-45,45,45]","[90,90,0,0,-45]",,Red_2,"[-45,45,-45,45,45]","[90,90,0,0,-45]",,,,,,,,,RED,5,Different,6,3,,,,,,6,1,0.912,6,15,111,7,1,,,,,,,,,,,,,,,,,,,,,,,,,,,,,,,,,,,,,,,,,
,,,,,,,,610b06f1534fdc7ce455d168,2025-01-21_21h56.40.072,VisualArraysMentalRotation_v4,2021.1.4,Win32,59.95203837,679054f2072d526265aabff2,67905e4926b062ad60277d06,,,,,,,,,,,,,,,,,,,,,,,,,,,,,,,,,0,0,0,0,1,,,,,,,,,,,,,,,,,,,,,,,,,,,,,,,,,,,,
,,,,,,,,610b06f1534fdc7ce455d168,2025-01-21_21h56.40.072,VisualArraysMentalRotation_v4,2021.1.4,Win32,59.95203837,679054f2072d526265aabff2,67905e4926b062ad60277d06,,,,,,,,,,,,,,,,,,,,,,,,,,,,,,,,,,,,,,0,0,0,0,1,1,0,,,,,,,,,,,,,,,,,,,,,,,,,,,,,
,,,,,,,,610b06f1534fdc7ce455d168,2025-01-21_21h56.40.072,VisualArraysMentalRotation_v4,2021.1.4,Win32,59.95203837,679054f2072d526265aabff2,67905e4926b062ad60277d06,,,,,,,,,,,,,,,,,,,,,,,,,,,,,,,,,,,,,,,,,,,,,n,0,5.016,0,0,0,3,1,PracticeStim/18_150.jpg,150,Same,b,,,,,,,,,,,,,,,,,
,,,,,,,,610b06f1534fdc7ce455d168,2025-01-21_21h56.40.072,VisualArraysMentalRotation_v4,2021.1.4,Win32,59.95203837,679054f2072d526265aabff2,67905e4926b062ad60277d06,,,,,,,,,,,,,,,,,,,,,,,,,,,,,,,,,,,,,,,,,,,,,b,0,5.67,0,1,1,9,1,PracticeStim/36_100_R.jpg,100,Different,n,,,,,,,,,,,,,,,,,
,,,,,,,,610b06f1534fdc7ce455d168,2025-01-21_21h56.40.072,VisualArraysMentalRotation_v4,2021.1.4,Win32,59.95203837,679054f2072d526265aabff2,67905e4926b062ad60277d06,,,,,,,,,,,,,,,,,,,,,,,,,,,,,,,,,,,,,,,,,,,,,b,1,3.08,0,2,2,11,1,PracticeStim/42_50.jpg,50,Same,b,,,,,,,,,,,,,,,,,
,,,,,,,,610b06f1534fdc7ce455d168,2025-01-21_21h56.40.072,VisualArraysMentalRotation_v4,2021.1.4,Win32,59.95203837,679054f2072d526265aabff2,67905e4926b062ad60277d06,,,,,,,,,,,,,,,,,,,,,,,,,,,,,,,,,,,,,,,,,,,,,b,0,7.364,0,3,3,0,1,PracticeStim/7_100_R.jpg,100,Different,n,,,,,,,,,,,,,,,,,
,,,,,,,,610b06f1534fdc7ce455d168,2025-01-21_21h56.40.072,VisualArraysMentalRotation_v4,2021.1.4,Win32,59.95203837,679054f2072d526265aabff2,67905e4926b062ad60277d06,,,,,,,,,,,,,,,,,,,,,,,,,,,,,,,,,,,,,,,,,,,,,b,1,4.131,0,4,4,4,1,PracticeStim/25_150.jpg,150,Same,b,,,,,,,,,,,,,,,,,
,,,,,,,,610b06f1534fdc7ce455d168,2025-01-21_21h56.40.072,VisualArraysMentalRotation_v4,2021.1.4,Win32,59.95203837,679054f2072d526265aabff2,67905e4926b062ad60277d06,,,,,,,,,,,,,,,,,,,,,,,,,,,,,,,,,,,,,,,,,,,,,b,1,2.113,0,5,5,5,1,PracticeStim/26_150.jpg,150,Same,b,,,,,,,,,,,,,,,,,
,,,,,,,,610b06f1534fdc7ce455d168,2025-01-21_21h56.40.072,VisualArraysMentalRotation_v4,2021.1.4,Win32,59.95203837,679054f2072d526265aabff2,67905e4926b062ad60277d06,,,,,,,,,,,,,,,,,,,,,,,,,,,,,,,,,,,,,,,,,,,,,b,1,3.278,0,6,6,2,1,PracticeStim/17_50.jpg,50,Same,b,,,,,,,,,,,,,,,,,
,,,,,,,,610b06f1534fdc7ce455d168,2025-01-21_21h56.40.072,VisualArraysMentalRotation_v4,2021.1.4,Win32,59.95203837,679054f2072d526265aabff2,67905e4926b062ad60277d06,,,,,,,,,,,,,,,,,,,,,,,,,,,,,,,,,,,,,,,,,,,,,n,1,2.962,0,7,7,1,1,PracticeStim/9_100_R.jpg,100,Different,n,,,,,,,,,,,,,,,,,
,,,,,,,,610b06f1534fdc7ce455d168,2025-01-21_21h56.40.072,VisualArraysMentalRotation_v4,2021.1.4,Win32,59.95203837,679054f2072d526265aabff2,67905e4926b062ad60277d06,,,,,,,,,,,,,,,,,,,,,,,,,,,,,,,,,,,,,,,,,,,,,n,1,2.296,0,8,8,7,1,PracticeStim/31_50_R.jpg,50,Different,n,,,,,,,,,,,,,,,,,
,,,,,,,,610b06f1534fdc7ce455d168,2025-01-21_21h56.40.072,VisualArraysMentalRotation_v4,2021.1.4,Win32,59.95203837,679054f2072d526265aabff2,67905e4926b062ad60277d06,,,,,,,,,,,,,,,,,,,,,,,,,,,,,,,,,,,,,,,,,,,,,b,1,3.207,0,9,9,10,1,PracticeStim/41_150.jpg,150,Same,b,,,,,,,,,,,,,,,,,
,,,,,,,,610b06f1534fdc7ce455d168,2025-01-21_21h56.40.072,VisualArraysMentalRotation_v4,2021.1.4,Win32,59.95203837,679054f2072d526265aabff2,67905e4926b062ad60277d06,,,,,,,,,,,,,,,,,,,,,,,,,,,,,,,,,,,,,,,,,,,,,n,1,2.478,0,10,10,8,1,PracticeStim/33_50_R.jpg,50,Different,n,,,,,,,,,,,,,,,,,
,,,,,,,,610b06f1534fdc7ce455d168,2025-01-21_21h56.40.072,VisualArraysMentalRotation_v4,2021.1.4,Win32,59.95203837,679054f2072d526265aabff2,67905e4926b062ad60277d06,,,,,,,,,,,,,,,,,,,,,,,,,,,,,,,,,,,,,,,,,,,,,n,1,7.174,0,11,11,6,1,PracticeStim/30_100_R.jpg,100,Different,n,,,,,,,,,,,,,,,,,
,,,,,,,,610b06f1534fdc7ce455d168,2025-01-21_21h56.40.072,VisualArraysMentalRotation_v4,2021.1.4,Win32,59.95203837,679054f2072d526265aabff2,67905e4926b062ad60277d06,,,,,,,,,,,,,,,,,,,,,,,,,,,,,,,,,,,,,,,,,,,,,,,,,,,,,,,,,Stimuli/43_50_R.jpg,Different,50,n,n,1,1.365,0,0,0,0,1,,,,,
,,,,,,,,610b06f1534fdc7ce455d168,2025-01-21_21h56.40.072,VisualArraysMentalRotation_v4,2021.1.4,Win32,59.95203837,679054f2072d526265aabff2,67905e4926b062ad60277d06,,,,,,,,,,,,,,,,,,,,,,,,,,,,,,,,,,,,,,,,,,,,,,,,,,,,,,,,,Stimuli/40_0.jpg,Same,0,b,b,1,1.245,1,0,1,0,1,,,,,
,,,,,,,,610b06f1534fdc7ce455d168,2025-01-21_21h56.40.072,VisualArraysMentalRotation_v4,2021.1.4,Win32,59.95203837,679054f2072d526265aabff2,67905e4926b062ad60277d06,,,,,,,,,,,,,,,,,,,,,,,,,,,,,,,,,,,,,,,,,,,,,,,,,,,,,,,,,Stimuli/27_150.jpg,Same,150,b,n,0,3.617,2,0,2,0,1,,,,,
,,,,,,,,610b06f1534fdc7ce455d168,2025-01-21_21h56.40.072,VisualArraysMentalRotation_v4,2021.1.4,Win32,59.95203837,679054f2072d526265aabff2,67905e4926b062ad60277d06,,,,,,,,,,,,,,,,,,,,,,,,,,,,,,,,,,,,,,,,,,,,,,,,,,,,,,,,,Stimuli/32_100.jpg,Same,100,b,b,1,3.374,3,0,3,0,1,,,,,
,,,,,,,,610b06f1534fdc7ce455d168,2025-01-21_21h56.40.072,VisualArraysMentalRotation_v4,2021.1.4,Win32,59.95203837,679054f2072d526265aabff2,67905e4926b062ad60277d06,,,,,,,,,,,,,,,,,,,,,,,,,,,,,,,,,,,,,,,,,,,,,,,,,,,,,,,,,Stimuli/19_0_R.jpg,Different,0,n,n,1,1.387,4,0,4,0,1,,,,,
,,,,,,,,610b06f1534fdc7ce455d168,2025-01-21_21h56.40.072,VisualArraysMentalRotation_v4,2021.1.4,Win32,59.95203837,679054f2072d526265aabff2,67905e4926b062ad60277d06,,,,,,,,,,,,,,,,,,,,,,,,,,,,,,,,,,,,,,,,,,,,,,,,,,,,,,,,,Stimuli/32_0_R.jpg,Different,0,n,b,0,2.537,5,0,5,0,1,,,,,
,,,,,,,,610b06f1534fdc7ce455d168,2025-01-21_21h56.40.072,VisualArraysMentalRotation_v4,2021.1.4,Win32,59.95203837,679054f2072d526265aabff2,67905e4926b062ad60277d06,,,,,,,,,,,,,,,,,,,,,,,,,,,,,,,,,,,,,,,,,,,,,,,,,,,,,,,,,Stimuli/19_150_R.jpg,Different,150,n,n,1,1.834,6,0,6,0,1,,,,,
,,,,,,,,610b06f1534fdc7ce455d168,2025-01-21_21h56.40.072,VisualArraysMentalRotation_v4,2021.1.4,Win32,59.95203837,679054f2072d526265aabff2,67905e4926b062ad60277d06,,,,,,,,,,,,,,,,,,,,,,,,,,,,,,,,,,,,,,,,,,,,,,,,,,,,,,,,,Stimuli/43_50.jpg,Same,50,b,b,1,2.309,7,0,7,0,1,,,,,
,,,,,,,,610b06f1534fdc7ce455d168,2025-01-21_21h56.40.072,VisualArraysMentalRotation_v4,2021.1.4,Win32,59.95203837,679054f2072d526265aabff2,67905e4926b062ad60277d06,,,,,,,,,,,,,,,,,,,,,,,,,,,,,,,,,,,,,,,,,,,,,,,,,,,,,,,,,Stimuli/44_50.jpg,Same,50,b,b,1,1.686,8,0,8,0,1,,,,,
,,,,,,,,610b06f1534fdc7ce455d168,2025-01-21_21h56.40.072,VisualArraysMentalRotation_v4,2021.1.4,Win32,59.95203837,679054f2072d526265aabff2,67905e4926b062ad60277d06,,,,,,,,,,,,,,,,,,,,,,,,,,,,,,,,,,,,,,,,,,,,,,,,,,,,,,,,,Stimuli/16_100_R.jpg,Different,100,n,n,1,1.361,9,0,9,0,1,,,,,
,,,,,,,,610b06f1534fdc7ce455d168,2025-01-21_21h56.40.072,VisualArraysMentalRotation_v4,2021.1.4,Win32,59.95203837,679054f2072d526265aabff2,67905e4926b062ad60277d06,,,,,,,,,,,,,,,,,,,,,,,,,,,,,,,,,,,,,,,,,,,,,,,,,,,,,,,,,Stimuli/44_100_R.jpg,Different,100,n,n,1,1.504,10,0,10,0,1,,,,,
,,,,,,,,610b06f1534fdc7ce455d168,2025-01-21_21h56.40.072,VisualArraysMentalRotation_v4,2021.1.4,Win32,59.95203837,679054f2072d526265aabff2,67905e4926b062ad60277d06,,,,,,,,,,,,,,,,,,,,,,,,,,,,,,,,,,,,,,,,,,,,,,,,,,,,,,,,,Stimuli/21_0_R.jpg,Different,0,n,n,1,3.134,11,0,11,0,1,,,,,
,,,,,,,,610b06f1534fdc7ce455d168,2025-01-21_21h56.40.072,VisualArraysMentalRotation_v4,2021.1.4,Win32,59.95203837,679054f2072d526265aabff2,67905e4926b062ad60277d06,,,,,,,,,,,,,,,,,,,,,,,,,,,,,,,,,,,,,,,,,,,,,,,,,,,,,,,,,Stimuli/32_50.jpg,Same,50,b,b,1,1.432,12,0,12,0,1,,,,,
,,,,,,,,610b06f1534fdc7ce455d168,2025-01-21_21h56.40.072,VisualArraysMentalRotation_v4,2021.1.4,Win32,59.95203837,679054f2072d526265aabff2,67905e4926b062ad60277d06,,,,,,,,,,,,,,,,,,,,,,,,,,,,,,,,,,,,,,,,,,,,,,,,,,,,,,,,,Stimuli/3_100.jpg,Same,100,b,b,1,3.54,13,0,13,0,1,,,,,
,,,,,,,,610b06f1534fdc7ce455d168,2025-01-21_21h56.40.072,VisualArraysMentalRotation_v4,2021.1.4,Win32,59.95203837,679054f2072d526265aabff2,67905e4926b062ad60277d06,,,,,,,,,,,,,,,,,,,,,,,,,,,,,,,,,,,,,,,,,,,,,,,,,,,,,,,,,Stimuli/38_50_R.jpg,Different,50,n,n,1,2.099,14,0,14,0,1,,,,,
,,,,,,,,610b06f1534fdc7ce455d168,2025-01-21_21h56.40.072,VisualArraysMentalRotation_v4,2021.1.4,Win32,59.95203837,679054f2072d526265aabff2,67905e4926b062ad60277d06,,,,,,,,,,,,,,,,,,,,,,,,,,,,,,,,,,,,,,,,,,,,,,,,,,,,,,,,,Stimuli/27_150_R.jpg,Different,150,n,n,1,2.613,15,0,15,0,1,,,,,
,,,,,,,,610b06f1534fdc7ce455d168,2025-01-21_21h56.40.072,VisualArraysMentalRotation_v4,2021.1.4,Win32,59.95203837,679054f2072d526265aabff2,67905e4926b062ad60277d06,,,,,,,,,,,,,,,,,,,,,,,,,,,,,,,,,,,,,,,,,,,,,,,,,,,,,,,,,Stimuli/21_100_R.jpg,Different,100,n,b,0,5.77,16,0,16,0,1,,,,,
,,,,,,,,610b06f1534fdc7ce455d168,2025-01-21_21h56.40.072,VisualArraysMentalRotation_v4,2021.1.4,Win32,59.95203837,679054f2072d526265aabff2,67905e4926b062ad60277d06,,,,,,,,,,,,,,,,,,,,,,,,,,,,,,,,,,,,,,,,,,,,,,,,,,,,,,,,,Stimuli/27_100.jpg,Same,100,b,,0,,17,0,17,0,1,,,,,
,,,,,,,,610b06f1534fdc7ce455d168,2025-01-21_21h56.40.072,VisualArraysMentalRotation_v4,2021.1.4,Win32,59.95203837,679054f2072d526265aabff2,67905e4926b062ad60277d06,,,,,,,,,,,,,,,,,,,,,,,,,,,,,,,,,,,,,,,,,,,,,,,,,,,,,,,,,Stimuli/27_0_R.jpg,Different,0,n,n,1,3.09,18,0,18,0,1,,,,,
,,,,,,,,610b06f1534fdc7ce455d168,2025-01-21_21h56.40.072,VisualArraysMentalRotation_v4,2021.1.4,Win32,59.95203837,679054f2072d526265aabff2,67905e4926b062ad60277d06,,,,,,,,,,,,,,,,,,,,,,,,,,,,,,,,,,,,,,,,,,,,,,,,,,,,,,,,,Stimuli/21_50_R.jpg,Different,50,n,n,1,2.069,19,0,19,0,1,,,,,
,,,,,,,,610b06f1534fdc7ce455d168,2025-01-21_21h56.40.072,VisualArraysMentalRotation_v4,2021.1.4,Win32,59.95203837,679054f2072d526265aabff2,67905e4926b062ad60277d06,,,,,,,,,,,,,,,,,,,,,,,,,,,,,,,,,,,,,,,,,,,,,,,,,,,,,,,,,Stimuli/32_0.jpg,Same,0,b,b,1,1.181,20,0,20,0,1,,,,,
,,,,,,,,610b06f1534fdc7ce455d168,2025-01-21_21h56.40.072,VisualArraysMentalRotation_v4,2021.1.4,Win32,59.95203837,679054f2072d526265aabff2,67905e4926b062ad60277d06,,,,,,,,,,,,,,,,,,,,,,,,,,,,,,,,,,,,,,,,,,,,,,,,,,,,,,,,,Stimuli/32_150_R.jpg,Different,150,n,n,1,1.5,21,0,21,0,1,,,,,
,,,,,,,,610b06f1534fdc7ce455d168,2025-01-21_21h56.40.072,VisualArraysMentalRotation_v4,2021.1.4,Win32,59.95203837,679054f2072d526265aabff2,67905e4926b062ad60277d06,,,,,,,,,,,,,,,,,,,,,,,,,,,,,,,,,,,,,,,,,,,,,,,,,,,,,,,,,Stimuli/38_0_R.jpg,Different,0,n,n,1,1.333,22,0,22,0,1,,,,,
,,,,,,,,610b06f1534fdc7ce455d168,2025-01-21_21h56.40.072,VisualArraysMentalRotation_v4,2021.1.4,Win32,59.95203837,679054f2072d526265aabff2,67905e4926b062ad60277d06,,,,,,,,,,,,,,,,,,,,,,,,,,,,,,,,,,,,,,,,,,,,,,,,,,,,,,,,,Stimuli/28_50.jpg,Same,50,b,b,1,2.622,23,0,23,0,1,,,,,
,,,,,,,,610b06f1534fdc7ce455d168,2025-01-21_21h56.40.072,VisualArraysMentalRotation_v4,2021.1.4,Win32,59.95203837,679054f2072d526265aabff2,67905e4926b062ad60277d06,,,,,,,,,,,,,,,,,,,,,,,,,,,,,,,,,,,,,,,,,,,,,,,,,,,,,,,,,Stimuli/38_150.jpg,Same,150,b,b,1,1.794,24,0,24,0,1,,,,,
,,,,,,,,610b06f1534fdc7ce455d168,2025-01-21_21h56.40.072,VisualArraysMentalRotation_v4,2021.1.4,Win32,59.95203837,679054f2072d526265aabff2,67905e4926b062ad60277d06,,,,,,,,,,,,,,,,,,,,,,,,,,,,,,,,,,,,,,,,,,,,,,,,,,,,,,,,,Stimuli/28_100_R.jpg,Different,100,n,b,0,3.613,25,0,25,0,1,,,,,
,,,,,,,,610b06f1534fdc7ce455d168,2025-01-21_21h56.40.072,VisualArraysMentalRotation_v4,2021.1.4,Win32,59.95203837,679054f2072d526265aabff2,67905e4926b062ad60277d06,,,,,,,,,,,,,,,,,,,,,,,,,,,,,,,,,,,,,,,,,,,,,,,,,,,,,,,,,Stimuli/40_0_R.jpg,Different,0,n,n,1,1.478,26,0,26,0,1,,,,,
,,,,,,,,610b06f1534fdc7ce455d168,2025-01-21_21h56.40.072,VisualArraysMentalRotation_v4,2021.1.4,Win32,59.95203837,679054f2072d526265aabff2,67905e4926b062ad60277d06,,,,,,,,,,,,,,,,,,,,,,,,,,,,,,,,,,,,,,,,,,,,,,,,,,,,,,,,,Stimuli/21_50.jpg,Same,50,b,b,1,1.405,27,0,27,0,1,,,,,
,,,,,,,,610b06f1534fdc7ce455d168,2025-01-21_21h56.40.072,VisualArraysMentalRotation_v4,2021.1.4,Win32,59.95203837,679054f2072d526265aabff2,67905e4926b062ad60277d06,,,,,,,,,,,,,,,,,,,,,,,,,,,,,,,,,,,,,,,,,,,,,,,,,,,,,,,,,Stimuli/21_0.jpg,Same,0,b,b,1,1.204,28,0,28,0,1,,,,,
,,,,,,,,610b06f1534fdc7ce455d168,2025-01-21_21h56.40.072,VisualArraysMentalRotation_v4,2021.1.4,Win32,59.95203837,679054f2072d526265aabff2,67905e4926b062ad60277d06,,,,,,,,,,,,,,,,,,,,,,,,,,,,,,,,,,,,,,,,,,,,,,,,,,,,,,,,,Stimuli/38_150_R.jpg,Different,150,n,b,0,2.755,29,0,29,0,1,,,,,
,,,,,,,,610b06f1534fdc7ce455d168,2025-01-21_21h56.40.072,VisualArraysMentalRotation_v4,2021.1.4,Win32,59.95203837,679054f2072d526265aabff2,67905e4926b062ad60277d06,,,,,,,,,,,,,,,,,,,,,,,,,,,,,,,,,,,,,,,,,,,,,,,,,,,,,,,,,Stimuli/21_100.jpg,Same,100,b,b,1,1.731,30,0,30,0,1,,,,,
,,,,,,,,610b06f1534fdc7ce455d168,2025-01-21_21h56.40.072,VisualArraysMentalRotation_v4,2021.1.4,Win32,59.95203837,679054f2072d526265aabff2,67905e4926b062ad60277d06,,,,,,,,,,,,,,,,,,,,,,,,,,,,,,,,,,,,,,,,,,,,,,,,,,,,,,,,,Stimuli/44_150.jpg,Same,150,b,b,1,2.274,31,0,31,0,1,,,,,
,,,,,,,,610b06f1534fdc7ce455d168,2025-01-21_21h56.40.072,VisualArraysMentalRotation_v4,2021.1.4,Win32,59.95203837,679054f2072d526265aabff2,67905e4926b062ad60277d06,,,,,,,,,,,,,,,,,,,,,,,,,,,,,,,,,,,,,,,,,,,,,,,,,,,,,,,,,Stimuli/19_100_R.jpg,Different,100,n,b,0,1.959,32,0,32,0,1,,,,,
,,,,,,,,610b06f1534fdc7ce455d168,2025-01-21_21h56.40.072,VisualArraysMentalRotation_v4,2021.1.4,Win32,59.95203837,679054f2072d526265aabff2,67905e4926b062ad60277d06,,,,,,,,,,,,,,,,,,,,,,,,,,,,,,,,,,,,,,,,,,,,,,,,,,,,,,,,,Stimuli/3_0.jpg,Same,0,b,b,1,1.645,33,0,33,0,1,,,,,
,,,,,,,,610b06f1534fdc7ce455d168,2025-01-21_21h56.40.072,VisualArraysMentalRotation_v4,2021.1.4,Win32,59.95203837,679054f2072d526265aabff2,67905e4926b062ad60277d06,,,,,,,,,,,,,,,,,,,,,,,,,,,,,,,,,,,,,,,,,,,,,,,,,,,,,,,,,Stimuli/19_50.jpg,Same,50,b,b,1,1.263,34,0,34,0,1,,,,,
,,,,,,,,610b06f1534fdc7ce455d168,2025-01-21_21h56.40.072,VisualArraysMentalRotation_v4,2021.1.4,Win32,59.95203837,679054f2072d526265aabff2,67905e4926b062ad60277d06,,,,,,,,,,,,,,,,,,,,,,,,,,,,,,,,,,,,,,,,,,,,,,,,,,,,,,,,,Stimuli/40_150_R.jpg,Different,150,n,n,1,1.837,35,0,35,0,1,,,,,
,,,,,,,,610b06f1534fdc7ce455d168,2025-01-21_21h56.40.072,VisualArraysMentalRotation_v4,2021.1.4,Win32,59.95203837,679054f2072d526265aabff2,67905e4926b062ad60277d06,,,,,,,,,,,,,,,,,,,,,,,,,,,,,,,,,,,,,,,,,,,,,,,,,,,,,,,,,Stimuli/43_0.jpg,Same,0,b,b,1,1.716,36,0,36,0,1,,,,,
,,,,,,,,610b06f1534fdc7ce455d168,2025-01-21_21h56.40.072,VisualArraysMentalRotation_v4,2021.1.4,Win32,59.95203837,679054f2072d526265aabff2,67905e4926b062ad60277d06,,,,,,,,,,,,,,,,,,,,,,,,,,,,,,,,,,,,,,,,,,,,,,,,,,,,,,,,,Stimuli/38_100.jpg,Same,100,b,b,1,2.348,37,0,37,0,1,,,,,
,,,,,,,,610b06f1534fdc7ce455d168,2025-01-21_21h56.40.072,VisualArraysMentalRotation_v4,2021.1.4,Win32,59.95203837,679054f2072d526265aabff2,67905e4926b062ad60277d06,,,,,,,,,,,,,,,,,,,,,,,,,,,,,,,,,,,,,,,,,,,,,,,,,,,,,,,,,Stimuli/16_150.jpg,Same,150,b,b,1,1.466,38,0,38,0,1,,,,,
,,,,,,,,610b06f1534fdc7ce455d168,2025-01-21_21h56.40.072,VisualArraysMentalRotation_v4,2021.1.4,Win32,59.95203837,679054f2072d526265aabff2,67905e4926b062ad60277d06,,,,,,,,,,,,,,,,,,,,,,,,,,,,,,,,,,,,,,,,,,,,,,,,,,,,,,,,,Stimuli/44_50_R.jpg,Different,50,n,n,1,5.366,39,0,39,0,1,,,,,
,,,,,,,,610b06f1534fdc7ce455d168,2025-01-21_21h56.40.072,VisualArraysMentalRotation_v4,2021.1.4,Win32,59.95203837,679054f2072d526265aabff2,67905e4926b062ad60277d06,,,,,,,,,,,,,,,,,,,,,,,,,,,,,,,,,,,,,,,,,,,,,,,,,,,,,,,,,Stimuli/40_150.jpg,Same,150,b,b,1,2.916,40,0,40,0,1,,,,,
,,,,,,,,610b06f1534fdc7ce455d168,2025-01-21_21h56.40.072,VisualArraysMentalRotation_v4,2021.1.4,Win32,59.95203837,679054f2072d526265aabff2,67905e4926b062ad60277d06,,,,,,,,,,,,,,,,,,,,,,,,,,,,,,,,,,,,,,,,,,,,,,,,,,,,,,,,,Stimuli/22_150.jpg,Same,150,b,b,1,1.279,41,0,41,0,1,,,,,
,,,,,,,,610b06f1534fdc7ce455d168,2025-01-21_21h56.40.072,VisualArraysMentalRotation_v4,2021.1.4,Win32,59.95203837,679054f2072d526265aabff2,67905e4926b062ad60277d06,,,,,,,,,,,,,,,,,,,,,,,,,,,,,,,,,,,,,,,,,,,,,,,,,,,,,,,,,Stimuli/28_50_R.jpg,Different,50,n,n,1,1.309,42,0,42,0,1,,,,,
,,,,,,,,610b06f1534fdc7ce455d168,2025-01-21_21h56.40.072,VisualArraysMentalRotation_v4,2021.1.4,Win32,59.95203837,679054f2072d526265aabff2,67905e4926b062ad60277d06,,,,,,,,,,,,,,,,,,,,,,,,,,,,,,,,,,,,,,,,,,,,,,,,,,,,,,,,,Stimuli/3_50_R.jpg,Different,50,n,n,1,2.695,43,0,43,0,1,,,,,
,,,,,,,,610b06f1534fdc7ce455d168,2025-01-21_21h56.40.072,VisualArraysMentalRotation_v4,2021.1.4,Win32,59.95203837,679054f2072d526265aabff2,67905e4926b062ad60277d06,,,,,,,,,,,,,,,,,,,,,,,,,,,,,,,,,,,,,,,,,,,,,,,,,,,,,,,,,Stimuli/22_150_R.jpg,Different,150,n,n,1,2.027,44,0,44,0,1,,,,,
,,,,,,,,610b06f1534fdc7ce455d168,2025-01-21_21h56.40.072,VisualArraysMentalRotation_v4,2021.1.4,Win32,59.95203837,679054f2072d526265aabff2,67905e4926b062ad60277d06,,,,,,,,,,,,,,,,,,,,,,,,,,,,,,,,,,,,,,,,,,,,,,,,,,,,,,,,,Stimuli/16_0.jpg,Same,0,b,b,1,1.197,45,0,45,0,1,,,,,
,,,,,,,,610b06f1534fdc7ce455d168,2025-01-21_21h56.40.072,VisualArraysMentalRotation_v4,2021.1.4,Win32,59.95203837,679054f2072d526265aabff2,67905e4926b062ad60277d06,,,,,,,,,,,,,,,,,,,,,,,,,,,,,,,,,,,,,,,,,,,,,,,,,,,,,,,,,Stimuli/44_100.jpg,Same,100,b,b,1,2.371,46,0,46,0,1,,,,,
,,,,,,,,610b06f1534fdc7ce455d168,2025-01-21_21h56.40.072,VisualArraysMentalRotation_v4,2021.1.4,Win32,59.95203837,679054f2072d526265aabff2,67905e4926b062ad60277d06,,,,,,,,,,,,,,,,,,,,,,,,,,,,,,,,,,,,,,,,,,,,,,,,,,,,,,,,,Stimuli/38_100_R.jpg,Different,100,n,n,1,2.395,47,0,47,0,1,,,,,
,,,,,,,,610b06f1534fdc7ce455d168,2025-01-21_21h56.40.072,VisualArraysMentalRotation_v4,2021.1.4,Win32,59.95203837,679054f2072d526265aabff2,67905e4926b062ad60277d06,,,,,,,,,,,,,,,,,,,,,,,,,,,,,,,,,,,,,,,,,,,,,,,,,,,,,,,,,Stimuli/22_100.jpg,Same,100,b,b,1,1.632,48,0,48,0,1,,,,,
,,,,,,,,610b06f1534fdc7ce455d168,2025-01-21_21h56.40.072,VisualArraysMentalRotation_v4,2021.1.4,Win32,59.95203837,679054f2072d526265aabff2,67905e4926b062ad60277d06,,,,,,,,,,,,,,,,,,,,,,,,,,,,,,,,,,,,,,,,,,,,,,,,,,,,,,,,,Stimuli/16_0_R.jpg,Different,0,n,n,1,1.083,49,0,49,0,1,,,,,
,,,,,,,,610b06f1534fdc7ce455d168,2025-01-21_21h56.40.072,VisualArraysMentalRotation_v4,2021.1.4,Win32,59.95203837,679054f2072d526265aabff2,67905e4926b062ad60277d06,,,,,,,,,,,,,,,,,,,,,,,,,,,,,,,,,,,,,,,,,,,,,,,,,,,,,,,,,Stimuli/40_50_R.jpg,Different,50,n,n,1,2.052,50,0,50,0,1,,,,,
,,,,,,,,610b06f1534fdc7ce455d168,2025-01-21_21h56.40.072,VisualArraysMentalRotation_v4,2021.1.4,Win32,59.95203837,679054f2072d526265aabff2,67905e4926b062ad60277d06,,,,,,,,,,,,,,,,,,,,,,,,,,,,,,,,,,,,,,,,,,,,,,,,,,,,,,,,,Stimuli/38_50.jpg,Same,50,b,b,1,1.392,51,0,51,0,1,,,,,
,,,,,,,,610b06f1534fdc7ce455d168,2025-01-21_21h56.40.072,VisualArraysMentalRotation_v4,2021.1.4,Win32,59.95203837,679054f2072d526265aabff2,67905e4926b062ad60277d06,,,,,,,,,,,,,,,,,,,,,,,,,,,,,,,,,,,,,,,,,,,,,,,,,,,,,,,,,Stimuli/3_0_R.jpg,Different,0,n,b,0,3.678,52,0,52,0,1,,,,,
,,,,,,,,610b06f1534fdc7ce455d168,2025-01-21_21h56.40.072,VisualArraysMentalRotation_v4,2021.1.4,Win32,59.95203837,679054f2072d526265aabff2,67905e4926b062ad60277d06,,,,,,,,,,,,,,,,,,,,,,,,,,,,,,,,,,,,,,,,,,,,,,,,,,,,,,,,,Stimuli/22_0_R.jpg,Different,0,n,b,0,1.15,53,0,53,0,1,,,,,
,,,,,,,,610b06f1534fdc7ce455d168,2025-01-21_21h56.40.072,VisualArraysMentalRotation_v4,2021.1.4,Win32,59.95203837,679054f2072d526265aabff2,67905e4926b062ad60277d06,,,,,,,,,,,,,,,,,,,,,,,,,,,,,,,,,,,,,,,,,,,,,,,,,,,,,,,,,Stimuli/27_50_R.jpg,Different,50,n,n,1,1.168,54,0,54,0,1,,,,,
,,,,,,,,610b06f1534fdc7ce455d168,2025-01-21_21h56.40.072,VisualArraysMentalRotation_v4,2021.1.4,Win32,59.95203837,679054f2072d526265aabff2,67905e4926b062ad60277d06,,,,,,,,,,,,,,,,,,,,,,,,,,,,,,,,,,,,,,,,,,,,,,,,,,,,,,,,,Stimuli/38_0.jpg,Same,0,b,b,1,0.934,55,0,55,0,1,,,,,
,,,,,,,,610b06f1534fdc7ce455d168,2025-01-21_21h56.40.072,VisualArraysMentalRotation_v4,2021.1.4,Win32,59.95203837,679054f2072d526265aabff2,67905e4926b062ad60277d06,,,,,,,,,,,,,,,,,,,,,,,,,,,,,,,,,,,,,,,,,,,,,,,,,,,,,,,,,Stimuli/28_0_R.jpg,Different,0,n,n,1,2.285,56,0,56,0,1,,,,,
,,,,,,,,610b06f1534fdc7ce455d168,2025-01-21_21h56.40.072,VisualArraysMentalRotation_v4,2021.1.4,Win32,59.95203837,679054f2072d526265aabff2,67905e4926b062ad60277d06,,,,,,,,,,,,,,,,,,,,,,,,,,,,,,,,,,,,,,,,,,,,,,,,,,,,,,,,,Stimuli/43_0_R.jpg,Different,0,n,b,0,5.729,57,0,57,0,1,,,,,
,,,,,,,,610b06f1534fdc7ce455d168,2025-01-21_21h56.40.072,VisualArraysMentalRotation_v4,2021.1.4,Win32,59.95203837,679054f2072d526265aabff2,67905e4926b062ad60277d06,,,,,,,,,,,,,,,,,,,,,,,,,,,,,,,,,,,,,,,,,,,,,,,,,,,,,,,,,Stimuli/22_0.jpg,Same,0,b,b,1,1.232,58,0,58,0,1,,,,,
,,,,,,,,610b06f1534fdc7ce455d168,2025-01-21_21h56.40.072,VisualArraysMentalRotation_v4,2021.1.4,Win32,59.95203837,679054f2072d526265aabff2,67905e4926b062ad60277d06,,,,,,,,,,,,,,,,,,,,,,,,,,,,,,,,,,,,,,,,,,,,,,,,,,,,,,,,,Stimuli/43_150.jpg,Same,150,b,b,1,1.755,59,0,59,0,1,,,,,
,,,,,,,,610b06f1534fdc7ce455d168,2025-01-21_21h56.40.072,VisualArraysMentalRotation_v4,2021.1.4,Win32,59.95203837,679054f2072d526265aabff2,67905e4926b062ad60277d06,,,,,,,,,,,,,,,,,,,,,,,,,,,,,,,,,,,,,,,,,,,,,,,,,,,,,,,,,Stimuli/43_100.jpg,Same,100,b,b,1,4.419,60,0,60,0,1,,,,,
,,,,,,,,610b06f1534fdc7ce455d168,2025-01-21_21h56.40.072,VisualArraysMentalRotation_v4,2021.1.4,Win32,59.95203837,679054f2072d526265aabff2,67905e4926b062ad60277d06,,,,,,,,,,,,,,,,,,,,,,,,,,,,,,,,,,,,,,,,,,,,,,,,,,,,,,,,,Stimuli/43_100_R.jpg,Different,100,n,b,0,5.121,61,0,61,0,1,,,,,
,,,,,,,,610b06f1534fdc7ce455d168,2025-01-21_21h56.40.072,VisualArraysMentalRotation_v4,2021.1.4,Win32,59.95203837,679054f2072d526265aabff2,67905e4926b062ad60277d06,,,,,,,,,,,,,,,,,,,,,,,,,,,,,,,,,,,,,,,,,,,,,,,,,,,,,,,,,Stimuli/43_150_R.jpg,Different,150,n,n,1,4.088,62,0,62,0,1,,,,,
,,,,,,,,610b06f1534fdc7ce455d168,2025-01-21_21h56.40.072,VisualArraysMentalRotation_v4,2021.1.4,Win32,59.95203837,679054f2072d526265aabff2,67905e4926b062ad60277d06,,,,,,,,,,,,,,,,,,,,,,,,,,,,,,,,,,,,,,,,,,,,,,,,,,,,,,,,,Stimuli/3_150.jpg,Same,150,b,b,1,2.137,63,0,63,0,1,,,,,
,,,,,,,,610b06f1534fdc7ce455d168,2025-01-21_21h56.40.072,VisualArraysMentalRotation_v4,2021.1.4,Win32,59.95203837,679054f2072d526265aabff2,67905e4926b062ad60277d06,,,,,,,,,,,,,,,,,,,,,,,,,,,,,,,,,,,,,,,,,,,,,,,,,,,,,,,,,Stimuli/16_50_R.jpg,Different,50,n,n,1,2.01,64,0,64,0,1,,,,,
,,,,,,,,610b06f1534fdc7ce455d168,2025-01-21_21h56.40.072,VisualArraysMentalRotation_v4,2021.1.4,Win32,59.95203837,679054f2072d526265aabff2,67905e4926b062ad60277d06,,,,,,,,,,,,,,,,,,,,,,,,,,,,,,,,,,,,,,,,,,,,,,,,,,,,,,,,,Stimuli/21_150.jpg,Same,150,b,b,1,3.31,65,0,65,0,1,,,,,
,,,,,,,,610b06f1534fdc7ce455d168,2025-01-21_21h56.40.072,VisualArraysMentalRotation_v4,2021.1.4,Win32,59.95203837,679054f2072d526265aabff2,67905e4926b062ad60277d06,,,,,,,,,,,,,,,,,,,,,,,,,,,,,,,,,,,,,,,,,,,,,,,,,,,,,,,,,Stimuli/28_100.jpg,Same,100,b,b,1,2.727,66,0,66,0,1,,,,,
,,,,,,,,610b06f1534fdc7ce455d168,2025-01-21_21h56.40.072,VisualArraysMentalRotation_v4,2021.1.4,Win32,59.95203837,679054f2072d526265aabff2,67905e4926b062ad60277d06,,,,,,,,,,,,,,,,,,,,,,,,,,,,,,,,,,,,,,,,,,,,,,,,,,,,,,,,,Stimuli/28_150_R.jpg,Different,150,n,b,0,1.938,67,0,67,0,1,,,,,
,,,,,,,,610b06f1534fdc7ce455d168,2025-01-21_21h56.40.072,VisualArraysMentalRotation_v4,2021.1.4,Win32,59.95203837,679054f2072d526265aabff2,67905e4926b062ad60277d06,,,,,,,,,,,,,,,,,,,,,,,,,,,,,,,,,,,,,,,,,,,,,,,,,,,,,,,,,Stimuli/40_100_R.jpg,Different,100,n,n,1,4.302,68,0,68,0,1,,,,,
,,,,,,,,610b06f1534fdc7ce455d168,2025-01-21_21h56.40.072,VisualArraysMentalRotation_v4,2021.1.4,Win32,59.95203837,679054f2072d526265aabff2,67905e4926b062ad60277d06,,,,,,,,,,,,,,,,,,,,,,,,,,,,,,,,,,,,,,,,,,,,,,,,,,,,,,,,,Stimuli/32_150.jpg,Same,150,b,b,1,1.384,69,0,69,0,1,,,,,
,,,,,,,,610b06f1534fdc7ce455d168,2025-01-21_21h56.40.072,VisualArraysMentalRotation_v4,2021.1.4,Win32,59.95203837,679054f2072d526265aabff2,67905e4926b062ad60277d06,,,,,,,,,,,,,,,,,,,,,,,,,,,,,,,,,,,,,,,,,,,,,,,,,,,,,,,,,Stimuli/19_50_R.jpg,Different,50,n,n,1,1.838,70,0,70,0,1,,,,,
,,,,,,,,610b06f1534fdc7ce455d168,2025-01-21_21h56.40.072,VisualArraysMentalRotation_v4,2021.1.4,Win32,59.95203837,679054f2072d526265aabff2,67905e4926b062ad60277d06,,,,,,,,,,,,,,,,,,,,,,,,,,,,,,,,,,,,,,,,,,,,,,,,,,,,,,,,,Stimuli/19_150.jpg,Same,150,b,b,1,1.683,71,0,71,0,1,,,,,
,,,,,,,,610b06f1534fdc7ce455d168,2025-01-21_21h56.40.072,VisualArraysMentalRotation_v4,2021.1.4,Win32,59.95203837,679054f2072d526265aabff2,67905e4926b062ad60277d06,,,,,,,,,,,,,,,,,,,,,,,,,,,,,,,,,,,,,,,,,,,,,,,,,,,,,,,,,Stimuli/27_100_R.jpg,Different,100,n,n,1,4.228,72,0,72,0,1,,,,,
,,,,,,,,610b06f1534fdc7ce455d168,2025-01-21_21h56.40.072,VisualArraysMentalRotation_v4,2021.1.4,Win32,59.95203837,679054f2072d526265aabff2,67905e4926b062ad60277d06,,,,,,,,,,,,,,,,,,,,,,,,,,,,,,,,,,,,,,,,,,,,,,,,,,,,,,,,,Stimuli/3_50.jpg,Same,50,b,b,1,3.471,73,0,73,0,1,,,,,
,,,,,,,,610b06f1534fdc7ce455d168,2025-01-21_21h56.40.072,VisualArraysMentalRotation_v4,2021.1.4,Win32,59.95203837,679054f2072d526265aabff2,67905e4926b062ad60277d06,,,,,,,,,,,,,,,,,,,,,,,,,,,,,,,,,,,,,,,,,,,,,,,,,,,,,,,,,Stimuli/19_100.jpg,Same,100,b,n,0,1.946,74,0,74,0,1,,,,,
,,,,,,,,610b06f1534fdc7ce455d168,2025-01-21_21h56.40.072,VisualArraysMentalRotation_v4,2021.1.4,Win32,59.95203837,679054f2072d526265aabff2,67905e4926b062ad60277d06,,,,,,,,,,,,,,,,,,,,,,,,,,,,,,,,,,,,,,,,,,,,,,,,,,,,,,,,,Stimuli/22_100_R.jpg,Different,100,n,n,1,3.722,75,0,75,0,1,,,,,
,,,,,,,,610b06f1534fdc7ce455d168,2025-01-21_21h56.40.072,VisualArraysMentalRotation_v4,2021.1.4,Win32,59.95203837,679054f2072d526265aabff2,67905e4926b062ad60277d06,,,,,,,,,,,,,,,,,,,,,,,,,,,,,,,,,,,,,,,,,,,,,,,,,,,,,,,,,Stimuli/16_150_R.jpg,Different,150,n,b,0,1.386,76,0,76,0,1,,,,,
,,,,,,,,610b06f1534fdc7ce455d168,2025-01-21_21h56.40.072,VisualArraysMentalRotation_v4,2021.1.4,Win32,59.95203837,679054f2072d526265aabff2,67905e4926b062ad60277d06,,,,,,,,,,,,,,,,,,,,,,,,,,,,,,,,,,,,,,,,,,,,,,,,,,,,,,,,,Stimuli/21_150_R.jpg,Different,150,n,b,0,1.828,77,0,77,0,1,,,,,
,,,,,,,,610b06f1534fdc7ce455d168,2025-01-21_21h56.40.072,VisualArraysMentalRotation_v4,2021.1.4,Win32,59.95203837,679054f2072d526265aabff2,67905e4926b062ad60277d06,,,,,,,,,,,,,,,,,,,,,,,,,,,,,,,,,,,,,,,,,,,,,,,,,,,,,,,,,Stimuli/27_0.jpg,Same,0,b,b,1,1.052,78,0,78,0,1,,,,,
,,,,,,,,610b06f1534fdc7ce455d168,2025-01-21_21h56.40.072,VisualArraysMentalRotation_v4,2021.1.4,Win32,59.95203837,679054f2072d526265aabff2,67905e4926b062ad60277d06,,,,,,,,,,,,,,,,,,,,,,,,,,,,,,,,,,,,,,,,,,,,,,,,,,,,,,,,,Stimuli/44_0_R.jpg,Different,0,n,n,1,1.631,79,0,79,0,1,,,,,
,,,,,,,,610b06f1534fdc7ce455d168,2025-01-21_21h56.40.072,VisualArraysMentalRotation_v4,2021.1.4,Win32,59.95203837,679054f2072d526265aabff2,67905e4926b062ad60277d06,,,,,,,,,,,,,,,,,,,,,,,,,,,,,,,,,,,,,,,,,,,,,,,,,,,,,,,,,Stimuli/19_0.jpg,Same,0,b,b,1,1.173,80,0,80,0,1,,,,,
,,,,,,,,610b06f1534fdc7ce455d168,2025-01-21_21h56.40.072,VisualArraysMentalRotation_v4,2021.1.4,Win32,59.95203837,679054f2072d526265aabff2,67905e4926b062ad60277d06,,,,,,,,,,,,,,,,,,,,,,,,,,,,,,,,,,,,,,,,,,,,,,,,,,,,,,,,,Stimuli/40_50.jpg,Same,50,b,b,1,2.539,81,0,81,0,1,,,,,
,,,,,,,,610b06f1534fdc7ce455d168,2025-01-21_21h56.40.072,VisualArraysMentalRotation_v4,2021.1.4,Win32,59.95203837,679054f2072d526265aabff2,67905e4926b062ad60277d06,,,,,,,,,,,,,,,,,,,,,,,,,,,,,,,,,,,,,,,,,,,,,,,,,,,,,,,,,Stimuli/28_150.jpg,Same,150,b,b,1,1.28,82,0,82,0,1,,,,,
,,,,,,,,610b06f1534fdc7ce455d168,2025-01-21_21h56.40.072,VisualArraysMentalRotation_v4,2021.1.4,Win32,59.95203837,679054f2072d526265aabff2,67905e4926b062ad60277d06,,,,,,,,,,,,,,,,,,,,,,,,,,,,,,,,,,,,,,,,,,,,,,,,,,,,,,,,,Stimuli/32_100_R.jpg,Different,100,n,,0,,83,0,83,0,1,,,,,
,,,,,,,,610b06f1534fdc7ce455d168,2025-01-21_21h56.40.072,VisualArraysMentalRotation_v4,2021.1.4,Win32,59.95203837,679054f2072d526265aabff2,67905e4926b062ad60277d06,,,,,,,,,,,,,,,,,,,,,,,,,,,,,,,,,,,,,,,,,,,,,,,,,,,,,,,,,Stimuli/16_50.jpg,Same,50,b,b,1,2.212,84,0,84,0,1,,,,,
,,,,,,,,610b06f1534fdc7ce455d168,2025-01-21_21h56.40.072,VisualArraysMentalRotation_v4,2021.1.4,Win32,59.95203837,679054f2072d526265aabff2,67905e4926b062ad60277d06,,,,,,,,,,,,,,,,,,,,,,,,,,,,,,,,,,,,,,,,,,,,,,,,,,,,,,,,,Stimuli/27_50.jpg,Same,50,b,n,0,2.132,85,0,85,0,1,,,,,
,,,,,,,,610b06f1534fdc7ce455d168,2025-01-21_21h56.40.072,VisualArraysMentalRotation_v4,2021.1.4,Win32,59.95203837,679054f2072d526265aabff2,67905e4926b062ad60277d06,,,,,,,,,,,,,,,,,,,,,,,,,,,,,,,,,,,,,,,,,,,,,,,,,,,,,,,,,Stimuli/22_50_R.jpg,Different,50,n,n,1,1.34,86,0,86,0,1,,,,,
,,,,,,,,610b06f1534fdc7ce455d168,2025-01-21_21h56.40.072,VisualArraysMentalRotation_v4,2021.1.4,Win32,59.95203837,679054f2072d526265aabff2,67905e4926b062ad60277d06,,,,,,,,,,,,,,,,,,,,,,,,,,,,,,,,,,,,,,,,,,,,,,,,,,,,,,,,,Stimuli/3_100_R.jpg,Different,100,n,n,1,2.204,87,0,87,0,1,,,,,
,,,,,,,,610b06f1534fdc7ce455d168,2025-01-21_21h56.40.072,VisualArraysMentalRotation_v4,2021.1.4,Win32,59.95203837,679054f2072d526265aabff2,67905e4926b062ad60277d06,,,,,,,,,,,,,,,,,,,,,,,,,,,,,,,,,,,,,,,,,,,,,,,,,,,,,,,,,Stimuli/28_0.jpg,Same,0,b,b,1,1.364,88,0,88,0,1,,,,,
,,,,,,,,610b06f1534fdc7ce455d168,2025-01-21_21h56.40.072,VisualArraysMentalRotation_v4,2021.1.4,Win32,59.95203837,679054f2072d526265aabff2,67905e4926b062ad60277d06,,,,,,,,,,,,,,,,,,,,,,,,,,,,,,,,,,,,,,,,,,,,,,,,,,,,,,,,,Stimuli/44_150_R.jpg,Different,150,n,n,1,1.396,89,0,89,0,1,,,,,
,,,,,,,,610b06f1534fdc7ce455d168,2025-01-21_21h56.40.072,VisualArraysMentalRotation_v4,2021.1.4,Win32,59.95203837,679054f2072d526265aabff2,67905e4926b062ad60277d06,,,,,,,,,,,,,,,,,,,,,,,,,,,,,,,,,,,,,,,,,,,,,,,,,,,,,,,,,Stimuli/22_50.jpg,Same,50,b,b,1,1.485,90,0,90,0,1,,,,,
,,,,,,,,610b06f1534fdc7ce455d168,2025-01-21_21h56.40.072,VisualArraysMentalRotation_v4,2021.1.4,Win32,59.95203837,679054f2072d526265aabff2,67905e4926b062ad60277d06,,,,,,,,,,,,,,,,,,,,,,,,,,,,,,,,,,,,,,,,,,,,,,,,,,,,,,,,,Stimuli/3_150_R.jpg,Different,150,n,n,1,1.671,91,0,91,0,1,,,,,
,,,,,,,,610b06f1534fdc7ce455d168,2025-01-21_21h56.40.072,VisualArraysMentalRotation_v4,2021.1.4,Win32,59.95203837,679054f2072d526265aabff2,67905e4926b062ad60277d06,,,,,,,,,,,,,,,,,,,,,,,,,,,,,,,,,,,,,,,,,,,,,,,,,,,,,,,,,Stimuli/32_50_R.jpg,Different,50,n,n,1,1.354,92,0,92,0,1,,,,,
,,,,,,,,610b06f1534fdc7ce455d168,2025-01-21_21h56.40.072,VisualArraysMentalRotation_v4,2021.1.4,Win32,59.95203837,679054f2072d526265aabff2,67905e4926b062ad60277d06,,,,,,,,,,,,,,,,,,,,,,,,,,,,,,,,,,,,,,,,,,,,,,,,,,,,,,,,,Stimuli/16_100.jpg,Same,100,b,b,1,1.384,93,0,93,0,1,,,,,
,,,,,,,,610b06f1534fdc7ce455d168,2025-01-21_21h56.40.072,VisualArraysMentalRotation_v4,2021.1.4,Win32,59.95203837,679054f2072d526265aabff2,67905e4926b062ad60277d06,,,,,,,,,,,,,,,,,,,,,,,,,,,,,,,,,,,,,,,,,,,,,,,,,,,,,,,,,Stimuli/40_100.jpg,Same,100,b,n,0,1.751,94,0,94,0,1,,,,,
,,,,,,,,610b06f1534fdc7ce455d168,2025-01-21_21h56.40.072,VisualArraysMentalRotation_v4,2021.1.4,Win32,59.95203837,679054f2072d526265aabff2,67905e4926b062ad60277d06,,,,,,,,,,,,,,,,,,,,,,,,,,,,,,,,,,,,,,,,,,,,,,,,,,,,,,,,,Stimuli/44_0.jpg,Same,0,b,b,1,1.298,95,0,95,0,1,,,,,
,,,,,,,,610b06f1534fdc7ce455d168,2025-01-21_21h56.40.072,VisualArraysMentalRotation_v4,2021.1.4,Win32,59.95203837,679054f2072d526265aabff2,67905e4926b062ad60277d06,,,,,,,,,,,,,,,,,,,,,,,,,,,,,,,,,,,,,,,,,,,,,,,,,,,,,,,,,,,,,,,,,,,,,0,0,0,0,1
,,,,,,,,610b06f1534fdc7ce455d168,2025-01-21_21h56.40.072,VisualArraysMentalRotation_v4,2021.1.4,Win32,59.95203837,679054f2072d526265aabff2,67905e4926b062ad60277d06,,,,,,,,,,,,,,,,,,,,,,,,,,,,,,,,,,,,,,0,1,1,1,1,0,1,,,,,,,,,,,,,,,,,,,,,,,,,,,,,
