TaskOrder,consent_final_key_resp.keys,consent_final_key_resp.rt,MRTPracResponse.keys,MRTPracResponse.corr,MRTPracResponse.rt,MRTPracticeTrials.thisRepN,MRTPracticeTrials.thisTrialN,MRTPracticeTrials.thisN,MRTPracticeTrials.thisIndex,MRTPracticeTrials.ran,PracStimulus,PracDegRotation,PracType,MRTPracCorrectAns,PROLIFIC_PID,date,expName,psychopyVersion,OS,frameRate,STUDY_ID,SESSION_ID,MRT_prac_blocks.thisRepN,MRT_prac_blocks.thisTrialN,MRT_prac_blocks.thisN,MRT_prac_blocks.thisIndex,MRT_prac_blocks.ran,MRTStimulus,MRTType,MRTDegRotation,MRTCorrectAns,MRTTestResponse.keys,MRTTestResponse.corr,MRTTestResponse.rt,MRTTestTrials.thisRepN,MRTTestTrials.thisTrialN,MRTTestTrials.thisN,MRTTestTrials.thisIndex,MRTTestTrials.ran,MRT_Task.thisRepN,MRT_Task.thisTrialN,MRT_Task.thisN,MRT_Task.thisIndex,MRT_Task.ran,TasksLoop.thisRepN,TasksLoop.thisTrialN,TasksLoop.thisN,TasksLoop.thisIndex,TasksLoop.ran,nRepsVA,nRepsMRT,Red Orientations,Blue Orientations,VA_array_dur,Target Rectangle,New Red Orientations,New Blue Orientations,VA_PracResponse.keys,VA_PracResponse.corr,VA_PracResponse.rt,PracTrials.thisRepN,PracTrials.thisTrialN,PracTrials.thisN,PracTrials.thisIndex,PracTrials.ran,VA_Target,VA_TargetNumber,VA_Orientation,VA_Answer,VA_DelayDur,VA_PracTrialsSpeed.thisRepN,VA_PracTrialsSpeed.thisTrialN,VA_PracTrialsSpeed.thisN,VA_PracTrialsSpeed.thisIndex,VA_PracTrialsSpeed.ran,VA_TestResponse.keys,VA_TestResponse.corr,VA_TestResponse.rt,VA_TestTrials.thisRepN,VA_TestTrials.thisTrialN,VA_TestTrials.thisN,VA_TestTrials.thisIndex,VA_TestTrials.ran,VA_Task.thisRepN,VA_Task.thisTrialN,VA_Task.thisN,VA_Task.thisIndex,VA_Task.ran
2,y,2.414,n,0,2.672,0,0,0,11,1,PracticeStim/42_50.jpg,50,Same,b,6757688470f9e929a8ea7d90,2025-01-21_18h53.13.719,VisualArraysMentalRotation_v4,2021.1.4,Win32,60.0240096,679054f2072d526265aabff2,67905a479955683ee81ed30d,,,,,,,,,,,,,,,,,,,,,,,,,,,,,,,,,,,,,,,,,,,,,,,,,,,,,,,,,,,,,,,,,,
,,,n,0,1.178,0,1,1,3,1,PracticeStim/18_150.jpg,150,Same,b,6757688470f9e929a8ea7d90,2025-01-21_18h53.13.719,VisualArraysMentalRotation_v4,2021.1.4,Win32,60.0240096,679054f2072d526265aabff2,67905a479955683ee81ed30d,,,,,,,,,,,,,,,,,,,,,,,,,,,,,,,,,,,,,,,,,,,,,,,,,,,,,,,,,,,,,,,,,,
,,,n,1,0.69,0,2,2,0,1,PracticeStim/7_100_R.jpg,100,Different,n,6757688470f9e929a8ea7d90,2025-01-21_18h53.13.719,VisualArraysMentalRotation_v4,2021.1.4,Win32,60.0240096,679054f2072d526265aabff2,67905a479955683ee81ed30d,,,,,,,,,,,,,,,,,,,,,,,,,,,,,,,,,,,,,,,,,,,,,,,,,,,,,,,,,,,,,,,,,,
,,,n,0,1.897,0,3,3,5,1,PracticeStim/26_150.jpg,150,Same,b,6757688470f9e929a8ea7d90,2025-01-21_18h53.13.719,VisualArraysMentalRotation_v4,2021.1.4,Win32,60.0240096,679054f2072d526265aabff2,67905a479955683ee81ed30d,,,,,,,,,,,,,,,,,,,,,,,,,,,,,,,,,,,,,,,,,,,,,,,,,,,,,,,,,,,,,,,,,,
,,,n,1,3.63,0,4,4,6,1,PracticeStim/30_100_R.jpg,100,Different,n,6757688470f9e929a8ea7d90,2025-01-21_18h53.13.719,VisualArraysMentalRotation_v4,2021.1.4,Win32,60.0240096,679054f2072d526265aabff2,67905a479955683ee81ed30d,,,,,,,,,,,,,,,,,,,,,,,,,,,,,,,,,,,,,,,,,,,,,,,,,,,,,,,,,,,,,,,,,,
,,,b,0,2.179,0,5,5,8,1,PracticeStim/33_50_R.jpg,50,Different,n,6757688470f9e929a8ea7d90,2025-01-21_18h53.13.719,VisualArraysMentalRotation_v4,2021.1.4,Win32,60.0240096,679054f2072d526265aabff2,67905a479955683ee81ed30d,,,,,,,,,,,,,,,,,,,,,,,,,,,,,,,,,,,,,,,,,,,,,,,,,,,,,,,,,,,,,,,,,,
,,,n,0,1.82,0,6,6,4,1,PracticeStim/25_150.jpg,150,Same,b,6757688470f9e929a8ea7d90,2025-01-21_18h53.13.719,VisualArraysMentalRotation_v4,2021.1.4,Win32,60.0240096,679054f2072d526265aabff2,67905a479955683ee81ed30d,,,,,,,,,,,,,,,,,,,,,,,,,,,,,,,,,,,,,,,,,,,,,,,,,,,,,,,,,,,,,,,,,,
,,,b,0,1.405,0,7,7,9,1,PracticeStim/36_100_R.jpg,100,Different,n,6757688470f9e929a8ea7d90,2025-01-21_18h53.13.719,VisualArraysMentalRotation_v4,2021.1.4,Win32,60.0240096,679054f2072d526265aabff2,67905a479955683ee81ed30d,,,,,,,,,,,,,,,,,,,,,,,,,,,,,,,,,,,,,,,,,,,,,,,,,,,,,,,,,,,,,,,,,,
,,,b,1,1.048,0,8,8,10,1,PracticeStim/41_150.jpg,150,Same,b,6757688470f9e929a8ea7d90,2025-01-21_18h53.13.719,VisualArraysMentalRotation_v4,2021.1.4,Win32,60.0240096,679054f2072d526265aabff2,67905a479955683ee81ed30d,,,,,,,,,,,,,,,,,,,,,,,,,,,,,,,,,,,,,,,,,,,,,,,,,,,,,,,,,,,,,,,,,,
,,,n,1,1.163,0,9,9,1,1,PracticeStim/9_100_R.jpg,100,Different,n,6757688470f9e929a8ea7d90,2025-01-21_18h53.13.719,VisualArraysMentalRotation_v4,2021.1.4,Win32,60.0240096,679054f2072d526265aabff2,67905a479955683ee81ed30d,,,,,,,,,,,,,,,,,,,,,,,,,,,,,,,,,,,,,,,,,,,,,,,,,,,,,,,,,,,,,,,,,,
,,,n,1,2.015,0,10,10,7,1,PracticeStim/31_50_R.jpg,50,Different,n,6757688470f9e929a8ea7d90,2025-01-21_18h53.13.719,VisualArraysMentalRotation_v4,2021.1.4,Win32,60.0240096,679054f2072d526265aabff2,67905a479955683ee81ed30d,,,,,,,,,,,,,,,,,,,,,,,,,,,,,,,,,,,,,,,,,,,,,,,,,,,,,,,,,,,,,,,,,,
,,,n,0,2.882,0,11,11,2,1,PracticeStim/17_50.jpg,50,Same,b,6757688470f9e929a8ea7d90,2025-01-21_18h53.13.719,VisualArraysMentalRotation_v4,2021.1.4,Win32,60.0240096,679054f2072d526265aabff2,67905a479955683ee81ed30d,,,,,,,,,,,,,,,,,,,,,,,,,,,,,,,,,,,,,,,,,,,,,,,,,,,,,,,,,,,,,,,,,,
,,,,,,,,,,,,,,,6757688470f9e929a8ea7d90,2025-01-21_18h53.13.719,VisualArraysMentalRotation_v4,2021.1.4,Win32,60.0240096,679054f2072d526265aabff2,67905a479955683ee81ed30d,0,0,0,0,1,,,,,,,,,,,,,,,,,,,,,,,,,,,,,,,,,,,,,,,,,,,,,,,,,,,,,,,,,,,,,
,,,b,1,4.554,0,0,0,10,1,PracticeStim/41_150.jpg,150,Same,b,6757688470f9e929a8ea7d90,2025-01-21_18h53.13.719,VisualArraysMentalRotation_v4,2021.1.4,Win32,60.0240096,679054f2072d526265aabff2,67905a479955683ee81ed30d,,,,,,,,,,,,,,,,,,,,,,,,,,,,,,,,,,,,,,,,,,,,,,,,,,,,,,,,,,,,,,,,,,
,,,n,0,4.112,0,1,1,4,1,PracticeStim/25_150.jpg,150,Same,b,6757688470f9e929a8ea7d90,2025-01-21_18h53.13.719,VisualArraysMentalRotation_v4,2021.1.4,Win32,60.0240096,679054f2072d526265aabff2,67905a479955683ee81ed30d,,,,,,,,,,,,,,,,,,,,,,,,,,,,,,,,,,,,,,,,,,,,,,,,,,,,,,,,,,,,,,,,,,
,,,n,1,1.727,0,2,2,7,1,PracticeStim/31_50_R.jpg,50,Different,n,6757688470f9e929a8ea7d90,2025-01-21_18h53.13.719,VisualArraysMentalRotation_v4,2021.1.4,Win32,60.0240096,679054f2072d526265aabff2,67905a479955683ee81ed30d,,,,,,,,,,,,,,,,,,,,,,,,,,,,,,,,,,,,,,,,,,,,,,,,,,,,,,,,,,,,,,,,,,
,,,n,1,1.464,0,3,3,6,1,PracticeStim/30_100_R.jpg,100,Different,n,6757688470f9e929a8ea7d90,2025-01-21_18h53.13.719,VisualArraysMentalRotation_v4,2021.1.4,Win32,60.0240096,679054f2072d526265aabff2,67905a479955683ee81ed30d,,,,,,,,,,,,,,,,,,,,,,,,,,,,,,,,,,,,,,,,,,,,,,,,,,,,,,,,,,,,,,,,,,
,,,b,1,1.561,0,4,4,3,1,PracticeStim/18_150.jpg,150,Same,b,6757688470f9e929a8ea7d90,2025-01-21_18h53.13.719,VisualArraysMentalRotation_v4,2021.1.4,Win32,60.0240096,679054f2072d526265aabff2,67905a479955683ee81ed30d,,,,,,,,,,,,,,,,,,,,,,,,,,,,,,,,,,,,,,,,,,,,,,,,,,,,,,,,,,,,,,,,,,
,,,n,1,3.147,0,5,5,0,1,PracticeStim/7_100_R.jpg,100,Different,n,6757688470f9e929a8ea7d90,2025-01-21_18h53.13.719,VisualArraysMentalRotation_v4,2021.1.4,Win32,60.0240096,679054f2072d526265aabff2,67905a479955683ee81ed30d,,,,,,,,,,,,,,,,,,,,,,,,,,,,,,,,,,,,,,,,,,,,,,,,,,,,,,,,,,,,,,,,,,
,,,n,1,2.215,0,6,6,8,1,PracticeStim/33_50_R.jpg,50,Different,n,6757688470f9e929a8ea7d90,2025-01-21_18h53.13.719,VisualArraysMentalRotation_v4,2021.1.4,Win32,60.0240096,679054f2072d526265aabff2,67905a479955683ee81ed30d,,,,,,,,,,,,,,,,,,,,,,,,,,,,,,,,,,,,,,,,,,,,,,,,,,,,,,,,,,,,,,,,,,
,,,n,1,4.149,0,7,7,9,1,PracticeStim/36_100_R.jpg,100,Different,n,6757688470f9e929a8ea7d90,2025-01-21_18h53.13.719,VisualArraysMentalRotation_v4,2021.1.4,Win32,60.0240096,679054f2072d526265aabff2,67905a479955683ee81ed30d,,,,,,,,,,,,,,,,,,,,,,,,,,,,,,,,,,,,,,,,,,,,,,,,,,,,,,,,,,,,,,,,,,
,,,b,1,4.13,0,8,8,5,1,PracticeStim/26_150.jpg,150,Same,b,6757688470f9e929a8ea7d90,2025-01-21_18h53.13.719,VisualArraysMentalRotation_v4,2021.1.4,Win32,60.0240096,679054f2072d526265aabff2,67905a479955683ee81ed30d,,,,,,,,,,,,,,,,,,,,,,,,,,,,,,,,,,,,,,,,,,,,,,,,,,,,,,,,,,,,,,,,,,
,,,b,1,2.501,0,9,9,11,1,PracticeStim/42_50.jpg,50,Same,b,6757688470f9e929a8ea7d90,2025-01-21_18h53.13.719,VisualArraysMentalRotation_v4,2021.1.4,Win32,60.0240096,679054f2072d526265aabff2,67905a479955683ee81ed30d,,,,,,,,,,,,,,,,,,,,,,,,,,,,,,,,,,,,,,,,,,,,,,,,,,,,,,,,,,,,,,,,,,
,,,b,0,7.171,0,10,10,1,1,PracticeStim/9_100_R.jpg,100,Different,n,6757688470f9e929a8ea7d90,2025-01-21_18h53.13.719,VisualArraysMentalRotation_v4,2021.1.4,Win32,60.0240096,679054f2072d526265aabff2,67905a479955683ee81ed30d,,,,,,,,,,,,,,,,,,,,,,,,,,,,,,,,,,,,,,,,,,,,,,,,,,,,,,,,,,,,,,,,,,
,,,n,0,3.613,0,11,11,2,1,PracticeStim/17_50.jpg,50,Same,b,6757688470f9e929a8ea7d90,2025-01-21_18h53.13.719,VisualArraysMentalRotation_v4,2021.1.4,Win32,60.0240096,679054f2072d526265aabff2,67905a479955683ee81ed30d,,,,,,,,,,,,,,,,,,,,,,,,,,,,,,,,,,,,,,,,,,,,,,,,,,,,,,,,,,,,,,,,,,
,,,,,,,,,,,,,,,6757688470f9e929a8ea7d90,2025-01-21_18h53.13.719,VisualArraysMentalRotation_v4,2021.1.4,Win32,60.0240096,679054f2072d526265aabff2,67905a479955683ee81ed30d,,,,,,Stimuli/3_0.jpg,Same,0,b,b,1,3.685,0,0,0,0,1,,,,,,,,,,,,,,,,,,,,,,,,,,,,,,,,,,,,,,,,,,,,,,,,,
,,,,,,,,,,,,,,,6757688470f9e929a8ea7d90,2025-01-21_18h53.13.719,VisualArraysMentalRotation_v4,2021.1.4,Win32,60.0240096,679054f2072d526265aabff2,67905a479955683ee81ed30d,,,,,,Stimuli/22_50_R.jpg,Different,50,n,n,1,4.427,1,0,1,0,1,,,,,,,,,,,,,,,,,,,,,,,,,,,,,,,,,,,,,,,,,,,,,,,,,
,,,,,,,,,,,,,,,6757688470f9e929a8ea7d90,2025-01-21_18h53.13.719,VisualArraysMentalRotation_v4,2021.1.4,Win32,60.0240096,679054f2072d526265aabff2,67905a479955683ee81ed30d,,,,,,Stimuli/27_50_R.jpg,Different,50,n,n,1,2.489,2,0,2,0,1,,,,,,,,,,,,,,,,,,,,,,,,,,,,,,,,,,,,,,,,,,,,,,,,,
,,,,,,,,,,,,,,,6757688470f9e929a8ea7d90,2025-01-21_18h53.13.719,VisualArraysMentalRotation_v4,2021.1.4,Win32,60.0240096,679054f2072d526265aabff2,67905a479955683ee81ed30d,,,,,,Stimuli/16_50_R.jpg,Different,50,n,n,1,2.611,3,0,3,0,1,,,,,,,,,,,,,,,,,,,,,,,,,,,,,,,,,,,,,,,,,,,,,,,,,
,,,,,,,,,,,,,,,6757688470f9e929a8ea7d90,2025-01-21_18h53.13.719,VisualArraysMentalRotation_v4,2021.1.4,Win32,60.0240096,679054f2072d526265aabff2,67905a479955683ee81ed30d,,,,,,Stimuli/44_100.jpg,Same,100,b,b,1,1.892,4,0,4,0,1,,,,,,,,,,,,,,,,,,,,,,,,,,,,,,,,,,,,,,,,,,,,,,,,,
,,,,,,,,,,,,,,,6757688470f9e929a8ea7d90,2025-01-21_18h53.13.719,VisualArraysMentalRotation_v4,2021.1.4,Win32,60.0240096,679054f2072d526265aabff2,67905a479955683ee81ed30d,,,,,,Stimuli/19_50.jpg,Same,50,b,n,0,2.682,5,0,5,0,1,,,,,,,,,,,,,,,,,,,,,,,,,,,,,,,,,,,,,,,,,,,,,,,,,
,,,,,,,,,,,,,,,6757688470f9e929a8ea7d90,2025-01-21_18h53.13.719,VisualArraysMentalRotation_v4,2021.1.4,Win32,60.0240096,679054f2072d526265aabff2,67905a479955683ee81ed30d,,,,,,Stimuli/44_100_R.jpg,Different,100,n,b,0,4.944,6,0,6,0,1,,,,,,,,,,,,,,,,,,,,,,,,,,,,,,,,,,,,,,,,,,,,,,,,,
,,,,,,,,,,,,,,,6757688470f9e929a8ea7d90,2025-01-21_18h53.13.719,VisualArraysMentalRotation_v4,2021.1.4,Win32,60.0240096,679054f2072d526265aabff2,67905a479955683ee81ed30d,,,,,,Stimuli/22_150.jpg,Same,150,b,n,0,6.136,7,0,7,0,1,,,,,,,,,,,,,,,,,,,,,,,,,,,,,,,,,,,,,,,,,,,,,,,,,
,,,,,,,,,,,,,,,6757688470f9e929a8ea7d90,2025-01-21_18h53.13.719,VisualArraysMentalRotation_v4,2021.1.4,Win32,60.0240096,679054f2072d526265aabff2,67905a479955683ee81ed30d,,,,,,Stimuli/32_0.jpg,Same,0,b,n,0,4.25,8,0,8,0,1,,,,,,,,,,,,,,,,,,,,,,,,,,,,,,,,,,,,,,,,,,,,,,,,,
,,,,,,,,,,,,,,,6757688470f9e929a8ea7d90,2025-01-21_18h53.13.719,VisualArraysMentalRotation_v4,2021.1.4,Win32,60.0240096,679054f2072d526265aabff2,67905a479955683ee81ed30d,,,,,,Stimuli/38_100.jpg,Same,100,b,b,1,4.211,9,0,9,0,1,,,,,,,,,,,,,,,,,,,,,,,,,,,,,,,,,,,,,,,,,,,,,,,,,
,,,,,,,,,,,,,,,6757688470f9e929a8ea7d90,2025-01-21_18h53.13.719,VisualArraysMentalRotation_v4,2021.1.4,Win32,60.0240096,679054f2072d526265aabff2,67905a479955683ee81ed30d,,,,,,Stimuli/38_100_R.jpg,Different,100,n,n,1,4.613,10,0,10,0,1,,,,,,,,,,,,,,,,,,,,,,,,,,,,,,,,,,,,,,,,,,,,,,,,,
,,,,,,,,,,,,,,,6757688470f9e929a8ea7d90,2025-01-21_18h53.13.719,VisualArraysMentalRotation_v4,2021.1.4,Win32,60.0240096,679054f2072d526265aabff2,67905a479955683ee81ed30d,,,,,,Stimuli/22_0_R.jpg,Different,0,n,b,0,2.286,11,0,11,0,1,,,,,,,,,,,,,,,,,,,,,,,,,,,,,,,,,,,,,,,,,,,,,,,,,
,,,,,,,,,,,,,,,6757688470f9e929a8ea7d90,2025-01-21_18h53.13.719,VisualArraysMentalRotation_v4,2021.1.4,Win32,60.0240096,679054f2072d526265aabff2,67905a479955683ee81ed30d,,,,,,Stimuli/21_50.jpg,Same,50,b,n,0,1.913,12,0,12,0,1,,,,,,,,,,,,,,,,,,,,,,,,,,,,,,,,,,,,,,,,,,,,,,,,,
,,,,,,,,,,,,,,,6757688470f9e929a8ea7d90,2025-01-21_18h53.13.719,VisualArraysMentalRotation_v4,2021.1.4,Win32,60.0240096,679054f2072d526265aabff2,67905a479955683ee81ed30d,,,,,,Stimuli/16_150_R.jpg,Different,150,n,n,1,6.572,13,0,13,0,1,,,,,,,,,,,,,,,,,,,,,,,,,,,,,,,,,,,,,,,,,,,,,,,,,
,,,,,,,,,,,,,,,6757688470f9e929a8ea7d90,2025-01-21_18h53.13.719,VisualArraysMentalRotation_v4,2021.1.4,Win32,60.0240096,679054f2072d526265aabff2,67905a479955683ee81ed30d,,,,,,Stimuli/44_0.jpg,Same,0,b,b,1,1.731,14,0,14,0,1,,,,,,,,,,,,,,,,,,,,,,,,,,,,,,,,,,,,,,,,,,,,,,,,,
,,,,,,,,,,,,,,,6757688470f9e929a8ea7d90,2025-01-21_18h53.13.719,VisualArraysMentalRotation_v4,2021.1.4,Win32,60.0240096,679054f2072d526265aabff2,67905a479955683ee81ed30d,,,,,,Stimuli/28_150_R.jpg,Different,150,n,n,1,6.357,15,0,15,0,1,,,,,,,,,,,,,,,,,,,,,,,,,,,,,,,,,,,,,,,,,,,,,,,,,
,,,,,,,,,,,,,,,6757688470f9e929a8ea7d90,2025-01-21_18h53.13.719,VisualArraysMentalRotation_v4,2021.1.4,Win32,60.0240096,679054f2072d526265aabff2,67905a479955683ee81ed30d,,,,,,Stimuli/32_50.jpg,Same,50,b,,0,,16,0,16,0,1,,,,,,,,,,,,,,,,,,,,,,,,,,,,,,,,,,,,,,,,,,,,,,,,,
,,,,,,,,,,,,,,,6757688470f9e929a8ea7d90,2025-01-21_18h53.13.719,VisualArraysMentalRotation_v4,2021.1.4,Win32,60.0240096,679054f2072d526265aabff2,67905a479955683ee81ed30d,,,,,,Stimuli/40_150_R.jpg,Different,150,n,b,0,3.927,17,0,17,0,1,,,,,,,,,,,,,,,,,,,,,,,,,,,,,,,,,,,,,,,,,,,,,,,,,
,,,,,,,,,,,,,,,6757688470f9e929a8ea7d90,2025-01-21_18h53.13.719,VisualArraysMentalRotation_v4,2021.1.4,Win32,60.0240096,679054f2072d526265aabff2,67905a479955683ee81ed30d,,,,,,Stimuli/28_100.jpg,Same,100,b,n,0,2.786,18,0,18,0,1,,,,,,,,,,,,,,,,,,,,,,,,,,,,,,,,,,,,,,,,,,,,,,,,,
,,,,,,,,,,,,,,,6757688470f9e929a8ea7d90,2025-01-21_18h53.13.719,VisualArraysMentalRotation_v4,2021.1.4,Win32,60.0240096,679054f2072d526265aabff2,67905a479955683ee81ed30d,,,,,,Stimuli/27_0_R.jpg,Different,0,n,n,1,2.255,19,0,19,0,1,,,,,,,,,,,,,,,,,,,,,,,,,,,,,,,,,,,,,,,,,,,,,,,,,
,,,,,,,,,,,,,,,6757688470f9e929a8ea7d90,2025-01-21_18h53.13.719,VisualArraysMentalRotation_v4,2021.1.4,Win32,60.0240096,679054f2072d526265aabff2,67905a479955683ee81ed30d,,,,,,Stimuli/38_0.jpg,Same,0,b,b,1,2.601,20,0,20,0,1,,,,,,,,,,,,,,,,,,,,,,,,,,,,,,,,,,,,,,,,,,,,,,,,,
,,,,,,,,,,,,,,,6757688470f9e929a8ea7d90,2025-01-21_18h53.13.719,VisualArraysMentalRotation_v4,2021.1.4,Win32,60.0240096,679054f2072d526265aabff2,67905a479955683ee81ed30d,,,,,,Stimuli/19_100_R.jpg,Different,100,n,n,1,3.413,21,0,21,0,1,,,,,,,,,,,,,,,,,,,,,,,,,,,,,,,,,,,,,,,,,,,,,,,,,
,,,,,,,,,,,,,,,6757688470f9e929a8ea7d90,2025-01-21_18h53.13.719,VisualArraysMentalRotation_v4,2021.1.4,Win32,60.0240096,679054f2072d526265aabff2,67905a479955683ee81ed30d,,,,,,Stimuli/43_150.jpg,Same,150,b,b,1,3.165,22,0,22,0,1,,,,,,,,,,,,,,,,,,,,,,,,,,,,,,,,,,,,,,,,,,,,,,,,,
,,,,,,,,,,,,,,,6757688470f9e929a8ea7d90,2025-01-21_18h53.13.719,VisualArraysMentalRotation_v4,2021.1.4,Win32,60.0240096,679054f2072d526265aabff2,67905a479955683ee81ed30d,,,,,,Stimuli/19_0_R.jpg,Different,0,n,b,0,2.631,23,0,23,0,1,,,,,,,,,,,,,,,,,,,,,,,,,,,,,,,,,,,,,,,,,,,,,,,,,
,,,,,,,,,,,,,,,6757688470f9e929a8ea7d90,2025-01-21_18h53.13.719,VisualArraysMentalRotation_v4,2021.1.4,Win32,60.0240096,679054f2072d526265aabff2,67905a479955683ee81ed30d,,,,,,Stimuli/16_150.jpg,Same,150,b,n,0,2.003,24,0,24,0,1,,,,,,,,,,,,,,,,,,,,,,,,,,,,,,,,,,,,,,,,,,,,,,,,,
,,,,,,,,,,,,,,,6757688470f9e929a8ea7d90,2025-01-21_18h53.13.719,VisualArraysMentalRotation_v4,2021.1.4,Win32,60.0240096,679054f2072d526265aabff2,67905a479955683ee81ed30d,,,,,,Stimuli/28_0_R.jpg,Different,0,n,b,0,3.867,25,0,25,0,1,,,,,,,,,,,,,,,,,,,,,,,,,,,,,,,,,,,,,,,,,,,,,,,,,
,,,,,,,,,,,,,,,6757688470f9e929a8ea7d90,2025-01-21_18h53.13.719,VisualArraysMentalRotation_v4,2021.1.4,Win32,60.0240096,679054f2072d526265aabff2,67905a479955683ee81ed30d,,,,,,Stimuli/38_50_R.jpg,Different,50,n,n,1,1.77,26,0,26,0,1,,,,,,,,,,,,,,,,,,,,,,,,,,,,,,,,,,,,,,,,,,,,,,,,,
,,,,,,,,,,,,,,,6757688470f9e929a8ea7d90,2025-01-21_18h53.13.719,VisualArraysMentalRotation_v4,2021.1.4,Win32,60.0240096,679054f2072d526265aabff2,67905a479955683ee81ed30d,,,,,,Stimuli/27_100_R.jpg,Different,100,n,n,1,1.815,27,0,27,0,1,,,,,,,,,,,,,,,,,,,,,,,,,,,,,,,,,,,,,,,,,,,,,,,,,
,,,,,,,,,,,,,,,6757688470f9e929a8ea7d90,2025-01-21_18h53.13.719,VisualArraysMentalRotation_v4,2021.1.4,Win32,60.0240096,679054f2072d526265aabff2,67905a479955683ee81ed30d,,,,,,Stimuli/40_0.jpg,Same,0,b,b,1,1.765,28,0,28,0,1,,,,,,,,,,,,,,,,,,,,,,,,,,,,,,,,,,,,,,,,,,,,,,,,,
,,,,,,,,,,,,,,,6757688470f9e929a8ea7d90,2025-01-21_18h53.13.719,VisualArraysMentalRotation_v4,2021.1.4,Win32,60.0240096,679054f2072d526265aabff2,67905a479955683ee81ed30d,,,,,,Stimuli/19_0.jpg,Same,0,b,b,1,1.599,29,0,29,0,1,,,,,,,,,,,,,,,,,,,,,,,,,,,,,,,,,,,,,,,,,,,,,,,,,
,,,,,,,,,,,,,,,6757688470f9e929a8ea7d90,2025-01-21_18h53.13.719,VisualArraysMentalRotation_v4,2021.1.4,Win32,60.0240096,679054f2072d526265aabff2,67905a479955683ee81ed30d,,,,,,Stimuli/40_0_R.jpg,Different,0,n,b,0,2.553,30,0,30,0,1,,,,,,,,,,,,,,,,,,,,,,,,,,,,,,,,,,,,,,,,,,,,,,,,,
,,,,,,,,,,,,,,,6757688470f9e929a8ea7d90,2025-01-21_18h53.13.719,VisualArraysMentalRotation_v4,2021.1.4,Win32,60.0240096,679054f2072d526265aabff2,67905a479955683ee81ed30d,,,,,,Stimuli/21_150.jpg,Same,150,b,n,0,1.476,31,0,31,0,1,,,,,,,,,,,,,,,,,,,,,,,,,,,,,,,,,,,,,,,,,,,,,,,,,
,,,,,,,,,,,,,,,6757688470f9e929a8ea7d90,2025-01-21_18h53.13.719,VisualArraysMentalRotation_v4,2021.1.4,Win32,60.0240096,679054f2072d526265aabff2,67905a479955683ee81ed30d,,,,,,Stimuli/27_150_R.jpg,Different,150,n,n,1,3.108,32,0,32,0,1,,,,,,,,,,,,,,,,,,,,,,,,,,,,,,,,,,,,,,,,,,,,,,,,,
,,,,,,,,,,,,,,,6757688470f9e929a8ea7d90,2025-01-21_18h53.13.719,VisualArraysMentalRotation_v4,2021.1.4,Win32,60.0240096,679054f2072d526265aabff2,67905a479955683ee81ed30d,,,,,,Stimuli/28_100_R.jpg,Different,100,n,n,1,3.146,33,0,33,0,1,,,,,,,,,,,,,,,,,,,,,,,,,,,,,,,,,,,,,,,,,,,,,,,,,
,,,,,,,,,,,,,,,6757688470f9e929a8ea7d90,2025-01-21_18h53.13.719,VisualArraysMentalRotation_v4,2021.1.4,Win32,60.0240096,679054f2072d526265aabff2,67905a479955683ee81ed30d,,,,,,Stimuli/38_50.jpg,Same,50,b,b,1,4.497,34,0,34,0,1,,,,,,,,,,,,,,,,,,,,,,,,,,,,,,,,,,,,,,,,,,,,,,,,,
,,,,,,,,,,,,,,,6757688470f9e929a8ea7d90,2025-01-21_18h53.13.719,VisualArraysMentalRotation_v4,2021.1.4,Win32,60.0240096,679054f2072d526265aabff2,67905a479955683ee81ed30d,,,,,,Stimuli/43_50.jpg,Same,50,b,n,0,2.325,35,0,35,0,1,,,,,,,,,,,,,,,,,,,,,,,,,,,,,,,,,,,,,,,,,,,,,,,,,
,,,,,,,,,,,,,,,6757688470f9e929a8ea7d90,2025-01-21_18h53.13.719,VisualArraysMentalRotation_v4,2021.1.4,Win32,60.0240096,679054f2072d526265aabff2,67905a479955683ee81ed30d,,,,,,Stimuli/16_50.jpg,Same,50,b,b,1,2.565,36,0,36,0,1,,,,,,,,,,,,,,,,,,,,,,,,,,,,,,,,,,,,,,,,,,,,,,,,,
,,,,,,,,,,,,,,,6757688470f9e929a8ea7d90,2025-01-21_18h53.13.719,VisualArraysMentalRotation_v4,2021.1.4,Win32,60.0240096,679054f2072d526265aabff2,67905a479955683ee81ed30d,,,,,,Stimuli/21_100_R.jpg,Different,100,n,n,1,4.563,37,0,37,0,1,,,,,,,,,,,,,,,,,,,,,,,,,,,,,,,,,,,,,,,,,,,,,,,,,
,,,,,,,,,,,,,,,6757688470f9e929a8ea7d90,2025-01-21_18h53.13.719,VisualArraysMentalRotation_v4,2021.1.4,Win32,60.0240096,679054f2072d526265aabff2,67905a479955683ee81ed30d,,,,,,Stimuli/32_150_R.jpg,Different,150,n,n,1,2.683,38,0,38,0,1,,,,,,,,,,,,,,,,,,,,,,,,,,,,,,,,,,,,,,,,,,,,,,,,,
,,,,,,,,,,,,,,,6757688470f9e929a8ea7d90,2025-01-21_18h53.13.719,VisualArraysMentalRotation_v4,2021.1.4,Win32,60.0240096,679054f2072d526265aabff2,67905a479955683ee81ed30d,,,,,,Stimuli/44_50_R.jpg,Different,50,n,b,0,4.764,39,0,39,0,1,,,,,,,,,,,,,,,,,,,,,,,,,,,,,,,,,,,,,,,,,,,,,,,,,
,,,,,,,,,,,,,,,6757688470f9e929a8ea7d90,2025-01-21_18h53.13.719,VisualArraysMentalRotation_v4,2021.1.4,Win32,60.0240096,679054f2072d526265aabff2,67905a479955683ee81ed30d,,,,,,Stimuli/43_100.jpg,Same,100,b,b,1,5.869,40,0,40,0,1,,,,,,,,,,,,,,,,,,,,,,,,,,,,,,,,,,,,,,,,,,,,,,,,,
,,,,,,,,,,,,,,,6757688470f9e929a8ea7d90,2025-01-21_18h53.13.719,VisualArraysMentalRotation_v4,2021.1.4,Win32,60.0240096,679054f2072d526265aabff2,67905a479955683ee81ed30d,,,,,,Stimuli/3_150.jpg,Same,150,b,n,0,3.486,41,0,41,0,1,,,,,,,,,,,,,,,,,,,,,,,,,,,,,,,,,,,,,,,,,,,,,,,,,
,,,,,,,,,,,,,,,6757688470f9e929a8ea7d90,2025-01-21_18h53.13.719,VisualArraysMentalRotation_v4,2021.1.4,Win32,60.0240096,679054f2072d526265aabff2,67905a479955683ee81ed30d,,,,,,Stimuli/3_150_R.jpg,Different,150,n,n,1,6.157,42,0,42,0,1,,,,,,,,,,,,,,,,,,,,,,,,,,,,,,,,,,,,,,,,,,,,,,,,,
,,,,,,,,,,,,,,,6757688470f9e929a8ea7d90,2025-01-21_18h53.13.719,VisualArraysMentalRotation_v4,2021.1.4,Win32,60.0240096,679054f2072d526265aabff2,67905a479955683ee81ed30d,,,,,,Stimuli/32_100.jpg,Same,100,b,b,1,2.822,43,0,43,0,1,,,,,,,,,,,,,,,,,,,,,,,,,,,,,,,,,,,,,,,,,,,,,,,,,
,,,,,,,,,,,,,,,6757688470f9e929a8ea7d90,2025-01-21_18h53.13.719,VisualArraysMentalRotation_v4,2021.1.4,Win32,60.0240096,679054f2072d526265aabff2,67905a479955683ee81ed30d,,,,,,Stimuli/43_0_R.jpg,Different,0,n,n,1,3.778,44,0,44,0,1,,,,,,,,,,,,,,,,,,,,,,,,,,,,,,,,,,,,,,,,,,,,,,,,,
,,,,,,,,,,,,,,,6757688470f9e929a8ea7d90,2025-01-21_18h53.13.719,VisualArraysMentalRotation_v4,2021.1.4,Win32,60.0240096,679054f2072d526265aabff2,67905a479955683ee81ed30d,,,,,,Stimuli/40_150.jpg,Same,150,b,n,0,2.677,45,0,45,0,1,,,,,,,,,,,,,,,,,,,,,,,,,,,,,,,,,,,,,,,,,,,,,,,,,
,,,,,,,,,,,,,,,6757688470f9e929a8ea7d90,2025-01-21_18h53.13.719,VisualArraysMentalRotation_v4,2021.1.4,Win32,60.0240096,679054f2072d526265aabff2,67905a479955683ee81ed30d,,,,,,Stimuli/3_50_R.jpg,Different,50,n,b,0,1.452,46,0,46,0,1,,,,,,,,,,,,,,,,,,,,,,,,,,,,,,,,,,,,,,,,,,,,,,,,,
,,,,,,,,,,,,,,,6757688470f9e929a8ea7d90,2025-01-21_18h53.13.719,VisualArraysMentalRotation_v4,2021.1.4,Win32,60.0240096,679054f2072d526265aabff2,67905a479955683ee81ed30d,,,,,,Stimuli/21_100.jpg,Same,100,b,n,0,5.561,47,0,47,0,1,,,,,,,,,,,,,,,,,,,,,,,,,,,,,,,,,,,,,,,,,,,,,,,,,
,,,,,,,,,,,,,,,6757688470f9e929a8ea7d90,2025-01-21_18h53.13.719,VisualArraysMentalRotation_v4,2021.1.4,Win32,60.0240096,679054f2072d526265aabff2,67905a479955683ee81ed30d,,,,,,Stimuli/22_0.jpg,Same,0,b,b,1,1.409,48,0,48,0,1,,,,,,,,,,,,,,,,,,,,,,,,,,,,,,,,,,,,,,,,,,,,,,,,,
,,,,,,,,,,,,,,,6757688470f9e929a8ea7d90,2025-01-21_18h53.13.719,VisualArraysMentalRotation_v4,2021.1.4,Win32,60.0240096,679054f2072d526265aabff2,67905a479955683ee81ed30d,,,,,,Stimuli/19_150.jpg,Same,150,b,n,0,2.281,49,0,49,0,1,,,,,,,,,,,,,,,,,,,,,,,,,,,,,,,,,,,,,,,,,,,,,,,,,
,,,,,,,,,,,,,,,6757688470f9e929a8ea7d90,2025-01-21_18h53.13.719,VisualArraysMentalRotation_v4,2021.1.4,Win32,60.0240096,679054f2072d526265aabff2,67905a479955683ee81ed30d,,,,,,Stimuli/22_100_R.jpg,Different,100,n,b,0,5.088,50,0,50,0,1,,,,,,,,,,,,,,,,,,,,,,,,,,,,,,,,,,,,,,,,,,,,,,,,,
,,,,,,,,,,,,,,,6757688470f9e929a8ea7d90,2025-01-21_18h53.13.719,VisualArraysMentalRotation_v4,2021.1.4,Win32,60.0240096,679054f2072d526265aabff2,67905a479955683ee81ed30d,,,,,,Stimuli/38_150_R.jpg,Different,150,n,n,1,2.508,51,0,51,0,1,,,,,,,,,,,,,,,,,,,,,,,,,,,,,,,,,,,,,,,,,,,,,,,,,
,,,,,,,,,,,,,,,6757688470f9e929a8ea7d90,2025-01-21_18h53.13.719,VisualArraysMentalRotation_v4,2021.1.4,Win32,60.0240096,679054f2072d526265aabff2,67905a479955683ee81ed30d,,,,,,Stimuli/43_0.jpg,Same,0,b,b,1,1.329,52,0,52,0,1,,,,,,,,,,,,,,,,,,,,,,,,,,,,,,,,,,,,,,,,,,,,,,,,,
,,,,,,,,,,,,,,,6757688470f9e929a8ea7d90,2025-01-21_18h53.13.719,VisualArraysMentalRotation_v4,2021.1.4,Win32,60.0240096,679054f2072d526265aabff2,67905a479955683ee81ed30d,,,,,,Stimuli/40_50.jpg,Same,50,b,n,0,4.631,53,0,53,0,1,,,,,,,,,,,,,,,,,,,,,,,,,,,,,,,,,,,,,,,,,,,,,,,,,
,,,,,,,,,,,,,,,6757688470f9e929a8ea7d90,2025-01-21_18h53.13.719,VisualArraysMentalRotation_v4,2021.1.4,Win32,60.0240096,679054f2072d526265aabff2,67905a479955683ee81ed30d,,,,,,Stimuli/32_50_R.jpg,Different,50,n,n,1,3.484,54,0,54,0,1,,,,,,,,,,,,,,,,,,,,,,,,,,,,,,,,,,,,,,,,,,,,,,,,,
,,,,,,,,,,,,,,,6757688470f9e929a8ea7d90,2025-01-21_18h53.13.719,VisualArraysMentalRotation_v4,2021.1.4,Win32,60.0240096,679054f2072d526265aabff2,67905a479955683ee81ed30d,,,,,,Stimuli/28_50.jpg,Same,50,b,n,0,4.722,55,0,55,0,1,,,,,,,,,,,,,,,,,,,,,,,,,,,,,,,,,,,,,,,,,,,,,,,,,
,,,,,,,,,,,,,,,6757688470f9e929a8ea7d90,2025-01-21_18h53.13.719,VisualArraysMentalRotation_v4,2021.1.4,Win32,60.0240096,679054f2072d526265aabff2,67905a479955683ee81ed30d,,,,,,Stimuli/28_50_R.jpg,Different,50,n,b,0,2.505,56,0,56,0,1,,,,,,,,,,,,,,,,,,,,,,,,,,,,,,,,,,,,,,,,,,,,,,,,,
,,,,,,,,,,,,,,,6757688470f9e929a8ea7d90,2025-01-21_18h53.13.719,VisualArraysMentalRotation_v4,2021.1.4,Win32,60.0240096,679054f2072d526265aabff2,67905a479955683ee81ed30d,,,,,,Stimuli/44_0_R.jpg,Different,0,n,n,1,3.665,57,0,57,0,1,,,,,,,,,,,,,,,,,,,,,,,,,,,,,,,,,,,,,,,,,,,,,,,,,
,,,,,,,,,,,,,,,6757688470f9e929a8ea7d90,2025-01-21_18h53.13.719,VisualArraysMentalRotation_v4,2021.1.4,Win32,60.0240096,679054f2072d526265aabff2,67905a479955683ee81ed30d,,,,,,Stimuli/16_0.jpg,Same,0,b,b,1,1.362,58,0,58,0,1,,,,,,,,,,,,,,,,,,,,,,,,,,,,,,,,,,,,,,,,,,,,,,,,,
,,,,,,,,,,,,,,,6757688470f9e929a8ea7d90,2025-01-21_18h53.13.719,VisualArraysMentalRotation_v4,2021.1.4,Win32,60.0240096,679054f2072d526265aabff2,67905a479955683ee81ed30d,,,,,,Stimuli/22_100.jpg,Same,100,b,b,1,4.291,59,0,59,0,1,,,,,,,,,,,,,,,,,,,,,,,,,,,,,,,,,,,,,,,,,,,,,,,,,
,,,,,,,,,,,,,,,6757688470f9e929a8ea7d90,2025-01-21_18h53.13.719,VisualArraysMentalRotation_v4,2021.1.4,Win32,60.0240096,679054f2072d526265aabff2,67905a479955683ee81ed30d,,,,,,Stimuli/16_100.jpg,Same,100,b,b,1,6.177,60,0,60,0,1,,,,,,,,,,,,,,,,,,,,,,,,,,,,,,,,,,,,,,,,,,,,,,,,,
,,,,,,,,,,,,,,,6757688470f9e929a8ea7d90,2025-01-21_18h53.13.719,VisualArraysMentalRotation_v4,2021.1.4,Win32,60.0240096,679054f2072d526265aabff2,67905a479955683ee81ed30d,,,,,,Stimuli/40_100_R.jpg,Different,100,n,n,1,1.631,61,0,61,0,1,,,,,,,,,,,,,,,,,,,,,,,,,,,,,,,,,,,,,,,,,,,,,,,,,
,,,,,,,,,,,,,,,6757688470f9e929a8ea7d90,2025-01-21_18h53.13.719,VisualArraysMentalRotation_v4,2021.1.4,Win32,60.0240096,679054f2072d526265aabff2,67905a479955683ee81ed30d,,,,,,Stimuli/44_150.jpg,Same,150,b,n,0,3.298,62,0,62,0,1,,,,,,,,,,,,,,,,,,,,,,,,,,,,,,,,,,,,,,,,,,,,,,,,,
,,,,,,,,,,,,,,,6757688470f9e929a8ea7d90,2025-01-21_18h53.13.719,VisualArraysMentalRotation_v4,2021.1.4,Win32,60.0240096,679054f2072d526265aabff2,67905a479955683ee81ed30d,,,,,,Stimuli/43_50_R.jpg,Different,50,n,n,1,1.604,63,0,63,0,1,,,,,,,,,,,,,,,,,,,,,,,,,,,,,,,,,,,,,,,,,,,,,,,,,
,,,,,,,,,,,,,,,6757688470f9e929a8ea7d90,2025-01-21_18h53.13.719,VisualArraysMentalRotation_v4,2021.1.4,Win32,60.0240096,679054f2072d526265aabff2,67905a479955683ee81ed30d,,,,,,Stimuli/3_100.jpg,Same,100,b,b,1,4.845,64,0,64,0,1,,,,,,,,,,,,,,,,,,,,,,,,,,,,,,,,,,,,,,,,,,,,,,,,,
,,,,,,,,,,,,,,,6757688470f9e929a8ea7d90,2025-01-21_18h53.13.719,VisualArraysMentalRotation_v4,2021.1.4,Win32,60.0240096,679054f2072d526265aabff2,67905a479955683ee81ed30d,,,,,,Stimuli/21_0.jpg,Same,0,b,b,1,1.095,65,0,65,0,1,,,,,,,,,,,,,,,,,,,,,,,,,,,,,,,,,,,,,,,,,,,,,,,,,
,,,,,,,,,,,,,,,6757688470f9e929a8ea7d90,2025-01-21_18h53.13.719,VisualArraysMentalRotation_v4,2021.1.4,Win32,60.0240096,679054f2072d526265aabff2,67905a479955683ee81ed30d,,,,,,Stimuli/27_100.jpg,Same,100,b,n,0,1.287,66,0,66,0,1,,,,,,,,,,,,,,,,,,,,,,,,,,,,,,,,,,,,,,,,,,,,,,,,,
,,,,,,,,,,,,,,,6757688470f9e929a8ea7d90,2025-01-21_18h53.13.719,VisualArraysMentalRotation_v4,2021.1.4,Win32,60.0240096,679054f2072d526265aabff2,67905a479955683ee81ed30d,,,,,,Stimuli/19_50_R.jpg,Different,50,n,b,0,2.809,67,0,67,0,1,,,,,,,,,,,,,,,,,,,,,,,,,,,,,,,,,,,,,,,,,,,,,,,,,
,,,,,,,,,,,,,,,6757688470f9e929a8ea7d90,2025-01-21_18h53.13.719,VisualArraysMentalRotation_v4,2021.1.4,Win32,60.0240096,679054f2072d526265aabff2,67905a479955683ee81ed30d,,,,,,Stimuli/22_50.jpg,Same,50,b,b,1,3.187,68,0,68,0,1,,,,,,,,,,,,,,,,,,,,,,,,,,,,,,,,,,,,,,,,,,,,,,,,,
,,,,,,,,,,,,,,,6757688470f9e929a8ea7d90,2025-01-21_18h53.13.719,VisualArraysMentalRotation_v4,2021.1.4,Win32,60.0240096,679054f2072d526265aabff2,67905a479955683ee81ed30d,,,,,,Stimuli/32_0_R.jpg,Different,0,n,n,1,2.17,69,0,69,0,1,,,,,,,,,,,,,,,,,,,,,,,,,,,,,,,,,,,,,,,,,,,,,,,,,
,,,,,,,,,,,,,,,6757688470f9e929a8ea7d90,2025-01-21_18h53.13.719,VisualArraysMentalRotation_v4,2021.1.4,Win32,60.0240096,679054f2072d526265aabff2,67905a479955683ee81ed30d,,,,,,Stimuli/22_150_R.jpg,Different,150,n,b,0,2.375,70,0,70,0,1,,,,,,,,,,,,,,,,,,,,,,,,,,,,,,,,,,,,,,,,,,,,,,,,,
,,,,,,,,,,,,,,,6757688470f9e929a8ea7d90,2025-01-21_18h53.13.719,VisualArraysMentalRotation_v4,2021.1.4,Win32,60.0240096,679054f2072d526265aabff2,67905a479955683ee81ed30d,,,,,,Stimuli/21_50_R.jpg,Different,50,n,n,1,1.548,71,0,71,0,1,,,,,,,,,,,,,,,,,,,,,,,,,,,,,,,,,,,,,,,,,,,,,,,,,
,,,,,,,,,,,,,,,6757688470f9e929a8ea7d90,2025-01-21_18h53.13.719,VisualArraysMentalRotation_v4,2021.1.4,Win32,60.0240096,679054f2072d526265aabff2,67905a479955683ee81ed30d,,,,,,Stimuli/27_150.jpg,Same,150,b,n,0,1.615,72,0,72,0,1,,,,,,,,,,,,,,,,,,,,,,,,,,,,,,,,,,,,,,,,,,,,,,,,,
,,,,,,,,,,,,,,,6757688470f9e929a8ea7d90,2025-01-21_18h53.13.719,VisualArraysMentalRotation_v4,2021.1.4,Win32,60.0240096,679054f2072d526265aabff2,67905a479955683ee81ed30d,,,,,,Stimuli/43_100_R.jpg,Different,100,n,b,0,7.131,73,0,73,0,1,,,,,,,,,,,,,,,,,,,,,,,,,,,,,,,,,,,,,,,,,,,,,,,,,
,,,,,,,,,,,,,,,6757688470f9e929a8ea7d90,2025-01-21_18h53.13.719,VisualArraysMentalRotation_v4,2021.1.4,Win32,60.0240096,679054f2072d526265aabff2,67905a479955683ee81ed30d,,,,,,Stimuli/38_150.jpg,Same,150,b,n,0,3.563,74,0,74,0,1,,,,,,,,,,,,,,,,,,,,,,,,,,,,,,,,,,,,,,,,,,,,,,,,,
,,,,,,,,,,,,,,,6757688470f9e929a8ea7d90,2025-01-21_18h53.13.719,VisualArraysMentalRotation_v4,2021.1.4,Win32,60.0240096,679054f2072d526265aabff2,67905a479955683ee81ed30d,,,,,,Stimuli/44_50.jpg,Same,50,b,b,1,2.713,75,0,75,0,1,,,,,,,,,,,,,,,,,,,,,,,,,,,,,,,,,,,,,,,,,,,,,,,,,
,,,,,,,,,,,,,,,6757688470f9e929a8ea7d90,2025-01-21_18h53.13.719,VisualArraysMentalRotation_v4,2021.1.4,Win32,60.0240096,679054f2072d526265aabff2,67905a479955683ee81ed30d,,,,,,Stimuli/21_150_R.jpg,Different,150,n,,0,,76,0,76,0,1,,,,,,,,,,,,,,,,,,,,,,,,,,,,,,,,,,,,,,,,,,,,,,,,,
,,,,,,,,,,,,,,,6757688470f9e929a8ea7d90,2025-01-21_18h53.13.719,VisualArraysMentalRotation_v4,2021.1.4,Win32,60.0240096,679054f2072d526265aabff2,67905a479955683ee81ed30d,,,,,,Stimuli/3_100_R.jpg,Different,100,n,b,0,3.114,77,0,77,0,1,,,,,,,,,,,,,,,,,,,,,,,,,,,,,,,,,,,,,,,,,,,,,,,,,
,,,,,,,,,,,,,,,6757688470f9e929a8ea7d90,2025-01-21_18h53.13.719,VisualArraysMentalRotation_v4,2021.1.4,Win32,60.0240096,679054f2072d526265aabff2,67905a479955683ee81ed30d,,,,,,Stimuli/32_150.jpg,Same,150,b,n,0,1.195,78,0,78,0,1,,,,,,,,,,,,,,,,,,,,,,,,,,,,,,,,,,,,,,,,,,,,,,,,,
,,,,,,,,,,,,,,,6757688470f9e929a8ea7d90,2025-01-21_18h53.13.719,VisualArraysMentalRotation_v4,2021.1.4,Win32,60.0240096,679054f2072d526265aabff2,67905a479955683ee81ed30d,,,,,,Stimuli/19_100.jpg,Same,100,b,b,1,2.086,79,0,79,0,1,,,,,,,,,,,,,,,,,,,,,,,,,,,,,,,,,,,,,,,,,,,,,,,,,
,,,,,,,,,,,,,,,6757688470f9e929a8ea7d90,2025-01-21_18h53.13.719,VisualArraysMentalRotation_v4,2021.1.4,Win32,60.0240096,679054f2072d526265aabff2,67905a479955683ee81ed30d,,,,,,Stimuli/21_0_R.jpg,Different,0,n,n,1,3.512,80,0,80,0,1,,,,,,,,,,,,,,,,,,,,,,,,,,,,,,,,,,,,,,,,,,,,,,,,,
,,,,,,,,,,,,,,,6757688470f9e929a8ea7d90,2025-01-21_18h53.13.719,VisualArraysMentalRotation_v4,2021.1.4,Win32,60.0240096,679054f2072d526265aabff2,67905a479955683ee81ed30d,,,,,,Stimuli/32_100_R.jpg,Different,100,n,n,1,3.289,81,0,81,0,1,,,,,,,,,,,,,,,,,,,,,,,,,,,,,,,,,,,,,,,,,,,,,,,,,
,,,,,,,,,,,,,,,6757688470f9e929a8ea7d90,2025-01-21_18h53.13.719,VisualArraysMentalRotation_v4,2021.1.4,Win32,60.0240096,679054f2072d526265aabff2,67905a479955683ee81ed30d,,,,,,Stimuli/27_50.jpg,Same,50,b,b,1,1.973,82,0,82,0,1,,,,,,,,,,,,,,,,,,,,,,,,,,,,,,,,,,,,,,,,,,,,,,,,,
,,,,,,,,,,,,,,,6757688470f9e929a8ea7d90,2025-01-21_18h53.13.719,VisualArraysMentalRotation_v4,2021.1.4,Win32,60.0240096,679054f2072d526265aabff2,67905a479955683ee81ed30d,,,,,,Stimuli/40_50_R.jpg,Different,50,n,n,1,3.194,83,0,83,0,1,,,,,,,,,,,,,,,,,,,,,,,,,,,,,,,,,,,,,,,,,,,,,,,,,
,,,,,,,,,,,,,,,6757688470f9e929a8ea7d90,2025-01-21_18h53.13.719,VisualArraysMentalRotation_v4,2021.1.4,Win32,60.0240096,679054f2072d526265aabff2,67905a479955683ee81ed30d,,,,,,Stimuli/16_100_R.jpg,Different,100,n,n,1,2.094,84,0,84,0,1,,,,,,,,,,,,,,,,,,,,,,,,,,,,,,,,,,,,,,,,,,,,,,,,,
,,,,,,,,,,,,,,,6757688470f9e929a8ea7d90,2025-01-21_18h53.13.719,VisualArraysMentalRotation_v4,2021.1.4,Win32,60.0240096,679054f2072d526265aabff2,67905a479955683ee81ed30d,,,,,,Stimuli/28_150.jpg,Same,150,b,n,0,4.133,85,0,85,0,1,,,,,,,,,,,,,,,,,,,,,,,,,,,,,,,,,,,,,,,,,,,,,,,,,
,,,,,,,,,,,,,,,6757688470f9e929a8ea7d90,2025-01-21_18h53.13.719,VisualArraysMentalRotation_v4,2021.1.4,Win32,60.0240096,679054f2072d526265aabff2,67905a479955683ee81ed30d,,,,,,Stimuli/16_0_R.jpg,Different,0,n,n,1,3.872,86,0,86,0,1,,,,,,,,,,,,,,,,,,,,,,,,,,,,,,,,,,,,,,,,,,,,,,,,,
,,,,,,,,,,,,,,,6757688470f9e929a8ea7d90,2025-01-21_18h53.13.719,VisualArraysMentalRotation_v4,2021.1.4,Win32,60.0240096,679054f2072d526265aabff2,67905a479955683ee81ed30d,,,,,,Stimuli/28_0.jpg,Same,0,b,b,1,1.52,87,0,87,0,1,,,,,,,,,,,,,,,,,,,,,,,,,,,,,,,,,,,,,,,,,,,,,,,,,
,,,,,,,,,,,,,,,6757688470f9e929a8ea7d90,2025-01-21_18h53.13.719,VisualArraysMentalRotation_v4,2021.1.4,Win32,60.0240096,679054f2072d526265aabff2,67905a479955683ee81ed30d,,,,,,Stimuli/38_0_R.jpg,Different,0,n,b,0,3.423,88,0,88,0,1,,,,,,,,,,,,,,,,,,,,,,,,,,,,,,,,,,,,,,,,,,,,,,,,,
,,,,,,,,,,,,,,,6757688470f9e929a8ea7d90,2025-01-21_18h53.13.719,VisualArraysMentalRotation_v4,2021.1.4,Win32,60.0240096,679054f2072d526265aabff2,67905a479955683ee81ed30d,,,,,,Stimuli/44_150_R.jpg,Different,150,n,n,1,2.57,89,0,89,0,1,,,,,,,,,,,,,,,,,,,,,,,,,,,,,,,,,,,,,,,,,,,,,,,,,
,,,,,,,,,,,,,,,6757688470f9e929a8ea7d90,2025-01-21_18h53.13.719,VisualArraysMentalRotation_v4,2021.1.4,Win32,60.0240096,679054f2072d526265aabff2,67905a479955683ee81ed30d,,,,,,Stimuli/27_0.jpg,Same,0,b,b,1,1.42,90,0,90,0,1,,,,,,,,,,,,,,,,,,,,,,,,,,,,,,,,,,,,,,,,,,,,,,,,,
,,,,,,,,,,,,,,,6757688470f9e929a8ea7d90,2025-01-21_18h53.13.719,VisualArraysMentalRotation_v4,2021.1.4,Win32,60.0240096,679054f2072d526265aabff2,67905a479955683ee81ed30d,,,,,,Stimuli/43_150_R.jpg,Different,150,n,n,1,1.125,91,0,91,0,1,,,,,,,,,,,,,,,,,,,,,,,,,,,,,,,,,,,,,,,,,,,,,,,,,
,,,,,,,,,,,,,,,6757688470f9e929a8ea7d90,2025-01-21_18h53.13.719,VisualArraysMentalRotation_v4,2021.1.4,Win32,60.0240096,679054f2072d526265aabff2,67905a479955683ee81ed30d,,,,,,Stimuli/19_150_R.jpg,Different,150,n,n,1,2.465,92,0,92,0,1,,,,,,,,,,,,,,,,,,,,,,,,,,,,,,,,,,,,,,,,,,,,,,,,,
,,,,,,,,,,,,,,,6757688470f9e929a8ea7d90,2025-01-21_18h53.13.719,VisualArraysMentalRotation_v4,2021.1.4,Win32,60.0240096,679054f2072d526265aabff2,67905a479955683ee81ed30d,,,,,,Stimuli/40_100.jpg,Same,100,b,n,0,1.139,93,0,93,0,1,,,,,,,,,,,,,,,,,,,,,,,,,,,,,,,,,,,,,,,,,,,,,,,,,
,,,,,,,,,,,,,,,6757688470f9e929a8ea7d90,2025-01-21_18h53.13.719,VisualArraysMentalRotation_v4,2021.1.4,Win32,60.0240096,679054f2072d526265aabff2,67905a479955683ee81ed30d,,,,,,Stimuli/3_50.jpg,Same,50,b,b,1,3.66,94,0,94,0,1,,,,,,,,,,,,,,,,,,,,,,,,,,,,,,,,,,,,,,,,,,,,,,,,,
,,,,,,,,,,,,,,,6757688470f9e929a8ea7d90,2025-01-21_18h53.13.719,VisualArraysMentalRotation_v4,2021.1.4,Win32,60.0240096,679054f2072d526265aabff2,67905a479955683ee81ed30d,,,,,,Stimuli/3_0_R.jpg,Different,0,n,n,1,4.016,95,0,95,0,1,,,,,,,,,,,,,,,,,,,,,,,,,,,,,,,,,,,,,,,,,,,,,,,,,
,,,,,,,,,,,,,,,6757688470f9e929a8ea7d90,2025-01-21_18h53.13.719,VisualArraysMentalRotation_v4,2021.1.4,Win32,60.0240096,679054f2072d526265aabff2,67905a479955683ee81ed30d,,,,,,,,,,,,,,,,,,0,0,0,0,1,,,,,,,,,,,,,,,,,,,,,,,,,,,,,,,,,,,,,,,,,,,,
,,,,,,,,,,,,,,,6757688470f9e929a8ea7d90,2025-01-21_18h53.13.719,VisualArraysMentalRotation_v4,2021.1.4,Win32,60.0240096,679054f2072d526265aabff2,67905a479955683ee81ed30d,,,,,,,,,,,,,,,,,,,,,,,0,0,0,0,1,0,1,,,,,,,,,,,,,,,,,,,,,,,,,,,,,,,,,,,,,
,,,,,,,,,,,,,,,6757688470f9e929a8ea7d90,2025-01-21_18h53.13.719,VisualArraysMentalRotation_v4,2021.1.4,Win32,60.0240096,679054f2072d526265aabff2,67905a479955683ee81ed30d,,,,,,,,,,,,,,,,,,,,,,,,,,,,,,"[-45,0,45,45,0]","[0,0,-45,45,-45]",0.25,PracBlue_3,"[-45,0,45,45,0]","[0,0,-45,45,-45]",6,0,2.671,0,0,0,10,1,BLUE,5,Same,5,1,,,,,,,,,,,,,,,,,,
,,,,,,,,,,,,,,,6757688470f9e929a8ea7d90,2025-01-21_18h53.13.719,VisualArraysMentalRotation_v4,2021.1.4,Win32,60.0240096,679054f2072d526265aabff2,67905a479955683ee81ed30d,,,,,,,,,,,,,,,,,,,,,,,,,,,,,,"[90,45,-45,90,-45]","[45,45,45,90,90]",0.25,PracRed_3,"[90,45,-45,90,-45]","[45,45,45,90,90]",5,1,1.548,0,1,1,3,1,RED,5,Same,5,3,,,,,,,,,,,,,,,,,,
,,,,,,,,,,,,,,,6757688470f9e929a8ea7d90,2025-01-21_18h53.13.719,VisualArraysMentalRotation_v4,2021.1.4,Win32,60.0240096,679054f2072d526265aabff2,67905a479955683ee81ed30d,,,,,,,,,,,,,,,,,,,,,,,,,,,,,,"[45,0,45,45,-45]","[45,0,45,90,45]",0.25,PracBlue_1,"[45,0,45,45,-45]","[45,0,45,90,45]",5,1,2.238,0,2,2,8,1,BLUE,3,Same,5,1,,,,,,,,,,,,,,,,,,
,,,,,,,,,,,,,,,6757688470f9e929a8ea7d90,2025-01-21_18h53.13.719,VisualArraysMentalRotation_v4,2021.1.4,Win32,60.0240096,679054f2072d526265aabff2,67905a479955683ee81ed30d,,,,,,,,,,,,,,,,,,,,,,,,,,,,,,"[90,-45,-45,45,90]","[0,-45,0,-45,0]",0.25,PracBlue_5,"[90,-45,-45,45,90]","[0,-45,0,-45,-45]",6,1,1.063,0,3,3,14,1,BLUE,5,Different,6,1,,,,,,,,,,,,,,,,,,
,,,,,,,,,,,,,,,6757688470f9e929a8ea7d90,2025-01-21_18h53.13.719,VisualArraysMentalRotation_v4,2021.1.4,Win32,60.0240096,679054f2072d526265aabff2,67905a479955683ee81ed30d,,,,,,,,,,,,,,,,,,,,,,,,,,,,,,"[0,0,0,45,45]","[45,90,-45,0,0]",0.25,PracRed_2,"[0,90,0,45,45]","[45,90,-45,0,0]",6,1,1.508,0,4,4,7,1,RED,5,Different,6,3,,,,,,,,,,,,,,,,,,
,,,,,,,,,,,,,,,6757688470f9e929a8ea7d90,2025-01-21_18h53.13.719,VisualArraysMentalRotation_v4,2021.1.4,Win32,60.0240096,679054f2072d526265aabff2,67905a479955683ee81ed30d,,,,,,,,,,,,,,,,,,,,,,,,,,,,,,"[45,0,-45,90,0]","[90,90,90,-45,45]",0.25,PracBlue_2,"[45,0,-45,90,0]","[90,-45,90,-45,45]",5,0,1.634,0,5,5,13,1,BLUE,3,Different,6,3,,,,,,,,,,,,,,,,,,
,,,,,,,,,,,,,,,6757688470f9e929a8ea7d90,2025-01-21_18h53.13.719,VisualArraysMentalRotation_v4,2021.1.4,Win32,60.0240096,679054f2072d526265aabff2,67905a479955683ee81ed30d,,,,,,,,,,,,,,,,,,,,,,,,,,,,,,"[90,45,-45,-45,0]","[45,90,-45,45,0]",0.25,PracRed_2,"[90,45,-45,-45,0]","[45,90,-45,45,0]",6,0,0.931,0,6,6,1,1,RED,3,Same,5,3,,,,,,,,,,,,,,,,,,
,,,,,,,,,,,,,,,6757688470f9e929a8ea7d90,2025-01-21_18h53.13.719,VisualArraysMentalRotation_v4,2021.1.4,Win32,60.0240096,679054f2072d526265aabff2,67905a479955683ee81ed30d,,,,,,,,,,,,,,,,,,,,,,,,,,,,,,"[90,-45,-45,45,0]","[0,0,0,-45,-45]",0.25,PracBlue_3,"[90,-45,-45,45,0]","[0,0,0,-45,-45]",5,1,1.267,0,7,7,9,1,BLUE,3,Same,5,3,,,,,,,,,,,,,,,,,,
,,,,,,,,,,,,,,,6757688470f9e929a8ea7d90,2025-01-21_18h53.13.719,VisualArraysMentalRotation_v4,2021.1.4,Win32,60.0240096,679054f2072d526265aabff2,67905a479955683ee81ed30d,,,,,,,,,,,,,,,,,,,,,,,,,,,,,,"[0,45,90,-45,90]","[90,45,-45,0,90]",0.25,PracBlue_2,"[0,45,90,-45,90]","[90,45,-45,0,90]",5,1,1.268,0,8,8,11,1,BLUE,5,Same,5,3,,,,,,,,,,,,,,,,,,
,,,,,,,,,,,,,,,6757688470f9e929a8ea7d90,2025-01-21_18h53.13.719,VisualArraysMentalRotation_v4,2021.1.4,Win32,60.0240096,679054f2072d526265aabff2,67905a479955683ee81ed30d,,,,,,,,,,,,,,,,,,,,,,,,,,,,,,"[0,-45,-45,-45,0]","[0,45,0,-45,90]",0.25,PracBlue_1,"[0,-45,-45,-45,0]","[45,45,0,-45,90]",6,1,1.233,0,9,9,15,1,BLUE,5,Different,6,3,,,,,,,,,,,,,,,,,,
,,,,,,,,,,,,,,,6757688470f9e929a8ea7d90,2025-01-21_18h53.13.719,VisualArraysMentalRotation_v4,2021.1.4,Win32,60.0240096,679054f2072d526265aabff2,67905a479955683ee81ed30d,,,,,,,,,,,,,,,,,,,,,,,,,,,,,,"[0,0,0,-45,45]","[45,-45,90,0,45]",0.25,PracRed_3,"[0,0,0,-45,45]","[45,-45,90,0,45]",6,0,1.55,0,10,10,2,1,RED,5,Same,5,1,,,,,,,,,,,,,,,,,,
,,,,,,,,,,,,,,,6757688470f9e929a8ea7d90,2025-01-21_18h53.13.719,VisualArraysMentalRotation_v4,2021.1.4,Win32,60.0240096,679054f2072d526265aabff2,67905a479955683ee81ed30d,,,,,,,,,,,,,,,,,,,,,,,,,,,,,,"[-45,45,-45,-45,45]","[45,45,90,90,90]",0.25,PracRed_1,"[0,45,-45,-45,45]","[45,45,90,90,90]",5,0,1.151,0,11,11,5,1,RED,3,Different,6,3,,,,,,,,,,,,,,,,,,
,,,,,,,,,,,,,,,6757688470f9e929a8ea7d90,2025-01-21_18h53.13.719,VisualArraysMentalRotation_v4,2021.1.4,Win32,60.0240096,679054f2072d526265aabff2,67905a479955683ee81ed30d,,,,,,,,,,,,,,,,,,,,,,,,,,,,,,"[0,0,45,45,0]","[45,0,90,0,0]",0.25,PracBlue_2,"[0,0,45,45,0]","[45,90,90,0,0]",6,1,1.365,0,12,12,12,1,BLUE,3,Different,6,1,,,,,,,,,,,,,,,,,,
,,,,,,,,,,,,,,,6757688470f9e929a8ea7d90,2025-01-21_18h53.13.719,VisualArraysMentalRotation_v4,2021.1.4,Win32,60.0240096,679054f2072d526265aabff2,67905a479955683ee81ed30d,,,,,,,,,,,,,,,,,,,,,,,,,,,,,,"[-45,-45,90,90,0]","[90,45,90,-45,90]",0.25,PracRed_5,"[-45,-45,90,90,45]","[90,45,90,-45,90]",6,1,1.413,0,13,13,6,1,RED,5,Different,6,1,,,,,,,,,,,,,,,,,,
,,,,,,,,,,,,,,,6757688470f9e929a8ea7d90,2025-01-21_18h53.13.719,VisualArraysMentalRotation_v4,2021.1.4,Win32,60.0240096,679054f2072d526265aabff2,67905a479955683ee81ed30d,,,,,,,,,,,,,,,,,,,,,,,,,,,,,,"[-45,90,90,-45,0]","[-45,-45,90,-45,-45]",0.25,PracRed_1,"[0,90,90,-45,0]","[-45,-45,90,-45,-45]",6,1,1.096,0,14,14,4,1,RED,3,Different,6,1,,,,,,,,,,,,,,,,,,
,,,,,,,,,,,,,,,6757688470f9e929a8ea7d90,2025-01-21_18h53.13.719,VisualArraysMentalRotation_v4,2021.1.4,Win32,60.0240096,679054f2072d526265aabff2,67905a479955683ee81ed30d,,,,,,,,,,,,,,,,,,,,,,,,,,,,,,"[-45,0,0,90,-45]","[0,90,0,0,0]",0.25,PracRed_2,"[-45,0,0,90,-45]","[0,90,0,0,0]",6,0,1.016,0,15,15,0,1,RED,3,Same,5,1,,,,,,,,,,,,,,,,,,
,,,,,,,,,,,,,,,6757688470f9e929a8ea7d90,2025-01-21_18h53.13.719,VisualArraysMentalRotation_v4,2021.1.4,Win32,60.0240096,679054f2072d526265aabff2,67905a479955683ee81ed30d,,,,,,,,,,,,,,,,,,,,,,,,,,,,,,,,,,,,,,,,,,,,,,,,,0,0,0,0,1,,,,,,,,,,,,,
,,,,,,,,,,,,,,,6757688470f9e929a8ea7d90,2025-01-21_18h53.13.719,VisualArraysMentalRotation_v4,2021.1.4,Win32,60.0240096,679054f2072d526265aabff2,67905a479955683ee81ed30d,,,,,,,,,,,,,,,,,,,,,,,,,,,,,,"[90,45,0,90,-45]","[45,90,0,-45,90]",0.25,PracBlue_3,"[90,45,0,90,-45]","[45,90,0,-45,90]",6,0,1.717,0,0,0,11,1,BLUE,5,Same,5,3,,,,,,,,,,,,,,,,,,
,,,,,,,,,,,,,,,6757688470f9e929a8ea7d90,2025-01-21_18h53.13.719,VisualArraysMentalRotation_v4,2021.1.4,Win32,60.0240096,679054f2072d526265aabff2,67905a479955683ee81ed30d,,,,,,,,,,,,,,,,,,,,,,,,,,,,,,"[0,0,90,-45,90]","[90,0,90,0,90]",0.25,PracRed_3,"[0,0,90,-45,90]","[90,0,90,0,90]",5,1,1.51,0,1,1,2,1,RED,5,Same,5,1,,,,,,,,,,,,,,,,,,
,,,,,,,,,,,,,,,6757688470f9e929a8ea7d90,2025-01-21_18h53.13.719,VisualArraysMentalRotation_v4,2021.1.4,Win32,60.0240096,679054f2072d526265aabff2,67905a479955683ee81ed30d,,,,,,,,,,,,,,,,,,,,,,,,,,,,,,"[90,0,-45,-45,45]","[90,45,-45,90,0]",0.25,PracRed_2,"[90,0,-45,-45,45]","[90,45,-45,90,0]",5,1,1.467,0,2,2,0,1,RED,3,Same,5,1,,,,,,,,,,,,,,,,,,
,,,,,,,,,,,,,,,6757688470f9e929a8ea7d90,2025-01-21_18h53.13.719,VisualArraysMentalRotation_v4,2021.1.4,Win32,60.0240096,679054f2072d526265aabff2,67905a479955683ee81ed30d,,,,,,,,,,,,,,,,,,,,,,,,,,,,,,"[0,45,45,0,-45]","[90,90,0,45,0]",0.25,PracBlue_3,"[0,45,45,0,-45]","[90,90,90,45,0]",6,1,2.214,0,3,3,13,1,BLUE,3,Different,6,3,,,,,,,,,,,,,,,,,,
,,,,,,,,,,,,,,,6757688470f9e929a8ea7d90,2025-01-21_18h53.13.719,VisualArraysMentalRotation_v4,2021.1.4,Win32,60.0240096,679054f2072d526265aabff2,67905a479955683ee81ed30d,,,,,,,,,,,,,,,,,,,,,,,,,,,,,,"[0,-45,45,45,45]","[45,45,0,0,0]",0.25,PracBlue_5,"[0,-45,45,45,45]","[45,45,0,0,0]",5,1,1.763,0,4,4,10,1,BLUE,5,Same,5,1,,,,,,,,,,,,,,,,,,
,,,,,,,,,,,,,,,6757688470f9e929a8ea7d90,2025-01-21_18h53.13.719,VisualArraysMentalRotation_v4,2021.1.4,Win32,60.0240096,679054f2072d526265aabff2,67905a479955683ee81ed30d,,,,,,,,,,,,,,,,,,,,,,,,,,,,,,"[45,45,90,0,90]","[-45,45,-45,45,45]",0.25,PracRed_1,"[45,45,90,0,90]","[-45,45,-45,45,45]",6,0,1.414,0,5,5,3,1,RED,5,Same,5,3,,,,,,,,,,,,,,,,,,
,,,,,,,,,,,,,,,6757688470f9e929a8ea7d90,2025-01-21_18h53.13.719,VisualArraysMentalRotation_v4,2021.1.4,Win32,60.0240096,679054f2072d526265aabff2,67905a479955683ee81ed30d,,,,,,,,,,,,,,,,,,,,,,,,,,,,,,"[45,0,90,-45,-45]","[-45,90,-45,0,45]",0.25,PracRed_4,"[45,0,90,0,-45]","[-45,90,-45,0,45]",5,0,1.371,0,6,6,6,1,RED,5,Different,6,1,,,,,,,,,,,,,,,,,,
,,,,,,,,,,,,,,,6757688470f9e929a8ea7d90,2025-01-21_18h53.13.719,VisualArraysMentalRotation_v4,2021.1.4,Win32,60.0240096,679054f2072d526265aabff2,67905a479955683ee81ed30d,,,,,,,,,,,,,,,,,,,,,,,,,,,,,,"[-45,-45,45,0,-45]","[90,-45,45,0,90]",0.25,PracRed_3,"[-45,-45,-45,0,-45]","[90,-45,45,0,90]",6,1,1.684,0,7,7,4,1,RED,3,Different,6,1,,,,,,,,,,,,,,,,,,
,,,,,,,,,,,,,,,6757688470f9e929a8ea7d90,2025-01-21_18h53.13.719,VisualArraysMentalRotation_v4,2021.1.4,Win32,60.0240096,679054f2072d526265aabff2,67905a479955683ee81ed30d,,,,,,,,,,,,,,,,,,,,,,,,,,,,,,"[45,0,0,0,45]","[90,-45,0,0,-45]",0.25,PracBlue_3,"[45,0,0,0,45]","[90,-45,90,0,-45]",6,1,1.989,0,8,8,15,1,BLUE,5,Different,6,3,,,,,,,,,,,,,,,,,,
,,,,,,,,,,,,,,,6757688470f9e929a8ea7d90,2025-01-21_18h53.13.719,VisualArraysMentalRotation_v4,2021.1.4,Win32,60.0240096,679054f2072d526265aabff2,67905a479955683ee81ed30d,,,,,,,,,,,,,,,,,,,,,,,,,,,,,,"[90,90,0,-45,45]","[-45,45,0,0,-45]",0.25,PracBlue_3,"[90,90,0,-45,45]","[-45,45,0,0,-45]",5,1,1.134,0,9,9,9,1,BLUE,3,Same,5,3,,,,,,,,,,,,,,,,,,
,,,,,,,,,,,,,,,6757688470f9e929a8ea7d90,2025-01-21_18h53.13.719,VisualArraysMentalRotation_v4,2021.1.4,Win32,60.0240096,679054f2072d526265aabff2,67905a479955683ee81ed30d,,,,,,,,,,,,,,,,,,,,,,,,,,,,,,"[-45,0,-45,45,-45]","[0,90,-45,45,0]",0.25,PracRed_3,"[-45,0,90,45,-45]","[0,90,-45,45,0]",5,0,1.705,0,10,10,7,1,RED,5,Different,6,3,,,,,,,,,,,,,,,,,,
,,,,,,,,,,,,,,,6757688470f9e929a8ea7d90,2025-01-21_18h53.13.719,VisualArraysMentalRotation_v4,2021.1.4,Win32,60.0240096,679054f2072d526265aabff2,67905a479955683ee81ed30d,,,,,,,,,,,,,,,,,,,,,,,,,,,,,,"[90,45,-45,90,-45]","[0,0,-45,90,45]",0.25,PracBlue_2,"[90,45,-45,90,-45]","[0,45,-45,90,45]",6,1,1.477,0,11,11,14,1,BLUE,5,Different,6,1,,,,,,,,,,,,,,,,,,
,,,,,,,,,,,,,,,6757688470f9e929a8ea7d90,2025-01-21_18h53.13.719,VisualArraysMentalRotation_v4,2021.1.4,Win32,60.0240096,679054f2072d526265aabff2,67905a479955683ee81ed30d,,,,,,,,,,,,,,,,,,,,,,,,,,,,,,"[90,45,45,0,-45]","[0,45,-45,90,90]",0.25,PracBlue_1,"[90,45,45,0,-45]","[0,45,-45,90,90]",5,1,1.267,0,12,12,8,1,BLUE,3,Same,5,1,,,,,,,,,,,,,,,,,,
,,,,,,,,,,,,,,,6757688470f9e929a8ea7d90,2025-01-21_18h53.13.719,VisualArraysMentalRotation_v4,2021.1.4,Win32,60.0240096,679054f2072d526265aabff2,67905a479955683ee81ed30d,,,,,,,,,,,,,,,,,,,,,,,,,,,,,,"[45,0,90,0,0]","[90,0,-45,0,45]",0.25,PracRed_2,"[45,0,90,0,0]","[90,0,-45,0,45]",6,0,0.754,0,13,13,1,1,RED,3,Same,5,3,,,,,,,,,,,,,,,,,,
,,,,,,,,,,,,,,,6757688470f9e929a8ea7d90,2025-01-21_18h53.13.719,VisualArraysMentalRotation_v4,2021.1.4,Win32,60.0240096,679054f2072d526265aabff2,67905a479955683ee81ed30d,,,,,,,,,,,,,,,,,,,,,,,,,,,,,,"[45,90,0,45,-45]","[45,45,-45,90,0]",0.25,PracRed_1,"[0,90,0,45,-45]","[45,45,-45,90,0]",6,1,2.037,0,14,14,5,1,RED,3,Different,6,3,,,,,,,,,,,,,,,,,,
,,,,,,,,,,,,,,,6757688470f9e929a8ea7d90,2025-01-21_18h53.13.719,VisualArraysMentalRotation_v4,2021.1.4,Win32,60.0240096,679054f2072d526265aabff2,67905a479955683ee81ed30d,,,,,,,,,,,,,,,,,,,,,,,,,,,,,,"[90,45,-45,0,90]","[45,-45,45,90,-45]",0.25,PracBlue_2,"[90,45,-45,0,90]","[45,0,45,90,-45]",5,0,1.63,0,15,15,12,1,BLUE,3,Different,6,1,,,,,,,,,,,,,,,,,,
,,,,,,,,,,,,,,,6757688470f9e929a8ea7d90,2025-01-21_18h53.13.719,VisualArraysMentalRotation_v4,2021.1.4,Win32,60.0240096,679054f2072d526265aabff2,67905a479955683ee81ed30d,,,,,,,,,,,,,,,,,,,,,,,,,,,,,,,,,,,,,,,,,,,,,,,,,1,0,1,0,1,,,,,,,,,,,,,
,,,,,,,,,,,,,,,6757688470f9e929a8ea7d90,2025-01-21_18h53.13.719,VisualArraysMentalRotation_v4,2021.1.4,Win32,60.0240096,679054f2072d526265aabff2,67905a479955683ee81ed30d,,,,,,,,,,,,,,,,,,,,,,,,,,,,,,"[90,-45,45,0,0]","[90,-45,-45,0,0]",,Blue_1,"[90,-45,45,0,0]","[90,-45,-45,0,0]",,,,,,,,,BLUE,3,Same,5,1,,,,,,6,0,1.415,0,0,0,8,1,,,,,
,,,,,,,,,,,,,,,6757688470f9e929a8ea7d90,2025-01-21_18h53.13.719,VisualArraysMentalRotation_v4,2021.1.4,Win32,60.0240096,679054f2072d526265aabff2,67905a479955683ee81ed30d,,,,,,,,,,,,,,,,,,,,,,,,,,,,,,"[0,0,45,90,90]","[0,90,90,-45,45]",,Red_2,"[0,0,45,90,90]","[0,90,90,-45,45]",,,,,,,,,RED,5,Same,5,3,,,,,,5,1,1.521,0,1,1,3,1,,,,,
,,,,,,,,,,,,,,,6757688470f9e929a8ea7d90,2025-01-21_18h53.13.719,VisualArraysMentalRotation_v4,2021.1.4,Win32,60.0240096,679054f2072d526265aabff2,67905a479955683ee81ed30d,,,,,,,,,,,,,,,,,,,,,,,,,,,,,,"[90,90,90,45,-45]","[0,90,90,0,-45]",,Red_1,"[-45,90,90,45,-45]","[0,90,90,0,-45]",,,,,,,,,RED,3,Different,6,1,,,,,,6,1,1.099,0,2,2,4,1,,,,,
,,,,,,,,,,,,,,,6757688470f9e929a8ea7d90,2025-01-21_18h53.13.719,VisualArraysMentalRotation_v4,2021.1.4,Win32,60.0240096,679054f2072d526265aabff2,67905a479955683ee81ed30d,,,,,,,,,,,,,,,,,,,,,,,,,,,,,,"[45,45,90,90,45]","[90,90,-45,-45,-45]",,Red_3,"[45,45,90,90,45]","[90,90,-45,-45,-45]",,,,,,,,,RED,5,Same,5,1,,,,,,6,0,1.481,0,3,3,2,1,,,,,
,,,,,,,,,,,,,,,6757688470f9e929a8ea7d90,2025-01-21_18h53.13.719,VisualArraysMentalRotation_v4,2021.1.4,Win32,60.0240096,679054f2072d526265aabff2,67905a479955683ee81ed30d,,,,,,,,,,,,,,,,,,,,,,,,,,,,,,"[0,0,0,45,0]","[90,0,45,90,0]",,Blue_1,"[0,0,0,45,0]","[90,0,45,90,0]",,,,,,,,,BLUE,5,Same,5,1,,,,,,5,1,0.835,0,4,4,10,1,,,,,
,,,,,,,,,,,,,,,6757688470f9e929a8ea7d90,2025-01-21_18h53.13.719,VisualArraysMentalRotation_v4,2021.1.4,Win32,60.0240096,679054f2072d526265aabff2,67905a479955683ee81ed30d,,,,,,,,,,,,,,,,,,,,,,,,,,,,,,"[-45,45,45,-45,-45]","[-45,90,0,90,0]",,Red_3,"[-45,45,0,-45,-45]","[-45,90,0,90,0]",,,,,,,,,RED,5,Different,6,3,,,,,,5,0,1.652,0,5,5,7,1,,,,,
,,,,,,,,,,,,,,,6757688470f9e929a8ea7d90,2025-01-21_18h53.13.719,VisualArraysMentalRotation_v4,2021.1.4,Win32,60.0240096,679054f2072d526265aabff2,67905a479955683ee81ed30d,,,,,,,,,,,,,,,,,,,,,,,,,,,,,,"[45,45,-45,45,45]","[90,45,0,0,45]",,Red_3,"[45,45,90,45,45]","[90,45,0,0,45]",,,,,,,,,RED,3,Different,6,3,,,,,,6,1,1.866,0,6,6,5,1,,,,,
,,,,,,,,,,,,,,,6757688470f9e929a8ea7d90,2025-01-21_18h53.13.719,VisualArraysMentalRotation_v4,2021.1.4,Win32,60.0240096,679054f2072d526265aabff2,67905a479955683ee81ed30d,,,,,,,,,,,,,,,,,,,,,,,,,,,,,,"[-45,90,45,0,-45]","[-45,90,-45,45,90]",,Red_2,"[-45,90,45,0,-45]","[-45,90,-45,45,90]",,,,,,,,,RED,3,Same,5,3,,,,,,5,1,1.571,0,7,7,1,1,,,,,
,,,,,,,,,,,,,,,6757688470f9e929a8ea7d90,2025-01-21_18h53.13.719,VisualArraysMentalRotation_v4,2021.1.4,Win32,60.0240096,679054f2072d526265aabff2,67905a479955683ee81ed30d,,,,,,,,,,,,,,,,,,,,,,,,,,,,,,"[-45,90,45,90,0]","[-45,0,90,0,45]",,Blue_1,"[-45,90,45,90,0]","[-45,0,90,0,45]",,,,,,,,,BLUE,3,Same,5,3,,,,,,5,1,1.786,0,8,8,9,1,,,,,
,,,,,,,,,,,,,,,6757688470f9e929a8ea7d90,2025-01-21_18h53.13.719,VisualArraysMentalRotation_v4,2021.1.4,Win32,60.0240096,679054f2072d526265aabff2,67905a479955683ee81ed30d,,,,,,,,,,,,,,,,,,,,,,,,,,,,,,"[0,-45,90,45,45]","[-45,45,-45,45,90]",,Blue_2,"[0,-45,90,45,45]","[-45,90,-45,45,90]",,,,,,,,,BLUE,5,Different,6,3,,,,,,5,0,3.574,0,9,9,15,1,,,,,
,,,,,,,,,,,,,,,6757688470f9e929a8ea7d90,2025-01-21_18h53.13.719,VisualArraysMentalRotation_v4,2021.1.4,Win32,60.0240096,679054f2072d526265aabff2,67905a479955683ee81ed30d,,,,,,,,,,,,,,,,,,,,,,,,,,,,,,"[0,0,45,90,0]","[90,-45,45,-45,-45]",,Blue_3,"[0,0,45,90,0]","[90,-45,0,-45,-45]",,,,,,,,,BLUE,5,Different,6,1,,,,,,5,0,2.514,0,10,10,14,1,,,,,
,,,,,,,,,,,,,,,6757688470f9e929a8ea7d90,2025-01-21_18h53.13.719,VisualArraysMentalRotation_v4,2021.1.4,Win32,60.0240096,679054f2072d526265aabff2,67905a479955683ee81ed30d,,,,,,,,,,,,,,,,,,,,,,,,,,,,,,"[90,0,90,0,45]","[0,0,90,45,90]",,Blue_2,"[90,0,90,0,45]","[0,90,90,45,90]",,,,,,,,,BLUE,3,Different,6,1,,,,,,6,1,3.653,0,11,11,12,1,,,,,
,,,,,,,,,,,,,,,6757688470f9e929a8ea7d90,2025-01-21_18h53.13.719,VisualArraysMentalRotation_v4,2021.1.4,Win32,60.0240096,679054f2072d526265aabff2,67905a479955683ee81ed30d,,,,,,,,,,,,,,,,,,,,,,,,,,,,,,"[90,90,0,45,0]","[-45,90,45,0,0]",,Red_5,"[90,90,0,45,-45]","[-45,90,45,0,0]",,,,,,,,,RED,5,Different,6,1,,,,,,5,0,1.752,0,12,12,6,1,,,,,
,,,,,,,,,,,,,,,6757688470f9e929a8ea7d90,2025-01-21_18h53.13.719,VisualArraysMentalRotation_v4,2021.1.4,Win32,60.0240096,679054f2072d526265aabff2,67905a479955683ee81ed30d,,,,,,,,,,,,,,,,,,,,,,,,,,,,,,"[45,0,-45,45,45]","[45,-45,45,-45,90]",,Blue_1,"[45,0,-45,45,45]","[0,-45,45,-45,90]",,,,,,,,,BLUE,3,Different,6,3,,,,,,5,0,4.176,0,13,13,13,1,,,,,
,,,,,,,,,,,,,,,6757688470f9e929a8ea7d90,2025-01-21_18h53.13.719,VisualArraysMentalRotation_v4,2021.1.4,Win32,60.0240096,679054f2072d526265aabff2,67905a479955683ee81ed30d,,,,,,,,,,,,,,,,,,,,,,,,,,,,,,"[90,0,-45,45,90]","[90,0,-45,0,45]",,Blue_4,"[90,0,-45,45,90]","[90,0,-45,0,45]",,,,,,,,,BLUE,5,Same,5,3,,,,,,5,1,1.426,0,14,14,11,1,,,,,
,,,,,,,,,,,,,,,6757688470f9e929a8ea7d90,2025-01-21_18h53.13.719,VisualArraysMentalRotation_v4,2021.1.4,Win32,60.0240096,679054f2072d526265aabff2,67905a479955683ee81ed30d,,,,,,,,,,,,,,,,,,,,,,,,,,,,,,"[0,-45,45,45,-45]","[0,-45,90,0,45]",,Red_1,"[0,-45,45,45,-45]","[0,-45,90,0,45]",,,,,,,,,RED,3,Same,5,1,,,,,,5,1,1.368,0,15,15,0,1,,,,,
,,,,,,,,,,,,,,,6757688470f9e929a8ea7d90,2025-01-21_18h53.13.719,VisualArraysMentalRotation_v4,2021.1.4,Win32,60.0240096,679054f2072d526265aabff2,67905a479955683ee81ed30d,,,,,,,,,,,,,,,,,,,,,,,,,,,,,,"[45,90,-45,90,-45]","[90,0,45,0,90]",,Red_2,"[45,-45,-45,90,-45]","[90,0,45,0,90]",,,,,,,,,RED,5,Different,6,1,,,,,,5,0,1.535,1,0,16,6,1,,,,,
,,,,,,,,,,,,,,,6757688470f9e929a8ea7d90,2025-01-21_18h53.13.719,VisualArraysMentalRotation_v4,2021.1.4,Win32,60.0240096,679054f2072d526265aabff2,67905a479955683ee81ed30d,,,,,,,,,,,,,,,,,,,,,,,,,,,,,,"[0,45,90,45,0]","[-45,45,90,90,90]",,Blue_2,"[0,45,90,45,0]","[-45,45,90,90,90]",,,,,,,,,BLUE,3,Same,5,3,,,,,,5,1,1.526,1,1,17,9,1,,,,,
,,,,,,,,,,,,,,,6757688470f9e929a8ea7d90,2025-01-21_18h53.13.719,VisualArraysMentalRotation_v4,2021.1.4,Win32,60.0240096,679054f2072d526265aabff2,67905a479955683ee81ed30d,,,,,,,,,,,,,,,,,,,,,,,,,,,,,,"[90,-45,90,0,0]","[-45,45,-45,45,90]",,Red_2,"[90,-45,90,0,0]","[-45,45,-45,45,90]",,,,,,,,,RED,3,Same,5,1,,,,,,5,1,1.972,1,2,18,0,1,,,,,
,,,,,,,,,,,,,,,6757688470f9e929a8ea7d90,2025-01-21_18h53.13.719,VisualArraysMentalRotation_v4,2021.1.4,Win32,60.0240096,679054f2072d526265aabff2,67905a479955683ee81ed30d,,,,,,,,,,,,,,,,,,,,,,,,,,,,,,"[-45,-45,-45,0,-45]","[-45,-45,90,0,45]",,Red_3,"[-45,-45,90,0,-45]","[-45,-45,90,0,45]",,,,,,,,,RED,3,Different,6,1,,,,,,6,1,2.133,1,3,19,4,1,,,,,
,,,,,,,,,,,,,,,6757688470f9e929a8ea7d90,2025-01-21_18h53.13.719,VisualArraysMentalRotation_v4,2021.1.4,Win32,60.0240096,679054f2072d526265aabff2,67905a479955683ee81ed30d,,,,,,,,,,,,,,,,,,,,,,,,,,,,,,"[45,-45,-45,0,0]","[-45,90,45,90,0]",,Blue_3,"[45,-45,-45,0,0]","[-45,90,0,90,0]",,,,,,,,,BLUE,3,Different,6,3,,,,,,6,1,1.534,1,4,20,13,1,,,,,
,,,,,,,,,,,,,,,6757688470f9e929a8ea7d90,2025-01-21_18h53.13.719,VisualArraysMentalRotation_v4,2021.1.4,Win32,60.0240096,679054f2072d526265aabff2,67905a479955683ee81ed30d,,,,,,,,,,,,,,,,,,,,,,,,,,,,,,"[-45,45,90,-45,90]","[90,-45,-45,90,90]",,Blue_3,"[-45,45,90,-45,90]","[90,-45,-45,90,90]",,,,,,,,,BLUE,5,Same,5,1,,,,,,5,1,1,1,5,21,10,1,,,,,
,,,,,,,,,,,,,,,6757688470f9e929a8ea7d90,2025-01-21_18h53.13.719,VisualArraysMentalRotation_v4,2021.1.4,Win32,60.0240096,679054f2072d526265aabff2,67905a479955683ee81ed30d,,,,,,,,,,,,,,,,,,,,,,,,,,,,,,"[-45,-45,-45,90,90]","[90,90,90,90,45]",,Blue_2,"[-45,-45,-45,90,90]","[90,90,90,90,45]",,,,,,,,,BLUE,5,Same,5,3,,,,,,5,1,1.314,1,6,22,11,1,,,,,
,,,,,,,,,,,,,,,6757688470f9e929a8ea7d90,2025-01-21_18h53.13.719,VisualArraysMentalRotation_v4,2021.1.4,Win32,60.0240096,679054f2072d526265aabff2,67905a479955683ee81ed30d,,,,,,,,,,,,,,,,,,,,,,,,,,,,,,"[-45,0,90,-45,45]","[90,90,0,90,0]",,Blue_1,"[-45,0,90,-45,45]","[90,90,0,90,0]",,,,,,,,,BLUE,3,Same,5,1,,,,,,5,1,1.066,1,7,23,8,1,,,,,
,,,,,,,,,,,,,,,6757688470f9e929a8ea7d90,2025-01-21_18h53.13.719,VisualArraysMentalRotation_v4,2021.1.4,Win32,60.0240096,679054f2072d526265aabff2,67905a479955683ee81ed30d,,,,,,,,,,,,,,,,,,,,,,,,,,,,,,"[0,90,45,90,90]","[90,0,0,45,45]",,Red_1,"[90,90,45,90,90]","[90,0,0,45,45]",,,,,,,,,RED,3,Different,6,3,,,,,,6,1,2.102,1,8,24,5,1,,,,,
,,,,,,,,,,,,,,,6757688470f9e929a8ea7d90,2025-01-21_18h53.13.719,VisualArraysMentalRotation_v4,2021.1.4,Win32,60.0240096,679054f2072d526265aabff2,67905a479955683ee81ed30d,,,,,,,,,,,,,,,,,,,,,,,,,,,,,,"[-45,90,-45,45,45]","[-45,90,45,0,90]",,Red_2,"[-45,90,-45,45,45]","[-45,90,45,0,90]",,,,,,,,,RED,3,Same,5,3,,,,,,5,1,1.272,1,9,25,1,1,,,,,
,,,,,,,,,,,,,,,6757688470f9e929a8ea7d90,2025-01-21_18h53.13.719,VisualArraysMentalRotation_v4,2021.1.4,Win32,60.0240096,679054f2072d526265aabff2,67905a479955683ee81ed30d,,,,,,,,,,,,,,,,,,,,,,,,,,,,,,"[-45,-45,45,-45,90]","[-45,45,90,-45,-45]",,Red_3,"[-45,-45,45,-45,90]","[-45,45,90,-45,-45]",,,,,,,,,RED,5,Same,5,3,,,,,,6,0,1.687,1,10,26,3,1,,,,,
,,,,,,,,,,,,,,,6757688470f9e929a8ea7d90,2025-01-21_18h53.13.719,VisualArraysMentalRotation_v4,2021.1.4,Win32,60.0240096,679054f2072d526265aabff2,67905a479955683ee81ed30d,,,,,,,,,,,,,,,,,,,,,,,,,,,,,,"[0,45,0,-45,45]","[45,0,0,0,-45]",,Red_1,"[0,45,0,-45,45]","[45,0,0,0,-45]",,,,,,,,,RED,5,Same,5,1,,,,,,5,1,1.7,1,11,27,2,1,,,,,
,,,,,,,,,,,,,,,6757688470f9e929a8ea7d90,2025-01-21_18h53.13.719,VisualArraysMentalRotation_v4,2021.1.4,Win32,60.0240096,679054f2072d526265aabff2,67905a479955683ee81ed30d,,,,,,,,,,,,,,,,,,,,,,,,,,,,,,"[90,45,-45,90,90]","[-45,45,0,-45,0]",,Red_2,"[90,0,-45,90,90]","[-45,45,0,-45,0]",,,,,,,,,RED,5,Different,6,3,,,,,,6,1,1.349,1,12,28,7,1,,,,,
,,,,,,,,,,,,,,,6757688470f9e929a8ea7d90,2025-01-21_18h53.13.719,VisualArraysMentalRotation_v4,2021.1.4,Win32,60.0240096,679054f2072d526265aabff2,67905a479955683ee81ed30d,,,,,,,,,,,,,,,,,,,,,,,,,,,,,,"[90,90,45,45,45]","[-45,90,0,45,-45]",,Blue_4,"[90,90,45,45,45]","[-45,90,0,-45,-45]",,,,,,,,,BLUE,5,Different,6,1,,,,,,6,1,1.686,1,13,29,14,1,,,,,
,,,,,,,,,,,,,,,6757688470f9e929a8ea7d90,2025-01-21_18h53.13.719,VisualArraysMentalRotation_v4,2021.1.4,Win32,60.0240096,679054f2072d526265aabff2,67905a479955683ee81ed30d,,,,,,,,,,,,,,,,,,,,,,,,,,,,,,"[90,-45,45,90,90]","[0,0,0,45,-45]",,Blue_1,"[90,-45,45,90,90]","[45,0,0,45,-45]",,,,,,,,,BLUE,5,Different,6,3,,,,,,6,1,3.291,1,14,30,15,1,,,,,
,,,,,,,,,,,,,,,6757688470f9e929a8ea7d90,2025-01-21_18h53.13.719,VisualArraysMentalRotation_v4,2021.1.4,Win32,60.0240096,679054f2072d526265aabff2,67905a479955683ee81ed30d,,,,,,,,,,,,,,,,,,,,,,,,,,,,,,"[90,90,0,0,90]","[-45,90,45,-45,45]",,Blue_3,"[90,90,0,0,90]","[-45,90,90,-45,45]",,,,,,,,,BLUE,3,Different,6,1,,,,,,6,1,1.2,1,15,31,12,1,,,,,
,,,,,,,,,,,,,,,6757688470f9e929a8ea7d90,2025-01-21_18h53.13.719,VisualArraysMentalRotation_v4,2021.1.4,Win32,60.0240096,679054f2072d526265aabff2,67905a479955683ee81ed30d,,,,,,,,,,,,,,,,,,,,,,,,,,,,,,"[0,45,45,-45,-45]","[45,-45,0,90,0]",,Red_1,"[-45,45,45,-45,-45]","[45,-45,0,90,0]",,,,,,,,,RED,3,Different,6,1,,,,,,5,0,1.635,2,0,32,4,1,,,,,
,,,,,,,,,,,,,,,6757688470f9e929a8ea7d90,2025-01-21_18h53.13.719,VisualArraysMentalRotation_v4,2021.1.4,Win32,60.0240096,679054f2072d526265aabff2,67905a479955683ee81ed30d,,,,,,,,,,,,,,,,,,,,,,,,,,,,,,"[-45,45,90,-45,90]","[0,90,90,0,-45]",,Red_2,"[-45,0,90,-45,90]","[0,90,90,0,-45]",,,,,,,,,RED,5,Different,6,3,,,,,,6,1,2.221,2,1,33,7,1,,,,,
,,,,,,,,,,,,,,,6757688470f9e929a8ea7d90,2025-01-21_18h53.13.719,VisualArraysMentalRotation_v4,2021.1.4,Win32,60.0240096,679054f2072d526265aabff2,67905a479955683ee81ed30d,,,,,,,,,,,,,,,,,,,,,,,,,,,,,,"[-45,0,90,0,90]","[-45,-45,0,0,-45]",,Red_2,"[-45,0,90,0,90]","[-45,-45,0,0,-45]",,,,,,,,,RED,3,Same,5,3,,,,,,6,0,1.67,2,2,34,1,1,,,,,
,,,,,,,,,,,,,,,6757688470f9e929a8ea7d90,2025-01-21_18h53.13.719,VisualArraysMentalRotation_v4,2021.1.4,Win32,60.0240096,679054f2072d526265aabff2,67905a479955683ee81ed30d,,,,,,,,,,,,,,,,,,,,,,,,,,,,,,"[45,90,90,90,90]","[-45,-45,-45,0,0]",,Blue_4,"[45,90,90,90,90]","[-45,-45,-45,90,0]",,,,,,,,,BLUE,5,Different,6,3,,,,,,5,0,1.504,2,3,35,15,1,,,,,
,,,,,,,,,,,,,,,6757688470f9e929a8ea7d90,2025-01-21_18h53.13.719,VisualArraysMentalRotation_v4,2021.1.4,Win32,60.0240096,679054f2072d526265aabff2,67905a479955683ee81ed30d,,,,,,,,,,,,,,,,,,,,,,,,,,,,,,"[0,45,90,45,90]","[45,-45,90,-45,0]",,Blue_2,"[0,45,90,45,90]","[45,-45,90,-45,0]",,,,,,,,,BLUE,3,Same,5,3,,,,,,5,1,1.221,2,4,36,9,1,,,,,
,,,,,,,,,,,,,,,6757688470f9e929a8ea7d90,2025-01-21_18h53.13.719,VisualArraysMentalRotation_v4,2021.1.4,Win32,60.0240096,679054f2072d526265aabff2,67905a479955683ee81ed30d,,,,,,,,,,,,,,,,,,,,,,,,,,,,,,"[45,90,0,90,0]","[45,0,45,0,90]",,Blue_2,"[45,90,0,90,0]","[45,0,45,0,90]",,,,,,,,,BLUE,3,Same,5,1,,,,,,5,1,1.463,2,5,37,8,1,,,,,
,,,,,,,,,,,,,,,6757688470f9e929a8ea7d90,2025-01-21_18h53.13.719,VisualArraysMentalRotation_v4,2021.1.4,Win32,60.0240096,679054f2072d526265aabff2,67905a479955683ee81ed30d,,,,,,,,,,,,,,,,,,,,,,,,,,,,,,"[0,45,45,0,0]","[45,45,-45,-45,45]",,Blue_1,"[0,45,45,0,0]","[0,45,-45,-45,45]",,,,,,,,,BLUE,3,Different,6,1,,,,,,5,0,1.409,2,6,38,12,1,,,,,
,,,,,,,,,,,,,,,6757688470f9e929a8ea7d90,2025-01-21_18h53.13.719,VisualArraysMentalRotation_v4,2021.1.4,Win32,60.0240096,679054f2072d526265aabff2,67905a479955683ee81ed30d,,,,,,,,,,,,,,,,,,,,,,,,,,,,,,"[45,0,-45,0,-45]","[0,90,0,45,0]",,Blue_1,"[45,0,-45,0,-45]","[90,90,0,45,0]",,,,,,,,,BLUE,5,Different,6,1,,,,,,6,1,1.219,2,7,39,14,1,,,,,
,,,,,,,,,,,,,,,6757688470f9e929a8ea7d90,2025-01-21_18h53.13.719,VisualArraysMentalRotation_v4,2021.1.4,Win32,60.0240096,679054f2072d526265aabff2,67905a479955683ee81ed30d,,,,,,,,,,,,,,,,,,,,,,,,,,,,,,"[90,-45,0,90,90]","[90,-45,45,-45,90]",,Red_2,"[90,-45,0,90,90]","[90,-45,45,-45,90]",,,,,,,,,RED,3,Same,5,1,,,,,,5,1,1.353,2,8,40,0,1,,,,,
,,,,,,,,,,,,,,,6757688470f9e929a8ea7d90,2025-01-21_18h53.13.719,VisualArraysMentalRotation_v4,2021.1.4,Win32,60.0240096,679054f2072d526265aabff2,67905a479955683ee81ed30d,,,,,,,,,,,,,,,,,,,,,,,,,,,,,,"[0,0,0,0,0]","[45,90,90,45,-45]",,Red_3,"[0,0,45,0,0]","[45,90,90,45,-45]",,,,,,,,,RED,3,Different,6,3,,,,,,6,1,1.435,2,9,41,5,1,,,,,
,,,,,,,,,,,,,,,6757688470f9e929a8ea7d90,2025-01-21_18h53.13.719,VisualArraysMentalRotation_v4,2021.1.4,Win32,60.0240096,679054f2072d526265aabff2,67905a479955683ee81ed30d,,,,,,,,,,,,,,,,,,,,,,,,,,,,,,"[0,45,0,-45,45]","[-45,45,90,-45,90]",,Blue_3,"[0,45,0,-45,45]","[-45,45,90,-45,90]",,,,,,,,,BLUE,5,Same,5,3,,,,,,5,1,1.577,2,10,42,11,1,,,,,
,,,,,,,,,,,,,,,6757688470f9e929a8ea7d90,2025-01-21_18h53.13.719,VisualArraysMentalRotation_v4,2021.1.4,Win32,60.0240096,679054f2072d526265aabff2,67905a479955683ee81ed30d,,,,,,,,,,,,,,,,,,,,,,,,,,,,,,"[0,45,45,90,-45]","[0,0,0,-45,45]",,Blue_4,"[0,45,45,90,-45]","[0,0,0,-45,45]",,,,,,,,,BLUE,5,Same,5,1,,,,,,5,1,1.486,2,11,43,10,1,,,,,
,,,,,,,,,,,,,,,6757688470f9e929a8ea7d90,2025-01-21_18h53.13.719,VisualArraysMentalRotation_v4,2021.1.4,Win32,60.0240096,679054f2072d526265aabff2,67905a479955683ee81ed30d,,,,,,,,,,,,,,,,,,,,,,,,,,,,,,"[0,0,0,0,45]","[0,0,-45,45,90]",,Red_4,"[0,0,0,0,45]","[0,0,-45,45,90]",,,,,,,,,RED,5,Same,5,3,,,,,,5,1,3.855,2,12,44,3,1,,,,,
,,,,,,,,,,,,,,,6757688470f9e929a8ea7d90,2025-01-21_18h53.13.719,VisualArraysMentalRotation_v4,2021.1.4,Win32,60.0240096,679054f2072d526265aabff2,67905a479955683ee81ed30d,,,,,,,,,,,,,,,,,,,,,,,,,,,,,,"[90,90,45,90,90]","[45,45,0,90,90]",,Red_5,"[90,90,45,90,90]","[45,45,0,90,90]",,,,,,,,,RED,5,Same,5,1,,,,,,5,1,2.3,2,13,45,2,1,,,,,
,,,,,,,,,,,,,,,6757688470f9e929a8ea7d90,2025-01-21_18h53.13.719,VisualArraysMentalRotation_v4,2021.1.4,Win32,60.0240096,679054f2072d526265aabff2,67905a479955683ee81ed30d,,,,,,,,,,,,,,,,,,,,,,,,,,,,,,"[45,0,45,0,-45]","[45,45,90,90,0]",,Red_1,"[-45,0,45,0,-45]","[45,45,90,90,0]",,,,,,,,,RED,5,Different,6,1,,,,,,5,0,2.967,2,14,46,6,1,,,,,
,,,,,,,,,,,,,,,6757688470f9e929a8ea7d90,2025-01-21_18h53.13.719,VisualArraysMentalRotation_v4,2021.1.4,Win32,60.0240096,679054f2072d526265aabff2,67905a479955683ee81ed30d,,,,,,,,,,,,,,,,,,,,,,,,,,,,,,"[45,45,45,45,90]","[90,-45,-45,90,45]",,Blue_1,"[45,45,45,45,90]","[45,-45,-45,90,45]",,,,,,,,,BLUE,3,Different,6,3,,,,,,6,1,3.944,2,15,47,13,1,,,,,
,,,,,,,,,,,,,,,6757688470f9e929a8ea7d90,2025-01-21_18h53.13.719,VisualArraysMentalRotation_v4,2021.1.4,Win32,60.0240096,679054f2072d526265aabff2,67905a479955683ee81ed30d,,,,,,,,,,,,,,,,,,,,,,,,,,,,,,"[0,-45,45,-45,-45]","[90,90,90,90,0]",,Blue_3,"[0,-45,45,-45,-45]","[90,90,90,90,0]",,,,,,,,,BLUE,5,Same,5,1,,,,,,5,1,1.063,3,0,48,10,1,,,,,
,,,,,,,,,,,,,,,6757688470f9e929a8ea7d90,2025-01-21_18h53.13.719,VisualArraysMentalRotation_v4,2021.1.4,Win32,60.0240096,679054f2072d526265aabff2,67905a479955683ee81ed30d,,,,,,,,,,,,,,,,,,,,,,,,,,,,,,"[0,45,45,45,-45]","[45,-45,90,-45,0]",,Red_3,"[0,45,0,45,-45]","[45,-45,90,-45,0]",,,,,,,,,RED,5,Different,6,3,,,,,,6,1,0.923,3,1,49,7,1,,,,,
,,,,,,,,,,,,,,,6757688470f9e929a8ea7d90,2025-01-21_18h53.13.719,VisualArraysMentalRotation_v4,2021.1.4,Win32,60.0240096,679054f2072d526265aabff2,67905a479955683ee81ed30d,,,,,,,,,,,,,,,,,,,,,,,,,,,,,,"[0,90,90,0,90]","[45,-45,45,-45,0]",,Blue_2,"[0,90,90,0,90]","[45,0,45,-45,0]",,,,,,,,,BLUE,3,Different,6,3,,,,,,5,0,2.033,3,2,50,13,1,,,,,
,,,,,,,,,,,,,,,6757688470f9e929a8ea7d90,2025-01-21_18h53.13.719,VisualArraysMentalRotation_v4,2021.1.4,Win32,60.0240096,679054f2072d526265aabff2,67905a479955683ee81ed30d,,,,,,,,,,,,,,,,,,,,,,,,,,,,,,"[-45,90,90,45,0]","[0,90,0,0,45]",,Blue_3,"[-45,90,90,45,0]","[0,90,-45,0,45]",,,,,,,,,BLUE,5,Different,6,3,,,,,,6,1,2.779,3,3,51,15,1,,,,,
,,,,,,,,,,,,,,,6757688470f9e929a8ea7d90,2025-01-21_18h53.13.719,VisualArraysMentalRotation_v4,2021.1.4,Win32,60.0240096,679054f2072d526265aabff2,67905a479955683ee81ed30d,,,,,,,,,,,,,,,,,,,,,,,,,,,,,,"[-45,0,-45,0,45]","[0,45,-45,-45,45]",,Blue_3,"[-45,0,-45,0,45]","[0,45,90,-45,45]",,,,,,,,,BLUE,3,Different,6,1,,,,,,5,0,1.8,3,4,52,12,1,,,,,
,,,,,,,,,,,,,,,6757688470f9e929a8ea7d90,2025-01-21_18h53.13.719,VisualArraysMentalRotation_v4,2021.1.4,Win32,60.0240096,679054f2072d526265aabff2,67905a479955683ee81ed30d,,,,,,,,,,,,,,,,,,,,,,,,,,,,,,"[45,-45,0,45,45]","[90,45,90,-45,-45]",,Blue_5,"[45,-45,0,45,45]","[90,45,90,-45,-45]",,,,,,,,,BLUE,5,Same,5,3,,,,,,5,1,1.032,3,5,53,11,1,,,,,
,,,,,,,,,,,,,,,6757688470f9e929a8ea7d90,2025-01-21_18h53.13.719,VisualArraysMentalRotation_v4,2021.1.4,Win32,60.0240096,679054f2072d526265aabff2,67905a479955683ee81ed30d,,,,,,,,,,,,,,,,,,,,,,,,,,,,,,"[-45,45,-45,45,45]","[-45,45,45,45,90]",,Red_1,"[-45,45,-45,45,45]","[-45,45,45,45,90]",,,,,,,,,RED,3,Same,5,3,,,,,,5,1,1.282,3,6,54,1,1,,,,,
,,,,,,,,,,,,,,,6757688470f9e929a8ea7d90,2025-01-21_18h53.13.719,VisualArraysMentalRotation_v4,2021.1.4,Win32,60.0240096,679054f2072d526265aabff2,67905a479955683ee81ed30d,,,,,,,,,,,,,,,,,,,,,,,,,,,,,,"[0,45,90,-45,-45]","[45,-45,45,-45,45]",,Red_1,"[-45,45,90,-45,-45]","[45,-45,45,-45,45]",,,,,,,,,RED,3,Different,6,1,,,,,,6,1,1.734,3,7,55,4,1,,,,,
,,,,,,,,,,,,,,,6757688470f9e929a8ea7d90,2025-01-21_18h53.13.719,VisualArraysMentalRotation_v4,2021.1.4,Win32,60.0240096,679054f2072d526265aabff2,67905a479955683ee81ed30d,,,,,,,,,,,,,,,,,,,,,,,,,,,,,,"[45,45,0,-45,90]","[45,-45,90,90,-45]",,Blue_3,"[45,45,0,-45,90]","[45,-45,90,90,-45]",,,,,,,,,BLUE,3,Same,5,3,,,,,,6,0,1.252,3,8,56,9,1,,,,,
,,,,,,,,,,,,,,,6757688470f9e929a8ea7d90,2025-01-21_18h53.13.719,VisualArraysMentalRotation_v4,2021.1.4,Win32,60.0240096,679054f2072d526265aabff2,67905a479955683ee81ed30d,,,,,,,,,,,,,,,,,,,,,,,,,,,,,,"[45,-45,0,-45,45]","[90,90,-45,90,0]",,Blue_3,"[45,-45,0,-45,45]","[90,90,0,90,0]",,,,,,,,,BLUE,5,Different,6,1,,,,,,5,0,1.115,3,9,57,14,1,,,,,
,,,,,,,,,,,,,,,6757688470f9e929a8ea7d90,2025-01-21_18h53.13.719,VisualArraysMentalRotation_v4,2021.1.4,Win32,60.0240096,679054f2072d526265aabff2,67905a479955683ee81ed30d,,,,,,,,,,,,,,,,,,,,,,,,,,,,,,"[90,45,45,0,0]","[0,45,-45,90,45]",,Red_3,"[90,45,45,0,0]","[0,45,-45,90,45]",,,,,,,,,RED,5,Same,5,1,,,,,,5,1,1.319,3,10,58,2,1,,,,,
,,,,,,,,,,,,,,,6757688470f9e929a8ea7d90,2025-01-21_18h53.13.719,VisualArraysMentalRotation_v4,2021.1.4,Win32,60.0240096,679054f2072d526265aabff2,67905a479955683ee81ed30d,,,,,,,,,,,,,,,,,,,,,,,,,,,,,,"[-45,-45,45,0,-45]","[-45,-45,45,90,90]",,Red_1,"[90,-45,45,0,-45]","[-45,-45,45,90,90]",,,,,,,,,RED,5,Different,6,1,,,,,,6,1,2.856,3,11,59,6,1,,,,,
,,,,,,,,,,,,,,,6757688470f9e929a8ea7d90,2025-01-21_18h53.13.719,VisualArraysMentalRotation_v4,2021.1.4,Win32,60.0240096,679054f2072d526265aabff2,67905a479955683ee81ed30d,,,,,,,,,,,,,,,,,,,,,,,,,,,,,,"[-45,0,0,-45,90]","[90,45,0,90,90]",,Blue_3,"[-45,0,0,-45,90]","[90,45,0,90,90]",,,,,,,,,BLUE,3,Same,5,1,,,,,,5,1,0.967,3,12,60,8,1,,,,,
,,,,,,,,,,,,,,,6757688470f9e929a8ea7d90,2025-01-21_18h53.13.719,VisualArraysMentalRotation_v4,2021.1.4,Win32,60.0240096,679054f2072d526265aabff2,67905a479955683ee81ed30d,,,,,,,,,,,,,,,,,,,,,,,,,,,,,,"[45,-45,45,0,0]","[-45,0,-45,90,-45]",,Red_2,"[45,45,45,0,0]","[-45,0,-45,90,-45]",,,,,,,,,RED,3,Different,6,3,,,,,,5,0,1.338,3,13,61,5,1,,,,,
,,,,,,,,,,,,,,,6757688470f9e929a8ea7d90,2025-01-21_18h53.13.719,VisualArraysMentalRotation_v4,2021.1.4,Win32,60.0240096,679054f2072d526265aabff2,67905a479955683ee81ed30d,,,,,,,,,,,,,,,,,,,,,,,,,,,,,,"[90,45,0,45,-45]","[90,45,45,45,90]",,Red_1,"[90,45,0,45,-45]","[90,45,45,45,90]",,,,,,,,,RED,3,Same,5,1,,,,,,5,1,1.138,3,14,62,0,1,,,,,
,,,,,,,,,,,,,,,6757688470f9e929a8ea7d90,2025-01-21_18h53.13.719,VisualArraysMentalRotation_v4,2021.1.4,Win32,60.0240096,679054f2072d526265aabff2,67905a479955683ee81ed30d,,,,,,,,,,,,,,,,,,,,,,,,,,,,,,"[90,90,0,0,90]","[0,90,45,-45,90]",,Red_2,"[90,90,0,0,90]","[0,90,45,-45,90]",,,,,,,,,RED,5,Same,5,3,,,,,,6,0,2.04,3,15,63,3,1,,,,,
,,,,,,,,,,,,,,,6757688470f9e929a8ea7d90,2025-01-21_18h53.13.719,VisualArraysMentalRotation_v4,2021.1.4,Win32,60.0240096,679054f2072d526265aabff2,67905a479955683ee81ed30d,,,,,,,,,,,,,,,,,,,,,,,,,,,,,,"[90,45,45,-45,0]","[90,-45,-45,90,45]",,Red_4,"[90,45,45,-45,0]","[90,-45,-45,90,45]",,,,,,,,,RED,5,Same,5,3,,,,,,5,1,2.366,4,0,64,3,1,,,,,
,,,,,,,,,,,,,,,6757688470f9e929a8ea7d90,2025-01-21_18h53.13.719,VisualArraysMentalRotation_v4,2021.1.4,Win32,60.0240096,679054f2072d526265aabff2,67905a479955683ee81ed30d,,,,,,,,,,,,,,,,,,,,,,,,,,,,,,"[90,90,0,45,0]","[90,-45,45,45,-45]",,Red_1,"[90,90,0,45,0]","[90,-45,45,45,-45]",,,,,,,,,RED,3,Same,5,3,,,,,,5,1,1.404,4,1,65,1,1,,,,,
,,,,,,,,,,,,,,,6757688470f9e929a8ea7d90,2025-01-21_18h53.13.719,VisualArraysMentalRotation_v4,2021.1.4,Win32,60.0240096,679054f2072d526265aabff2,67905a479955683ee81ed30d,,,,,,,,,,,,,,,,,,,,,,,,,,,,,,"[-45,-45,-45,90,45]","[-45,90,90,0,45]",,Blue_1,"[-45,-45,-45,90,45]","[45,90,90,0,45]",,,,,,,,,BLUE,5,Different,6,3,,,,,,5,0,2.348,4,2,66,15,1,,,,,
,,,,,,,,,,,,,,,6757688470f9e929a8ea7d90,2025-01-21_18h53.13.719,VisualArraysMentalRotation_v4,2021.1.4,Win32,60.0240096,679054f2072d526265aabff2,67905a479955683ee81ed30d,,,,,,,,,,,,,,,,,,,,,,,,,,,,,,"[45,45,-45,45,90]","[-45,-45,45,-45,-45]",,Red_1,"[0,45,-45,45,90]","[-45,-45,45,-45,-45]",,,,,,,,,RED,5,Different,6,1,,,,,,6,1,1.53,4,3,67,6,1,,,,,
,,,,,,,,,,,,,,,6757688470f9e929a8ea7d90,2025-01-21_18h53.13.719,VisualArraysMentalRotation_v4,2021.1.4,Win32,60.0240096,679054f2072d526265aabff2,67905a479955683ee81ed30d,,,,,,,,,,,,,,,,,,,,,,,,,,,,,,"[-45,-45,-45,0,0]","[-45,-45,0,45,-45]",,Blue_1,"[-45,-45,-45,0,0]","[0,-45,0,45,-45]",,,,,,,,,BLUE,3,Different,6,1,,,,,,6,1,1.501,4,4,68,12,1,,,,,
,,,,,,,,,,,,,,,6757688470f9e929a8ea7d90,2025-01-21_18h53.13.719,VisualArraysMentalRotation_v4,2021.1.4,Win32,60.0240096,679054f2072d526265aabff2,67905a479955683ee81ed30d,,,,,,,,,,,,,,,,,,,,,,,,,,,,,,"[0,0,0,45,0]","[45,90,-45,-45,0]",,Red_2,"[0,0,0,45,0]","[45,90,-45,-45,0]",,,,,,,,,RED,3,Same,5,1,,,,,,5,1,1.43,4,5,69,0,1,,,,,
,,,,,,,,,,,,,,,6757688470f9e929a8ea7d90,2025-01-21_18h53.13.719,VisualArraysMentalRotation_v4,2021.1.4,Win32,60.0240096,679054f2072d526265aabff2,67905a479955683ee81ed30d,,,,,,,,,,,,,,,,,,,,,,,,,,,,,,"[90,45,-45,45,45]","[0,-45,90,45,90]",,Red_3,"[90,45,0,45,45]","[0,-45,90,45,90]",,,,,,,,,RED,3,Different,6,3,,,,,,5,0,4.27,4,6,70,5,1,,,,,
,,,,,,,,,,,,,,,6757688470f9e929a8ea7d90,2025-01-21_18h53.13.719,VisualArraysMentalRotation_v4,2021.1.4,Win32,60.0240096,679054f2072d526265aabff2,67905a479955683ee81ed30d,,,,,,,,,,,,,,,,,,,,,,,,,,,,,,"[-45,90,-45,-45,90]","[0,90,-45,90,0]",,Red_2,"[-45,0,-45,-45,90]","[0,90,-45,90,0]",,,,,,,,,RED,3,Different,6,1,,,,,,6,1,2.113,4,7,71,4,1,,,,,
,,,,,,,,,,,,,,,6757688470f9e929a8ea7d90,2025-01-21_18h53.13.719,VisualArraysMentalRotation_v4,2021.1.4,Win32,60.0240096,679054f2072d526265aabff2,67905a479955683ee81ed30d,,,,,,,,,,,,,,,,,,,,,,,,,,,,,,"[-45,90,-45,45,90]","[45,0,90,45,90]",,Red_5,"[-45,90,-45,45,90]","[45,0,90,45,90]",,,,,,,,,RED,5,Same,5,1,,,,,,5,1,1.15,4,8,72,2,1,,,,,
,,,,,,,,,,,,,,,6757688470f9e929a8ea7d90,2025-01-21_18h53.13.719,VisualArraysMentalRotation_v4,2021.1.4,Win32,60.0240096,679054f2072d526265aabff2,67905a479955683ee81ed30d,,,,,,,,,,,,,,,,,,,,,,,,,,,,,,"[0,-45,45,0,45]","[0,45,0,45,-45]",,Blue_3,"[0,-45,45,0,45]","[0,45,0,45,-45]",,,,,,,,,BLUE,3,Same,5,1,,,,,,5,1,1.14,4,9,73,8,1,,,,,
,,,,,,,,,,,,,,,6757688470f9e929a8ea7d90,2025-01-21_18h53.13.719,VisualArraysMentalRotation_v4,2021.1.4,Win32,60.0240096,679054f2072d526265aabff2,67905a479955683ee81ed30d,,,,,,,,,,,,,,,,,,,,,,,,,,,,,,"[90,-45,90,0,0]","[0,-45,45,-45,90]",,Blue_2,"[90,-45,90,0,0]","[0,45,45,-45,90]",,,,,,,,,BLUE,3,Different,6,3,,,,,,6,1,1.237,4,10,74,13,1,,,,,
,,,,,,,,,,,,,,,6757688470f9e929a8ea7d90,2025-01-21_18h53.13.719,VisualArraysMentalRotation_v4,2021.1.4,Win32,60.0240096,679054f2072d526265aabff2,67905a479955683ee81ed30d,,,,,,,,,,,,,,,,,,,,,,,,,,,,,,"[90,0,90,90,-45]","[-45,90,-45,45,0]",,Blue_3,"[90,0,90,90,-45]","[-45,90,-45,45,0]",,,,,,,,,BLUE,5,Same,5,3,,,,,,5,1,1.86,4,11,75,11,1,,,,,
,,,,,,,,,,,,,,,6757688470f9e929a8ea7d90,2025-01-21_18h53.13.719,VisualArraysMentalRotation_v4,2021.1.4,Win32,60.0240096,679054f2072d526265aabff2,67905a479955683ee81ed30d,,,,,,,,,,,,,,,,,,,,,,,,,,,,,,"[0,0,-45,90,45]","[0,-45,90,90,0]",,Blue_3,"[0,0,-45,90,45]","[0,-45,90,90,0]",,,,,,,,,BLUE,3,Same,5,3,,,,,,5,1,2.468,4,12,76,9,1,,,,,
,,,,,,,,,,,,,,,6757688470f9e929a8ea7d90,2025-01-21_18h53.13.719,VisualArraysMentalRotation_v4,2021.1.4,Win32,60.0240096,679054f2072d526265aabff2,67905a479955683ee81ed30d,,,,,,,,,,,,,,,,,,,,,,,,,,,,,,"[-45,45,0,45,0]","[0,0,45,45,45]",,Blue_4,"[-45,45,0,45,0]","[0,0,45,-45,45]",,,,,,,,,BLUE,5,Different,6,1,,,,,,5,0,1.749,4,13,77,14,1,,,,,
,,,,,,,,,,,,,,,6757688470f9e929a8ea7d90,2025-01-21_18h53.13.719,VisualArraysMentalRotation_v4,2021.1.4,Win32,60.0240096,679054f2072d526265aabff2,67905a479955683ee81ed30d,,,,,,,,,,,,,,,,,,,,,,,,,,,,,,"[-45,0,45,90,0]","[45,-45,0,-45,-45]",,Red_2,"[-45,-45,45,90,0]","[45,-45,0,-45,-45]",,,,,,,,,RED,5,Different,6,3,,,,,,6,1,1.5,4,14,78,7,1,,,,,
,,,,,,,,,,,,,,,6757688470f9e929a8ea7d90,2025-01-21_18h53.13.719,VisualArraysMentalRotation_v4,2021.1.4,Win32,60.0240096,679054f2072d526265aabff2,67905a479955683ee81ed30d,,,,,,,,,,,,,,,,,,,,,,,,,,,,,,"[-45,45,0,45,-45]","[45,45,-45,90,0]",,Blue_3,"[-45,45,0,45,-45]","[45,45,-45,90,0]",,,,,,,,,BLUE,5,Same,5,1,,,,,,5,1,2.038,4,15,79,10,1,,,,,
,,,,,,,,,,,,,,,6757688470f9e929a8ea7d90,2025-01-21_18h53.13.719,VisualArraysMentalRotation_v4,2021.1.4,Win32,60.0240096,679054f2072d526265aabff2,67905a479955683ee81ed30d,,,,,,,,,,,,,,,,,,,,,,,,,,,,,,"[90,90,90,45,-45]","[45,90,45,45,90]",,Red_2,"[90,90,90,45,-45]","[45,90,45,45,90]",,,,,,,,,RED,5,Same,5,3,,,,,,5,1,1.365,5,0,80,3,1,,,,,
,,,,,,,,,,,,,,,6757688470f9e929a8ea7d90,2025-01-21_18h53.13.719,VisualArraysMentalRotation_v4,2021.1.4,Win32,60.0240096,679054f2072d526265aabff2,67905a479955683ee81ed30d,,,,,,,,,,,,,,,,,,,,,,,,,,,,,,"[45,90,45,0,-45]","[-45,-45,0,-45,0]",,Blue_2,"[45,90,45,0,-45]","[-45,-45,0,-45,0]",,,,,,,,,BLUE,5,Same,5,1,,,,,,5,1,1.048,5,1,81,10,1,,,,,
,,,,,,,,,,,,,,,6757688470f9e929a8ea7d90,2025-01-21_18h53.13.719,VisualArraysMentalRotation_v4,2021.1.4,Win32,60.0240096,679054f2072d526265aabff2,67905a479955683ee81ed30d,,,,,,,,,,,,,,,,,,,,,,,,,,,,,,"[45,90,0,-45,-45]","[0,45,90,90,0]",,Red_1,"[90,90,0,-45,-45]","[0,45,90,90,0]",,,,,,,,,RED,5,Different,6,3,,,,,,5,0,2.633,5,2,82,7,1,,,,,
,,,,,,,,,,,,,,,6757688470f9e929a8ea7d90,2025-01-21_18h53.13.719,VisualArraysMentalRotation_v4,2021.1.4,Win32,60.0240096,679054f2072d526265aabff2,67905a479955683ee81ed30d,,,,,,,,,,,,,,,,,,,,,,,,,,,,,,"[0,0,45,45,90]","[90,90,0,-45,45]",,Red_1,"[90,0,45,45,90]","[90,90,0,-45,45]",,,,,,,,,RED,5,Different,6,1,,,,,,6,1,1.087,5,3,83,6,1,,,,,
,,,,,,,,,,,,,,,6757688470f9e929a8ea7d90,2025-01-21_18h53.13.719,VisualArraysMentalRotation_v4,2021.1.4,Win32,60.0240096,679054f2072d526265aabff2,67905a479955683ee81ed30d,,,,,,,,,,,,,,,,,,,,,,,,,,,,,,"[0,90,-45,0,-45]","[0,45,90,0,90]",,Blue_1,"[0,90,-45,0,-45]","[-45,45,90,0,90]",,,,,,,,,BLUE,3,Different,6,3,,,,,,5,0,3.793,5,4,84,13,1,,,,,
,,,,,,,,,,,,,,,6757688470f9e929a8ea7d90,2025-01-21_18h53.13.719,VisualArraysMentalRotation_v4,2021.1.4,Win32,60.0240096,679054f2072d526265aabff2,67905a479955683ee81ed30d,,,,,,,,,,,,,,,,,,,,,,,,,,,,,,"[-45,-45,90,90,90]","[90,0,45,45,90]",,Red_1,"[45,-45,90,90,90]","[90,0,45,45,90]",,,,,,,,,RED,3,Different,6,1,,,,,,5,0,1.737,5,5,85,4,1,,,,,
,,,,,,,,,,,,,,,6757688470f9e929a8ea7d90,2025-01-21_18h53.13.719,VisualArraysMentalRotation_v4,2021.1.4,Win32,60.0240096,679054f2072d526265aabff2,67905a479955683ee81ed30d,,,,,,,,,,,,,,,,,,,,,,,,,,,,,,"[0,0,-45,-45,0]","[0,-45,90,0,45]",,Blue_2,"[0,0,-45,-45,0]","[0,45,90,0,45]",,,,,,,,,BLUE,5,Different,6,3,,,,,,6,1,1.779,5,6,86,15,1,,,,,
,,,,,,,,,,,,,,,6757688470f9e929a8ea7d90,2025-01-21_18h53.13.719,VisualArraysMentalRotation_v4,2021.1.4,Win32,60.0240096,679054f2072d526265aabff2,67905a479955683ee81ed30d,,,,,,,,,,,,,,,,,,,,,,,,,,,,,,"[0,-45,45,-45,-45]","[0,45,0,90,0]",,Red_2,"[0,0,45,-45,-45]","[0,45,0,90,0]",,,,,,,,,RED,3,Different,6,3,,,,,,5,0,2.137,5,7,87,5,1,,,,,
,,,,,,,,,,,,,,,6757688470f9e929a8ea7d90,2025-01-21_18h53.13.719,VisualArraysMentalRotation_v4,2021.1.4,Win32,60.0240096,679054f2072d526265aabff2,67905a479955683ee81ed30d,,,,,,,,,,,,,,,,,,,,,,,,,,,,,,"[0,45,0,90,0]","[-45,-45,45,45,-45]",,Red_2,"[0,45,0,90,0]","[-45,-45,45,45,-45]",,,,,,,,,RED,5,Same,5,1,,,,,,5,1,1.096,5,8,88,2,1,,,,,
,,,,,,,,,,,,,,,6757688470f9e929a8ea7d90,2025-01-21_18h53.13.719,VisualArraysMentalRotation_v4,2021.1.4,Win32,60.0240096,679054f2072d526265aabff2,67905a479955683ee81ed30d,,,,,,,,,,,,,,,,,,,,,,,,,,,,,,"[0,90,90,-45,45]","[45,0,-45,-45,-45]",,Blue_3,"[0,90,90,-45,45]","[45,0,0,-45,-45]",,,,,,,,,BLUE,5,Different,6,1,,,,,,6,1,1.756,5,9,89,14,1,,,,,
,,,,,,,,,,,,,,,6757688470f9e929a8ea7d90,2025-01-21_18h53.13.719,VisualArraysMentalRotation_v4,2021.1.4,Win32,60.0240096,679054f2072d526265aabff2,67905a479955683ee81ed30d,,,,,,,,,,,,,,,,,,,,,,,,,,,,,,"[0,45,0,-45,45]","[90,0,45,-45,90]",,Blue_2,"[0,45,0,-45,45]","[90,0,45,-45,90]",,,,,,,,,BLUE,3,Same,5,3,,,,,,5,1,1.04,5,10,90,9,1,,,,,
,,,,,,,,,,,,,,,6757688470f9e929a8ea7d90,2025-01-21_18h53.13.719,VisualArraysMentalRotation_v4,2021.1.4,Win32,60.0240096,679054f2072d526265aabff2,67905a479955683ee81ed30d,,,,,,,,,,,,,,,,,,,,,,,,,,,,,,"[0,90,45,90,0]","[45,90,-45,45,45]",,Red_2,"[0,90,45,90,0]","[45,90,-45,45,45]",,,,,,,,,RED,3,Same,5,3,,,,,,5,1,1.78,5,11,91,1,1,,,,,
,,,,,,,,,,,,,,,6757688470f9e929a8ea7d90,2025-01-21_18h53.13.719,VisualArraysMentalRotation_v4,2021.1.4,Win32,60.0240096,679054f2072d526265aabff2,67905a479955683ee81ed30d,,,,,,,,,,,,,,,,,,,,,,,,,,,,,,"[-45,0,-45,-45,45]","[-45,0,0,90,90]",,Red_2,"[-45,0,-45,-45,45]","[-45,0,0,90,90]",,,,,,,,,RED,3,Same,5,1,,,,,,5,1,1.284,5,12,92,0,1,,,,,
,,,,,,,,,,,,,,,6757688470f9e929a8ea7d90,2025-01-21_18h53.13.719,VisualArraysMentalRotation_v4,2021.1.4,Win32,60.0240096,679054f2072d526265aabff2,67905a479955683ee81ed30d,,,,,,,,,,,,,,,,,,,,,,,,,,,,,,"[0,90,90,90,90]","[-45,0,-45,45,90]",,Blue_3,"[0,90,90,90,90]","[-45,0,-45,45,90]",,,,,,,,,BLUE,5,Same,5,3,,,,,,5,1,1.419,5,13,93,11,1,,,,,
,,,,,,,,,,,,,,,6757688470f9e929a8ea7d90,2025-01-21_18h53.13.719,VisualArraysMentalRotation_v4,2021.1.4,Win32,60.0240096,679054f2072d526265aabff2,67905a479955683ee81ed30d,,,,,,,,,,,,,,,,,,,,,,,,,,,,,,"[0,0,45,0,-45]","[0,0,0,90,90]",,Blue_1,"[0,0,45,0,-45]","[45,0,0,90,90]",,,,,,,,,BLUE,3,Different,6,1,,,,,,5,0,0.961,5,14,94,12,1,,,,,
,,,,,,,,,,,,,,,6757688470f9e929a8ea7d90,2025-01-21_18h53.13.719,VisualArraysMentalRotation_v4,2021.1.4,Win32,60.0240096,679054f2072d526265aabff2,67905a479955683ee81ed30d,,,,,,,,,,,,,,,,,,,,,,,,,,,,,,"[0,0,90,90,0]","[-45,-45,-45,45,45]",,Blue_1,"[0,0,90,90,0]","[-45,-45,-45,45,45]",,,,,,,,,BLUE,3,Same,5,1,,,,,,5,1,1.298,5,15,95,8,1,,,,,
,,,,,,,,,,,,,,,6757688470f9e929a8ea7d90,2025-01-21_18h53.13.719,VisualArraysMentalRotation_v4,2021.1.4,Win32,60.0240096,679054f2072d526265aabff2,67905a479955683ee81ed30d,,,,,,,,,,,,,,,,,,,,,,,,,,,,,,"[-45,0,45,90,0]","[90,45,45,45,-45]",,Red_1,"[45,0,45,90,0]","[90,45,45,45,-45]",,,,,,,,,RED,3,Different,6,3,,,,,,6,1,1.784,6,0,96,5,1,,,,,
,,,,,,,,,,,,,,,6757688470f9e929a8ea7d90,2025-01-21_18h53.13.719,VisualArraysMentalRotation_v4,2021.1.4,Win32,60.0240096,679054f2072d526265aabff2,67905a479955683ee81ed30d,,,,,,,,,,,,,,,,,,,,,,,,,,,,,,"[90,0,-45,90,-45]","[-45,0,45,-45,0]",,Red_1,"[90,0,-45,90,-45]","[-45,0,45,-45,0]",,,,,,,,,RED,3,Same,5,3,,,,,,5,1,1.267,6,1,97,1,1,,,,,
,,,,,,,,,,,,,,,6757688470f9e929a8ea7d90,2025-01-21_18h53.13.719,VisualArraysMentalRotation_v4,2021.1.4,Win32,60.0240096,679054f2072d526265aabff2,67905a479955683ee81ed30d,,,,,,,,,,,,,,,,,,,,,,,,,,,,,,"[90,90,90,45,90]","[0,-45,-45,0,-45]",,Blue_5,"[90,90,90,45,90]","[0,-45,-45,0,0]",,,,,,,,,BLUE,5,Different,6,3,,,,,,6,1,4.911,6,2,98,15,1,,,,,
,,,,,,,,,,,,,,,6757688470f9e929a8ea7d90,2025-01-21_18h53.13.719,VisualArraysMentalRotation_v4,2021.1.4,Win32,60.0240096,679054f2072d526265aabff2,67905a479955683ee81ed30d,,,,,,,,,,,,,,,,,,,,,,,,,,,,,,"[45,-45,45,0,-45]","[90,0,0,0,90]",,Blue_3,"[45,-45,45,0,-45]","[90,0,45,0,90]",,,,,,,,,BLUE,3,Different,6,3,,,,,,6,1,1.385,6,3,99,13,1,,,,,
,,,,,,,,,,,,,,,6757688470f9e929a8ea7d90,2025-01-21_18h53.13.719,VisualArraysMentalRotation_v4,2021.1.4,Win32,60.0240096,679054f2072d526265aabff2,67905a479955683ee81ed30d,,,,,,,,,,,,,,,,,,,,,,,,,,,,,,"[-45,-45,0,45,90]","[90,0,-45,0,45]",,Blue_3,"[-45,-45,0,45,90]","[90,0,-45,0,45]",,,,,,,,,BLUE,3,Same,5,1,,,,,,5,1,1.304,6,4,100,8,1,,,,,
,,,,,,,,,,,,,,,6757688470f9e929a8ea7d90,2025-01-21_18h53.13.719,VisualArraysMentalRotation_v4,2021.1.4,Win32,60.0240096,679054f2072d526265aabff2,67905a479955683ee81ed30d,,,,,,,,,,,,,,,,,,,,,,,,,,,,,,"[45,0,0,0,90]","[90,90,-45,-45,0]",,Red_5,"[45,0,0,0,90]","[90,90,-45,-45,0]",,,,,,,,,RED,5,Same,5,3,,,,,,5,1,1.817,6,5,101,3,1,,,,,
,,,,,,,,,,,,,,,6757688470f9e929a8ea7d90,2025-01-21_18h53.13.719,VisualArraysMentalRotation_v4,2021.1.4,Win32,60.0240096,679054f2072d526265aabff2,67905a479955683ee81ed30d,,,,,,,,,,,,,,,,,,,,,,,,,,,,,,"[90,-45,-45,45,90]","[-45,-45,90,45,0]",,Red_5,"[90,-45,-45,45,90]","[-45,-45,90,45,0]",,,,,,,,,RED,5,Same,5,1,,,,,,5,1,1.254,6,6,102,2,1,,,,,
,,,,,,,,,,,,,,,6757688470f9e929a8ea7d90,2025-01-21_18h53.13.719,VisualArraysMentalRotation_v4,2021.1.4,Win32,60.0240096,679054f2072d526265aabff2,67905a479955683ee81ed30d,,,,,,,,,,,,,,,,,,,,,,,,,,,,,,"[90,45,0,-45,45]","[-45,90,90,0,90]",,Blue_3,"[90,45,0,-45,45]","[-45,90,90,0,90]",,,,,,,,,BLUE,5,Same,5,3,,,,,,5,1,1.567,6,7,103,11,1,,,,,
,,,,,,,,,,,,,,,6757688470f9e929a8ea7d90,2025-01-21_18h53.13.719,VisualArraysMentalRotation_v4,2021.1.4,Win32,60.0240096,679054f2072d526265aabff2,67905a479955683ee81ed30d,,,,,,,,,,,,,,,,,,,,,,,,,,,,,,"[-45,90,0,90,90]","[-45,90,45,-45,90]",,Red_2,"[-45,45,0,90,90]","[-45,90,45,-45,90]",,,,,,,,,RED,5,Different,6,1,,,,,,6,1,1.363,6,8,104,6,1,,,,,
,,,,,,,,,,,,,,,6757688470f9e929a8ea7d90,2025-01-21_18h53.13.719,VisualArraysMentalRotation_v4,2021.1.4,Win32,60.0240096,679054f2072d526265aabff2,67905a479955683ee81ed30d,,,,,,,,,,,,,,,,,,,,,,,,,,,,,,"[0,0,90,-45,45]","[90,-45,45,0,45]",,Blue_5,"[0,0,90,-45,45]","[90,-45,45,0,45]",,,,,,,,,BLUE,5,Same,5,1,,,,,,5,1,1.149,6,9,105,10,1,,,,,
,,,,,,,,,,,,,,,6757688470f9e929a8ea7d90,2025-01-21_18h53.13.719,VisualArraysMentalRotation_v4,2021.1.4,Win32,60.0240096,679054f2072d526265aabff2,67905a479955683ee81ed30d,,,,,,,,,,,,,,,,,,,,,,,,,,,,,,"[45,0,0,90,0]","[0,0,90,-45,45]",,Red_1,"[90,0,0,90,0]","[0,0,90,-45,45]",,,,,,,,,RED,5,Different,6,3,,,,,,5,0,2.203,6,10,106,7,1,,,,,
,,,,,,,,,,,,,,,6757688470f9e929a8ea7d90,2025-01-21_18h53.13.719,VisualArraysMentalRotation_v4,2021.1.4,Win32,60.0240096,679054f2072d526265aabff2,67905a479955683ee81ed30d,,,,,,,,,,,,,,,,,,,,,,,,,,,,,,"[0,45,-45,45,90]","[-45,0,0,-45,90]",,Blue_2,"[0,45,-45,45,90]","[-45,0,0,-45,90]",,,,,,,,,BLUE,3,Same,5,3,,,,,,5,1,1.748,6,11,107,9,1,,,,,
,,,,,,,,,,,,,,,6757688470f9e929a8ea7d90,2025-01-21_18h53.13.719,VisualArraysMentalRotation_v4,2021.1.4,Win32,60.0240096,679054f2072d526265aabff2,67905a479955683ee81ed30d,,,,,,,,,,,,,,,,,,,,,,,,,,,,,,"[90,-45,-45,0,45]","[45,0,90,-45,45]",,Blue_2,"[90,-45,-45,0,45]","[45,45,90,-45,45]",,,,,,,,,BLUE,3,Different,6,1,,,,,,5,0,2.862,6,12,108,12,1,,,,,
,,,,,,,,,,,,,,,6757688470f9e929a8ea7d90,2025-01-21_18h53.13.719,VisualArraysMentalRotation_v4,2021.1.4,Win32,60.0240096,679054f2072d526265aabff2,67905a479955683ee81ed30d,,,,,,,,,,,,,,,,,,,,,,,,,,,,,,"[0,90,0,90,0]","[0,45,0,0,-45]",,Red_1,"[0,90,0,90,0]","[0,45,0,0,-45]",,,,,,,,,RED,3,Same,5,1,,,,,,5,1,0.863,6,13,109,0,1,,,,,
,,,,,,,,,,,,,,,6757688470f9e929a8ea7d90,2025-01-21_18h53.13.719,VisualArraysMentalRotation_v4,2021.1.4,Win32,60.0240096,679054f2072d526265aabff2,67905a479955683ee81ed30d,,,,,,,,,,,,,,,,,,,,,,,,,,,,,,"[0,0,90,90,0]","[90,0,0,0,-45]",,Blue_4,"[0,0,90,90,0]","[90,0,0,-45,-45]",,,,,,,,,BLUE,5,Different,6,1,,,,,,5,0,1.434,6,14,110,14,1,,,,,
,,,,,,,,,,,,,,,6757688470f9e929a8ea7d90,2025-01-21_18h53.13.719,VisualArraysMentalRotation_v4,2021.1.4,Win32,60.0240096,679054f2072d526265aabff2,67905a479955683ee81ed30d,,,,,,,,,,,,,,,,,,,,,,,,,,,,,,"[0,0,90,-45,90]","[0,0,0,-45,-45]",,Red_2,"[0,90,90,-45,90]","[0,0,0,-45,-45]",,,,,,,,,RED,3,Different,6,1,,,,,,5,0,1.966,6,15,111,4,1,,,,,
,,,,,,,,,,,,,,,6757688470f9e929a8ea7d90,2025-01-21_18h53.13.719,VisualArraysMentalRotation_v4,2021.1.4,Win32,60.0240096,679054f2072d526265aabff2,67905a479955683ee81ed30d,,,,,,,,,,,,,,,,,,,,,,,,,,,,,,,,,,,,,,,,,,,,,,,,,,,,,,,,,,,,,,0,0,0,0,1
,,,,,,,,,,,,,,,6757688470f9e929a8ea7d90,2025-01-21_18h53.13.719,VisualArraysMentalRotation_v4,2021.1.4,Win32,60.0240096,679054f2072d526265aabff2,67905a479955683ee81ed30d,,,,,,,,,,,,,,,,,,,,,,,0,1,1,1,1,1,0,,,,,,,,,,,,,,,,,,,,,,,,,,,,,,,,,,,,,
