TaskOrder,consent_final_key_resp.keys,consent_final_key_resp.rt,VA_InstructionsLoop.thisRepN,VA_InstructionsLoop.thisTrialN,VA_InstructionsLoop.thisN,VA_InstructionsLoop.thisIndex,VA_InstructionsLoop.ran,PROLIFIC_PID,date,expName,psychopyVersion,OS,frameRate,STUDY_ID,SESSION_ID,Red Orientations,Blue Orientations,VA_array_dur,Target Rectangle,New Red Orientations,New Blue Orientations,VA_PracResponse.keys,VA_PracResponse.corr,VA_PracResponse.rt,PracTrials.thisRepN,PracTrials.thisTrialN,PracTrials.thisN,PracTrials.thisIndex,PracTrials.ran,VA_Target,VA_TargetNumber,VA_Orientation,VA_Answer,VA_DelayDur,VA_PracTrialsSpeed.thisRepN,VA_PracTrialsSpeed.thisTrialN,VA_PracTrialsSpeed.thisN,VA_PracTrialsSpeed.thisIndex,VA_PracTrialsSpeed.ran,VA_TestResponse.keys,VA_TestResponse.corr,VA_TestResponse.rt,VA_TestTrials.thisRepN,VA_TestTrials.thisTrialN,VA_TestTrials.thisN,VA_TestTrials.thisIndex,VA_TestTrials.ran,VA_Task.thisRepN,VA_Task.thisTrialN,VA_Task.thisN,VA_Task.thisIndex,VA_Task.ran,TasksLoop.thisRepN,TasksLoop.thisTrialN,TasksLoop.thisN,TasksLoop.thisIndex,TasksLoop.ran,nRepsVA,nRepsMRT,MRTPracResponse.keys,MRTPracResponse.corr,MRTPracResponse.rt,MRTPracticeTrials.thisRepN,MRTPracticeTrials.thisTrialN,MRTPracticeTrials.thisN,MRTPracticeTrials.thisIndex,MRTPracticeTrials.ran,PracStimulus,PracDegRotation,PracType,MRTPracCorrectAns,MRTStimulus,MRTType,MRTDegRotation,MRTCorrectAns,MRTTestResponse.keys,MRTTestResponse.corr,MRTTestTrials.thisRepN,MRTTestTrials.thisTrialN,MRTTestTrials.thisN,MRTTestTrials.thisIndex,MRTTestTrials.ran,MRTTestResponse.rt,MRT_Task.thisRepN,MRT_Task.thisTrialN,MRT_Task.thisN,MRT_Task.thisIndex,MRT_Task.ran
1,y,3.7656,0,0,0,0,1,64143c6c286640f3d1348cf8,2025-01-21_22h27.04.338,VisualArraysMentalRotation_v4,2021.1.4,Win32,57.44485294,679054f2072d526265aabff2,67906cd43a9ef8604c185c7e,,,,,,,,,,,,,,,,,,,,,,,,,,,,,,,,,,,,,,,,,,,,,,,,,,,,,,,,,,,,,,,,,,,,,,,,,
,,,,,,,,64143c6c286640f3d1348cf8,2025-01-21_22h27.04.338,VisualArraysMentalRotation_v4,2021.1.4,Win32,57.44485294,679054f2072d526265aabff2,67906cd43a9ef8604c185c7e,"[-45,0,90,0,90]","[90,90,45,0,-45]",0.25,PracRed_1,"[90,0,90,0,90]","[90,90,45,0,-45]",5,0,6.4423,0,0,0,5,1,RED,3,Different,6,3,,,,,,,,,,,,,,,,,,,,,,,,,,,,,,,,,,,,,,,,,,,,,,,,,,,,,,
,,,,,,,,64143c6c286640f3d1348cf8,2025-01-21_22h27.04.338,VisualArraysMentalRotation_v4,2021.1.4,Win32,57.44485294,679054f2072d526265aabff2,67906cd43a9ef8604c185c7e,"[90,45,45,-45,90]","[0,0,45,-45,-45]",0.25,PracBlue_3,"[90,45,45,-45,90]","[0,0,45,-45,-45]",5,1,2.0168,0,1,1,9,1,BLUE,3,Same,5,3,,,,,,,,,,,,,,,,,,,,,,,,,,,,,,,,,,,,,,,,,,,,,,,,,,,,,,
,,,,,,,,64143c6c286640f3d1348cf8,2025-01-21_22h27.04.338,VisualArraysMentalRotation_v4,2021.1.4,Win32,57.44485294,679054f2072d526265aabff2,67906cd43a9ef8604c185c7e,"[-45,-45,-45,90,90]","[0,0,-45,90,45]",0.25,PracRed_4,"[-45,-45,-45,-45,90]","[0,0,-45,90,45]",6,1,0.6157,0,2,2,6,1,RED,5,Different,6,1,,,,,,,,,,,,,,,,,,,,,,,,,,,,,,,,,,,,,,,,,,,,,,,,,,,,,,
,,,,,,,,64143c6c286640f3d1348cf8,2025-01-21_22h27.04.338,VisualArraysMentalRotation_v4,2021.1.4,Win32,57.44485294,679054f2072d526265aabff2,67906cd43a9ef8604c185c7e,"[-45,-45,45,0,45]","[-45,0,90,90,45]",0.25,PracRed_3,"[-45,-45,45,0,45]","[-45,0,90,90,45]",5,1,0.768,0,3,3,0,1,RED,3,Same,5,1,,,,,,,,,,,,,,,,,,,,,,,,,,,,,,,,,,,,,,,,,,,,,,,,,,,,,,
,,,,,,,,64143c6c286640f3d1348cf8,2025-01-21_22h27.04.338,VisualArraysMentalRotation_v4,2021.1.4,Win32,57.44485294,679054f2072d526265aabff2,67906cd43a9ef8604c185c7e,"[45,-45,90,0,90]","[45,90,45,45,45]",0.25,PracBlue_3,"[45,-45,90,0,90]","[45,90,0,45,45]",6,1,0.854,0,4,4,12,1,BLUE,3,Different,6,1,,,,,,,,,,,,,,,,,,,,,,,,,,,,,,,,,,,,,,,,,,,,,,,,,,,,,,
,,,,,,,,64143c6c286640f3d1348cf8,2025-01-21_22h27.04.338,VisualArraysMentalRotation_v4,2021.1.4,Win32,57.44485294,679054f2072d526265aabff2,67906cd43a9ef8604c185c7e,"[-45,-45,90,45,90]","[0,0,0,90,45]",0.25,PracRed_2,"[-45,90,90,45,90]","[0,0,0,90,45]",5,0,1.8515,0,5,5,4,1,RED,3,Different,6,1,,,,,,,,,,,,,,,,,,,,,,,,,,,,,,,,,,,,,,,,,,,,,,,,,,,,,,
,,,,,,,,64143c6c286640f3d1348cf8,2025-01-21_22h27.04.338,VisualArraysMentalRotation_v4,2021.1.4,Win32,57.44485294,679054f2072d526265aabff2,67906cd43a9ef8604c185c7e,"[0,0,90,-45,0]","[90,-45,0,90,90]",0.25,PracRed_3,"[0,0,45,-45,0]","[90,-45,0,90,90]",5,0,1.1691,0,6,6,7,1,RED,5,Different,6,3,,,,,,,,,,,,,,,,,,,,,,,,,,,,,,,,,,,,,,,,,,,,,,,,,,,,,,
,,,,,,,,64143c6c286640f3d1348cf8,2025-01-21_22h27.04.338,VisualArraysMentalRotation_v4,2021.1.4,Win32,57.44485294,679054f2072d526265aabff2,67906cd43a9ef8604c185c7e,"[0,-45,45,45,45]","[90,0,90,-45,0]",0.25,PracBlue_2,"[0,-45,45,45,45]","[90,90,90,-45,0]",6,1,0.9279,0,7,7,13,1,BLUE,3,Different,6,3,,,,,,,,,,,,,,,,,,,,,,,,,,,,,,,,,,,,,,,,,,,,,,,,,,,,,,
,,,,,,,,64143c6c286640f3d1348cf8,2025-01-21_22h27.04.338,VisualArraysMentalRotation_v4,2021.1.4,Win32,57.44485294,679054f2072d526265aabff2,67906cd43a9ef8604c185c7e,"[0,0,45,0,45]","[45,45,-45,-45,45]",0.25,PracBlue_2,"[0,0,45,0,45]","[45,45,-45,-45,45]",5,1,1.0692,0,8,8,11,1,BLUE,5,Same,5,3,,,,,,,,,,,,,,,,,,,,,,,,,,,,,,,,,,,,,,,,,,,,,,,,,,,,,,
,,,,,,,,64143c6c286640f3d1348cf8,2025-01-21_22h27.04.338,VisualArraysMentalRotation_v4,2021.1.4,Win32,57.44485294,679054f2072d526265aabff2,67906cd43a9ef8604c185c7e,"[-45,45,-45,-45,0]","[0,90,0,90,0]",0.25,PracRed_4,"[-45,45,-45,-45,0]","[0,90,0,90,0]",5,1,0.8179,0,9,9,2,1,RED,5,Same,5,1,,,,,,,,,,,,,,,,,,,,,,,,,,,,,,,,,,,,,,,,,,,,,,,,,,,,,,
,,,,,,,,64143c6c286640f3d1348cf8,2025-01-21_22h27.04.338,VisualArraysMentalRotation_v4,2021.1.4,Win32,57.44485294,679054f2072d526265aabff2,67906cd43a9ef8604c185c7e,"[0,-45,0,0,90]","[0,45,0,0,-45]",0.25,PracRed_1,"[0,-45,0,0,90]","[0,45,0,0,-45]",5,1,0.6522,0,10,10,3,1,RED,5,Same,5,3,,,,,,,,,,,,,,,,,,,,,,,,,,,,,,,,,,,,,,,,,,,,,,,,,,,,,,
,,,,,,,,64143c6c286640f3d1348cf8,2025-01-21_22h27.04.338,VisualArraysMentalRotation_v4,2021.1.4,Win32,57.44485294,679054f2072d526265aabff2,67906cd43a9ef8604c185c7e,"[-45,90,90,45,0]","[90,45,0,90,45]",0.25,PracRed_2,"[-45,90,90,45,0]","[90,45,0,90,45]",5,1,0.6213,0,11,11,1,1,RED,3,Same,5,3,,,,,,,,,,,,,,,,,,,,,,,,,,,,,,,,,,,,,,,,,,,,,,,,,,,,,,
,,,,,,,,64143c6c286640f3d1348cf8,2025-01-21_22h27.04.338,VisualArraysMentalRotation_v4,2021.1.4,Win32,57.44485294,679054f2072d526265aabff2,67906cd43a9ef8604c185c7e,"[0,-45,-45,0,0]","[-45,90,0,45,0]",0.25,PracBlue_5,"[0,-45,-45,0,0]","[-45,90,0,45,-45]",5,0,0.7165,0,12,12,14,1,BLUE,5,Different,6,1,,,,,,,,,,,,,,,,,,,,,,,,,,,,,,,,,,,,,,,,,,,,,,,,,,,,,,
,,,,,,,,64143c6c286640f3d1348cf8,2025-01-21_22h27.04.338,VisualArraysMentalRotation_v4,2021.1.4,Win32,57.44485294,679054f2072d526265aabff2,67906cd43a9ef8604c185c7e,"[-45,-45,0,0,-45]","[-45,0,-45,45,-45]",0.25,PracBlue_1,"[-45,-45,0,0,-45]","[45,0,-45,45,-45]",6,1,0.8082,0,13,13,15,1,BLUE,5,Different,6,3,,,,,,,,,,,,,,,,,,,,,,,,,,,,,,,,,,,,,,,,,,,,,,,,,,,,,,
,,,,,,,,64143c6c286640f3d1348cf8,2025-01-21_22h27.04.338,VisualArraysMentalRotation_v4,2021.1.4,Win32,57.44485294,679054f2072d526265aabff2,67906cd43a9ef8604c185c7e,"[90,0,0,45,-45]","[-45,45,90,0,90]",0.25,PracBlue_1,"[90,0,0,45,-45]","[-45,45,90,0,90]",5,1,0.6593,0,14,14,10,1,BLUE,5,Same,5,1,,,,,,,,,,,,,,,,,,,,,,,,,,,,,,,,,,,,,,,,,,,,,,,,,,,,,,
,,,,,,,,64143c6c286640f3d1348cf8,2025-01-21_22h27.04.338,VisualArraysMentalRotation_v4,2021.1.4,Win32,57.44485294,679054f2072d526265aabff2,67906cd43a9ef8604c185c7e,"[0,-45,90,45,-45]","[90,0,-45,0,-45]",0.25,PracBlue_2,"[0,-45,90,45,-45]","[90,0,-45,0,-45]",5,1,0.6425,0,15,15,8,1,BLUE,3,Same,5,1,,,,,,,,,,,,,,,,,,,,,,,,,,,,,,,,,,,,,,,,,,,,,,,,,,,,,,
,,,,,,,,64143c6c286640f3d1348cf8,2025-01-21_22h27.04.338,VisualArraysMentalRotation_v4,2021.1.4,Win32,57.44485294,679054f2072d526265aabff2,67906cd43a9ef8604c185c7e,,,,,,,,,,,,,,,,,,,,0,0,0,0,1,,,,,,,,,,,,,,,,,,,,,,,,,,,,,,,,,,,,,,,,,,,,,,,,,
,,,,,,,,64143c6c286640f3d1348cf8,2025-01-21_22h27.04.338,VisualArraysMentalRotation_v4,2021.1.4,Win32,57.44485294,679054f2072d526265aabff2,67906cd43a9ef8604c185c7e,"[-45,45,0,0,90]","[0,45,90,90,-45]",0.25,PracRed_1,"[-45,45,0,0,90]","[0,45,90,90,-45]",5,1,0.8049,0,0,0,3,1,RED,5,Same,5,3,,,,,,,,,,,,,,,,,,,,,,,,,,,,,,,,,,,,,,,,,,,,,,,,,,,,,,
,,,,,,,,64143c6c286640f3d1348cf8,2025-01-21_22h27.04.338,VisualArraysMentalRotation_v4,2021.1.4,Win32,57.44485294,679054f2072d526265aabff2,67906cd43a9ef8604c185c7e,"[45,45,90,90,0]","[45,0,45,45,45]",0.25,PracRed_3,"[45,45,90,90,0]","[45,0,45,45,45]",5,1,0.5918,0,1,1,0,1,RED,3,Same,5,1,,,,,,,,,,,,,,,,,,,,,,,,,,,,,,,,,,,,,,,,,,,,,,,,,,,,,,
,,,,,,,,64143c6c286640f3d1348cf8,2025-01-21_22h27.04.338,VisualArraysMentalRotation_v4,2021.1.4,Win32,57.44485294,679054f2072d526265aabff2,67906cd43a9ef8604c185c7e,"[45,45,-45,0,90]","[-45,0,45,0,-45]",0.25,PracRed_3,"[45,45,45,0,90]","[-45,0,45,0,-45]",5,0,0.4511,0,2,2,5,1,RED,3,Different,6,3,,,,,,,,,,,,,,,,,,,,,,,,,,,,,,,,,,,,,,,,,,,,,,,,,,,,,,
,,,,,,,,64143c6c286640f3d1348cf8,2025-01-21_22h27.04.338,VisualArraysMentalRotation_v4,2021.1.4,Win32,57.44485294,679054f2072d526265aabff2,67906cd43a9ef8604c185c7e,"[45,-45,0,0,45]","[-45,0,-45,90,90]",0.25,PracBlue_3,"[45,-45,0,0,45]","[-45,0,45,90,90]",5,0,0.6512,0,3,3,15,1,BLUE,5,Different,6,3,,,,,,,,,,,,,,,,,,,,,,,,,,,,,,,,,,,,,,,,,,,,,,,,,,,,,,
,,,,,,,,64143c6c286640f3d1348cf8,2025-01-21_22h27.04.338,VisualArraysMentalRotation_v4,2021.1.4,Win32,57.44485294,679054f2072d526265aabff2,67906cd43a9ef8604c185c7e,"[0,0,-45,45,-45]","[-45,45,45,0,90]",0.25,PracBlue_1,"[0,0,-45,45,-45]","[-45,45,45,0,90]",5,1,1.0542,0,4,4,10,1,BLUE,5,Same,5,1,,,,,,,,,,,,,,,,,,,,,,,,,,,,,,,,,,,,,,,,,,,,,,,,,,,,,,
,,,,,,,,64143c6c286640f3d1348cf8,2025-01-21_22h27.04.338,VisualArraysMentalRotation_v4,2021.1.4,Win32,57.44485294,679054f2072d526265aabff2,67906cd43a9ef8604c185c7e,"[-45,-45,-45,90,-45]","[-45,90,90,90,0]",0.25,PracBlue_2,"[-45,-45,-45,90,-45]","[-45,0,90,90,0]",6,1,0.9658,0,5,5,13,1,BLUE,3,Different,6,3,,,,,,,,,,,,,,,,,,,,,,,,,,,,,,,,,,,,,,,,,,,,,,,,,,,,,,
,,,,,,,,64143c6c286640f3d1348cf8,2025-01-21_22h27.04.338,VisualArraysMentalRotation_v4,2021.1.4,Win32,57.44485294,679054f2072d526265aabff2,67906cd43a9ef8604c185c7e,"[45,-45,0,0,90]","[45,45,0,0,-45]",0.25,PracBlue_3,"[45,-45,0,0,90]","[45,45,90,0,-45]",6,1,1.2215,0,6,6,14,1,BLUE,5,Different,6,1,,,,,,,,,,,,,,,,,,,,,,,,,,,,,,,,,,,,,,,,,,,,,,,,,,,,,,
,,,,,,,,64143c6c286640f3d1348cf8,2025-01-21_22h27.04.338,VisualArraysMentalRotation_v4,2021.1.4,Win32,57.44485294,679054f2072d526265aabff2,67906cd43a9ef8604c185c7e,"[0,90,0,45,45]","[0,90,90,-45,45]",0.25,PracBlue_2,"[0,90,0,45,45]","[0,-45,90,-45,45]",5,0,0.4347,0,7,7,12,1,BLUE,3,Different,6,1,,,,,,,,,,,,,,,,,,,,,,,,,,,,,,,,,,,,,,,,,,,,,,,,,,,,,,
,,,,,,,,64143c6c286640f3d1348cf8,2025-01-21_22h27.04.338,VisualArraysMentalRotation_v4,2021.1.4,Win32,57.44485294,679054f2072d526265aabff2,67906cd43a9ef8604c185c7e,"[90,0,90,0,-45]","[45,-45,-45,90,90]",0.25,PracRed_4,"[90,0,90,-45,-45]","[45,-45,-45,90,90]",6,1,0.7845,0,8,8,7,1,RED,5,Different,6,3,,,,,,,,,,,,,,,,,,,,,,,,,,,,,,,,,,,,,,,,,,,,,,,,,,,,,,
,,,,,,,,64143c6c286640f3d1348cf8,2025-01-21_22h27.04.338,VisualArraysMentalRotation_v4,2021.1.4,Win32,57.44485294,679054f2072d526265aabff2,67906cd43a9ef8604c185c7e,"[90,45,90,90,0]","[0,90,-45,90,0]",0.25,PracRed_3,"[90,45,90,90,0]","[0,90,-45,90,0]",5,1,1.1935,0,9,9,1,1,RED,3,Same,5,3,,,,,,,,,,,,,,,,,,,,,,,,,,,,,,,,,,,,,,,,,,,,,,,,,,,,,,
,,,,,,,,64143c6c286640f3d1348cf8,2025-01-21_22h27.04.338,VisualArraysMentalRotation_v4,2021.1.4,Win32,57.44485294,679054f2072d526265aabff2,67906cd43a9ef8604c185c7e,"[0,0,45,45,45]","[90,45,0,45,0]",0.25,PracBlue_2,"[0,0,45,45,45]","[90,45,0,45,0]",5,1,0.5677,0,10,10,9,1,BLUE,3,Same,5,3,,,,,,,,,,,,,,,,,,,,,,,,,,,,,,,,,,,,,,,,,,,,,,,,,,,,,,
,,,,,,,,64143c6c286640f3d1348cf8,2025-01-21_22h27.04.338,VisualArraysMentalRotation_v4,2021.1.4,Win32,57.44485294,679054f2072d526265aabff2,67906cd43a9ef8604c185c7e,"[0,0,45,45,0]","[0,90,0,-45,0]",0.25,PracRed_5,"[0,0,45,45,0]","[0,90,0,-45,0]",6,0,0.7506,0,11,11,2,1,RED,5,Same,5,1,,,,,,,,,,,,,,,,,,,,,,,,,,,,,,,,,,,,,,,,,,,,,,,,,,,,,,
,,,,,,,,64143c6c286640f3d1348cf8,2025-01-21_22h27.04.338,VisualArraysMentalRotation_v4,2021.1.4,Win32,57.44485294,679054f2072d526265aabff2,67906cd43a9ef8604c185c7e,"[0,90,-45,-45,-45]","[-45,45,-45,-45,45]",0.25,PracBlue_4,"[0,90,-45,-45,-45]","[-45,45,-45,-45,45]",5,1,0.7025,0,12,12,11,1,BLUE,5,Same,5,3,,,,,,,,,,,,,,,,,,,,,,,,,,,,,,,,,,,,,,,,,,,,,,,,,,,,,,
,,,,,,,,64143c6c286640f3d1348cf8,2025-01-21_22h27.04.338,VisualArraysMentalRotation_v4,2021.1.4,Win32,57.44485294,679054f2072d526265aabff2,67906cd43a9ef8604c185c7e,"[45,-45,0,0,0]","[0,45,-45,45,45]",0.25,PracRed_3,"[45,-45,-45,0,0]","[0,45,-45,45,45]",5,0,0.5522,0,13,13,6,1,RED,5,Different,6,1,,,,,,,,,,,,,,,,,,,,,,,,,,,,,,,,,,,,,,,,,,,,,,,,,,,,,,
,,,,,,,,64143c6c286640f3d1348cf8,2025-01-21_22h27.04.338,VisualArraysMentalRotation_v4,2021.1.4,Win32,57.44485294,679054f2072d526265aabff2,67906cd43a9ef8604c185c7e,"[90,0,0,45,90]","[-45,45,90,90,0]",0.25,PracRed_1,"[45,0,0,45,90]","[-45,45,90,90,0]",6,1,1.5512,0,14,14,4,1,RED,3,Different,6,1,,,,,,,,,,,,,,,,,,,,,,,,,,,,,,,,,,,,,,,,,,,,,,,,,,,,,,
,,,,,,,,64143c6c286640f3d1348cf8,2025-01-21_22h27.04.338,VisualArraysMentalRotation_v4,2021.1.4,Win32,57.44485294,679054f2072d526265aabff2,67906cd43a9ef8604c185c7e,"[90,90,90,90,-45]","[0,-45,90,-45,0]",0.25,PracBlue_1,"[90,90,90,90,-45]","[0,-45,90,-45,0]",5,1,0.7364,0,15,15,8,1,BLUE,3,Same,5,1,,,,,,,,,,,,,,,,,,,,,,,,,,,,,,,,,,,,,,,,,,,,,,,,,,,,,,
,,,,,,,,64143c6c286640f3d1348cf8,2025-01-21_22h27.04.338,VisualArraysMentalRotation_v4,2021.1.4,Win32,57.44485294,679054f2072d526265aabff2,67906cd43a9ef8604c185c7e,,,,,,,,,,,,,,,,,,,,1,0,1,0,1,,,,,,,,,,,,,,,,,,,,,,,,,,,,,,,,,,,,,,,,,,,,,,,,,
,,,,,,,,64143c6c286640f3d1348cf8,2025-01-21_22h27.04.338,VisualArraysMentalRotation_v4,2021.1.4,Win32,57.44485294,679054f2072d526265aabff2,67906cd43a9ef8604c185c7e,"[90,-45,-45,45,45]","[90,-45,0,0,-45]",,Red_5,"[90,-45,-45,45,90]","[90,-45,0,0,-45]",,,,,,,,,RED,5,Different,6,3,,,,,,5,0,1.9303,0,0,0,7,1,,,,,,,,,,,,,,,,,,,,,,,,,,,,,,,,,,,,,,,,,
,,,,,,,,64143c6c286640f3d1348cf8,2025-01-21_22h27.04.338,VisualArraysMentalRotation_v4,2021.1.4,Win32,57.44485294,679054f2072d526265aabff2,67906cd43a9ef8604c185c7e,"[90,45,0,0,0]","[90,45,-45,0,45]",,Blue_1,"[90,45,0,0,0]","[45,45,-45,0,45]",,,,,,,,,BLUE,3,Different,6,3,,,,,,5,0,1.0686,0,1,1,13,1,,,,,,,,,,,,,,,,,,,,,,,,,,,,,,,,,,,,,,,,,
,,,,,,,,64143c6c286640f3d1348cf8,2025-01-21_22h27.04.338,VisualArraysMentalRotation_v4,2021.1.4,Win32,57.44485294,679054f2072d526265aabff2,67906cd43a9ef8604c185c7e,"[-45,90,0,-45,0]","[0,-45,90,45,-45]",,Red_3,"[-45,90,0,-45,0]","[0,-45,90,45,-45]",,,,,,,,,RED,3,Same,5,1,,,,,,6,0,1.1006,0,2,2,0,1,,,,,,,,,,,,,,,,,,,,,,,,,,,,,,,,,,,,,,,,,
,,,,,,,,64143c6c286640f3d1348cf8,2025-01-21_22h27.04.338,VisualArraysMentalRotation_v4,2021.1.4,Win32,57.44485294,679054f2072d526265aabff2,67906cd43a9ef8604c185c7e,"[-45,0,90,90,45]","[-45,-45,-45,-45,90]",,Red_3,"[-45,0,90,90,45]","[-45,-45,-45,-45,90]",,,,,,,,,RED,5,Same,5,3,,,,,,6,0,1.0845,0,3,3,3,1,,,,,,,,,,,,,,,,,,,,,,,,,,,,,,,,,,,,,,,,,
,,,,,,,,64143c6c286640f3d1348cf8,2025-01-21_22h27.04.338,VisualArraysMentalRotation_v4,2021.1.4,Win32,57.44485294,679054f2072d526265aabff2,67906cd43a9ef8604c185c7e,"[0,0,-45,-45,90]","[90,0,90,45,45]",,Red_2,"[0,90,-45,-45,90]","[90,0,90,45,45]",,,,,,,,,RED,3,Different,6,3,,,,,,6,1,0.9442,0,4,4,5,1,,,,,,,,,,,,,,,,,,,,,,,,,,,,,,,,,,,,,,,,,
,,,,,,,,64143c6c286640f3d1348cf8,2025-01-21_22h27.04.338,VisualArraysMentalRotation_v4,2021.1.4,Win32,57.44485294,679054f2072d526265aabff2,67906cd43a9ef8604c185c7e,"[0,-45,90,-45,45]","[-45,0,90,45,-45]",,Red_3,"[0,-45,-45,-45,45]","[-45,0,90,45,-45]",,,,,,,,,RED,5,Different,6,1,,,,,,6,1,0.9179,0,5,5,6,1,,,,,,,,,,,,,,,,,,,,,,,,,,,,,,,,,,,,,,,,,
,,,,,,,,64143c6c286640f3d1348cf8,2025-01-21_22h27.04.338,VisualArraysMentalRotation_v4,2021.1.4,Win32,57.44485294,679054f2072d526265aabff2,67906cd43a9ef8604c185c7e,"[-45,45,45,45,0]","[-45,-45,45,0,90]",,Red_1,"[-45,45,45,45,0]","[-45,-45,45,0,90]",,,,,,,,,RED,3,Same,5,3,,,,,,6,0,1.0354,0,6,6,1,1,,,,,,,,,,,,,,,,,,,,,,,,,,,,,,,,,,,,,,,,,
,,,,,,,,64143c6c286640f3d1348cf8,2025-01-21_22h27.04.338,VisualArraysMentalRotation_v4,2021.1.4,Win32,57.44485294,679054f2072d526265aabff2,67906cd43a9ef8604c185c7e,"[-45,-45,45,0,90]","[0,45,90,45,90]",,Blue_3,"[-45,-45,45,0,90]","[0,45,45,45,90]",,,,,,,,,BLUE,5,Different,6,1,,,,,,6,1,1.1011,0,7,7,14,1,,,,,,,,,,,,,,,,,,,,,,,,,,,,,,,,,,,,,,,,,
,,,,,,,,64143c6c286640f3d1348cf8,2025-01-21_22h27.04.338,VisualArraysMentalRotation_v4,2021.1.4,Win32,57.44485294,679054f2072d526265aabff2,67906cd43a9ef8604c185c7e,"[0,-45,90,90,0]","[0,90,90,0,-45]",,Blue_1,"[0,-45,90,90,0]","[0,90,90,0,-45]",,,,,,,,,BLUE,3,Same,5,3,,,,,,5,1,0.8852,0,8,8,9,1,,,,,,,,,,,,,,,,,,,,,,,,,,,,,,,,,,,,,,,,,
,,,,,,,,64143c6c286640f3d1348cf8,2025-01-21_22h27.04.338,VisualArraysMentalRotation_v4,2021.1.4,Win32,57.44485294,679054f2072d526265aabff2,67906cd43a9ef8604c185c7e,"[45,0,45,45,90]","[0,0,-45,-45,-45]",,Blue_2,"[45,0,45,45,90]","[0,0,-45,-45,-45]",,,,,,,,,BLUE,5,Same,5,1,,,,,,5,1,0.8183,0,9,9,10,1,,,,,,,,,,,,,,,,,,,,,,,,,,,,,,,,,,,,,,,,,
,,,,,,,,64143c6c286640f3d1348cf8,2025-01-21_22h27.04.338,VisualArraysMentalRotation_v4,2021.1.4,Win32,57.44485294,679054f2072d526265aabff2,67906cd43a9ef8604c185c7e,"[45,-45,90,90,45]","[90,-45,45,90,0]",,Blue_1,"[45,-45,90,90,45]","[90,-45,45,90,0]",,,,,,,,,BLUE,5,Same,5,3,,,,,,6,0,1.0639,0,10,10,11,1,,,,,,,,,,,,,,,,,,,,,,,,,,,,,,,,,,,,,,,,,
,,,,,,,,64143c6c286640f3d1348cf8,2025-01-21_22h27.04.338,VisualArraysMentalRotation_v4,2021.1.4,Win32,57.44485294,679054f2072d526265aabff2,67906cd43a9ef8604c185c7e,"[0,90,0,-45,90]","[0,-45,90,45,-45]",,Blue_2,"[0,90,0,-45,90]","[0,-45,90,45,-45]",,,,,,,,,BLUE,3,Same,5,1,,,,,,5,1,0.5956,0,11,11,8,1,,,,,,,,,,,,,,,,,,,,,,,,,,,,,,,,,,,,,,,,,
,,,,,,,,64143c6c286640f3d1348cf8,2025-01-21_22h27.04.338,VisualArraysMentalRotation_v4,2021.1.4,Win32,57.44485294,679054f2072d526265aabff2,67906cd43a9ef8604c185c7e,"[45,45,0,90,45]","[90,45,90,45,0]",,Blue_3,"[45,45,0,90,45]","[90,45,0,45,0]",,,,,,,,,BLUE,3,Different,6,1,,,,,,6,1,0.8811,0,12,12,12,1,,,,,,,,,,,,,,,,,,,,,,,,,,,,,,,,,,,,,,,,,
,,,,,,,,64143c6c286640f3d1348cf8,2025-01-21_22h27.04.338,VisualArraysMentalRotation_v4,2021.1.4,Win32,57.44485294,679054f2072d526265aabff2,67906cd43a9ef8604c185c7e,"[0,45,0,0,90]","[-45,45,0,0,90]",,Red_5,"[0,45,0,0,90]","[-45,45,0,0,90]",,,,,,,,,RED,5,Same,5,1,,,,,,5,1,1.222,0,13,13,2,1,,,,,,,,,,,,,,,,,,,,,,,,,,,,,,,,,,,,,,,,,
,,,,,,,,64143c6c286640f3d1348cf8,2025-01-21_22h27.04.338,VisualArraysMentalRotation_v4,2021.1.4,Win32,57.44485294,679054f2072d526265aabff2,67906cd43a9ef8604c185c7e,"[0,90,-45,0,0]","[-45,0,0,0,45]",,Blue_2,"[0,90,-45,0,0]","[-45,90,0,0,45]",,,,,,,,,BLUE,5,Different,6,3,,,,,,6,1,0.9623,0,14,14,15,1,,,,,,,,,,,,,,,,,,,,,,,,,,,,,,,,,,,,,,,,,
,,,,,,,,64143c6c286640f3d1348cf8,2025-01-21_22h27.04.338,VisualArraysMentalRotation_v4,2021.1.4,Win32,57.44485294,679054f2072d526265aabff2,67906cd43a9ef8604c185c7e,"[90,45,-45,90,45]","[45,0,90,90,90]",,Red_3,"[90,45,0,90,45]","[45,0,90,90,90]",,,,,,,,,RED,3,Different,6,1,,,,,,6,1,0.7753,0,15,15,4,1,,,,,,,,,,,,,,,,,,,,,,,,,,,,,,,,,,,,,,,,,
,,,,,,,,64143c6c286640f3d1348cf8,2025-01-21_22h27.04.338,VisualArraysMentalRotation_v4,2021.1.4,Win32,57.44485294,679054f2072d526265aabff2,67906cd43a9ef8604c185c7e,"[45,0,0,45,90]","[-45,-45,-45,90,-45]",,Blue_3,"[45,0,0,45,90]","[-45,-45,-45,90,-45]",,,,,,,,,BLUE,5,Same,5,3,,,,,,6,0,1.1189,1,0,16,11,1,,,,,,,,,,,,,,,,,,,,,,,,,,,,,,,,,,,,,,,,,
,,,,,,,,64143c6c286640f3d1348cf8,2025-01-21_22h27.04.338,VisualArraysMentalRotation_v4,2021.1.4,Win32,57.44485294,679054f2072d526265aabff2,67906cd43a9ef8604c185c7e,"[90,0,0,0,-45]","[45,45,45,90,0]",,Blue_2,"[90,0,0,0,-45]","[45,45,45,90,0]",,,,,,,,,BLUE,3,Same,5,3,,,,,,6,0,1.654,1,1,17,9,1,,,,,,,,,,,,,,,,,,,,,,,,,,,,,,,,,,,,,,,,,
,,,,,,,,64143c6c286640f3d1348cf8,2025-01-21_22h27.04.338,VisualArraysMentalRotation_v4,2021.1.4,Win32,57.44485294,679054f2072d526265aabff2,67906cd43a9ef8604c185c7e,"[90,90,90,0,0]","[-45,-45,0,-45,45]",,Blue_1,"[90,90,90,0,0]","[0,-45,0,-45,45]",,,,,,,,,BLUE,3,Different,6,3,,,,,,6,1,0.8197,1,2,18,13,1,,,,,,,,,,,,,,,,,,,,,,,,,,,,,,,,,,,,,,,,,
,,,,,,,,64143c6c286640f3d1348cf8,2025-01-21_22h27.04.338,VisualArraysMentalRotation_v4,2021.1.4,Win32,57.44485294,679054f2072d526265aabff2,67906cd43a9ef8604c185c7e,"[-45,-45,0,-45,-45]","[45,90,45,90,-45]",,Blue_3,"[-45,-45,0,-45,-45]","[45,90,45,90,-45]",,,,,,,,,BLUE,5,Same,5,1,,,,,,5,1,1.1817,1,3,19,10,1,,,,,,,,,,,,,,,,,,,,,,,,,,,,,,,,,,,,,,,,,
,,,,,,,,64143c6c286640f3d1348cf8,2025-01-21_22h27.04.338,VisualArraysMentalRotation_v4,2021.1.4,Win32,57.44485294,679054f2072d526265aabff2,67906cd43a9ef8604c185c7e,"[90,0,-45,45,0]","[90,90,90,0,-45]",,Red_3,"[90,0,90,45,0]","[90,90,90,0,-45]",,,,,,,,,RED,5,Different,6,1,,,,,,6,1,0.8189,1,4,20,6,1,,,,,,,,,,,,,,,,,,,,,,,,,,,,,,,,,,,,,,,,,
,,,,,,,,64143c6c286640f3d1348cf8,2025-01-21_22h27.04.338,VisualArraysMentalRotation_v4,2021.1.4,Win32,57.44485294,679054f2072d526265aabff2,67906cd43a9ef8604c185c7e,"[0,45,-45,0,-45]","[0,45,0,-45,90]",,Red_1,"[-45,45,-45,0,-45]","[0,45,0,-45,90]",,,,,,,,,RED,3,Different,6,1,,,,,,6,1,0.8315,1,5,21,4,1,,,,,,,,,,,,,,,,,,,,,,,,,,,,,,,,,,,,,,,,,
,,,,,,,,64143c6c286640f3d1348cf8,2025-01-21_22h27.04.338,VisualArraysMentalRotation_v4,2021.1.4,Win32,57.44485294,679054f2072d526265aabff2,67906cd43a9ef8604c185c7e,"[0,90,90,0,0]","[45,45,90,-45,90]",,Red_2,"[0,90,90,0,0]","[45,45,90,-45,90]",,,,,,,,,RED,5,Same,5,3,,,,,,5,1,0.8537,1,6,22,3,1,,,,,,,,,,,,,,,,,,,,,,,,,,,,,,,,,,,,,,,,,
,,,,,,,,64143c6c286640f3d1348cf8,2025-01-21_22h27.04.338,VisualArraysMentalRotation_v4,2021.1.4,Win32,57.44485294,679054f2072d526265aabff2,67906cd43a9ef8604c185c7e,"[45,90,90,90,0]","[0,90,-45,0,-45]",,Red_3,"[45,90,45,90,0]","[0,90,-45,0,-45]",,,,,,,,,RED,5,Different,6,3,,,,,,6,1,1.0645,1,7,23,7,1,,,,,,,,,,,,,,,,,,,,,,,,,,,,,,,,,,,,,,,,,
,,,,,,,,64143c6c286640f3d1348cf8,2025-01-21_22h27.04.338,VisualArraysMentalRotation_v4,2021.1.4,Win32,57.44485294,679054f2072d526265aabff2,67906cd43a9ef8604c185c7e,"[0,-45,-45,45,-45]","[45,0,90,0,0]",,Red_1,"[0,-45,-45,45,-45]","[45,0,90,0,0]",,,,,,,,,RED,3,Same,5,3,,,,,,5,1,1.3368,1,8,24,1,1,,,,,,,,,,,,,,,,,,,,,,,,,,,,,,,,,,,,,,,,,
,,,,,,,,64143c6c286640f3d1348cf8,2025-01-21_22h27.04.338,VisualArraysMentalRotation_v4,2021.1.4,Win32,57.44485294,679054f2072d526265aabff2,67906cd43a9ef8604c185c7e,"[0,45,45,90,0]","[0,45,45,0,45]",,Blue_1,"[0,45,45,90,0]","[45,45,45,0,45]",,,,,,,,,BLUE,5,Different,6,3,,,,,,5,0,1.1184,1,9,25,15,1,,,,,,,,,,,,,,,,,,,,,,,,,,,,,,,,,,,,,,,,,
,,,,,,,,64143c6c286640f3d1348cf8,2025-01-21_22h27.04.338,VisualArraysMentalRotation_v4,2021.1.4,Win32,57.44485294,679054f2072d526265aabff2,67906cd43a9ef8604c185c7e,"[45,90,-45,0,90]","[45,0,0,90,0]",,Blue_2,"[45,90,-45,0,90]","[45,-45,0,90,0]",,,,,,,,,BLUE,5,Different,6,1,,,,,,6,1,1.2523,1,10,26,14,1,,,,,,,,,,,,,,,,,,,,,,,,,,,,,,,,,,,,,,,,,
,,,,,,,,64143c6c286640f3d1348cf8,2025-01-21_22h27.04.338,VisualArraysMentalRotation_v4,2021.1.4,Win32,57.44485294,679054f2072d526265aabff2,67906cd43a9ef8604c185c7e,"[45,0,0,45,0]","[90,90,0,-45,0]",,Blue_1,"[45,0,0,45,0]","[0,90,0,-45,0]",,,,,,,,,BLUE,3,Different,6,1,,,,,,6,1,1.1188,1,11,27,12,1,,,,,,,,,,,,,,,,,,,,,,,,,,,,,,,,,,,,,,,,,
,,,,,,,,64143c6c286640f3d1348cf8,2025-01-21_22h27.04.338,VisualArraysMentalRotation_v4,2021.1.4,Win32,57.44485294,679054f2072d526265aabff2,67906cd43a9ef8604c185c7e,"[45,90,90,-45,0]","[-45,-45,0,0,0]",,Red_2,"[45,45,90,-45,0]","[-45,-45,0,0,0]",,,,,,,,,RED,3,Different,6,3,,,,,,6,1,0.9671,1,12,28,5,1,,,,,,,,,,,,,,,,,,,,,,,,,,,,,,,,,,,,,,,,,
,,,,,,,,64143c6c286640f3d1348cf8,2025-01-21_22h27.04.338,VisualArraysMentalRotation_v4,2021.1.4,Win32,57.44485294,679054f2072d526265aabff2,67906cd43a9ef8604c185c7e,"[90,90,45,-45,45]","[90,90,90,0,90]",,Red_3,"[90,90,45,-45,45]","[90,90,90,0,90]",,,,,,,,,RED,5,Same,5,1,,,,,,5,1,0.9409,1,13,29,2,1,,,,,,,,,,,,,,,,,,,,,,,,,,,,,,,,,,,,,,,,,
,,,,,,,,64143c6c286640f3d1348cf8,2025-01-21_22h27.04.338,VisualArraysMentalRotation_v4,2021.1.4,Win32,57.44485294,679054f2072d526265aabff2,67906cd43a9ef8604c185c7e,"[45,0,45,-45,-45]","[-45,90,0,0,45]",,Red_2,"[45,0,45,-45,-45]","[-45,90,0,0,45]",,,,,,,,,RED,3,Same,5,1,,,,,,5,1,0.9637,1,14,30,0,1,,,,,,,,,,,,,,,,,,,,,,,,,,,,,,,,,,,,,,,,,
,,,,,,,,64143c6c286640f3d1348cf8,2025-01-21_22h27.04.338,VisualArraysMentalRotation_v4,2021.1.4,Win32,57.44485294,679054f2072d526265aabff2,67906cd43a9ef8604c185c7e,"[45,90,90,-45,45]","[0,45,90,-45,-45]",,Blue_2,"[45,90,90,-45,45]","[0,45,90,-45,-45]",,,,,,,,,BLUE,3,Same,5,1,,,,,,5,1,1.4348,1,15,31,8,1,,,,,,,,,,,,,,,,,,,,,,,,,,,,,,,,,,,,,,,,,
,,,,,,,,64143c6c286640f3d1348cf8,2025-01-21_22h27.04.338,VisualArraysMentalRotation_v4,2021.1.4,Win32,57.44485294,679054f2072d526265aabff2,67906cd43a9ef8604c185c7e,"[90,90,90,-45,45]","[90,-45,45,0,45]",,Blue_1,"[90,90,90,-45,45]","[90,-45,45,0,45]",,,,,,,,,BLUE,3,Same,5,1,,,,,,5,1,0.7349,2,0,32,8,1,,,,,,,,,,,,,,,,,,,,,,,,,,,,,,,,,,,,,,,,,
,,,,,,,,64143c6c286640f3d1348cf8,2025-01-21_22h27.04.338,VisualArraysMentalRotation_v4,2021.1.4,Win32,57.44485294,679054f2072d526265aabff2,67906cd43a9ef8604c185c7e,"[90,0,-45,45,-45]","[0,-45,90,-45,90]",,Red_3,"[90,0,90,45,-45]","[0,-45,90,-45,90]",,,,,,,,,RED,5,Different,6,1,,,,,,6,1,1.021,2,1,33,6,1,,,,,,,,,,,,,,,,,,,,,,,,,,,,,,,,,,,,,,,,,
,,,,,,,,64143c6c286640f3d1348cf8,2025-01-21_22h27.04.338,VisualArraysMentalRotation_v4,2021.1.4,Win32,57.44485294,679054f2072d526265aabff2,67906cd43a9ef8604c185c7e,"[0,45,0,45,-45]","[0,-45,-45,-45,45]",,Red_1,"[45,45,0,45,-45]","[0,-45,-45,-45,45]",,,,,,,,,RED,3,Different,6,3,,,,,,6,1,2.966,2,2,34,5,1,,,,,,,,,,,,,,,,,,,,,,,,,,,,,,,,,,,,,,,,,
,,,,,,,,64143c6c286640f3d1348cf8,2025-01-21_22h27.04.338,VisualArraysMentalRotation_v4,2021.1.4,Win32,57.44485294,679054f2072d526265aabff2,67906cd43a9ef8604c185c7e,"[90,90,-45,45,-45]","[45,90,45,45,-45]",,Blue_4,"[90,90,-45,45,-45]","[45,90,45,45,-45]",,,,,,,,,BLUE,5,Same,5,3,,,,,,6,0,1.1182,2,3,35,11,1,,,,,,,,,,,,,,,,,,,,,,,,,,,,,,,,,,,,,,,,,
,,,,,,,,64143c6c286640f3d1348cf8,2025-01-21_22h27.04.338,VisualArraysMentalRotation_v4,2021.1.4,Win32,57.44485294,679054f2072d526265aabff2,67906cd43a9ef8604c185c7e,"[0,0,-45,0,0]","[-45,0,90,-45,0]",,Red_4,"[0,0,-45,0,0]","[-45,0,90,-45,0]",,,,,,,,,RED,5,Same,5,1,,,,,,5,1,0.6293,2,4,36,2,1,,,,,,,,,,,,,,,,,,,,,,,,,,,,,,,,,,,,,,,,,
,,,,,,,,64143c6c286640f3d1348cf8,2025-01-21_22h27.04.338,VisualArraysMentalRotation_v4,2021.1.4,Win32,57.44485294,679054f2072d526265aabff2,67906cd43a9ef8604c185c7e,"[0,90,45,0,-45]","[45,-45,45,90,45]",,Blue_3,"[0,90,45,0,-45]","[45,-45,0,90,45]",,,,,,,,,BLUE,3,Different,6,3,,,,,,6,1,1.2017,2,5,37,13,1,,,,,,,,,,,,,,,,,,,,,,,,,,,,,,,,,,,,,,,,,
,,,,,,,,64143c6c286640f3d1348cf8,2025-01-21_22h27.04.338,VisualArraysMentalRotation_v4,2021.1.4,Win32,57.44485294,679054f2072d526265aabff2,67906cd43a9ef8604c185c7e,"[0,0,45,90,-45]","[90,45,-45,45,45]",,Blue_3,"[0,0,45,90,-45]","[90,45,-45,45,45]",,,,,,,,,BLUE,5,Same,5,1,,,,,,5,1,2.6022,2,6,38,10,1,,,,,,,,,,,,,,,,,,,,,,,,,,,,,,,,,,,,,,,,,
,,,,,,,,64143c6c286640f3d1348cf8,2025-01-21_22h27.04.338,VisualArraysMentalRotation_v4,2021.1.4,Win32,57.44485294,679054f2072d526265aabff2,67906cd43a9ef8604c185c7e,"[0,0,-45,0,-45]","[45,90,-45,0,0]",,Blue_4,"[0,0,-45,0,-45]","[45,90,-45,45,0]",,,,,,,,,BLUE,5,Different,6,1,,,,,,5,0,0.8756,2,7,39,14,1,,,,,,,,,,,,,,,,,,,,,,,,,,,,,,,,,,,,,,,,,
,,,,,,,,64143c6c286640f3d1348cf8,2025-01-21_22h27.04.338,VisualArraysMentalRotation_v4,2021.1.4,Win32,57.44485294,679054f2072d526265aabff2,67906cd43a9ef8604c185c7e,"[45,90,0,90,0]","[45,45,-45,45,0]",,Blue_2,"[45,90,0,90,0]","[45,45,-45,45,0]",,,,,,,,,BLUE,3,Same,5,3,,,,,,5,1,1.653,2,8,40,9,1,,,,,,,,,,,,,,,,,,,,,,,,,,,,,,,,,,,,,,,,,
,,,,,,,,64143c6c286640f3d1348cf8,2025-01-21_22h27.04.338,VisualArraysMentalRotation_v4,2021.1.4,Win32,57.44485294,679054f2072d526265aabff2,67906cd43a9ef8604c185c7e,"[90,90,45,45,45]","[-45,45,90,45,0]",,Red_4,"[90,90,45,90,45]","[-45,45,90,45,0]",,,,,,,,,RED,5,Different,6,3,,,,,,6,1,0.8642,2,9,41,7,1,,,,,,,,,,,,,,,,,,,,,,,,,,,,,,,,,,,,,,,,,
,,,,,,,,64143c6c286640f3d1348cf8,2025-01-21_22h27.04.338,VisualArraysMentalRotation_v4,2021.1.4,Win32,57.44485294,679054f2072d526265aabff2,67906cd43a9ef8604c185c7e,"[90,90,45,0,90]","[45,45,90,45,0]",,Red_2,"[90,90,45,0,90]","[45,45,90,45,0]",,,,,,,,,RED,3,Same,5,1,,,,,,5,1,1.5934,2,10,42,0,1,,,,,,,,,,,,,,,,,,,,,,,,,,,,,,,,,,,,,,,,,
,,,,,,,,64143c6c286640f3d1348cf8,2025-01-21_22h27.04.338,VisualArraysMentalRotation_v4,2021.1.4,Win32,57.44485294,679054f2072d526265aabff2,67906cd43a9ef8604c185c7e,"[45,90,90,45,0]","[0,90,45,45,-45]",,Red_3,"[45,90,90,45,0]","[0,90,45,45,-45]",,,,,,,,,RED,5,Same,5,3,,,,,,5,1,1.9031,2,11,43,3,1,,,,,,,,,,,,,,,,,,,,,,,,,,,,,,,,,,,,,,,,,
,,,,,,,,64143c6c286640f3d1348cf8,2025-01-21_22h27.04.338,VisualArraysMentalRotation_v4,2021.1.4,Win32,57.44485294,679054f2072d526265aabff2,67906cd43a9ef8604c185c7e,"[-45,90,-45,45,0]","[-45,0,-45,45,90]",,Blue_1,"[-45,90,-45,45,0]","[90,0,-45,45,90]",,,,,,,,,BLUE,3,Different,6,1,,,,,,6,1,1.7373,2,12,44,12,1,,,,,,,,,,,,,,,,,,,,,,,,,,,,,,,,,,,,,,,,,
,,,,,,,,64143c6c286640f3d1348cf8,2025-01-21_22h27.04.338,VisualArraysMentalRotation_v4,2021.1.4,Win32,57.44485294,679054f2072d526265aabff2,67906cd43a9ef8604c185c7e,"[-45,-45,90,-45,-45]","[45,-45,45,90,45]",,Red_1,"[-45,-45,90,-45,-45]","[45,-45,45,90,45]",,,,,,,,,RED,3,Same,5,3,,,,,,5,1,0.91,2,13,45,1,1,,,,,,,,,,,,,,,,,,,,,,,,,,,,,,,,,,,,,,,,,
,,,,,,,,64143c6c286640f3d1348cf8,2025-01-21_22h27.04.338,VisualArraysMentalRotation_v4,2021.1.4,Win32,57.44485294,679054f2072d526265aabff2,67906cd43a9ef8604c185c7e,"[0,-45,0,0,-45]","[90,45,45,90,0]",,Blue_1,"[0,-45,0,0,-45]","[-45,45,45,90,0]",,,,,,,,,BLUE,5,Different,6,3,,,,,,6,1,1.3475,2,14,46,15,1,,,,,,,,,,,,,,,,,,,,,,,,,,,,,,,,,,,,,,,,,
,,,,,,,,64143c6c286640f3d1348cf8,2025-01-21_22h27.04.338,VisualArraysMentalRotation_v4,2021.1.4,Win32,57.44485294,679054f2072d526265aabff2,67906cd43a9ef8604c185c7e,"[90,0,0,0,-45]","[-45,45,0,0,90]",,Red_1,"[45,0,0,0,-45]","[-45,45,0,0,90]",,,,,,,,,RED,3,Different,6,1,,,,,,5,0,1.885,2,15,47,4,1,,,,,,,,,,,,,,,,,,,,,,,,,,,,,,,,,,,,,,,,,
,,,,,,,,64143c6c286640f3d1348cf8,2025-01-21_22h27.04.338,VisualArraysMentalRotation_v4,2021.1.4,Win32,57.44485294,679054f2072d526265aabff2,67906cd43a9ef8604c185c7e,"[0,45,0,0,-45]","[0,-45,45,0,45]",,Red_1,"[45,45,0,0,-45]","[0,-45,45,0,45]",,,,,,,,,RED,5,Different,6,1,,,,,,5,0,1.263,3,0,48,6,1,,,,,,,,,,,,,,,,,,,,,,,,,,,,,,,,,,,,,,,,,
,,,,,,,,64143c6c286640f3d1348cf8,2025-01-21_22h27.04.338,VisualArraysMentalRotation_v4,2021.1.4,Win32,57.44485294,679054f2072d526265aabff2,67906cd43a9ef8604c185c7e,"[45,0,0,45,45]","[45,0,90,90,-45]",,Blue_3,"[45,0,0,45,45]","[45,0,0,90,-45]",,,,,,,,,BLUE,3,Different,6,1,,,,,,5,0,0.62,3,1,49,12,1,,,,,,,,,,,,,,,,,,,,,,,,,,,,,,,,,,,,,,,,,
,,,,,,,,64143c6c286640f3d1348cf8,2025-01-21_22h27.04.338,VisualArraysMentalRotation_v4,2021.1.4,Win32,57.44485294,679054f2072d526265aabff2,67906cd43a9ef8604c185c7e,"[90,90,-45,0,90]","[45,45,45,45,45]",,Blue_3,"[90,90,-45,0,90]","[45,45,0,45,45]",,,,,,,,,BLUE,3,Different,6,3,,,,,,5,0,1.0534,3,2,50,13,1,,,,,,,,,,,,,,,,,,,,,,,,,,,,,,,,,,,,,,,,,
,,,,,,,,64143c6c286640f3d1348cf8,2025-01-21_22h27.04.338,VisualArraysMentalRotation_v4,2021.1.4,Win32,57.44485294,679054f2072d526265aabff2,67906cd43a9ef8604c185c7e,"[45,-45,45,45,90]","[-45,90,0,45,90]",,Red_1,"[45,-45,45,45,90]","[-45,90,0,45,90]",,,,,,,,,RED,5,Same,5,1,,,,,,5,1,0.9988,3,3,51,2,1,,,,,,,,,,,,,,,,,,,,,,,,,,,,,,,,,,,,,,,,,
,,,,,,,,64143c6c286640f3d1348cf8,2025-01-21_22h27.04.338,VisualArraysMentalRotation_v4,2021.1.4,Win32,57.44485294,679054f2072d526265aabff2,67906cd43a9ef8604c185c7e,"[90,45,0,45,0]","[45,45,0,0,90]",,Red_2,"[90,45,0,45,0]","[45,45,0,0,90]",,,,,,,,,RED,5,Same,5,3,,,,,,5,1,0.73,3,4,52,3,1,,,,,,,,,,,,,,,,,,,,,,,,,,,,,,,,,,,,,,,,,
,,,,,,,,64143c6c286640f3d1348cf8,2025-01-21_22h27.04.338,VisualArraysMentalRotation_v4,2021.1.4,Win32,57.44485294,679054f2072d526265aabff2,67906cd43a9ef8604c185c7e,"[-45,90,0,45,-45]","[0,90,90,-45,90]",,Red_1,"[-45,90,0,45,-45]","[0,90,90,-45,90]",,,,,,,,,RED,3,Same,5,1,,,,,,5,1,1.635,3,5,53,0,1,,,,,,,,,,,,,,,,,,,,,,,,,,,,,,,,,,,,,,,,,
,,,,,,,,64143c6c286640f3d1348cf8,2025-01-21_22h27.04.338,VisualArraysMentalRotation_v4,2021.1.4,Win32,57.44485294,679054f2072d526265aabff2,67906cd43a9ef8604c185c7e,"[90,90,-45,-45,-45]","[45,-45,0,45,-45]",,Red_1,"[90,90,-45,-45,-45]","[45,-45,0,45,-45]",,,,,,,,,RED,3,Same,5,3,,,,,,5,1,1.5278,3,6,54,1,1,,,,,,,,,,,,,,,,,,,,,,,,,,,,,,,,,,,,,,,,,
,,,,,,,,64143c6c286640f3d1348cf8,2025-01-21_22h27.04.338,VisualArraysMentalRotation_v4,2021.1.4,Win32,57.44485294,679054f2072d526265aabff2,67906cd43a9ef8604c185c7e,"[-45,0,0,0,0]","[45,90,0,0,90]",,Red_1,"[45,0,0,0,0]","[45,90,0,0,90]",,,,,,,,,RED,5,Different,6,3,,,,,,6,1,2.872,3,7,55,7,1,,,,,,,,,,,,,,,,,,,,,,,,,,,,,,,,,,,,,,,,,
,,,,,,,,64143c6c286640f3d1348cf8,2025-01-21_22h27.04.338,VisualArraysMentalRotation_v4,2021.1.4,Win32,57.44485294,679054f2072d526265aabff2,67906cd43a9ef8604c185c7e,"[-45,0,-45,-45,0]","[90,-45,-45,0,45]",,Blue_1,"[-45,0,-45,-45,0]","[90,-45,-45,0,45]",,,,,,,,,BLUE,3,Same,5,3,,,,,,5,1,0.7686,3,8,56,9,1,,,,,,,,,,,,,,,,,,,,,,,,,,,,,,,,,,,,,,,,,
,,,,,,,,64143c6c286640f3d1348cf8,2025-01-21_22h27.04.338,VisualArraysMentalRotation_v4,2021.1.4,Win32,57.44485294,679054f2072d526265aabff2,67906cd43a9ef8604c185c7e,"[45,45,90,90,45]","[-45,45,45,90,-45]",,Blue_2,"[45,45,90,90,45]","[-45,45,45,90,-45]",,,,,,,,,BLUE,5,Same,5,1,,,,,,5,1,0.7956,3,9,57,10,1,,,,,,,,,,,,,,,,,,,,,,,,,,,,,,,,,,,,,,,,,
,,,,,,,,64143c6c286640f3d1348cf8,2025-01-21_22h27.04.338,VisualArraysMentalRotation_v4,2021.1.4,Win32,57.44485294,679054f2072d526265aabff2,67906cd43a9ef8604c185c7e,"[90,45,90,90,90]","[-45,90,-45,90,90]",,Blue_4,"[90,45,90,90,90]","[-45,90,-45,90,90]",,,,,,,,,BLUE,5,Same,5,3,,,,,,5,1,0.8213,3,10,58,11,1,,,,,,,,,,,,,,,,,,,,,,,,,,,,,,,,,,,,,,,,,
,,,,,,,,64143c6c286640f3d1348cf8,2025-01-21_22h27.04.338,VisualArraysMentalRotation_v4,2021.1.4,Win32,57.44485294,679054f2072d526265aabff2,67906cd43a9ef8604c185c7e,"[90,-45,0,45,90]","[-45,45,90,-45,0]",,Blue_1,"[90,-45,0,45,90]","[-45,45,90,-45,0]",,,,,,,,,BLUE,3,Same,5,1,,,,,,5,1,0.7278,3,11,59,8,1,,,,,,,,,,,,,,,,,,,,,,,,,,,,,,,,,,,,,,,,,
,,,,,,,,64143c6c286640f3d1348cf8,2025-01-21_22h27.04.338,VisualArraysMentalRotation_v4,2021.1.4,Win32,57.44485294,679054f2072d526265aabff2,67906cd43a9ef8604c185c7e,"[0,0,90,45,90]","[45,45,0,0,45]",,Red_3,"[0,0,45,45,90]","[45,45,0,0,45]",,,,,,,,,RED,3,Different,6,1,,,,,,6,1,1.7906,3,12,60,4,1,,,,,,,,,,,,,,,,,,,,,,,,,,,,,,,,,,,,,,,,,
,,,,,,,,64143c6c286640f3d1348cf8,2025-01-21_22h27.04.338,VisualArraysMentalRotation_v4,2021.1.4,Win32,57.44485294,679054f2072d526265aabff2,67906cd43a9ef8604c185c7e,"[90,0,90,45,0]","[45,90,0,90,45]",,Blue_2,"[90,0,90,45,0]","[45,0,0,90,45]",,,,,,,,,BLUE,5,Different,6,3,,,,,,5,0,0.8599,3,13,61,15,1,,,,,,,,,,,,,,,,,,,,,,,,,,,,,,,,,,,,,,,,,
,,,,,,,,64143c6c286640f3d1348cf8,2025-01-21_22h27.04.338,VisualArraysMentalRotation_v4,2021.1.4,Win32,57.44485294,679054f2072d526265aabff2,67906cd43a9ef8604c185c7e,"[0,45,0,90,-45]","[45,-45,45,0,45]",,Red_1,"[90,45,0,90,-45]","[45,-45,45,0,45]",,,,,,,,,RED,3,Different,6,3,,,,,,6,1,1.1602,3,14,62,5,1,,,,,,,,,,,,,,,,,,,,,,,,,,,,,,,,,,,,,,,,,
,,,,,,,,64143c6c286640f3d1348cf8,2025-01-21_22h27.04.338,VisualArraysMentalRotation_v4,2021.1.4,Win32,57.44485294,679054f2072d526265aabff2,67906cd43a9ef8604c185c7e,"[-45,90,-45,90,-45]","[45,45,45,-45,45]",,Blue_3,"[-45,90,-45,90,-45]","[45,45,-45,-45,45]",,,,,,,,,BLUE,5,Different,6,1,,,,,,5,0,0.9114,3,15,63,14,1,,,,,,,,,,,,,,,,,,,,,,,,,,,,,,,,,,,,,,,,,
,,,,,,,,64143c6c286640f3d1348cf8,2025-01-21_22h27.04.338,VisualArraysMentalRotation_v4,2021.1.4,Win32,57.44485294,679054f2072d526265aabff2,67906cd43a9ef8604c185c7e,"[90,0,0,-45,90]","[45,45,90,-45,-45]",,Blue_2,"[90,0,0,-45,90]","[45,90,90,-45,-45]",,,,,,,,,BLUE,3,Different,6,1,,,,,,6,1,0.9662,4,0,64,12,1,,,,,,,,,,,,,,,,,,,,,,,,,,,,,,,,,,,,,,,,,
,,,,,,,,64143c6c286640f3d1348cf8,2025-01-21_22h27.04.338,VisualArraysMentalRotation_v4,2021.1.4,Win32,57.44485294,679054f2072d526265aabff2,67906cd43a9ef8604c185c7e,"[90,45,-45,-45,45]","[45,90,-45,90,45]",,Red_3,"[90,45,45,-45,45]","[45,90,-45,90,45]",,,,,,,,,RED,3,Different,6,1,,,,,,6,1,0.7936,4,1,65,4,1,,,,,,,,,,,,,,,,,,,,,,,,,,,,,,,,,,,,,,,,,
,,,,,,,,64143c6c286640f3d1348cf8,2025-01-21_22h27.04.338,VisualArraysMentalRotation_v4,2021.1.4,Win32,57.44485294,679054f2072d526265aabff2,67906cd43a9ef8604c185c7e,"[45,45,0,90,45]","[45,45,-45,0,-45]",,Blue_1,"[45,45,0,90,45]","[0,45,-45,0,-45]",,,,,,,,,BLUE,5,Different,6,1,,,,,,5,0,0.6065,4,2,66,14,1,,,,,,,,,,,,,,,,,,,,,,,,,,,,,,,,,,,,,,,,,
,,,,,,,,64143c6c286640f3d1348cf8,2025-01-21_22h27.04.338,VisualArraysMentalRotation_v4,2021.1.4,Win32,57.44485294,679054f2072d526265aabff2,67906cd43a9ef8604c185c7e,"[0,0,90,90,0]","[90,0,90,90,-45]",,Red_1,"[0,0,90,90,0]","[90,0,90,90,-45]",,,,,,,,,RED,3,Same,5,3,,,,,,5,1,0.9643,4,3,67,1,1,,,,,,,,,,,,,,,,,,,,,,,,,,,,,,,,,,,,,,,,,
,,,,,,,,64143c6c286640f3d1348cf8,2025-01-21_22h27.04.338,VisualArraysMentalRotation_v4,2021.1.4,Win32,57.44485294,679054f2072d526265aabff2,67906cd43a9ef8604c185c7e,"[-45,90,0,45,0]","[45,45,90,90,0]",,Red_1,"[-45,90,0,45,0]","[45,45,90,90,0]",,,,,,,,,RED,3,Same,5,1,,,,,,5,1,3.7961,4,4,68,0,1,,,,,,,,,,,,,,,,,,,,,,,,,,,,,,,,,,,,,,,,,
,,,,,,,,64143c6c286640f3d1348cf8,2025-01-21_22h27.04.338,VisualArraysMentalRotation_v4,2021.1.4,Win32,57.44485294,679054f2072d526265aabff2,67906cd43a9ef8604c185c7e,"[45,-45,-45,45,45]","[45,45,-45,90,0]",,Blue_1,"[45,-45,-45,45,45]","[45,45,-45,90,0]",,,,,,,,,BLUE,5,Same,5,3,,,,,,5,1,0.8512,4,5,69,11,1,,,,,,,,,,,,,,,,,,,,,,,,,,,,,,,,,,,,,,,,,
,,,,,,,,64143c6c286640f3d1348cf8,2025-01-21_22h27.04.338,VisualArraysMentalRotation_v4,2021.1.4,Win32,57.44485294,679054f2072d526265aabff2,67906cd43a9ef8604c185c7e,"[0,-45,0,45,45]","[-45,-45,90,-45,-45]",,Blue_1,"[0,-45,0,45,45]","[0,-45,90,-45,-45]",,,,,,,,,BLUE,3,Different,6,3,,,,,,6,1,1.0564,4,6,70,13,1,,,,,,,,,,,,,,,,,,,,,,,,,,,,,,,,,,,,,,,,,
,,,,,,,,64143c6c286640f3d1348cf8,2025-01-21_22h27.04.338,VisualArraysMentalRotation_v4,2021.1.4,Win32,57.44485294,679054f2072d526265aabff2,67906cd43a9ef8604c185c7e,"[-45,90,0,90,90]","[45,90,45,0,45]",,Red_2,"[-45,90,0,90,90]","[45,90,45,0,45]",,,,,,,,,RED,5,Same,5,3,,,,,,5,1,0.7427,4,7,71,3,1,,,,,,,,,,,,,,,,,,,,,,,,,,,,,,,,,,,,,,,,,
,,,,,,,,64143c6c286640f3d1348cf8,2025-01-21_22h27.04.338,VisualArraysMentalRotation_v4,2021.1.4,Win32,57.44485294,679054f2072d526265aabff2,67906cd43a9ef8604c185c7e,"[0,0,45,45,90]","[0,90,45,0,-45]",,Red_3,"[0,0,45,45,90]","[0,90,45,0,-45]",,,,,,,,,RED,5,Same,5,1,,,,,,5,1,1.2345,4,8,72,2,1,,,,,,,,,,,,,,,,,,,,,,,,,,,,,,,,,,,,,,,,,
,,,,,,,,64143c6c286640f3d1348cf8,2025-01-21_22h27.04.338,VisualArraysMentalRotation_v4,2021.1.4,Win32,57.44485294,679054f2072d526265aabff2,67906cd43a9ef8604c185c7e,"[-45,90,90,45,45]","[45,0,45,0,-45]",,Red_3,"[-45,90,45,45,45]","[45,0,45,0,-45]",,,,,,,,,RED,3,Different,6,3,,,,,,5,0,1.251,4,9,73,5,1,,,,,,,,,,,,,,,,,,,,,,,,,,,,,,,,,,,,,,,,,
,,,,,,,,64143c6c286640f3d1348cf8,2025-01-21_22h27.04.338,VisualArraysMentalRotation_v4,2021.1.4,Win32,57.44485294,679054f2072d526265aabff2,67906cd43a9ef8604c185c7e,"[-45,0,0,45,45]","[-45,90,0,0,-45]",,Blue_5,"[-45,0,0,45,45]","[-45,90,0,0,90]",,,,,,,,,BLUE,5,Different,6,3,,,,,,6,1,4.5072,4,10,74,15,1,,,,,,,,,,,,,,,,,,,,,,,,,,,,,,,,,,,,,,,,,
,,,,,,,,64143c6c286640f3d1348cf8,2025-01-21_22h27.04.338,VisualArraysMentalRotation_v4,2021.1.4,Win32,57.44485294,679054f2072d526265aabff2,67906cd43a9ef8604c185c7e,"[90,90,0,0,45]","[90,0,45,-45,45]",,Blue_2,"[90,90,0,0,45]","[90,0,45,-45,45]",,,,,,,,,BLUE,3,Same,5,1,,,,,,5,1,0.7185,4,11,75,8,1,,,,,,,,,,,,,,,,,,,,,,,,,,,,,,,,,,,,,,,,,
,,,,,,,,64143c6c286640f3d1348cf8,2025-01-21_22h27.04.338,VisualArraysMentalRotation_v4,2021.1.4,Win32,57.44485294,679054f2072d526265aabff2,67906cd43a9ef8604c185c7e,"[0,-45,0,-45,45]","[0,45,45,-45,45]",,Blue_3,"[0,-45,0,-45,45]","[0,45,45,-45,45]",,,,,,,,,BLUE,3,Same,5,3,,,,,,5,1,0.7581,4,12,76,9,1,,,,,,,,,,,,,,,,,,,,,,,,,,,,,,,,,,,,,,,,,
,,,,,,,,64143c6c286640f3d1348cf8,2025-01-21_22h27.04.338,VisualArraysMentalRotation_v4,2021.1.4,Win32,57.44485294,679054f2072d526265aabff2,67906cd43a9ef8604c185c7e,"[45,45,45,0,45]","[45,90,45,90,0]",,Red_4,"[45,45,45,-45,45]","[45,90,45,90,0]",,,,,,,,,RED,5,Different,6,3,,,,,,5,0,0.7843,4,13,77,7,1,,,,,,,,,,,,,,,,,,,,,,,,,,,,,,,,,,,,,,,,,
,,,,,,,,64143c6c286640f3d1348cf8,2025-01-21_22h27.04.338,VisualArraysMentalRotation_v4,2021.1.4,Win32,57.44485294,679054f2072d526265aabff2,67906cd43a9ef8604c185c7e,"[45,-45,-45,90,0]","[-45,45,90,90,90]",,Red_4,"[45,-45,-45,0,0]","[-45,45,90,90,90]",,,,,,,,,RED,5,Different,6,1,,,,,,5,0,0.8065,4,14,78,6,1,,,,,,,,,,,,,,,,,,,,,,,,,,,,,,,,,,,,,,,,,
,,,,,,,,64143c6c286640f3d1348cf8,2025-01-21_22h27.04.338,VisualArraysMentalRotation_v4,2021.1.4,Win32,57.44485294,679054f2072d526265aabff2,67906cd43a9ef8604c185c7e,"[-45,45,0,0,0]","[0,45,90,-45,90]",,Blue_3,"[-45,45,0,0,0]","[0,45,90,-45,90]",,,,,,,,,BLUE,5,Same,5,1,,,,,,5,1,0.8008,4,15,79,10,1,,,,,,,,,,,,,,,,,,,,,,,,,,,,,,,,,,,,,,,,,
,,,,,,,,64143c6c286640f3d1348cf8,2025-01-21_22h27.04.338,VisualArraysMentalRotation_v4,2021.1.4,Win32,57.44485294,679054f2072d526265aabff2,67906cd43a9ef8604c185c7e,"[45,90,45,0,90]","[0,-45,0,90,0]",,Blue_5,"[45,90,45,0,90]","[0,-45,0,90,-45]",,,,,,,,,BLUE,5,Different,6,1,,,,,,6,1,0.9821,5,0,80,14,1,,,,,,,,,,,,,,,,,,,,,,,,,,,,,,,,,,,,,,,,,
,,,,,,,,64143c6c286640f3d1348cf8,2025-01-21_22h27.04.338,VisualArraysMentalRotation_v4,2021.1.4,Win32,57.44485294,679054f2072d526265aabff2,67906cd43a9ef8604c185c7e,"[-45,-45,45,90,0]","[0,0,-45,-45,45]",,Red_2,"[-45,-45,45,90,0]","[0,0,-45,-45,45]",,,,,,,,,RED,5,Same,5,3,,,,,,5,1,0.6179,5,1,81,3,1,,,,,,,,,,,,,,,,,,,,,,,,,,,,,,,,,,,,,,,,,
,,,,,,,,64143c6c286640f3d1348cf8,2025-01-21_22h27.04.338,VisualArraysMentalRotation_v4,2021.1.4,Win32,57.44485294,679054f2072d526265aabff2,67906cd43a9ef8604c185c7e,"[90,-45,-45,0,-45]","[90,0,90,90,0]",,Red_1,"[45,-45,-45,0,-45]","[90,0,90,90,0]",,,,,,,,,RED,5,Different,6,1,,,,,,6,1,0.902,5,2,82,6,1,,,,,,,,,,,,,,,,,,,,,,,,,,,,,,,,,,,,,,,,,
,,,,,,,,64143c6c286640f3d1348cf8,2025-01-21_22h27.04.338,VisualArraysMentalRotation_v4,2021.1.4,Win32,57.44485294,679054f2072d526265aabff2,67906cd43a9ef8604c185c7e,"[45,-45,0,90,90]","[90,45,45,0,45]",,Blue_2,"[45,-45,0,90,90]","[90,45,45,0,45]",,,,,,,,,BLUE,3,Same,5,3,,,,,,5,1,0.8672,5,3,83,9,1,,,,,,,,,,,,,,,,,,,,,,,,,,,,,,,,,,,,,,,,,
,,,,,,,,64143c6c286640f3d1348cf8,2025-01-21_22h27.04.338,VisualArraysMentalRotation_v4,2021.1.4,Win32,57.44485294,679054f2072d526265aabff2,67906cd43a9ef8604c185c7e,"[-45,-45,90,90,90]","[-45,45,90,-45,0]",,Blue_3,"[-45,-45,90,90,90]","[-45,45,-45,-45,0]",,,,,,,,,BLUE,5,Different,6,3,,,,,,5,0,1.6621,5,4,84,15,1,,,,,,,,,,,,,,,,,,,,,,,,,,,,,,,,,,,,,,,,,
,,,,,,,,64143c6c286640f3d1348cf8,2025-01-21_22h27.04.338,VisualArraysMentalRotation_v4,2021.1.4,Win32,57.44485294,679054f2072d526265aabff2,67906cd43a9ef8604c185c7e,"[-45,0,45,-45,90]","[0,90,0,90,-45]",,Red_1,"[0,0,45,-45,90]","[0,90,0,90,-45]",,,,,,,,,RED,3,Different,6,3,,,,,,5,0,0.8523,5,5,85,5,1,,,,,,,,,,,,,,,,,,,,,,,,,,,,,,,,,,,,,,,,,
,,,,,,,,64143c6c286640f3d1348cf8,2025-01-21_22h27.04.338,VisualArraysMentalRotation_v4,2021.1.4,Win32,57.44485294,679054f2072d526265aabff2,67906cd43a9ef8604c185c7e,"[0,0,45,45,45]","[90,90,0,45,90]",,Red_3,"[0,0,45,45,45]","[90,90,0,45,90]",,,,,,,,,RED,3,Same,5,1,,,,,,5,1,0.7599,5,6,86,0,1,,,,,,,,,,,,,,,,,,,,,,,,,,,,,,,,,,,,,,,,,
,,,,,,,,64143c6c286640f3d1348cf8,2025-01-21_22h27.04.338,VisualArraysMentalRotation_v4,2021.1.4,Win32,57.44485294,679054f2072d526265aabff2,67906cd43a9ef8604c185c7e,"[45,0,45,0,90]","[0,0,45,-45,-45]",,Red_3,"[45,0,45,0,90]","[0,0,45,-45,-45]",,,,,,,,,RED,3,Same,5,3,,,,,,5,1,0.6424,5,7,87,1,1,,,,,,,,,,,,,,,,,,,,,,,,,,,,,,,,,,,,,,,,,
,,,,,,,,64143c6c286640f3d1348cf8,2025-01-21_22h27.04.338,VisualArraysMentalRotation_v4,2021.1.4,Win32,57.44485294,679054f2072d526265aabff2,67906cd43a9ef8604c185c7e,"[45,-45,-45,-45,45]","[90,45,90,-45,90]",,Blue_1,"[45,-45,-45,-45,45]","[90,45,90,-45,90]",,,,,,,,,BLUE,3,Same,5,1,,,,,,5,1,0.7186,5,8,88,8,1,,,,,,,,,,,,,,,,,,,,,,,,,,,,,,,,,,,,,,,,,
,,,,,,,,64143c6c286640f3d1348cf8,2025-01-21_22h27.04.338,VisualArraysMentalRotation_v4,2021.1.4,Win32,57.44485294,679054f2072d526265aabff2,67906cd43a9ef8604c185c7e,"[90,90,90,90,90]","[0,0,-45,90,0]",,Blue_1,"[90,90,90,90,90]","[-45,0,-45,90,0]",,,,,,,,,BLUE,3,Different,6,3,,,,,,6,1,1.1023,5,9,89,13,1,,,,,,,,,,,,,,,,,,,,,,,,,,,,,,,,,,,,,,,,,
,,,,,,,,64143c6c286640f3d1348cf8,2025-01-21_22h27.04.338,VisualArraysMentalRotation_v4,2021.1.4,Win32,57.44485294,679054f2072d526265aabff2,67906cd43a9ef8604c185c7e,"[-45,90,-45,45,-45]","[-45,-45,0,90,90]",,Red_1,"[0,90,-45,45,-45]","[-45,-45,0,90,90]",,,,,,,,,RED,5,Different,6,3,,,,,,5,0,0.635,5,10,90,7,1,,,,,,,,,,,,,,,,,,,,,,,,,,,,,,,,,,,,,,,,,
,,,,,,,,64143c6c286640f3d1348cf8,2025-01-21_22h27.04.338,VisualArraysMentalRotation_v4,2021.1.4,Win32,57.44485294,679054f2072d526265aabff2,67906cd43a9ef8604c185c7e,"[90,-45,45,45,90]","[90,45,90,0,0]",,Red_2,"[90,45,45,45,90]","[90,45,90,0,0]",,,,,,,,,RED,3,Different,6,1,,,,,,5,0,0.8049,5,11,91,4,1,,,,,,,,,,,,,,,,,,,,,,,,,,,,,,,,,,,,,,,,,
,,,,,,,,64143c6c286640f3d1348cf8,2025-01-21_22h27.04.338,VisualArraysMentalRotation_v4,2021.1.4,Win32,57.44485294,679054f2072d526265aabff2,67906cd43a9ef8604c185c7e,"[45,90,45,90,45]","[-45,90,0,-45,-45]",,Blue_2,"[45,90,45,90,45]","[-45,45,0,-45,-45]",,,,,,,,,BLUE,3,Different,6,1,,,,,,6,1,0.829,5,12,92,12,1,,,,,,,,,,,,,,,,,,,,,,,,,,,,,,,,,,,,,,,,,
,,,,,,,,64143c6c286640f3d1348cf8,2025-01-21_22h27.04.338,VisualArraysMentalRotation_v4,2021.1.4,Win32,57.44485294,679054f2072d526265aabff2,67906cd43a9ef8604c185c7e,"[-45,-45,0,45,45]","[45,45,-45,0,0]",,Blue_2,"[-45,-45,0,45,45]","[45,45,-45,0,0]",,,,,,,,,BLUE,5,Same,5,1,,,,,,6,0,0.9189,5,13,93,10,1,,,,,,,,,,,,,,,,,,,,,,,,,,,,,,,,,,,,,,,,,
,,,,,,,,64143c6c286640f3d1348cf8,2025-01-21_22h27.04.338,VisualArraysMentalRotation_v4,2021.1.4,Win32,57.44485294,679054f2072d526265aabff2,67906cd43a9ef8604c185c7e,"[-45,45,-45,0,90]","[0,90,90,-45,45]",,Red_1,"[-45,45,-45,0,90]","[0,90,90,-45,45]",,,,,,,,,RED,5,Same,5,1,,,,,,5,1,1.7199,5,14,94,2,1,,,,,,,,,,,,,,,,,,,,,,,,,,,,,,,,,,,,,,,,,
,,,,,,,,64143c6c286640f3d1348cf8,2025-01-21_22h27.04.338,VisualArraysMentalRotation_v4,2021.1.4,Win32,57.44485294,679054f2072d526265aabff2,67906cd43a9ef8604c185c7e,"[0,-45,90,45,-45]","[-45,-45,45,45,-45]",,Blue_1,"[0,-45,90,45,-45]","[-45,-45,45,45,-45]",,,,,,,,,BLUE,5,Same,5,3,,,,,,5,1,0.9012,5,15,95,11,1,,,,,,,,,,,,,,,,,,,,,,,,,,,,,,,,,,,,,,,,,
,,,,,,,,64143c6c286640f3d1348cf8,2025-01-21_22h27.04.338,VisualArraysMentalRotation_v4,2021.1.4,Win32,57.44485294,679054f2072d526265aabff2,67906cd43a9ef8604c185c7e,"[-45,90,45,90,90]","[45,45,-45,0,-45]",,Red_2,"[-45,-45,45,90,90]","[45,45,-45,0,-45]",,,,,,,,,RED,3,Different,6,3,,,,,,6,1,0.9881,6,0,96,5,1,,,,,,,,,,,,,,,,,,,,,,,,,,,,,,,,,,,,,,,,,
,,,,,,,,64143c6c286640f3d1348cf8,2025-01-21_22h27.04.338,VisualArraysMentalRotation_v4,2021.1.4,Win32,57.44485294,679054f2072d526265aabff2,67906cd43a9ef8604c185c7e,"[-45,-45,45,0,0]","[90,-45,-45,-45,45]",,Red_1,"[-45,-45,45,0,0]","[90,-45,-45,-45,45]",,,,,,,,,RED,3,Same,5,1,,,,,,5,1,0.7513,6,1,97,0,1,,,,,,,,,,,,,,,,,,,,,,,,,,,,,,,,,,,,,,,,,
,,,,,,,,64143c6c286640f3d1348cf8,2025-01-21_22h27.04.338,VisualArraysMentalRotation_v4,2021.1.4,Win32,57.44485294,679054f2072d526265aabff2,67906cd43a9ef8604c185c7e,"[0,0,-45,45,90]","[90,0,0,45,45]",,Red_1,"[90,0,-45,45,90]","[90,0,0,45,45]",,,,,,,,,RED,5,Different,6,3,,,,,,6,1,1.7574,6,2,98,7,1,,,,,,,,,,,,,,,,,,,,,,,,,,,,,,,,,,,,,,,,,
,,,,,,,,64143c6c286640f3d1348cf8,2025-01-21_22h27.04.338,VisualArraysMentalRotation_v4,2021.1.4,Win32,57.44485294,679054f2072d526265aabff2,67906cd43a9ef8604c185c7e,"[90,90,90,45,45]","[0,90,-45,-45,45]",,Blue_5,"[90,90,90,45,45]","[0,90,-45,-45,0]",,,,,,,,,BLUE,5,Different,6,3,,,,,,5,0,2.2437,6,3,99,15,1,,,,,,,,,,,,,,,,,,,,,,,,,,,,,,,,,,,,,,,,,
,,,,,,,,64143c6c286640f3d1348cf8,2025-01-21_22h27.04.338,VisualArraysMentalRotation_v4,2021.1.4,Win32,57.44485294,679054f2072d526265aabff2,67906cd43a9ef8604c185c7e,"[0,0,-45,-45,0]","[90,90,-45,-45,0]",,Red_2,"[0,0,-45,-45,0]","[90,90,-45,-45,0]",,,,,,,,,RED,3,Same,5,3,,,,,,5,1,0.7357,6,4,100,1,1,,,,,,,,,,,,,,,,,,,,,,,,,,,,,,,,,,,,,,,,,
,,,,,,,,64143c6c286640f3d1348cf8,2025-01-21_22h27.04.338,VisualArraysMentalRotation_v4,2021.1.4,Win32,57.44485294,679054f2072d526265aabff2,67906cd43a9ef8604c185c7e,"[0,0,0,0,90]","[-45,45,-45,0,45]",,Blue_2,"[0,0,0,0,90]","[-45,90,-45,0,45]",,,,,,,,,BLUE,3,Different,6,3,,,,,,6,1,1.4038,6,5,101,13,1,,,,,,,,,,,,,,,,,,,,,,,,,,,,,,,,,,,,,,,,,
,,,,,,,,64143c6c286640f3d1348cf8,2025-01-21_22h27.04.338,VisualArraysMentalRotation_v4,2021.1.4,Win32,57.44485294,679054f2072d526265aabff2,67906cd43a9ef8604c185c7e,"[45,90,45,-45,-45]","[-45,45,90,45,0]",,Blue_3,"[45,90,45,-45,-45]","[-45,45,0,45,0]",,,,,,,,,BLUE,3,Different,6,1,,,,,,5,0,0.6513,6,6,102,12,1,,,,,,,,,,,,,,,,,,,,,,,,,,,,,,,,,,,,,,,,,
,,,,,,,,64143c6c286640f3d1348cf8,2025-01-21_22h27.04.338,VisualArraysMentalRotation_v4,2021.1.4,Win32,57.44485294,679054f2072d526265aabff2,67906cd43a9ef8604c185c7e,"[45,45,0,45,-45]","[45,0,90,0,0]",,Red_3,"[45,45,0,45,-45]","[45,0,90,0,0]",,,,,,,,,RED,5,Same,5,1,,,,,,5,1,0.7104,6,7,103,2,1,,,,,,,,,,,,,,,,,,,,,,,,,,,,,,,,,,,,,,,,,
,,,,,,,,64143c6c286640f3d1348cf8,2025-01-21_22h27.04.338,VisualArraysMentalRotation_v4,2021.1.4,Win32,57.44485294,679054f2072d526265aabff2,67906cd43a9ef8604c185c7e,"[90,90,90,90,0]","[-45,90,90,-45,45]",,Blue_5,"[90,90,90,90,0]","[-45,90,90,-45,45]",,,,,,,,,BLUE,5,Same,5,3,,,,,,6,0,1.6354,6,8,104,11,1,,,,,,,,,,,,,,,,,,,,,,,,,,,,,,,,,,,,,,,,,
,,,,,,,,64143c6c286640f3d1348cf8,2025-01-21_22h27.04.338,VisualArraysMentalRotation_v4,2021.1.4,Win32,57.44485294,679054f2072d526265aabff2,67906cd43a9ef8604c185c7e,"[90,-45,45,0,0]","[0,0,-45,-45,-45]",,Red_4,"[90,-45,45,0,0]","[0,0,-45,-45,-45]",,,,,,,,,RED,5,Same,5,3,,,,,,5,1,0.9954,6,9,105,3,1,,,,,,,,,,,,,,,,,,,,,,,,,,,,,,,,,,,,,,,,,
,,,,,,,,64143c6c286640f3d1348cf8,2025-01-21_22h27.04.338,VisualArraysMentalRotation_v4,2021.1.4,Win32,57.44485294,679054f2072d526265aabff2,67906cd43a9ef8604c185c7e,"[45,90,90,0,-45]","[-45,90,0,90,90]",,Blue_4,"[45,90,90,0,-45]","[-45,90,0,90,90]",,,,,,,,,BLUE,5,Same,5,1,,,,,,6,0,2.5561,6,10,106,10,1,,,,,,,,,,,,,,,,,,,,,,,,,,,,,,,,,,,,,,,,,
,,,,,,,,64143c6c286640f3d1348cf8,2025-01-21_22h27.04.338,VisualArraysMentalRotation_v4,2021.1.4,Win32,57.44485294,679054f2072d526265aabff2,67906cd43a9ef8604c185c7e,"[0,90,45,-45,-45]","[45,45,-45,90,90]",,Red_3,"[0,90,-45,-45,-45]","[45,45,-45,90,90]",,,,,,,,,RED,5,Different,6,1,,,,,,5,0,0.6847,6,11,107,6,1,,,,,,,,,,,,,,,,,,,,,,,,,,,,,,,,,,,,,,,,,
,,,,,,,,64143c6c286640f3d1348cf8,2025-01-21_22h27.04.338,VisualArraysMentalRotation_v4,2021.1.4,Win32,57.44485294,679054f2072d526265aabff2,67906cd43a9ef8604c185c7e,"[90,90,-45,0,0]","[-45,45,-45,45,90]",,Blue_4,"[90,90,-45,0,0]","[-45,45,-45,-45,90]",,,,,,,,,BLUE,5,Different,6,1,,,,,,5,0,0.547,6,12,108,14,1,,,,,,,,,,,,,,,,,,,,,,,,,,,,,,,,,,,,,,,,,
,,,,,,,,64143c6c286640f3d1348cf8,2025-01-21_22h27.04.338,VisualArraysMentalRotation_v4,2021.1.4,Win32,57.44485294,679054f2072d526265aabff2,67906cd43a9ef8604c185c7e,"[45,45,-45,90,-45]","[45,90,90,0,45]",,Blue_2,"[45,45,-45,90,-45]","[45,90,90,0,45]",,,,,,,,,BLUE,3,Same,5,1,,,,,,5,1,0.5598,6,13,109,8,1,,,,,,,,,,,,,,,,,,,,,,,,,,,,,,,,,,,,,,,,,
,,,,,,,,64143c6c286640f3d1348cf8,2025-01-21_22h27.04.338,VisualArraysMentalRotation_v4,2021.1.4,Win32,57.44485294,679054f2072d526265aabff2,67906cd43a9ef8604c185c7e,"[45,45,45,0,45]","[0,0,90,-45,-45]",,Red_2,"[45,0,45,0,45]","[0,0,90,-45,-45]",,,,,,,,,RED,3,Different,6,1,,,,,,6,1,0.9353,6,14,110,4,1,,,,,,,,,,,,,,,,,,,,,,,,,,,,,,,,,,,,,,,,,
,,,,,,,,64143c6c286640f3d1348cf8,2025-01-21_22h27.04.338,VisualArraysMentalRotation_v4,2021.1.4,Win32,57.44485294,679054f2072d526265aabff2,67906cd43a9ef8604c185c7e,"[90,-45,0,45,90]","[0,90,-45,0,0]",,Blue_1,"[90,-45,0,45,90]","[0,90,-45,0,0]",,,,,,,,,BLUE,3,Same,5,3,,,,,,5,1,0.7283,6,15,111,9,1,,,,,,,,,,,,,,,,,,,,,,,,,,,,,,,,,,,,,,,,,
,,,,,,,,64143c6c286640f3d1348cf8,2025-01-21_22h27.04.338,VisualArraysMentalRotation_v4,2021.1.4,Win32,57.44485294,679054f2072d526265aabff2,67906cd43a9ef8604c185c7e,,,,,,,,,,,,,,,,,,,,,,,,,,,,,,,,,0,0,0,0,1,,,,,,,,,,,,,,,,,,,,,,,,,,,,,,,,,,,,
,,,,,,,,64143c6c286640f3d1348cf8,2025-01-21_22h27.04.338,VisualArraysMentalRotation_v4,2021.1.4,Win32,57.44485294,679054f2072d526265aabff2,67906cd43a9ef8604c185c7e,,,,,,,,,,,,,,,,,,,,,,,,,,,,,,,,,,,,,,0,0,0,0,1,1,0,,,,,,,,,,,,,,,,,,,,,,,,,,,,,
,,,,,,,,64143c6c286640f3d1348cf8,2025-01-21_22h27.04.338,VisualArraysMentalRotation_v4,2021.1.4,Win32,57.44485294,679054f2072d526265aabff2,67906cd43a9ef8604c185c7e,,,,,,,,,,,,,,,,,,,,,,,,,,,,,,,,,,,,,,,,,,,,,n,1,3.8651,0,0,0,9,1,PracticeStim/36_100_R.jpg,100,Different,n,,,,,,,,,,,,,,,,,
,,,,,,,,64143c6c286640f3d1348cf8,2025-01-21_22h27.04.338,VisualArraysMentalRotation_v4,2021.1.4,Win32,57.44485294,679054f2072d526265aabff2,67906cd43a9ef8604c185c7e,,,,,,,,,,,,,,,,,,,,,,,,,,,,,,,,,,,,,,,,,,,,,b,1,2.4289,0,1,1,11,1,PracticeStim/42_50.jpg,50,Same,b,,,,,,,,,,,,,,,,,
,,,,,,,,64143c6c286640f3d1348cf8,2025-01-21_22h27.04.338,VisualArraysMentalRotation_v4,2021.1.4,Win32,57.44485294,679054f2072d526265aabff2,67906cd43a9ef8604c185c7e,,,,,,,,,,,,,,,,,,,,,,,,,,,,,,,,,,,,,,,,,,,,,n,1,1.6176,0,2,2,8,1,PracticeStim/33_50_R.jpg,50,Different,n,,,,,,,,,,,,,,,,,
,,,,,,,,64143c6c286640f3d1348cf8,2025-01-21_22h27.04.338,VisualArraysMentalRotation_v4,2021.1.4,Win32,57.44485294,679054f2072d526265aabff2,67906cd43a9ef8604c185c7e,,,,,,,,,,,,,,,,,,,,,,,,,,,,,,,,,,,,,,,,,,,,,n,0,1.6909,0,3,3,3,1,PracticeStim/18_150.jpg,150,Same,b,,,,,,,,,,,,,,,,,
,,,,,,,,64143c6c286640f3d1348cf8,2025-01-21_22h27.04.338,VisualArraysMentalRotation_v4,2021.1.4,Win32,57.44485294,679054f2072d526265aabff2,67906cd43a9ef8604c185c7e,,,,,,,,,,,,,,,,,,,,,,,,,,,,,,,,,,,,,,,,,,,,,n,1,2.5933,0,4,4,1,1,PracticeStim/9_100_R.jpg,100,Different,n,,,,,,,,,,,,,,,,,
,,,,,,,,64143c6c286640f3d1348cf8,2025-01-21_22h27.04.338,VisualArraysMentalRotation_v4,2021.1.4,Win32,57.44485294,679054f2072d526265aabff2,67906cd43a9ef8604c185c7e,,,,,,,,,,,,,,,,,,,,,,,,,,,,,,,,,,,,,,,,,,,,,n,1,2.4215,0,5,5,0,1,PracticeStim/7_100_R.jpg,100,Different,n,,,,,,,,,,,,,,,,,
,,,,,,,,64143c6c286640f3d1348cf8,2025-01-21_22h27.04.338,VisualArraysMentalRotation_v4,2021.1.4,Win32,57.44485294,679054f2072d526265aabff2,67906cd43a9ef8604c185c7e,,,,,,,,,,,,,,,,,,,,,,,,,,,,,,,,,,,,,,,,,,,,,n,1,3.4658,0,6,6,7,1,PracticeStim/31_50_R.jpg,50,Different,n,,,,,,,,,,,,,,,,,
,,,,,,,,64143c6c286640f3d1348cf8,2025-01-21_22h27.04.338,VisualArraysMentalRotation_v4,2021.1.4,Win32,57.44485294,679054f2072d526265aabff2,67906cd43a9ef8604c185c7e,,,,,,,,,,,,,,,,,,,,,,,,,,,,,,,,,,,,,,,,,,,,,b,0,1.2985,0,7,7,6,1,PracticeStim/30_100_R.jpg,100,Different,n,,,,,,,,,,,,,,,,,
,,,,,,,,64143c6c286640f3d1348cf8,2025-01-21_22h27.04.338,VisualArraysMentalRotation_v4,2021.1.4,Win32,57.44485294,679054f2072d526265aabff2,67906cd43a9ef8604c185c7e,,,,,,,,,,,,,,,,,,,,,,,,,,,,,,,,,,,,,,,,,,,,,b,1,2.0644,0,8,8,2,1,PracticeStim/17_50.jpg,50,Same,b,,,,,,,,,,,,,,,,,
,,,,,,,,64143c6c286640f3d1348cf8,2025-01-21_22h27.04.338,VisualArraysMentalRotation_v4,2021.1.4,Win32,57.44485294,679054f2072d526265aabff2,67906cd43a9ef8604c185c7e,,,,,,,,,,,,,,,,,,,,,,,,,,,,,,,,,,,,,,,,,,,,,n,0,1.4425,0,9,9,5,1,PracticeStim/26_150.jpg,150,Same,b,,,,,,,,,,,,,,,,,
,,,,,,,,64143c6c286640f3d1348cf8,2025-01-21_22h27.04.338,VisualArraysMentalRotation_v4,2021.1.4,Win32,57.44485294,679054f2072d526265aabff2,67906cd43a9ef8604c185c7e,,,,,,,,,,,,,,,,,,,,,,,,,,,,,,,,,,,,,,,,,,,,,b,1,2.1351,0,10,10,4,1,PracticeStim/25_150.jpg,150,Same,b,,,,,,,,,,,,,,,,,
,,,,,,,,64143c6c286640f3d1348cf8,2025-01-21_22h27.04.338,VisualArraysMentalRotation_v4,2021.1.4,Win32,57.44485294,679054f2072d526265aabff2,67906cd43a9ef8604c185c7e,,,,,,,,,,,,,,,,,,,,,,,,,,,,,,,,,,,,,,,,,,,,,b,1,2.2434,0,11,11,10,1,PracticeStim/41_150.jpg,150,Same,b,,,,,,,,,,,,,,,,,
,,,,,,,,64143c6c286640f3d1348cf8,2025-01-21_22h27.04.338,VisualArraysMentalRotation_v4,2021.1.4,Win32,57.44485294,679054f2072d526265aabff2,67906cd43a9ef8604c185c7e,,,,,,,,,,,,,,,,,,,,,,,,,,,,,,,,,,,,,,,,,,,,,,,,,,,,,,,,,Stimuli/28_150_R.jpg,Different,150,n,,0,0,0,0,0,1,,,,,,
,,,,,,,,64143c6c286640f3d1348cf8,2025-01-21_22h27.04.338,VisualArraysMentalRotation_v4,2021.1.4,Win32,57.44485294,679054f2072d526265aabff2,67906cd43a9ef8604c185c7e,,,,,,,,,,,,,,,,,,,,,,,,,,,,,,,,,,,,,,,,,,,,,,,,,,,,,,,,,Stimuli/40_50.jpg,Same,50,b,b,1,1,0,1,0,1,0.6946,,,,,
,,,,,,,,64143c6c286640f3d1348cf8,2025-01-21_22h27.04.338,VisualArraysMentalRotation_v4,2021.1.4,Win32,57.44485294,679054f2072d526265aabff2,67906cd43a9ef8604c185c7e,,,,,,,,,,,,,,,,,,,,,,,,,,,,,,,,,,,,,,,,,,,,,,,,,,,,,,,,,Stimuli/43_50.jpg,Same,50,b,n,0,2,0,2,0,1,1.3819,,,,,
,,,,,,,,64143c6c286640f3d1348cf8,2025-01-21_22h27.04.338,VisualArraysMentalRotation_v4,2021.1.4,Win32,57.44485294,679054f2072d526265aabff2,67906cd43a9ef8604c185c7e,,,,,,,,,,,,,,,,,,,,,,,,,,,,,,,,,,,,,,,,,,,,,,,,,,,,,,,,,Stimuli/43_100_R.jpg,Different,100,n,b,0,3,0,3,0,1,2.0252,,,,,
,,,,,,,,64143c6c286640f3d1348cf8,2025-01-21_22h27.04.338,VisualArraysMentalRotation_v4,2021.1.4,Win32,57.44485294,679054f2072d526265aabff2,67906cd43a9ef8604c185c7e,,,,,,,,,,,,,,,,,,,,,,,,,,,,,,,,,,,,,,,,,,,,,,,,,,,,,,,,,Stimuli/22_100_R.jpg,Different,100,n,n,1,4,0,4,0,1,3.7169,,,,,
,,,,,,,,64143c6c286640f3d1348cf8,2025-01-21_22h27.04.338,VisualArraysMentalRotation_v4,2021.1.4,Win32,57.44485294,679054f2072d526265aabff2,67906cd43a9ef8604c185c7e,,,,,,,,,,,,,,,,,,,,,,,,,,,,,,,,,,,,,,,,,,,,,,,,,,,,,,,,,Stimuli/27_50_R.jpg,Different,50,n,n,1,5,0,5,0,1,2.5836,,,,,
,,,,,,,,64143c6c286640f3d1348cf8,2025-01-21_22h27.04.338,VisualArraysMentalRotation_v4,2021.1.4,Win32,57.44485294,679054f2072d526265aabff2,67906cd43a9ef8604c185c7e,,,,,,,,,,,,,,,,,,,,,,,,,,,,,,,,,,,,,,,,,,,,,,,,,,,,,,,,,Stimuli/22_0.jpg,Same,0,b,b,1,6,0,6,0,1,1.5819,,,,,
,,,,,,,,64143c6c286640f3d1348cf8,2025-01-21_22h27.04.338,VisualArraysMentalRotation_v4,2021.1.4,Win32,57.44485294,679054f2072d526265aabff2,67906cd43a9ef8604c185c7e,,,,,,,,,,,,,,,,,,,,,,,,,,,,,,,,,,,,,,,,,,,,,,,,,,,,,,,,,Stimuli/3_150_R.jpg,Different,150,n,n,1,7,0,7,0,1,2.0171,,,,,
,,,,,,,,64143c6c286640f3d1348cf8,2025-01-21_22h27.04.338,VisualArraysMentalRotation_v4,2021.1.4,Win32,57.44485294,679054f2072d526265aabff2,67906cd43a9ef8604c185c7e,,,,,,,,,,,,,,,,,,,,,,,,,,,,,,,,,,,,,,,,,,,,,,,,,,,,,,,,,Stimuli/21_150.jpg,Same,150,b,b,1,8,0,8,0,1,2.8839,,,,,
,,,,,,,,64143c6c286640f3d1348cf8,2025-01-21_22h27.04.338,VisualArraysMentalRotation_v4,2021.1.4,Win32,57.44485294,679054f2072d526265aabff2,67906cd43a9ef8604c185c7e,,,,,,,,,,,,,,,,,,,,,,,,,,,,,,,,,,,,,,,,,,,,,,,,,,,,,,,,,Stimuli/27_100_R.jpg,Different,100,n,n,1,9,0,9,0,1,2.1305,,,,,
,,,,,,,,64143c6c286640f3d1348cf8,2025-01-21_22h27.04.338,VisualArraysMentalRotation_v4,2021.1.4,Win32,57.44485294,679054f2072d526265aabff2,67906cd43a9ef8604c185c7e,,,,,,,,,,,,,,,,,,,,,,,,,,,,,,,,,,,,,,,,,,,,,,,,,,,,,,,,,Stimuli/16_0_R.jpg,Different,0,n,b,0,10,0,10,0,1,2.2719,,,,,
,,,,,,,,64143c6c286640f3d1348cf8,2025-01-21_22h27.04.338,VisualArraysMentalRotation_v4,2021.1.4,Win32,57.44485294,679054f2072d526265aabff2,67906cd43a9ef8604c185c7e,,,,,,,,,,,,,,,,,,,,,,,,,,,,,,,,,,,,,,,,,,,,,,,,,,,,,,,,,Stimuli/3_100.jpg,Same,100,b,b,1,11,0,11,0,1,4.0423,,,,,
,,,,,,,,64143c6c286640f3d1348cf8,2025-01-21_22h27.04.338,VisualArraysMentalRotation_v4,2021.1.4,Win32,57.44485294,679054f2072d526265aabff2,67906cd43a9ef8604c185c7e,,,,,,,,,,,,,,,,,,,,,,,,,,,,,,,,,,,,,,,,,,,,,,,,,,,,,,,,,Stimuli/44_50_R.jpg,Different,50,n,n,1,12,0,12,0,1,1.8776,,,,,
,,,,,,,,64143c6c286640f3d1348cf8,2025-01-21_22h27.04.338,VisualArraysMentalRotation_v4,2021.1.4,Win32,57.44485294,679054f2072d526265aabff2,67906cd43a9ef8604c185c7e,,,,,,,,,,,,,,,,,,,,,,,,,,,,,,,,,,,,,,,,,,,,,,,,,,,,,,,,,Stimuli/16_100.jpg,Same,100,b,b,1,13,0,13,0,1,2.5284,,,,,
,,,,,,,,64143c6c286640f3d1348cf8,2025-01-21_22h27.04.338,VisualArraysMentalRotation_v4,2021.1.4,Win32,57.44485294,679054f2072d526265aabff2,67906cd43a9ef8604c185c7e,,,,,,,,,,,,,,,,,,,,,,,,,,,,,,,,,,,,,,,,,,,,,,,,,,,,,,,,,Stimuli/21_50_R.jpg,Different,50,n,n,1,14,0,14,0,1,1.5974,,,,,
,,,,,,,,64143c6c286640f3d1348cf8,2025-01-21_22h27.04.338,VisualArraysMentalRotation_v4,2021.1.4,Win32,57.44485294,679054f2072d526265aabff2,67906cd43a9ef8604c185c7e,,,,,,,,,,,,,,,,,,,,,,,,,,,,,,,,,,,,,,,,,,,,,,,,,,,,,,,,,Stimuli/16_50_R.jpg,Different,50,n,n,1,15,0,15,0,1,1.8135,,,,,
,,,,,,,,64143c6c286640f3d1348cf8,2025-01-21_22h27.04.338,VisualArraysMentalRotation_v4,2021.1.4,Win32,57.44485294,679054f2072d526265aabff2,67906cd43a9ef8604c185c7e,,,,,,,,,,,,,,,,,,,,,,,,,,,,,,,,,,,,,,,,,,,,,,,,,,,,,,,,,Stimuli/19_100.jpg,Same,100,b,b,1,16,0,16,0,1,1.4728,,,,,
,,,,,,,,64143c6c286640f3d1348cf8,2025-01-21_22h27.04.338,VisualArraysMentalRotation_v4,2021.1.4,Win32,57.44485294,679054f2072d526265aabff2,67906cd43a9ef8604c185c7e,,,,,,,,,,,,,,,,,,,,,,,,,,,,,,,,,,,,,,,,,,,,,,,,,,,,,,,,,Stimuli/21_50.jpg,Same,50,b,b,1,17,0,17,0,1,2.0244,,,,,
,,,,,,,,64143c6c286640f3d1348cf8,2025-01-21_22h27.04.338,VisualArraysMentalRotation_v4,2021.1.4,Win32,57.44485294,679054f2072d526265aabff2,67906cd43a9ef8604c185c7e,,,,,,,,,,,,,,,,,,,,,,,,,,,,,,,,,,,,,,,,,,,,,,,,,,,,,,,,,Stimuli/38_100_R.jpg,Different,100,n,n,1,18,0,18,0,1,1.7908,,,,,
,,,,,,,,64143c6c286640f3d1348cf8,2025-01-21_22h27.04.338,VisualArraysMentalRotation_v4,2021.1.4,Win32,57.44485294,679054f2072d526265aabff2,67906cd43a9ef8604c185c7e,,,,,,,,,,,,,,,,,,,,,,,,,,,,,,,,,,,,,,,,,,,,,,,,,,,,,,,,,Stimuli/27_50.jpg,Same,50,b,n,0,19,0,19,0,1,1.6064,,,,,
,,,,,,,,64143c6c286640f3d1348cf8,2025-01-21_22h27.04.338,VisualArraysMentalRotation_v4,2021.1.4,Win32,57.44485294,679054f2072d526265aabff2,67906cd43a9ef8604c185c7e,,,,,,,,,,,,,,,,,,,,,,,,,,,,,,,,,,,,,,,,,,,,,,,,,,,,,,,,,Stimuli/32_150_R.jpg,Different,150,n,n,1,20,0,20,0,1,5.8247,,,,,
,,,,,,,,64143c6c286640f3d1348cf8,2025-01-21_22h27.04.338,VisualArraysMentalRotation_v4,2021.1.4,Win32,57.44485294,679054f2072d526265aabff2,67906cd43a9ef8604c185c7e,,,,,,,,,,,,,,,,,,,,,,,,,,,,,,,,,,,,,,,,,,,,,,,,,,,,,,,,,Stimuli/16_50.jpg,Same,50,b,b,1,21,0,21,0,1,2.964,,,,,
,,,,,,,,64143c6c286640f3d1348cf8,2025-01-21_22h27.04.338,VisualArraysMentalRotation_v4,2021.1.4,Win32,57.44485294,679054f2072d526265aabff2,67906cd43a9ef8604c185c7e,,,,,,,,,,,,,,,,,,,,,,,,,,,,,,,,,,,,,,,,,,,,,,,,,,,,,,,,,Stimuli/16_150.jpg,Same,150,b,b,1,22,0,22,0,1,2.4025,,,,,
,,,,,,,,64143c6c286640f3d1348cf8,2025-01-21_22h27.04.338,VisualArraysMentalRotation_v4,2021.1.4,Win32,57.44485294,679054f2072d526265aabff2,67906cd43a9ef8604c185c7e,,,,,,,,,,,,,,,,,,,,,,,,,,,,,,,,,,,,,,,,,,,,,,,,,,,,,,,,,Stimuli/28_0.jpg,Same,0,b,b,1,23,0,23,0,1,1.1905,,,,,
,,,,,,,,64143c6c286640f3d1348cf8,2025-01-21_22h27.04.338,VisualArraysMentalRotation_v4,2021.1.4,Win32,57.44485294,679054f2072d526265aabff2,67906cd43a9ef8604c185c7e,,,,,,,,,,,,,,,,,,,,,,,,,,,,,,,,,,,,,,,,,,,,,,,,,,,,,,,,,Stimuli/43_50_R.jpg,Different,50,n,n,1,24,0,24,0,1,2.8738,,,,,
,,,,,,,,64143c6c286640f3d1348cf8,2025-01-21_22h27.04.338,VisualArraysMentalRotation_v4,2021.1.4,Win32,57.44485294,679054f2072d526265aabff2,67906cd43a9ef8604c185c7e,,,,,,,,,,,,,,,,,,,,,,,,,,,,,,,,,,,,,,,,,,,,,,,,,,,,,,,,,Stimuli/19_150_R.jpg,Different,150,n,n,1,25,0,25,0,1,2.3419,,,,,
,,,,,,,,64143c6c286640f3d1348cf8,2025-01-21_22h27.04.338,VisualArraysMentalRotation_v4,2021.1.4,Win32,57.44485294,679054f2072d526265aabff2,67906cd43a9ef8604c185c7e,,,,,,,,,,,,,,,,,,,,,,,,,,,,,,,,,,,,,,,,,,,,,,,,,,,,,,,,,Stimuli/40_150_R.jpg,Different,150,n,n,1,26,0,26,0,1,2.5177,,,,,
,,,,,,,,64143c6c286640f3d1348cf8,2025-01-21_22h27.04.338,VisualArraysMentalRotation_v4,2021.1.4,Win32,57.44485294,679054f2072d526265aabff2,67906cd43a9ef8604c185c7e,,,,,,,,,,,,,,,,,,,,,,,,,,,,,,,,,,,,,,,,,,,,,,,,,,,,,,,,,Stimuli/32_0.jpg,Same,0,b,b,1,27,0,27,0,1,1.0809,,,,,
,,,,,,,,64143c6c286640f3d1348cf8,2025-01-21_22h27.04.338,VisualArraysMentalRotation_v4,2021.1.4,Win32,57.44485294,679054f2072d526265aabff2,67906cd43a9ef8604c185c7e,,,,,,,,,,,,,,,,,,,,,,,,,,,,,,,,,,,,,,,,,,,,,,,,,,,,,,,,,Stimuli/22_0_R.jpg,Different,0,n,n,1,28,0,28,0,1,1.5491,,,,,
,,,,,,,,64143c6c286640f3d1348cf8,2025-01-21_22h27.04.338,VisualArraysMentalRotation_v4,2021.1.4,Win32,57.44485294,679054f2072d526265aabff2,67906cd43a9ef8604c185c7e,,,,,,,,,,,,,,,,,,,,,,,,,,,,,,,,,,,,,,,,,,,,,,,,,,,,,,,,,Stimuli/44_100.jpg,Same,100,b,n,0,29,0,29,0,1,2.1021,,,,,
,,,,,,,,64143c6c286640f3d1348cf8,2025-01-21_22h27.04.338,VisualArraysMentalRotation_v4,2021.1.4,Win32,57.44485294,679054f2072d526265aabff2,67906cd43a9ef8604c185c7e,,,,,,,,,,,,,,,,,,,,,,,,,,,,,,,,,,,,,,,,,,,,,,,,,,,,,,,,,Stimuli/43_0.jpg,Same,0,b,b,1,30,0,30,0,1,1.0223,,,,,
,,,,,,,,64143c6c286640f3d1348cf8,2025-01-21_22h27.04.338,VisualArraysMentalRotation_v4,2021.1.4,Win32,57.44485294,679054f2072d526265aabff2,67906cd43a9ef8604c185c7e,,,,,,,,,,,,,,,,,,,,,,,,,,,,,,,,,,,,,,,,,,,,,,,,,,,,,,,,,Stimuli/38_0_R.jpg,Different,0,n,n,1,31,0,31,0,1,3.6116,,,,,
,,,,,,,,64143c6c286640f3d1348cf8,2025-01-21_22h27.04.338,VisualArraysMentalRotation_v4,2021.1.4,Win32,57.44485294,679054f2072d526265aabff2,67906cd43a9ef8604c185c7e,,,,,,,,,,,,,,,,,,,,,,,,,,,,,,,,,,,,,,,,,,,,,,,,,,,,,,,,,Stimuli/38_100.jpg,Same,100,b,b,1,32,0,32,0,1,2.1017,,,,,
,,,,,,,,64143c6c286640f3d1348cf8,2025-01-21_22h27.04.338,VisualArraysMentalRotation_v4,2021.1.4,Win32,57.44485294,679054f2072d526265aabff2,67906cd43a9ef8604c185c7e,,,,,,,,,,,,,,,,,,,,,,,,,,,,,,,,,,,,,,,,,,,,,,,,,,,,,,,,,Stimuli/40_0_R.jpg,Different,0,n,n,1,33,0,33,0,1,1.9417,,,,,
,,,,,,,,64143c6c286640f3d1348cf8,2025-01-21_22h27.04.338,VisualArraysMentalRotation_v4,2021.1.4,Win32,57.44485294,679054f2072d526265aabff2,67906cd43a9ef8604c185c7e,,,,,,,,,,,,,,,,,,,,,,,,,,,,,,,,,,,,,,,,,,,,,,,,,,,,,,,,,Stimuli/32_50.jpg,Same,50,b,b,1,34,0,34,0,1,1.7413,,,,,
,,,,,,,,64143c6c286640f3d1348cf8,2025-01-21_22h27.04.338,VisualArraysMentalRotation_v4,2021.1.4,Win32,57.44485294,679054f2072d526265aabff2,67906cd43a9ef8604c185c7e,,,,,,,,,,,,,,,,,,,,,,,,,,,,,,,,,,,,,,,,,,,,,,,,,,,,,,,,,Stimuli/32_100_R.jpg,Different,100,n,n,1,35,0,35,0,1,2.0049,,,,,
,,,,,,,,64143c6c286640f3d1348cf8,2025-01-21_22h27.04.338,VisualArraysMentalRotation_v4,2021.1.4,Win32,57.44485294,679054f2072d526265aabff2,67906cd43a9ef8604c185c7e,,,,,,,,,,,,,,,,,,,,,,,,,,,,,,,,,,,,,,,,,,,,,,,,,,,,,,,,,Stimuli/40_50_R.jpg,Different,50,n,n,1,36,0,36,0,1,2.1928,,,,,
,,,,,,,,64143c6c286640f3d1348cf8,2025-01-21_22h27.04.338,VisualArraysMentalRotation_v4,2021.1.4,Win32,57.44485294,679054f2072d526265aabff2,67906cd43a9ef8604c185c7e,,,,,,,,,,,,,,,,,,,,,,,,,,,,,,,,,,,,,,,,,,,,,,,,,,,,,,,,,Stimuli/27_150.jpg,Same,150,b,b,1,37,0,37,0,1,2.0784,,,,,
,,,,,,,,64143c6c286640f3d1348cf8,2025-01-21_22h27.04.338,VisualArraysMentalRotation_v4,2021.1.4,Win32,57.44485294,679054f2072d526265aabff2,67906cd43a9ef8604c185c7e,,,,,,,,,,,,,,,,,,,,,,,,,,,,,,,,,,,,,,,,,,,,,,,,,,,,,,,,,Stimuli/27_0.jpg,Same,0,b,b,1,38,0,38,0,1,0.9282,,,,,
,,,,,,,,64143c6c286640f3d1348cf8,2025-01-21_22h27.04.338,VisualArraysMentalRotation_v4,2021.1.4,Win32,57.44485294,679054f2072d526265aabff2,67906cd43a9ef8604c185c7e,,,,,,,,,,,,,,,,,,,,,,,,,,,,,,,,,,,,,,,,,,,,,,,,,,,,,,,,,Stimuli/40_150.jpg,Same,150,b,b,1,39,0,39,0,1,2.6358,,,,,
,,,,,,,,64143c6c286640f3d1348cf8,2025-01-21_22h27.04.338,VisualArraysMentalRotation_v4,2021.1.4,Win32,57.44485294,679054f2072d526265aabff2,67906cd43a9ef8604c185c7e,,,,,,,,,,,,,,,,,,,,,,,,,,,,,,,,,,,,,,,,,,,,,,,,,,,,,,,,,Stimuli/19_0_R.jpg,Different,0,n,n,1,40,0,40,0,1,1.2913,,,,,
,,,,,,,,64143c6c286640f3d1348cf8,2025-01-21_22h27.04.338,VisualArraysMentalRotation_v4,2021.1.4,Win32,57.44485294,679054f2072d526265aabff2,67906cd43a9ef8604c185c7e,,,,,,,,,,,,,,,,,,,,,,,,,,,,,,,,,,,,,,,,,,,,,,,,,,,,,,,,,Stimuli/22_150_R.jpg,Different,150,n,n,1,41,0,41,0,1,2.3575,,,,,
,,,,,,,,64143c6c286640f3d1348cf8,2025-01-21_22h27.04.338,VisualArraysMentalRotation_v4,2021.1.4,Win32,57.44485294,679054f2072d526265aabff2,67906cd43a9ef8604c185c7e,,,,,,,,,,,,,,,,,,,,,,,,,,,,,,,,,,,,,,,,,,,,,,,,,,,,,,,,,Stimuli/32_150.jpg,Same,150,b,b,1,42,0,42,0,1,2.2183,,,,,
,,,,,,,,64143c6c286640f3d1348cf8,2025-01-21_22h27.04.338,VisualArraysMentalRotation_v4,2021.1.4,Win32,57.44485294,679054f2072d526265aabff2,67906cd43a9ef8604c185c7e,,,,,,,,,,,,,,,,,,,,,,,,,,,,,,,,,,,,,,,,,,,,,,,,,,,,,,,,,Stimuli/19_100_R.jpg,Different,100,n,n,1,43,0,43,0,1,2.5911,,,,,
,,,,,,,,64143c6c286640f3d1348cf8,2025-01-21_22h27.04.338,VisualArraysMentalRotation_v4,2021.1.4,Win32,57.44485294,679054f2072d526265aabff2,67906cd43a9ef8604c185c7e,,,,,,,,,,,,,,,,,,,,,,,,,,,,,,,,,,,,,,,,,,,,,,,,,,,,,,,,,Stimuli/44_0_R.jpg,Different,0,n,n,1,44,0,44,0,1,1.9814,,,,,
,,,,,,,,64143c6c286640f3d1348cf8,2025-01-21_22h27.04.338,VisualArraysMentalRotation_v4,2021.1.4,Win32,57.44485294,679054f2072d526265aabff2,67906cd43a9ef8604c185c7e,,,,,,,,,,,,,,,,,,,,,,,,,,,,,,,,,,,,,,,,,,,,,,,,,,,,,,,,,Stimuli/21_100.jpg,Same,100,b,b,1,45,0,45,0,1,3.3562,,,,,
,,,,,,,,64143c6c286640f3d1348cf8,2025-01-21_22h27.04.338,VisualArraysMentalRotation_v4,2021.1.4,Win32,57.44485294,679054f2072d526265aabff2,67906cd43a9ef8604c185c7e,,,,,,,,,,,,,,,,,,,,,,,,,,,,,,,,,,,,,,,,,,,,,,,,,,,,,,,,,Stimuli/44_0.jpg,Same,0,b,b,1,46,0,46,0,1,1.1299,,,,,
,,,,,,,,64143c6c286640f3d1348cf8,2025-01-21_22h27.04.338,VisualArraysMentalRotation_v4,2021.1.4,Win32,57.44485294,679054f2072d526265aabff2,67906cd43a9ef8604c185c7e,,,,,,,,,,,,,,,,,,,,,,,,,,,,,,,,,,,,,,,,,,,,,,,,,,,,,,,,,Stimuli/28_150.jpg,Same,150,b,b,1,47,0,47,0,1,2.785,,,,,
,,,,,,,,64143c6c286640f3d1348cf8,2025-01-21_22h27.04.338,VisualArraysMentalRotation_v4,2021.1.4,Win32,57.44485294,679054f2072d526265aabff2,67906cd43a9ef8604c185c7e,,,,,,,,,,,,,,,,,,,,,,,,,,,,,,,,,,,,,,,,,,,,,,,,,,,,,,,,,Stimuli/38_150_R.jpg,Different,150,n,n,1,48,0,48,0,1,1.5672,,,,,
,,,,,,,,64143c6c286640f3d1348cf8,2025-01-21_22h27.04.338,VisualArraysMentalRotation_v4,2021.1.4,Win32,57.44485294,679054f2072d526265aabff2,67906cd43a9ef8604c185c7e,,,,,,,,,,,,,,,,,,,,,,,,,,,,,,,,,,,,,,,,,,,,,,,,,,,,,,,,,Stimuli/40_0.jpg,Same,0,b,b,1,49,0,49,0,1,1.1012,,,,,
,,,,,,,,64143c6c286640f3d1348cf8,2025-01-21_22h27.04.338,VisualArraysMentalRotation_v4,2021.1.4,Win32,57.44485294,679054f2072d526265aabff2,67906cd43a9ef8604c185c7e,,,,,,,,,,,,,,,,,,,,,,,,,,,,,,,,,,,,,,,,,,,,,,,,,,,,,,,,,Stimuli/19_150.jpg,Same,150,b,b,1,50,0,50,0,1,1.9672,,,,,
,,,,,,,,64143c6c286640f3d1348cf8,2025-01-21_22h27.04.338,VisualArraysMentalRotation_v4,2021.1.4,Win32,57.44485294,679054f2072d526265aabff2,67906cd43a9ef8604c185c7e,,,,,,,,,,,,,,,,,,,,,,,,,,,,,,,,,,,,,,,,,,,,,,,,,,,,,,,,,Stimuli/21_150_R.jpg,Different,150,n,n,1,51,0,51,0,1,1.2999,,,,,
,,,,,,,,64143c6c286640f3d1348cf8,2025-01-21_22h27.04.338,VisualArraysMentalRotation_v4,2021.1.4,Win32,57.44485294,679054f2072d526265aabff2,67906cd43a9ef8604c185c7e,,,,,,,,,,,,,,,,,,,,,,,,,,,,,,,,,,,,,,,,,,,,,,,,,,,,,,,,,Stimuli/32_100.jpg,Same,100,b,b,1,52,0,52,0,1,2.4314,,,,,
,,,,,,,,64143c6c286640f3d1348cf8,2025-01-21_22h27.04.338,VisualArraysMentalRotation_v4,2021.1.4,Win32,57.44485294,679054f2072d526265aabff2,67906cd43a9ef8604c185c7e,,,,,,,,,,,,,,,,,,,,,,,,,,,,,,,,,,,,,,,,,,,,,,,,,,,,,,,,,Stimuli/44_150_R.jpg,Different,150,n,n,1,53,0,53,0,1,1.4558,,,,,
,,,,,,,,64143c6c286640f3d1348cf8,2025-01-21_22h27.04.338,VisualArraysMentalRotation_v4,2021.1.4,Win32,57.44485294,679054f2072d526265aabff2,67906cd43a9ef8604c185c7e,,,,,,,,,,,,,,,,,,,,,,,,,,,,,,,,,,,,,,,,,,,,,,,,,,,,,,,,,Stimuli/38_50_R.jpg,Different,50,n,n,1,54,0,54,0,1,2.0134,,,,,
,,,,,,,,64143c6c286640f3d1348cf8,2025-01-21_22h27.04.338,VisualArraysMentalRotation_v4,2021.1.4,Win32,57.44485294,679054f2072d526265aabff2,67906cd43a9ef8604c185c7e,,,,,,,,,,,,,,,,,,,,,,,,,,,,,,,,,,,,,,,,,,,,,,,,,,,,,,,,,Stimuli/28_0_R.jpg,Different,0,n,n,1,55,0,55,0,1,3.3035,,,,,
,,,,,,,,64143c6c286640f3d1348cf8,2025-01-21_22h27.04.338,VisualArraysMentalRotation_v4,2021.1.4,Win32,57.44485294,679054f2072d526265aabff2,67906cd43a9ef8604c185c7e,,,,,,,,,,,,,,,,,,,,,,,,,,,,,,,,,,,,,,,,,,,,,,,,,,,,,,,,,Stimuli/43_150.jpg,Same,150,b,b,1,56,0,56,0,1,2.039,,,,,
,,,,,,,,64143c6c286640f3d1348cf8,2025-01-21_22h27.04.338,VisualArraysMentalRotation_v4,2021.1.4,Win32,57.44485294,679054f2072d526265aabff2,67906cd43a9ef8604c185c7e,,,,,,,,,,,,,,,,,,,,,,,,,,,,,,,,,,,,,,,,,,,,,,,,,,,,,,,,,Stimuli/3_150.jpg,Same,150,b,b,1,57,0,57,0,1,2.5619,,,,,
,,,,,,,,64143c6c286640f3d1348cf8,2025-01-21_22h27.04.338,VisualArraysMentalRotation_v4,2021.1.4,Win32,57.44485294,679054f2072d526265aabff2,67906cd43a9ef8604c185c7e,,,,,,,,,,,,,,,,,,,,,,,,,,,,,,,,,,,,,,,,,,,,,,,,,,,,,,,,,Stimuli/19_50_R.jpg,Different,50,n,n,1,58,0,58,0,1,1.2684,,,,,
,,,,,,,,64143c6c286640f3d1348cf8,2025-01-21_22h27.04.338,VisualArraysMentalRotation_v4,2021.1.4,Win32,57.44485294,679054f2072d526265aabff2,67906cd43a9ef8604c185c7e,,,,,,,,,,,,,,,,,,,,,,,,,,,,,,,,,,,,,,,,,,,,,,,,,,,,,,,,,Stimuli/38_50.jpg,Same,50,b,b,1,59,0,59,0,1,1.9956,,,,,
,,,,,,,,64143c6c286640f3d1348cf8,2025-01-21_22h27.04.338,VisualArraysMentalRotation_v4,2021.1.4,Win32,57.44485294,679054f2072d526265aabff2,67906cd43a9ef8604c185c7e,,,,,,,,,,,,,,,,,,,,,,,,,,,,,,,,,,,,,,,,,,,,,,,,,,,,,,,,,Stimuli/22_150.jpg,Same,150,b,b,1,60,0,60,0,1,2.299,,,,,
,,,,,,,,64143c6c286640f3d1348cf8,2025-01-21_22h27.04.338,VisualArraysMentalRotation_v4,2021.1.4,Win32,57.44485294,679054f2072d526265aabff2,67906cd43a9ef8604c185c7e,,,,,,,,,,,,,,,,,,,,,,,,,,,,,,,,,,,,,,,,,,,,,,,,,,,,,,,,,Stimuli/43_150_R.jpg,Different,150,n,n,1,61,0,61,0,1,2.1837,,,,,
,,,,,,,,64143c6c286640f3d1348cf8,2025-01-21_22h27.04.338,VisualArraysMentalRotation_v4,2021.1.4,Win32,57.44485294,679054f2072d526265aabff2,67906cd43a9ef8604c185c7e,,,,,,,,,,,,,,,,,,,,,,,,,,,,,,,,,,,,,,,,,,,,,,,,,,,,,,,,,Stimuli/21_0.jpg,Same,0,b,b,1,62,0,62,0,1,1.1515,,,,,
,,,,,,,,64143c6c286640f3d1348cf8,2025-01-21_22h27.04.338,VisualArraysMentalRotation_v4,2021.1.4,Win32,57.44485294,679054f2072d526265aabff2,67906cd43a9ef8604c185c7e,,,,,,,,,,,,,,,,,,,,,,,,,,,,,,,,,,,,,,,,,,,,,,,,,,,,,,,,,Stimuli/38_0.jpg,Same,0,b,b,1,63,0,63,0,1,1.435,,,,,
,,,,,,,,64143c6c286640f3d1348cf8,2025-01-21_22h27.04.338,VisualArraysMentalRotation_v4,2021.1.4,Win32,57.44485294,679054f2072d526265aabff2,67906cd43a9ef8604c185c7e,,,,,,,,,,,,,,,,,,,,,,,,,,,,,,,,,,,,,,,,,,,,,,,,,,,,,,,,,Stimuli/28_50_R.jpg,Different,50,n,n,1,64,0,64,0,1,1.5006,,,,,
,,,,,,,,64143c6c286640f3d1348cf8,2025-01-21_22h27.04.338,VisualArraysMentalRotation_v4,2021.1.4,Win32,57.44485294,679054f2072d526265aabff2,67906cd43a9ef8604c185c7e,,,,,,,,,,,,,,,,,,,,,,,,,,,,,,,,,,,,,,,,,,,,,,,,,,,,,,,,,Stimuli/44_100_R.jpg,Different,100,n,n,1,65,0,65,0,1,2.3163,,,,,
,,,,,,,,64143c6c286640f3d1348cf8,2025-01-21_22h27.04.338,VisualArraysMentalRotation_v4,2021.1.4,Win32,57.44485294,679054f2072d526265aabff2,67906cd43a9ef8604c185c7e,,,,,,,,,,,,,,,,,,,,,,,,,,,,,,,,,,,,,,,,,,,,,,,,,,,,,,,,,Stimuli/16_0.jpg,Same,0,b,b,1,66,0,66,0,1,1.0008,,,,,
,,,,,,,,64143c6c286640f3d1348cf8,2025-01-21_22h27.04.338,VisualArraysMentalRotation_v4,2021.1.4,Win32,57.44485294,679054f2072d526265aabff2,67906cd43a9ef8604c185c7e,,,,,,,,,,,,,,,,,,,,,,,,,,,,,,,,,,,,,,,,,,,,,,,,,,,,,,,,,Stimuli/27_100.jpg,Same,100,b,b,1,67,0,67,0,1,2.5655,,,,,
,,,,,,,,64143c6c286640f3d1348cf8,2025-01-21_22h27.04.338,VisualArraysMentalRotation_v4,2021.1.4,Win32,57.44485294,679054f2072d526265aabff2,67906cd43a9ef8604c185c7e,,,,,,,,,,,,,,,,,,,,,,,,,,,,,,,,,,,,,,,,,,,,,,,,,,,,,,,,,Stimuli/21_100_R.jpg,Different,100,n,n,1,68,0,68,0,1,1.4426,,,,,
,,,,,,,,64143c6c286640f3d1348cf8,2025-01-21_22h27.04.338,VisualArraysMentalRotation_v4,2021.1.4,Win32,57.44485294,679054f2072d526265aabff2,67906cd43a9ef8604c185c7e,,,,,,,,,,,,,,,,,,,,,,,,,,,,,,,,,,,,,,,,,,,,,,,,,,,,,,,,,Stimuli/3_50.jpg,Same,50,b,b,1,69,0,69,0,1,1.8061,,,,,
,,,,,,,,64143c6c286640f3d1348cf8,2025-01-21_22h27.04.338,VisualArraysMentalRotation_v4,2021.1.4,Win32,57.44485294,679054f2072d526265aabff2,67906cd43a9ef8604c185c7e,,,,,,,,,,,,,,,,,,,,,,,,,,,,,,,,,,,,,,,,,,,,,,,,,,,,,,,,,Stimuli/16_150_R.jpg,Different,150,n,n,1,70,0,70,0,1,1.2645,,,,,
,,,,,,,,64143c6c286640f3d1348cf8,2025-01-21_22h27.04.338,VisualArraysMentalRotation_v4,2021.1.4,Win32,57.44485294,679054f2072d526265aabff2,67906cd43a9ef8604c185c7e,,,,,,,,,,,,,,,,,,,,,,,,,,,,,,,,,,,,,,,,,,,,,,,,,,,,,,,,,Stimuli/19_0.jpg,Same,0,b,b,1,71,0,71,0,1,0.98,,,,,
,,,,,,,,64143c6c286640f3d1348cf8,2025-01-21_22h27.04.338,VisualArraysMentalRotation_v4,2021.1.4,Win32,57.44485294,679054f2072d526265aabff2,67906cd43a9ef8604c185c7e,,,,,,,,,,,,,,,,,,,,,,,,,,,,,,,,,,,,,,,,,,,,,,,,,,,,,,,,,Stimuli/44_150.jpg,Same,150,b,b,1,72,0,72,0,1,1.4523,,,,,
,,,,,,,,64143c6c286640f3d1348cf8,2025-01-21_22h27.04.338,VisualArraysMentalRotation_v4,2021.1.4,Win32,57.44485294,679054f2072d526265aabff2,67906cd43a9ef8604c185c7e,,,,,,,,,,,,,,,,,,,,,,,,,,,,,,,,,,,,,,,,,,,,,,,,,,,,,,,,,Stimuli/3_0_R.jpg,Different,0,n,n,1,73,0,73,0,1,1.8029,,,,,
,,,,,,,,64143c6c286640f3d1348cf8,2025-01-21_22h27.04.338,VisualArraysMentalRotation_v4,2021.1.4,Win32,57.44485294,679054f2072d526265aabff2,67906cd43a9ef8604c185c7e,,,,,,,,,,,,,,,,,,,,,,,,,,,,,,,,,,,,,,,,,,,,,,,,,,,,,,,,,Stimuli/32_50_R.jpg,Different,50,n,n,1,74,0,74,0,1,1.2983,,,,,
,,,,,,,,64143c6c286640f3d1348cf8,2025-01-21_22h27.04.338,VisualArraysMentalRotation_v4,2021.1.4,Win32,57.44485294,679054f2072d526265aabff2,67906cd43a9ef8604c185c7e,,,,,,,,,,,,,,,,,,,,,,,,,,,,,,,,,,,,,,,,,,,,,,,,,,,,,,,,,Stimuli/38_150.jpg,Same,150,b,b,1,75,0,75,0,1,1.5189,,,,,
,,,,,,,,64143c6c286640f3d1348cf8,2025-01-21_22h27.04.338,VisualArraysMentalRotation_v4,2021.1.4,Win32,57.44485294,679054f2072d526265aabff2,67906cd43a9ef8604c185c7e,,,,,,,,,,,,,,,,,,,,,,,,,,,,,,,,,,,,,,,,,,,,,,,,,,,,,,,,,Stimuli/28_100.jpg,Same,100,b,b,1,76,0,76,0,1,3.7586,,,,,
,,,,,,,,64143c6c286640f3d1348cf8,2025-01-21_22h27.04.338,VisualArraysMentalRotation_v4,2021.1.4,Win32,57.44485294,679054f2072d526265aabff2,67906cd43a9ef8604c185c7e,,,,,,,,,,,,,,,,,,,,,,,,,,,,,,,,,,,,,,,,,,,,,,,,,,,,,,,,,Stimuli/22_50_R.jpg,Different,50,n,n,1,77,0,77,0,1,1.2963,,,,,
,,,,,,,,64143c6c286640f3d1348cf8,2025-01-21_22h27.04.338,VisualArraysMentalRotation_v4,2021.1.4,Win32,57.44485294,679054f2072d526265aabff2,67906cd43a9ef8604c185c7e,,,,,,,,,,,,,,,,,,,,,,,,,,,,,,,,,,,,,,,,,,,,,,,,,,,,,,,,,Stimuli/43_0_R.jpg,Different,0,n,n,1,78,0,78,0,1,2.2662,,,,,
,,,,,,,,64143c6c286640f3d1348cf8,2025-01-21_22h27.04.338,VisualArraysMentalRotation_v4,2021.1.4,Win32,57.44485294,679054f2072d526265aabff2,67906cd43a9ef8604c185c7e,,,,,,,,,,,,,,,,,,,,,,,,,,,,,,,,,,,,,,,,,,,,,,,,,,,,,,,,,Stimuli/3_0.jpg,Same,0,b,b,1,79,0,79,0,1,1.6666,,,,,
,,,,,,,,64143c6c286640f3d1348cf8,2025-01-21_22h27.04.338,VisualArraysMentalRotation_v4,2021.1.4,Win32,57.44485294,679054f2072d526265aabff2,67906cd43a9ef8604c185c7e,,,,,,,,,,,,,,,,,,,,,,,,,,,,,,,,,,,,,,,,,,,,,,,,,,,,,,,,,Stimuli/27_150_R.jpg,Different,150,n,n,1,80,0,80,0,1,2.0655,,,,,
,,,,,,,,64143c6c286640f3d1348cf8,2025-01-21_22h27.04.338,VisualArraysMentalRotation_v4,2021.1.4,Win32,57.44485294,679054f2072d526265aabff2,67906cd43a9ef8604c185c7e,,,,,,,,,,,,,,,,,,,,,,,,,,,,,,,,,,,,,,,,,,,,,,,,,,,,,,,,,Stimuli/27_0_R.jpg,Different,0,n,n,1,81,0,81,0,1,3.1513,,,,,
,,,,,,,,64143c6c286640f3d1348cf8,2025-01-21_22h27.04.338,VisualArraysMentalRotation_v4,2021.1.4,Win32,57.44485294,679054f2072d526265aabff2,67906cd43a9ef8604c185c7e,,,,,,,,,,,,,,,,,,,,,,,,,,,,,,,,,,,,,,,,,,,,,,,,,,,,,,,,,Stimuli/19_50.jpg,Same,50,b,b,1,82,0,82,0,1,0.9875,,,,,
,,,,,,,,64143c6c286640f3d1348cf8,2025-01-21_22h27.04.338,VisualArraysMentalRotation_v4,2021.1.4,Win32,57.44485294,679054f2072d526265aabff2,67906cd43a9ef8604c185c7e,,,,,,,,,,,,,,,,,,,,,,,,,,,,,,,,,,,,,,,,,,,,,,,,,,,,,,,,,Stimuli/32_0_R.jpg,Different,0,n,n,1,83,0,83,0,1,2.0249,,,,,
,,,,,,,,64143c6c286640f3d1348cf8,2025-01-21_22h27.04.338,VisualArraysMentalRotation_v4,2021.1.4,Win32,57.44485294,679054f2072d526265aabff2,67906cd43a9ef8604c185c7e,,,,,,,,,,,,,,,,,,,,,,,,,,,,,,,,,,,,,,,,,,,,,,,,,,,,,,,,,Stimuli/3_50_R.jpg,Different,50,n,n,1,84,0,84,0,1,3.8154,,,,,
,,,,,,,,64143c6c286640f3d1348cf8,2025-01-21_22h27.04.338,VisualArraysMentalRotation_v4,2021.1.4,Win32,57.44485294,679054f2072d526265aabff2,67906cd43a9ef8604c185c7e,,,,,,,,,,,,,,,,,,,,,,,,,,,,,,,,,,,,,,,,,,,,,,,,,,,,,,,,,Stimuli/28_50.jpg,Same,50,b,b,1,85,0,85,0,1,2.1497,,,,,
,,,,,,,,64143c6c286640f3d1348cf8,2025-01-21_22h27.04.338,VisualArraysMentalRotation_v4,2021.1.4,Win32,57.44485294,679054f2072d526265aabff2,67906cd43a9ef8604c185c7e,,,,,,,,,,,,,,,,,,,,,,,,,,,,,,,,,,,,,,,,,,,,,,,,,,,,,,,,,Stimuli/21_0_R.jpg,Different,0,n,n,1,86,0,86,0,1,1.0981,,,,,
,,,,,,,,64143c6c286640f3d1348cf8,2025-01-21_22h27.04.338,VisualArraysMentalRotation_v4,2021.1.4,Win32,57.44485294,679054f2072d526265aabff2,67906cd43a9ef8604c185c7e,,,,,,,,,,,,,,,,,,,,,,,,,,,,,,,,,,,,,,,,,,,,,,,,,,,,,,,,,Stimuli/40_100.jpg,Same,100,b,b,1,87,0,87,0,1,2.0095,,,,,
,,,,,,,,64143c6c286640f3d1348cf8,2025-01-21_22h27.04.338,VisualArraysMentalRotation_v4,2021.1.4,Win32,57.44485294,679054f2072d526265aabff2,67906cd43a9ef8604c185c7e,,,,,,,,,,,,,,,,,,,,,,,,,,,,,,,,,,,,,,,,,,,,,,,,,,,,,,,,,Stimuli/22_100.jpg,Same,100,b,b,1,88,0,88,0,1,1.6894,,,,,
,,,,,,,,64143c6c286640f3d1348cf8,2025-01-21_22h27.04.338,VisualArraysMentalRotation_v4,2021.1.4,Win32,57.44485294,679054f2072d526265aabff2,67906cd43a9ef8604c185c7e,,,,,,,,,,,,,,,,,,,,,,,,,,,,,,,,,,,,,,,,,,,,,,,,,,,,,,,,,Stimuli/3_100_R.jpg,Different,100,n,n,1,89,0,89,0,1,2.4515,,,,,
,,,,,,,,64143c6c286640f3d1348cf8,2025-01-21_22h27.04.338,VisualArraysMentalRotation_v4,2021.1.4,Win32,57.44485294,679054f2072d526265aabff2,67906cd43a9ef8604c185c7e,,,,,,,,,,,,,,,,,,,,,,,,,,,,,,,,,,,,,,,,,,,,,,,,,,,,,,,,,Stimuli/22_50.jpg,Same,50,b,b,1,90,0,90,0,1,1.4526,,,,,
,,,,,,,,64143c6c286640f3d1348cf8,2025-01-21_22h27.04.338,VisualArraysMentalRotation_v4,2021.1.4,Win32,57.44485294,679054f2072d526265aabff2,67906cd43a9ef8604c185c7e,,,,,,,,,,,,,,,,,,,,,,,,,,,,,,,,,,,,,,,,,,,,,,,,,,,,,,,,,Stimuli/40_100_R.jpg,Different,100,n,n,1,91,0,91,0,1,1.8518,,,,,
,,,,,,,,64143c6c286640f3d1348cf8,2025-01-21_22h27.04.338,VisualArraysMentalRotation_v4,2021.1.4,Win32,57.44485294,679054f2072d526265aabff2,67906cd43a9ef8604c185c7e,,,,,,,,,,,,,,,,,,,,,,,,,,,,,,,,,,,,,,,,,,,,,,,,,,,,,,,,,Stimuli/43_100.jpg,Same,100,b,b,1,92,0,92,0,1,2.6834,,,,,
,,,,,,,,64143c6c286640f3d1348cf8,2025-01-21_22h27.04.338,VisualArraysMentalRotation_v4,2021.1.4,Win32,57.44485294,679054f2072d526265aabff2,67906cd43a9ef8604c185c7e,,,,,,,,,,,,,,,,,,,,,,,,,,,,,,,,,,,,,,,,,,,,,,,,,,,,,,,,,Stimuli/16_100_R.jpg,Different,100,n,n,1,93,0,93,0,1,3.7391,,,,,
,,,,,,,,64143c6c286640f3d1348cf8,2025-01-21_22h27.04.338,VisualArraysMentalRotation_v4,2021.1.4,Win32,57.44485294,679054f2072d526265aabff2,67906cd43a9ef8604c185c7e,,,,,,,,,,,,,,,,,,,,,,,,,,,,,,,,,,,,,,,,,,,,,,,,,,,,,,,,,Stimuli/28_100_R.jpg,Different,100,n,n,1,94,0,94,0,1,1.7823,,,,,
,,,,,,,,64143c6c286640f3d1348cf8,2025-01-21_22h27.04.338,VisualArraysMentalRotation_v4,2021.1.4,Win32,57.44485294,679054f2072d526265aabff2,67906cd43a9ef8604c185c7e,,,,,,,,,,,,,,,,,,,,,,,,,,,,,,,,,,,,,,,,,,,,,,,,,,,,,,,,,Stimuli/44_50.jpg,Same,50,b,b,1,95,0,95,0,1,1.6147,,,,,
,,,,,,,,64143c6c286640f3d1348cf8,2025-01-21_22h27.04.338,VisualArraysMentalRotation_v4,2021.1.4,Win32,57.44485294,679054f2072d526265aabff2,67906cd43a9ef8604c185c7e,,,,,,,,,,,,,,,,,,,,,,,,,,,,,,,,,,,,,,,,,,,,,,,,,,,,,,,,,,,,,,,,,,,,,0,0,0,0,1
,,,,,,,,64143c6c286640f3d1348cf8,2025-01-21_22h27.04.338,VisualArraysMentalRotation_v4,2021.1.4,Win32,57.44485294,679054f2072d526265aabff2,67906cd43a9ef8604c185c7e,,,,,,,,,,,,,,,,,,,,,,,,,,,,,,,,,,,,,,0,1,1,1,1,0,1,,,,,,,,,,,,,,,,,,,,,,,,,,,,,
