TaskOrder,consent_final_key_resp.keys,consent_final_key_resp.rt,VA_InstructionsLoop.thisRepN,VA_InstructionsLoop.thisTrialN,VA_InstructionsLoop.thisN,VA_InstructionsLoop.thisIndex,VA_InstructionsLoop.ran,PROLIFIC_PID,date,expName,psychopyVersion,OS,frameRate,STUDY_ID,SESSION_ID,Red Orientations,Blue Orientations,VA_array_dur,Target Rectangle,New Red Orientations,New Blue Orientations,VA_PracResponse.keys,VA_PracResponse.corr,VA_PracResponse.rt,PracTrials.thisRepN,PracTrials.thisTrialN,PracTrials.thisN,PracTrials.thisIndex,PracTrials.ran,VA_Target,VA_TargetNumber,VA_Orientation,VA_Answer,VA_DelayDur,VA_PracTrialsSpeed.thisRepN,VA_PracTrialsSpeed.thisTrialN,VA_PracTrialsSpeed.thisN,VA_PracTrialsSpeed.thisIndex,VA_PracTrialsSpeed.ran,VA_TestResponse.keys,VA_TestResponse.corr,VA_TestResponse.rt,VA_TestTrials.thisRepN,VA_TestTrials.thisTrialN,VA_TestTrials.thisN,VA_TestTrials.thisIndex,VA_TestTrials.ran,VA_Task.thisRepN,VA_Task.thisTrialN,VA_Task.thisN,VA_Task.thisIndex,VA_Task.ran,TasksLoop.thisRepN,TasksLoop.thisTrialN,TasksLoop.thisN,TasksLoop.thisIndex,TasksLoop.ran,nRepsVA,nRepsMRT,MRTPracResponse.keys,MRTPracResponse.corr,MRTPracticeTrials.thisRepN,MRTPracticeTrials.thisTrialN,MRTPracticeTrials.thisN,MRTPracticeTrials.thisIndex,MRTPracticeTrials.ran,PracStimulus,PracDegRotation,PracType,MRTPracCorrectAns,MRTPracResponse.rt,MRT_prac_blocks.thisRepN,MRT_prac_blocks.thisTrialN,MRT_prac_blocks.thisN,MRT_prac_blocks.thisIndex,MRT_prac_blocks.ran,MRTStimulus,MRTType,MRTDegRotation,MRTCorrectAns,MRTTestResponse.keys,MRTTestResponse.corr,MRTTestResponse.rt,MRTTestTrials.thisRepN,MRTTestTrials.thisTrialN,MRTTestTrials.thisN,MRTTestTrials.thisIndex,MRTTestTrials.ran,MRT_Task.thisRepN,MRT_Task.thisTrialN,MRT_Task.thisN,MRT_Task.thisIndex,MRT_Task.ran
1,y,6.81,0,0,0,0,1,6779262b285a5b12c721ecee,2025-01-22_03h57.46.157,VisualArraysMentalRotation_v4,2021.1.4,Win32,59.88023952,679054f2072d526265aabff2,67906c248bea597deeeb84ba,,,,,,,,,,,,,,,,,,,,,,,,,,,,,,,,,,,,,,,,,,,,,,,,,,,,,,,,,,,,,,,,,,,,,,,,,,,,,,
,,,,,,,,6779262b285a5b12c721ecee,2025-01-22_03h57.46.157,VisualArraysMentalRotation_v4,2021.1.4,Win32,59.88023952,679054f2072d526265aabff2,67906c248bea597deeeb84ba,"[-45,90,45,90,0]","[0,90,0,0,45]",0.25,PracRed_3,"[-45,90,45,90,0]","[0,90,0,0,45]",6,0,7.1934,0,0,0,1,1,RED,3,Same,5,3,,,,,,,,,,,,,,,,,,,,,,,,,,,,,,,,,,,,,,,,,,,,,,,,,,,,,,,,,,,
,,,,,,,,6779262b285a5b12c721ecee,2025-01-22_03h57.46.157,VisualArraysMentalRotation_v4,2021.1.4,Win32,59.88023952,679054f2072d526265aabff2,67906c248bea597deeeb84ba,"[0,90,-45,45,0]","[0,-45,90,45,-45]",0.25,PracBlue_2,"[0,90,-45,45,0]","[0,-45,90,45,-45]",5,1,3.0851,0,1,1,8,1,BLUE,3,Same,5,1,,,,,,,,,,,,,,,,,,,,,,,,,,,,,,,,,,,,,,,,,,,,,,,,,,,,,,,,,,,
,,,,,,,,6779262b285a5b12c721ecee,2025-01-22_03h57.46.157,VisualArraysMentalRotation_v4,2021.1.4,Win32,59.88023952,679054f2072d526265aabff2,67906c248bea597deeeb84ba,"[-45,45,45,90,0]","[45,90,0,-45,-45]",0.25,PracRed_1,"[0,45,45,90,0]","[45,90,0,-45,-45]",5,0,3.1542,0,2,2,4,1,RED,3,Different,6,1,,,,,,,,,,,,,,,,,,,,,,,,,,,,,,,,,,,,,,,,,,,,,,,,,,,,,,,,,,,
,,,,,,,,6779262b285a5b12c721ecee,2025-01-22_03h57.46.157,VisualArraysMentalRotation_v4,2021.1.4,Win32,59.88023952,679054f2072d526265aabff2,67906c248bea597deeeb84ba,"[0,45,45,-45,90]","[-45,45,0,-45,0]",0.25,PracBlue_3,"[0,45,45,-45,90]","[-45,45,45,-45,0]",5,0,3.9174,0,3,3,14,1,BLUE,5,Different,6,1,,,,,,,,,,,,,,,,,,,,,,,,,,,,,,,,,,,,,,,,,,,,,,,,,,,,,,,,,,,
,,,,,,,,6779262b285a5b12c721ecee,2025-01-22_03h57.46.157,VisualArraysMentalRotation_v4,2021.1.4,Win32,59.88023952,679054f2072d526265aabff2,67906c248bea597deeeb84ba,"[-45,0,0,90,-45]","[-45,90,-45,45,45]",0.25,PracBlue_3,"[-45,0,0,90,-45]","[-45,90,-45,45,45]",5,1,3.2305,0,4,4,9,1,BLUE,3,Same,5,3,,,,,,,,,,,,,,,,,,,,,,,,,,,,,,,,,,,,,,,,,,,,,,,,,,,,,,,,,,,
,,,,,,,,6779262b285a5b12c721ecee,2025-01-22_03h57.46.157,VisualArraysMentalRotation_v4,2021.1.4,Win32,59.88023952,679054f2072d526265aabff2,67906c248bea597deeeb84ba,"[0,45,90,45,0]","[0,45,0,45,45]",0.25,PracRed_5,"[0,45,90,45,0]","[0,45,0,45,45]",6,0,5.8918,0,5,5,2,1,RED,5,Same,5,1,,,,,,,,,,,,,,,,,,,,,,,,,,,,,,,,,,,,,,,,,,,,,,,,,,,,,,,,,,,
,,,,,,,,6779262b285a5b12c721ecee,2025-01-22_03h57.46.157,VisualArraysMentalRotation_v4,2021.1.4,Win32,59.88023952,679054f2072d526265aabff2,67906c248bea597deeeb84ba,"[45,-45,0,-45,90]","[-45,45,-45,-45,0]",0.25,PracBlue_5,"[45,-45,0,-45,90]","[-45,45,-45,-45,90]",5,0,1.5665,0,6,6,15,1,BLUE,5,Different,6,3,,,,,,,,,,,,,,,,,,,,,,,,,,,,,,,,,,,,,,,,,,,,,,,,,,,,,,,,,,,
,,,,,,,,6779262b285a5b12c721ecee,2025-01-22_03h57.46.157,VisualArraysMentalRotation_v4,2021.1.4,Win32,59.88023952,679054f2072d526265aabff2,67906c248bea597deeeb84ba,"[-45,-45,90,-45,-45]","[0,-45,0,0,-45]",0.25,PracRed_3,"[-45,-45,-45,-45,-45]","[0,-45,0,0,-45]",5,0,3.0853,0,7,7,5,1,RED,3,Different,6,3,,,,,,,,,,,,,,,,,,,,,,,,,,,,,,,,,,,,,,,,,,,,,,,,,,,,,,,,,,,
,,,,,,,,6779262b285a5b12c721ecee,2025-01-22_03h57.46.157,VisualArraysMentalRotation_v4,2021.1.4,Win32,59.88023952,679054f2072d526265aabff2,67906c248bea597deeeb84ba,"[45,90,90,45,45]","[45,90,45,0,0]",0.25,PracBlue_5,"[45,90,90,45,45]","[45,90,45,0,0]",6,0,3.933,0,8,8,11,1,BLUE,5,Same,5,3,,,,,,,,,,,,,,,,,,,,,,,,,,,,,,,,,,,,,,,,,,,,,,,,,,,,,,,,,,,
,,,,,,,,6779262b285a5b12c721ecee,2025-01-22_03h57.46.157,VisualArraysMentalRotation_v4,2021.1.4,Win32,59.88023952,679054f2072d526265aabff2,67906c248bea597deeeb84ba,"[-45,0,0,-45,45]","[0,-45,0,-45,-45]",0.25,PracRed_3,"[-45,0,0,-45,45]","[0,-45,0,-45,-45]",6,0,5.9688,0,9,9,3,1,RED,5,Same,5,3,,,,,,,,,,,,,,,,,,,,,,,,,,,,,,,,,,,,,,,,,,,,,,,,,,,,,,,,,,,
,,,,,,,,6779262b285a5b12c721ecee,2025-01-22_03h57.46.157,VisualArraysMentalRotation_v4,2021.1.4,Win32,59.88023952,679054f2072d526265aabff2,67906c248bea597deeeb84ba,"[45,90,45,90,90]","[45,90,45,45,90]",0.25,PracBlue_2,"[45,90,45,90,90]","[45,-45,45,45,90]",5,0,1.7748,0,10,10,12,1,BLUE,3,Different,6,1,,,,,,,,,,,,,,,,,,,,,,,,,,,,,,,,,,,,,,,,,,,,,,,,,,,,,,,,,,,
,,,,,,,,6779262b285a5b12c721ecee,2025-01-22_03h57.46.157,VisualArraysMentalRotation_v4,2021.1.4,Win32,59.88023952,679054f2072d526265aabff2,67906c248bea597deeeb84ba,"[-45,-45,-45,-45,45]","[0,45,-45,-45,-45]",0.25,PracRed_3,"[-45,-45,0,-45,45]","[0,45,-45,-45,-45]",6,1,3.1869,0,11,11,6,1,RED,5,Different,6,1,,,,,,,,,,,,,,,,,,,,,,,,,,,,,,,,,,,,,,,,,,,,,,,,,,,,,,,,,,,
,,,,,,,,6779262b285a5b12c721ecee,2025-01-22_03h57.46.157,VisualArraysMentalRotation_v4,2021.1.4,Win32,59.88023952,679054f2072d526265aabff2,67906c248bea597deeeb84ba,"[90,45,90,-45,45]","[-45,45,90,90,0]",0.25,PracBlue_3,"[90,45,90,-45,45]","[-45,45,45,90,0]",5,0,2.219,0,12,12,13,1,BLUE,3,Different,6,3,,,,,,,,,,,,,,,,,,,,,,,,,,,,,,,,,,,,,,,,,,,,,,,,,,,,,,,,,,,
,,,,,,,,6779262b285a5b12c721ecee,2025-01-22_03h57.46.157,VisualArraysMentalRotation_v4,2021.1.4,Win32,59.88023952,679054f2072d526265aabff2,67906c248bea597deeeb84ba,"[90,-45,45,45,-45]","[-45,-45,45,90,90]",0.25,PracRed_2,"[90,-45,45,45,-45]","[-45,-45,45,90,90]",6,0,2.0863,0,13,13,0,1,RED,3,Same,5,1,,,,,,,,,,,,,,,,,,,,,,,,,,,,,,,,,,,,,,,,,,,,,,,,,,,,,,,,,,,
,,,,,,,,6779262b285a5b12c721ecee,2025-01-22_03h57.46.157,VisualArraysMentalRotation_v4,2021.1.4,Win32,59.88023952,679054f2072d526265aabff2,67906c248bea597deeeb84ba,"[45,45,0,-45,-45]","[0,90,-45,-45,0]",0.25,PracBlue_3,"[45,45,0,-45,-45]","[0,90,-45,-45,0]",6,0,1.9684,0,14,14,10,1,BLUE,5,Same,5,1,,,,,,,,,,,,,,,,,,,,,,,,,,,,,,,,,,,,,,,,,,,,,,,,,,,,,,,,,,,
,,,,,,,,6779262b285a5b12c721ecee,2025-01-22_03h57.46.157,VisualArraysMentalRotation_v4,2021.1.4,Win32,59.88023952,679054f2072d526265aabff2,67906c248bea597deeeb84ba,"[90,45,0,-45,-45]","[0,-45,-45,-45,0]",0.25,PracRed_4,"[90,45,0,0,-45]","[0,-45,-45,-45,0]",5,0,1.3755,0,15,15,7,1,RED,5,Different,6,3,,,,,,,,,,,,,,,,,,,,,,,,,,,,,,,,,,,,,,,,,,,,,,,,,,,,,,,,,,,
,,,,,,,,6779262b285a5b12c721ecee,2025-01-22_03h57.46.157,VisualArraysMentalRotation_v4,2021.1.4,Win32,59.88023952,679054f2072d526265aabff2,67906c248bea597deeeb84ba,,,,,,,,,,,,,,,,,,,,0,0,0,0,1,,,,,,,,,,,,,,,,,,,,,,,,,,,,,,,,,,,,,,,,,,,,,,,,,,,,,,
,,,,,,,,6779262b285a5b12c721ecee,2025-01-22_03h57.46.157,VisualArraysMentalRotation_v4,2021.1.4,Win32,59.88023952,679054f2072d526265aabff2,67906c248bea597deeeb84ba,"[90,45,45,90,0]","[45,-45,0,90,-45]",0.25,PracRed_5,"[90,45,45,90,0]","[45,-45,0,90,-45]",6,0,1.9843,0,0,0,3,1,RED,5,Same,5,3,,,,,,,,,,,,,,,,,,,,,,,,,,,,,,,,,,,,,,,,,,,,,,,,,,,,,,,,,,,
,,,,,,,,6779262b285a5b12c721ecee,2025-01-22_03h57.46.157,VisualArraysMentalRotation_v4,2021.1.4,Win32,59.88023952,679054f2072d526265aabff2,67906c248bea597deeeb84ba,"[90,90,45,90,90]","[90,90,90,-45,0]",0.25,PracBlue_5,"[90,90,45,90,90]","[90,90,90,-45,0]",6,0,1.6843,0,1,1,11,1,BLUE,5,Same,5,3,,,,,,,,,,,,,,,,,,,,,,,,,,,,,,,,,,,,,,,,,,,,,,,,,,,,,,,,,,,
,,,,,,,,6779262b285a5b12c721ecee,2025-01-22_03h57.46.157,VisualArraysMentalRotation_v4,2021.1.4,Win32,59.88023952,679054f2072d526265aabff2,67906c248bea597deeeb84ba,"[0,90,90,45,90]","[45,90,45,90,90]",0.25,PracBlue_3,"[0,90,90,45,90]","[45,90,45,90,90]",5,1,2.1015,0,2,2,8,1,BLUE,3,Same,5,1,,,,,,,,,,,,,,,,,,,,,,,,,,,,,,,,,,,,,,,,,,,,,,,,,,,,,,,,,,,
,,,,,,,,6779262b285a5b12c721ecee,2025-01-22_03h57.46.157,VisualArraysMentalRotation_v4,2021.1.4,Win32,59.88023952,679054f2072d526265aabff2,67906c248bea597deeeb84ba,"[0,0,45,90,-45]","[90,90,-45,-45,90]",0.25,PracBlue_1,"[0,0,45,90,-45]","[-45,90,-45,-45,90]",5,0,1.7681,0,3,3,14,1,BLUE,5,Different,6,1,,,,,,,,,,,,,,,,,,,,,,,,,,,,,,,,,,,,,,,,,,,,,,,,,,,,,,,,,,,
,,,,,,,,6779262b285a5b12c721ecee,2025-01-22_03h57.46.157,VisualArraysMentalRotation_v4,2021.1.4,Win32,59.88023952,679054f2072d526265aabff2,67906c248bea597deeeb84ba,"[45,45,45,90,-45]","[45,-45,90,-45,90]",0.25,PracRed_3,"[45,45,45,90,-45]","[45,-45,90,-45,90]",6,0,1.935,0,4,4,0,1,RED,3,Same,5,1,,,,,,,,,,,,,,,,,,,,,,,,,,,,,,,,,,,,,,,,,,,,,,,,,,,,,,,,,,,
,,,,,,,,6779262b285a5b12c721ecee,2025-01-22_03h57.46.157,VisualArraysMentalRotation_v4,2021.1.4,Win32,59.88023952,679054f2072d526265aabff2,67906c248bea597deeeb84ba,"[45,90,0,-45,90]","[0,90,90,45,0]",0.25,PracRed_2,"[45,90,0,-45,90]","[0,90,90,45,0]",5,1,1.6202,0,5,5,1,1,RED,3,Same,5,3,,,,,,,,,,,,,,,,,,,,,,,,,,,,,,,,,,,,,,,,,,,,,,,,,,,,,,,,,,,
,,,,,,,,6779262b285a5b12c721ecee,2025-01-22_03h57.46.157,VisualArraysMentalRotation_v4,2021.1.4,Win32,59.88023952,679054f2072d526265aabff2,67906c248bea597deeeb84ba,"[-45,45,45,45,0]","[90,45,45,0,45]",0.25,PracRed_3,"[-45,45,0,45,0]","[90,45,45,0,45]",6,1,1.9344,0,6,6,4,1,RED,3,Different,6,1,,,,,,,,,,,,,,,,,,,,,,,,,,,,,,,,,,,,,,,,,,,,,,,,,,,,,,,,,,,
,,,,,,,,6779262b285a5b12c721ecee,2025-01-22_03h57.46.157,VisualArraysMentalRotation_v4,2021.1.4,Win32,59.88023952,679054f2072d526265aabff2,67906c248bea597deeeb84ba,"[45,-45,90,0,45]","[45,45,0,-45,0]",0.25,PracBlue_3,"[45,-45,90,0,45]","[45,45,0,-45,0]",5,1,1.7457,0,7,7,9,1,BLUE,3,Same,5,3,,,,,,,,,,,,,,,,,,,,,,,,,,,,,,,,,,,,,,,,,,,,,,,,,,,,,,,,,,,
,,,,,,,,6779262b285a5b12c721ecee,2025-01-22_03h57.46.157,VisualArraysMentalRotation_v4,2021.1.4,Win32,59.88023952,679054f2072d526265aabff2,67906c248bea597deeeb84ba,"[45,0,45,-45,45]","[45,-45,0,90,90]",0.25,PracBlue_3,"[45,0,45,-45,45]","[45,-45,-45,90,90]",5,0,5.6496,0,8,8,13,1,BLUE,3,Different,6,3,,,,,,,,,,,,,,,,,,,,,,,,,,,,,,,,,,,,,,,,,,,,,,,,,,,,,,,,,,,
,,,,,,,,6779262b285a5b12c721ecee,2025-01-22_03h57.46.157,VisualArraysMentalRotation_v4,2021.1.4,Win32,59.88023952,679054f2072d526265aabff2,67906c248bea597deeeb84ba,"[-45,0,45,45,0]","[45,0,-45,90,45]",0.25,PracRed_5,"[-45,0,45,45,0]","[45,0,-45,90,45]",5,1,1.9019,0,9,9,2,1,RED,5,Same,5,1,,,,,,,,,,,,,,,,,,,,,,,,,,,,,,,,,,,,,,,,,,,,,,,,,,,,,,,,,,,
,,,,,,,,6779262b285a5b12c721ecee,2025-01-22_03h57.46.157,VisualArraysMentalRotation_v4,2021.1.4,Win32,59.88023952,679054f2072d526265aabff2,67906c248bea597deeeb84ba,"[90,-45,90,0,90]","[90,90,0,90,0]",0.25,PracRed_4,"[90,-45,90,90,90]","[90,90,0,90,0]",5,0,3.5506,0,10,10,7,1,RED,5,Different,6,3,,,,,,,,,,,,,,,,,,,,,,,,,,,,,,,,,,,,,,,,,,,,,,,,,,,,,,,,,,,
,,,,,,,,6779262b285a5b12c721ecee,2025-01-22_03h57.46.157,VisualArraysMentalRotation_v4,2021.1.4,Win32,59.88023952,679054f2072d526265aabff2,67906c248bea597deeeb84ba,"[90,45,-45,45,0]","[90,0,90,90,90]",0.25,PracBlue_3,"[90,45,-45,45,0]","[90,0,0,90,90]",5,0,1.9019,0,11,11,12,1,BLUE,3,Different,6,1,,,,,,,,,,,,,,,,,,,,,,,,,,,,,,,,,,,,,,,,,,,,,,,,,,,,,,,,,,,
,,,,,,,,6779262b285a5b12c721ecee,2025-01-22_03h57.46.157,VisualArraysMentalRotation_v4,2021.1.4,Win32,59.88023952,679054f2072d526265aabff2,67906c248bea597deeeb84ba,"[0,-45,45,0,-45]","[90,0,90,90,0]",0.25,PracRed_1,"[45,-45,45,0,-45]","[90,0,90,90,0]",5,0,1.6336,0,12,12,6,1,RED,5,Different,6,1,,,,,,,,,,,,,,,,,,,,,,,,,,,,,,,,,,,,,,,,,,,,,,,,,,,,,,,,,,,
,,,,,,,,6779262b285a5b12c721ecee,2025-01-22_03h57.46.157,VisualArraysMentalRotation_v4,2021.1.4,Win32,59.88023952,679054f2072d526265aabff2,67906c248bea597deeeb84ba,"[0,90,45,-45,0]","[45,-45,-45,90,90]",0.25,PracBlue_2,"[0,90,45,-45,0]","[45,-45,-45,90,90]",5,1,1.4346,0,13,13,10,1,BLUE,5,Same,5,1,,,,,,,,,,,,,,,,,,,,,,,,,,,,,,,,,,,,,,,,,,,,,,,,,,,,,,,,,,,
,,,,,,,,6779262b285a5b12c721ecee,2025-01-22_03h57.46.157,VisualArraysMentalRotation_v4,2021.1.4,Win32,59.88023952,679054f2072d526265aabff2,67906c248bea597deeeb84ba,"[45,-45,45,0,0]","[45,45,90,-45,90]",0.25,PracRed_3,"[45,-45,0,0,0]","[45,45,90,-45,90]",5,0,1.7671,0,14,14,5,1,RED,3,Different,6,3,,,,,,,,,,,,,,,,,,,,,,,,,,,,,,,,,,,,,,,,,,,,,,,,,,,,,,,,,,,
,,,,,,,,6779262b285a5b12c721ecee,2025-01-22_03h57.46.157,VisualArraysMentalRotation_v4,2021.1.4,Win32,59.88023952,679054f2072d526265aabff2,67906c248bea597deeeb84ba,"[45,-45,90,45,90]","[45,-45,-45,45,-45]",0.25,PracBlue_2,"[45,-45,90,45,90]","[45,0,-45,45,-45]",5,0,1.1859,0,15,15,15,1,BLUE,5,Different,6,3,,,,,,,,,,,,,,,,,,,,,,,,,,,,,,,,,,,,,,,,,,,,,,,,,,,,,,,,,,,
,,,,,,,,6779262b285a5b12c721ecee,2025-01-22_03h57.46.157,VisualArraysMentalRotation_v4,2021.1.4,Win32,59.88023952,679054f2072d526265aabff2,67906c248bea597deeeb84ba,,,,,,,,,,,,,,,,,,,,1,0,1,0,1,,,,,,,,,,,,,,,,,,,,,,,,,,,,,,,,,,,,,,,,,,,,,,,,,,,,,,
,,,,,,,,6779262b285a5b12c721ecee,2025-01-22_03h57.46.157,VisualArraysMentalRotation_v4,2021.1.4,Win32,59.88023952,679054f2072d526265aabff2,67906c248bea597deeeb84ba,"[90,-45,0,0,-45]","[45,45,-45,90,0]",,Blue_3,"[90,-45,0,0,-45]","[45,45,-45,90,0]",,,,,,,,,BLUE,3,Same,5,3,,,,,,5,1,4.791,0,0,0,9,1,,,,,,,,,,,,,,,,,,,,,,,,,,,,,,,,,,,,,,,,,,,,,,
,,,,,,,,6779262b285a5b12c721ecee,2025-01-22_03h57.46.157,VisualArraysMentalRotation_v4,2021.1.4,Win32,59.88023952,679054f2072d526265aabff2,67906c248bea597deeeb84ba,"[0,0,90,45,90]","[90,0,-45,45,45]",,Blue_3,"[0,0,90,45,90]","[90,0,0,45,45]",,,,,,,,,BLUE,5,Different,6,1,,,,,,5,0,1.7038,0,1,1,14,1,,,,,,,,,,,,,,,,,,,,,,,,,,,,,,,,,,,,,,,,,,,,,,
,,,,,,,,6779262b285a5b12c721ecee,2025-01-22_03h57.46.157,VisualArraysMentalRotation_v4,2021.1.4,Win32,59.88023952,679054f2072d526265aabff2,67906c248bea597deeeb84ba,"[-45,45,45,90,90]","[90,90,0,45,-45]",,Red_1,"[-45,45,45,90,90]","[90,90,0,45,-45]",,,,,,,,,RED,3,Same,5,1,,,,,,6,0,3.3578,0,2,2,0,1,,,,,,,,,,,,,,,,,,,,,,,,,,,,,,,,,,,,,,,,,,,,,,
,,,,,,,,6779262b285a5b12c721ecee,2025-01-22_03h57.46.157,VisualArraysMentalRotation_v4,2021.1.4,Win32,59.88023952,679054f2072d526265aabff2,67906c248bea597deeeb84ba,"[-45,0,45,45,90]","[45,45,45,-45,45]",,Red_2,"[-45,45,45,45,90]","[45,45,45,-45,45]",,,,,,,,,RED,3,Different,6,1,,,,,,6,1,2.5059,0,3,3,4,1,,,,,,,,,,,,,,,,,,,,,,,,,,,,,,,,,,,,,,,,,,,,,,
,,,,,,,,6779262b285a5b12c721ecee,2025-01-22_03h57.46.157,VisualArraysMentalRotation_v4,2021.1.4,Win32,59.88023952,679054f2072d526265aabff2,67906c248bea597deeeb84ba,"[45,45,-45,-45,45]","[-45,-45,90,90,90]",,Red_4,"[45,45,-45,45,45]","[-45,-45,90,90,90]",,,,,,,,,RED,5,Different,6,3,,,,,,6,1,2.9528,0,4,4,7,1,,,,,,,,,,,,,,,,,,,,,,,,,,,,,,,,,,,,,,,,,,,,,,
,,,,,,,,6779262b285a5b12c721ecee,2025-01-22_03h57.46.157,VisualArraysMentalRotation_v4,2021.1.4,Win32,59.88023952,679054f2072d526265aabff2,67906c248bea597deeeb84ba,"[90,-45,0,-45,90]","[45,90,90,45,45]",,Blue_3,"[90,-45,0,-45,90]","[45,90,0,45,45]",,,,,,,,,BLUE,3,Different,6,3,,,,,,6,1,1.7515,0,5,5,13,1,,,,,,,,,,,,,,,,,,,,,,,,,,,,,,,,,,,,,,,,,,,,,,
,,,,,,,,6779262b285a5b12c721ecee,2025-01-22_03h57.46.157,VisualArraysMentalRotation_v4,2021.1.4,Win32,59.88023952,679054f2072d526265aabff2,67906c248bea597deeeb84ba,"[45,45,0,45,45]","[0,45,-45,0,90]",,Red_2,"[45,0,0,45,45]","[0,45,-45,0,90]",,,,,,,,,RED,3,Different,6,3,,,,,,5,0,3.2017,0,6,6,5,1,,,,,,,,,,,,,,,,,,,,,,,,,,,,,,,,,,,,,,,,,,,,,,
,,,,,,,,6779262b285a5b12c721ecee,2025-01-22_03h57.46.157,VisualArraysMentalRotation_v4,2021.1.4,Win32,59.88023952,679054f2072d526265aabff2,67906c248bea597deeeb84ba,"[-45,-45,90,45,45]","[90,45,45,0,0]",,Red_3,"[-45,-45,90,45,45]","[90,45,45,0,0]",,,,,,,,,RED,3,Same,5,3,,,,,,5,1,2.3174,0,7,7,1,1,,,,,,,,,,,,,,,,,,,,,,,,,,,,,,,,,,,,,,,,,,,,,,
,,,,,,,,6779262b285a5b12c721ecee,2025-01-22_03h57.46.157,VisualArraysMentalRotation_v4,2021.1.4,Win32,59.88023952,679054f2072d526265aabff2,67906c248bea597deeeb84ba,"[45,90,45,-45,0]","[90,-45,45,90,45]",,Blue_5,"[45,90,45,-45,0]","[90,-45,45,90,-45]",,,,,,,,,BLUE,5,Different,6,3,,,,,,5,0,1.9528,0,8,8,15,1,,,,,,,,,,,,,,,,,,,,,,,,,,,,,,,,,,,,,,,,,,,,,,
,,,,,,,,6779262b285a5b12c721ecee,2025-01-22_03h57.46.157,VisualArraysMentalRotation_v4,2021.1.4,Win32,59.88023952,679054f2072d526265aabff2,67906c248bea597deeeb84ba,"[45,90,-45,90,0]","[90,45,-45,90,45]",,Blue_1,"[45,90,-45,90,0]","[90,45,-45,90,45]",,,,,,,,,BLUE,3,Same,5,1,,,,,,5,1,1.7175,0,9,9,8,1,,,,,,,,,,,,,,,,,,,,,,,,,,,,,,,,,,,,,,,,,,,,,,
,,,,,,,,6779262b285a5b12c721ecee,2025-01-22_03h57.46.157,VisualArraysMentalRotation_v4,2021.1.4,Win32,59.88023952,679054f2072d526265aabff2,67906c248bea597deeeb84ba,"[90,-45,-45,0,0]","[-45,45,-45,0,45]",,Blue_5,"[90,-45,-45,0,0]","[-45,45,-45,0,45]",,,,,,,,,BLUE,5,Same,5,3,,,,,,5,1,2.0032,0,10,10,11,1,,,,,,,,,,,,,,,,,,,,,,,,,,,,,,,,,,,,,,,,,,,,,,
,,,,,,,,6779262b285a5b12c721ecee,2025-01-22_03h57.46.157,VisualArraysMentalRotation_v4,2021.1.4,Win32,59.88023952,679054f2072d526265aabff2,67906c248bea597deeeb84ba,"[45,-45,45,0,90]","[45,-45,0,90,45]",,Red_3,"[45,-45,0,0,90]","[45,-45,0,90,45]",,,,,,,,,RED,5,Different,6,1,,,,,,5,0,3.0551,0,11,11,6,1,,,,,,,,,,,,,,,,,,,,,,,,,,,,,,,,,,,,,,,,,,,,,,
,,,,,,,,6779262b285a5b12c721ecee,2025-01-22_03h57.46.157,VisualArraysMentalRotation_v4,2021.1.4,Win32,59.88023952,679054f2072d526265aabff2,67906c248bea597deeeb84ba,"[90,90,-45,45,45]","[0,90,45,-45,-45]",,Blue_2,"[90,90,-45,45,45]","[0,90,45,-45,-45]",,,,,,,,,BLUE,5,Same,5,1,,,,,,5,1,1.3356,0,12,12,10,1,,,,,,,,,,,,,,,,,,,,,,,,,,,,,,,,,,,,,,,,,,,,,,
,,,,,,,,6779262b285a5b12c721ecee,2025-01-22_03h57.46.157,VisualArraysMentalRotation_v4,2021.1.4,Win32,59.88023952,679054f2072d526265aabff2,67906c248bea597deeeb84ba,"[45,-45,45,-45,45]","[90,45,45,0,45]",,Red_3,"[45,-45,45,-45,45]","[90,45,45,0,45]",,,,,,,,,RED,5,Same,5,3,,,,,,6,0,6.9679,0,13,13,3,1,,,,,,,,,,,,,,,,,,,,,,,,,,,,,,,,,,,,,,,,,,,,,,
,,,,,,,,6779262b285a5b12c721ecee,2025-01-22_03h57.46.157,VisualArraysMentalRotation_v4,2021.1.4,Win32,59.88023952,679054f2072d526265aabff2,67906c248bea597deeeb84ba,"[45,0,0,90,-45]","[90,45,45,0,0]",,Blue_2,"[45,0,0,90,-45]","[90,-45,45,0,0]",,,,,,,,,BLUE,3,Different,6,1,,,,,,5,0,1.6331,0,14,14,12,1,,,,,,,,,,,,,,,,,,,,,,,,,,,,,,,,,,,,,,,,,,,,,,
,,,,,,,,6779262b285a5b12c721ecee,2025-01-22_03h57.46.157,VisualArraysMentalRotation_v4,2021.1.4,Win32,59.88023952,679054f2072d526265aabff2,67906c248bea597deeeb84ba,"[-45,90,90,0,-45]","[90,-45,45,90,0]",,Red_2,"[-45,90,90,0,-45]","[90,-45,45,90,0]",,,,,,,,,RED,5,Same,5,1,,,,,,6,0,2.8002,0,15,15,2,1,,,,,,,,,,,,,,,,,,,,,,,,,,,,,,,,,,,,,,,,,,,,,,
,,,,,,,,6779262b285a5b12c721ecee,2025-01-22_03h57.46.157,VisualArraysMentalRotation_v4,2021.1.4,Win32,59.88023952,679054f2072d526265aabff2,67906c248bea597deeeb84ba,"[-45,90,-45,-45,0]","[45,45,0,-45,-45]",,Red_4,"[-45,90,-45,-45,0]","[45,45,0,-45,-45]",,,,,,,,,RED,5,Same,5,3,,,,,,5,1,3.9194,1,0,16,3,1,,,,,,,,,,,,,,,,,,,,,,,,,,,,,,,,,,,,,,,,,,,,,,
,,,,,,,,6779262b285a5b12c721ecee,2025-01-22_03h57.46.157,VisualArraysMentalRotation_v4,2021.1.4,Win32,59.88023952,679054f2072d526265aabff2,67906c248bea597deeeb84ba,"[45,45,-45,45,45]","[-45,0,90,0,90]",,Blue_2,"[45,45,-45,45,45]","[-45,0,90,0,90]",,,,,,,,,BLUE,3,Same,5,3,,,,,,5,1,1.8684,1,1,17,9,1,,,,,,,,,,,,,,,,,,,,,,,,,,,,,,,,,,,,,,,,,,,,,,
,,,,,,,,6779262b285a5b12c721ecee,2025-01-22_03h57.46.157,VisualArraysMentalRotation_v4,2021.1.4,Win32,59.88023952,679054f2072d526265aabff2,67906c248bea597deeeb84ba,"[90,90,90,-45,90]","[45,0,90,-45,45]",,Red_1,"[-45,90,90,-45,90]","[45,0,90,-45,45]",,,,,,,,,RED,3,Different,6,1,,,,,,6,1,6.5417,1,2,18,4,1,,,,,,,,,,,,,,,,,,,,,,,,,,,,,,,,,,,,,,,,,,,,,,
,,,,,,,,6779262b285a5b12c721ecee,2025-01-22_03h57.46.157,VisualArraysMentalRotation_v4,2021.1.4,Win32,59.88023952,679054f2072d526265aabff2,67906c248bea597deeeb84ba,"[45,0,45,-45,-45]","[0,90,90,-45,45]",,Red_4,"[45,0,45,-45,-45]","[0,90,90,-45,45]",,,,,,,,,RED,5,Same,5,1,,,,,,5,1,2.402,1,3,19,2,1,,,,,,,,,,,,,,,,,,,,,,,,,,,,,,,,,,,,,,,,,,,,,,
,,,,,,,,6779262b285a5b12c721ecee,2025-01-22_03h57.46.157,VisualArraysMentalRotation_v4,2021.1.4,Win32,59.88023952,679054f2072d526265aabff2,67906c248bea597deeeb84ba,"[0,45,-45,-45,-45]","[45,0,-45,90,0]",,Blue_2,"[0,45,-45,-45,-45]","[45,-45,-45,90,0]",,,,,,,,,BLUE,5,Different,6,3,,,,,,6,1,3.2504,1,4,20,15,1,,,,,,,,,,,,,,,,,,,,,,,,,,,,,,,,,,,,,,,,,,,,,,
,,,,,,,,6779262b285a5b12c721ecee,2025-01-22_03h57.46.157,VisualArraysMentalRotation_v4,2021.1.4,Win32,59.88023952,679054f2072d526265aabff2,67906c248bea597deeeb84ba,"[90,90,45,0,45]","[90,0,-45,90,45]",,Blue_3,"[90,90,45,0,45]","[90,0,-45,90,45]",,,,,,,,,BLUE,5,Same,5,1,,,,,,5,1,1.4352,1,5,21,10,1,,,,,,,,,,,,,,,,,,,,,,,,,,,,,,,,,,,,,,,,,,,,,,
,,,,,,,,6779262b285a5b12c721ecee,2025-01-22_03h57.46.157,VisualArraysMentalRotation_v4,2021.1.4,Win32,59.88023952,679054f2072d526265aabff2,67906c248bea597deeeb84ba,"[0,90,45,0,45]","[0,45,0,0,0]",,Blue_2,"[0,90,45,0,45]","[0,-45,0,0,0]",,,,,,,,,BLUE,3,Different,6,3,,,,,,6,1,2.6516,1,6,22,13,1,,,,,,,,,,,,,,,,,,,,,,,,,,,,,,,,,,,,,,,,,,,,,,
,,,,,,,,6779262b285a5b12c721ecee,2025-01-22_03h57.46.157,VisualArraysMentalRotation_v4,2021.1.4,Win32,59.88023952,679054f2072d526265aabff2,67906c248bea597deeeb84ba,"[0,90,90,45,45]","[0,45,90,-45,45]",,Red_3,"[0,90,90,45,45]","[0,45,90,-45,45]",,,,,,,,,RED,3,Same,5,1,,,,,,5,1,1.9849,1,7,23,0,1,,,,,,,,,,,,,,,,,,,,,,,,,,,,,,,,,,,,,,,,,,,,,,
,,,,,,,,6779262b285a5b12c721ecee,2025-01-22_03h57.46.157,VisualArraysMentalRotation_v4,2021.1.4,Win32,59.88023952,679054f2072d526265aabff2,67906c248bea597deeeb84ba,"[-45,45,0,0,45]","[-45,0,90,90,0]",,Blue_1,"[-45,45,0,0,45]","[90,0,90,90,0]",,,,,,,,,BLUE,5,Different,6,1,,,,,,6,1,2.2249,1,8,24,14,1,,,,,,,,,,,,,,,,,,,,,,,,,,,,,,,,,,,,,,,,,,,,,,
,,,,,,,,6779262b285a5b12c721ecee,2025-01-22_03h57.46.157,VisualArraysMentalRotation_v4,2021.1.4,Win32,59.88023952,679054f2072d526265aabff2,67906c248bea597deeeb84ba,"[-45,-45,45,0,-45]","[0,0,45,-45,90]",,Red_1,"[0,-45,45,0,-45]","[0,0,45,-45,90]",,,,,,,,,RED,3,Different,6,3,,,,,,5,0,1.3253,1,9,25,5,1,,,,,,,,,,,,,,,,,,,,,,,,,,,,,,,,,,,,,,,,,,,,,,
,,,,,,,,6779262b285a5b12c721ecee,2025-01-22_03h57.46.157,VisualArraysMentalRotation_v4,2021.1.4,Win32,59.88023952,679054f2072d526265aabff2,67906c248bea597deeeb84ba,"[-45,45,90,90,45]","[45,-45,-45,45,90]",,Red_1,"[-45,45,90,90,45]","[45,-45,-45,45,90]",,,,,,,,,RED,3,Same,5,3,,,,,,5,1,1.3694,1,10,26,1,1,,,,,,,,,,,,,,,,,,,,,,,,,,,,,,,,,,,,,,,,,,,,,,
,,,,,,,,6779262b285a5b12c721ecee,2025-01-22_03h57.46.157,VisualArraysMentalRotation_v4,2021.1.4,Win32,59.88023952,679054f2072d526265aabff2,67906c248bea597deeeb84ba,"[90,-45,0,-45,45]","[90,45,90,45,-45]",,Blue_1,"[90,-45,0,-45,45]","[90,45,90,45,-45]",,,,,,,,,BLUE,3,Same,5,1,,,,,,5,1,1.2017,1,11,27,8,1,,,,,,,,,,,,,,,,,,,,,,,,,,,,,,,,,,,,,,,,,,,,,,
,,,,,,,,6779262b285a5b12c721ecee,2025-01-22_03h57.46.157,VisualArraysMentalRotation_v4,2021.1.4,Win32,59.88023952,679054f2072d526265aabff2,67906c248bea597deeeb84ba,"[0,0,90,-45,0]","[0,90,0,90,90]",,Red_2,"[0,-45,90,-45,0]","[0,90,0,90,90]",,,,,,,,,RED,5,Different,6,1,,,,,,5,0,1.1348,1,12,28,6,1,,,,,,,,,,,,,,,,,,,,,,,,,,,,,,,,,,,,,,,,,,,,,,
,,,,,,,,6779262b285a5b12c721ecee,2025-01-22_03h57.46.157,VisualArraysMentalRotation_v4,2021.1.4,Win32,59.88023952,679054f2072d526265aabff2,67906c248bea597deeeb84ba,"[0,45,0,0,45]","[90,45,0,0,0]",,Red_2,"[0,0,0,0,45]","[90,45,0,0,0]",,,,,,,,,RED,5,Different,6,3,,,,,,5,0,1.3678,1,13,29,7,1,,,,,,,,,,,,,,,,,,,,,,,,,,,,,,,,,,,,,,,,,,,,,,
,,,,,,,,6779262b285a5b12c721ecee,2025-01-22_03h57.46.157,VisualArraysMentalRotation_v4,2021.1.4,Win32,59.88023952,679054f2072d526265aabff2,67906c248bea597deeeb84ba,"[90,90,45,90,45]","[90,-45,45,45,-45]",,Blue_4,"[90,90,45,90,45]","[90,-45,45,45,-45]",,,,,,,,,BLUE,5,Same,5,3,,,,,,5,1,3.2185,1,14,30,11,1,,,,,,,,,,,,,,,,,,,,,,,,,,,,,,,,,,,,,,,,,,,,,,
,,,,,,,,6779262b285a5b12c721ecee,2025-01-22_03h57.46.157,VisualArraysMentalRotation_v4,2021.1.4,Win32,59.88023952,679054f2072d526265aabff2,67906c248bea597deeeb84ba,"[45,-45,90,45,45]","[-45,0,-45,0,90]",,Blue_3,"[45,-45,90,45,45]","[-45,0,45,0,90]",,,,,,,,,BLUE,3,Different,6,1,,,,,,5,0,1.1689,1,15,31,12,1,,,,,,,,,,,,,,,,,,,,,,,,,,,,,,,,,,,,,,,,,,,,,,
,,,,,,,,6779262b285a5b12c721ecee,2025-01-22_03h57.46.157,VisualArraysMentalRotation_v4,2021.1.4,Win32,59.88023952,679054f2072d526265aabff2,67906c248bea597deeeb84ba,"[45,-45,0,45,0]","[0,-45,45,90,-45]",,Blue_3,"[45,-45,0,45,0]","[0,-45,0,90,-45]",,,,,,,,,BLUE,3,Different,6,3,,,,,,5,0,1.1849,2,0,32,13,1,,,,,,,,,,,,,,,,,,,,,,,,,,,,,,,,,,,,,,,,,,,,,,
,,,,,,,,6779262b285a5b12c721ecee,2025-01-22_03h57.46.157,VisualArraysMentalRotation_v4,2021.1.4,Win32,59.88023952,679054f2072d526265aabff2,67906c248bea597deeeb84ba,"[45,0,-45,90,90]","[90,45,45,0,-45]",,Blue_2,"[45,0,-45,90,90]","[90,-45,45,0,-45]",,,,,,,,,BLUE,3,Different,6,1,,,,,,5,0,5.5867,2,1,33,12,1,,,,,,,,,,,,,,,,,,,,,,,,,,,,,,,,,,,,,,,,,,,,,,
,,,,,,,,6779262b285a5b12c721ecee,2025-01-22_03h57.46.157,VisualArraysMentalRotation_v4,2021.1.4,Win32,59.88023952,679054f2072d526265aabff2,67906c248bea597deeeb84ba,"[45,45,0,-45,0]","[0,90,-45,90,0]",,Blue_2,"[45,45,0,-45,0]","[0,-45,-45,90,0]",,,,,,,,,BLUE,5,Different,6,3,,,,,,5,0,2.2173,2,2,34,15,1,,,,,,,,,,,,,,,,,,,,,,,,,,,,,,,,,,,,,,,,,,,,,,
,,,,,,,,6779262b285a5b12c721ecee,2025-01-22_03h57.46.157,VisualArraysMentalRotation_v4,2021.1.4,Win32,59.88023952,679054f2072d526265aabff2,67906c248bea597deeeb84ba,"[90,90,-45,-45,90]","[45,0,0,45,90]",,Red_1,"[45,90,-45,-45,90]","[45,0,0,45,90]",,,,,,,,,RED,3,Different,6,3,,,,,,5,0,1.4679,2,3,35,5,1,,,,,,,,,,,,,,,,,,,,,,,,,,,,,,,,,,,,,,,,,,,,,,
,,,,,,,,6779262b285a5b12c721ecee,2025-01-22_03h57.46.157,VisualArraysMentalRotation_v4,2021.1.4,Win32,59.88023952,679054f2072d526265aabff2,67906c248bea597deeeb84ba,"[0,45,0,0,-45]","[0,45,-45,45,-45]",,Blue_3,"[0,45,0,0,-45]","[0,45,-45,45,-45]",,,,,,,,,BLUE,5,Same,5,1,,,,,,5,1,1.0511,2,4,36,10,1,,,,,,,,,,,,,,,,,,,,,,,,,,,,,,,,,,,,,,,,,,,,,,
,,,,,,,,6779262b285a5b12c721ecee,2025-01-22_03h57.46.157,VisualArraysMentalRotation_v4,2021.1.4,Win32,59.88023952,679054f2072d526265aabff2,67906c248bea597deeeb84ba,"[90,90,-45,0,0]","[90,-45,90,-45,0]",,Red_2,"[90,90,-45,0,0]","[90,-45,90,-45,0]",,,,,,,,,RED,5,Same,5,1,,,,,,5,1,1.1176,2,5,37,2,1,,,,,,,,,,,,,,,,,,,,,,,,,,,,,,,,,,,,,,,,,,,,,,
,,,,,,,,6779262b285a5b12c721ecee,2025-01-22_03h57.46.157,VisualArraysMentalRotation_v4,2021.1.4,Win32,59.88023952,679054f2072d526265aabff2,67906c248bea597deeeb84ba,"[90,90,0,-45,-45]","[45,0,90,45,-45]",,Blue_5,"[90,90,0,-45,-45]","[45,0,90,45,-45]",,,,,,,,,BLUE,5,Same,5,3,,,,,,,0,,2,6,38,11,1,,,,,,,,,,,,,,,,,,,,,,,,,,,,,,,,,,,,,,,,,,,,,,
,,,,,,,,6779262b285a5b12c721ecee,2025-01-22_03h57.46.157,VisualArraysMentalRotation_v4,2021.1.4,Win32,59.88023952,679054f2072d526265aabff2,67906c248bea597deeeb84ba,"[45,45,45,0,90]","[90,0,90,-45,90]",,Blue_1,"[45,45,45,0,90]","[90,0,90,-45,90]",,,,,,,,,BLUE,3,Same,5,3,,,,,,5,1,1.1855,2,7,39,9,1,,,,,,,,,,,,,,,,,,,,,,,,,,,,,,,,,,,,,,,,,,,,,,
,,,,,,,,6779262b285a5b12c721ecee,2025-01-22_03h57.46.157,VisualArraysMentalRotation_v4,2021.1.4,Win32,59.88023952,679054f2072d526265aabff2,67906c248bea597deeeb84ba,"[45,0,0,0,45]","[90,45,-45,45,90]",,Red_4,"[45,0,0,90,45]","[90,45,-45,45,90]",,,,,,,,,RED,5,Different,6,1,,,,,,5,0,2.3529,2,8,40,6,1,,,,,,,,,,,,,,,,,,,,,,,,,,,,,,,,,,,,,,,,,,,,,,
,,,,,,,,6779262b285a5b12c721ecee,2025-01-22_03h57.46.157,VisualArraysMentalRotation_v4,2021.1.4,Win32,59.88023952,679054f2072d526265aabff2,67906c248bea597deeeb84ba,"[45,90,-45,45,0]","[45,45,-45,90,-45]",,Red_2,"[45,0,-45,45,0]","[45,45,-45,90,-45]",,,,,,,,,RED,5,Different,6,3,,,,,,5,0,2.471,2,9,41,7,1,,,,,,,,,,,,,,,,,,,,,,,,,,,,,,,,,,,,,,,,,,,,,,
,,,,,,,,6779262b285a5b12c721ecee,2025-01-22_03h57.46.157,VisualArraysMentalRotation_v4,2021.1.4,Win32,59.88023952,679054f2072d526265aabff2,67906c248bea597deeeb84ba,"[45,90,90,45,-45]","[0,0,0,90,45]",,Blue_5,"[45,90,90,45,-45]","[0,0,0,90,0]",,,,,,,,,BLUE,5,Different,6,1,,,,,,6,1,1.3779,2,10,42,14,1,,,,,,,,,,,,,,,,,,,,,,,,,,,,,,,,,,,,,,,,,,,,,,
,,,,,,,,6779262b285a5b12c721ecee,2025-01-22_03h57.46.157,VisualArraysMentalRotation_v4,2021.1.4,Win32,59.88023952,679054f2072d526265aabff2,67906c248bea597deeeb84ba,"[45,-45,45,-45,90]","[0,-45,-45,90,45]",,Red_3,"[45,-45,45,-45,90]","[0,-45,-45,90,45]",,,,,,,,,RED,3,Same,5,1,,,,,,6,0,2.3726,2,11,43,0,1,,,,,,,,,,,,,,,,,,,,,,,,,,,,,,,,,,,,,,,,,,,,,,
,,,,,,,,6779262b285a5b12c721ecee,2025-01-22_03h57.46.157,VisualArraysMentalRotation_v4,2021.1.4,Win32,59.88023952,679054f2072d526265aabff2,67906c248bea597deeeb84ba,"[-45,45,90,-45,45]","[45,90,45,45,0]",,Blue_3,"[-45,45,90,-45,45]","[45,90,45,45,0]",,,,,,,,,BLUE,3,Same,5,1,,,,,,5,1,1.1069,2,12,44,8,1,,,,,,,,,,,,,,,,,,,,,,,,,,,,,,,,,,,,,,,,,,,,,,
,,,,,,,,6779262b285a5b12c721ecee,2025-01-22_03h57.46.157,VisualArraysMentalRotation_v4,2021.1.4,Win32,59.88023952,679054f2072d526265aabff2,67906c248bea597deeeb84ba,"[45,0,0,-45,90]","[90,-45,90,45,-45]",,Red_1,"[45,0,0,-45,90]","[90,-45,90,45,-45]",,,,,,,,,RED,5,Same,5,3,,,,,,5,1,2.8193,2,13,45,3,1,,,,,,,,,,,,,,,,,,,,,,,,,,,,,,,,,,,,,,,,,,,,,,
,,,,,,,,6779262b285a5b12c721ecee,2025-01-22_03h57.46.157,VisualArraysMentalRotation_v4,2021.1.4,Win32,59.88023952,679054f2072d526265aabff2,67906c248bea597deeeb84ba,"[90,0,90,90,45]","[90,0,45,45,0]",,Red_3,"[90,0,-45,90,45]","[90,0,45,45,0]",,,,,,,,,RED,3,Different,6,1,,,,,,5,0,1.0241,2,14,46,4,1,,,,,,,,,,,,,,,,,,,,,,,,,,,,,,,,,,,,,,,,,,,,,,
,,,,,,,,6779262b285a5b12c721ecee,2025-01-22_03h57.46.157,VisualArraysMentalRotation_v4,2021.1.4,Win32,59.88023952,679054f2072d526265aabff2,67906c248bea597deeeb84ba,"[90,0,45,0,-45]","[90,90,45,90,45]",,Red_1,"[90,0,45,0,-45]","[90,90,45,90,45]",,,,,,,,,RED,3,Same,5,3,,,,,,5,1,2.3681,2,15,47,1,1,,,,,,,,,,,,,,,,,,,,,,,,,,,,,,,,,,,,,,,,,,,,,,
,,,,,,,,6779262b285a5b12c721ecee,2025-01-22_03h57.46.157,VisualArraysMentalRotation_v4,2021.1.4,Win32,59.88023952,679054f2072d526265aabff2,67906c248bea597deeeb84ba,"[90,0,0,90,90]","[-45,-45,0,45,-45]",,Blue_3,"[90,0,0,90,90]","[-45,-45,-45,45,-45]",,,,,,,,,BLUE,3,Different,6,1,,,,,,6,1,1.5676,3,0,48,12,1,,,,,,,,,,,,,,,,,,,,,,,,,,,,,,,,,,,,,,,,,,,,,,
,,,,,,,,6779262b285a5b12c721ecee,2025-01-22_03h57.46.157,VisualArraysMentalRotation_v4,2021.1.4,Win32,59.88023952,679054f2072d526265aabff2,67906c248bea597deeeb84ba,"[-45,-45,0,45,45]","[-45,0,90,-45,0]",,Blue_1,"[-45,-45,0,45,45]","[-45,0,90,-45,0]",,,,,,,,,BLUE,3,Same,5,1,,,,,,5,1,1.362,3,1,49,8,1,,,,,,,,,,,,,,,,,,,,,,,,,,,,,,,,,,,,,,,,,,,,,,
,,,,,,,,6779262b285a5b12c721ecee,2025-01-22_03h57.46.157,VisualArraysMentalRotation_v4,2021.1.4,Win32,59.88023952,679054f2072d526265aabff2,67906c248bea597deeeb84ba,"[0,90,-45,-45,-45]","[0,90,90,-45,45]",,Blue_2,"[0,90,-45,-45,-45]","[0,45,90,-45,45]",,,,,,,,,BLUE,5,Different,6,1,,,,,,5,0,1.3507,3,2,50,14,1,,,,,,,,,,,,,,,,,,,,,,,,,,,,,,,,,,,,,,,,,,,,,,
,,,,,,,,6779262b285a5b12c721ecee,2025-01-22_03h57.46.157,VisualArraysMentalRotation_v4,2021.1.4,Win32,59.88023952,679054f2072d526265aabff2,67906c248bea597deeeb84ba,"[45,0,-45,0,-45]","[0,45,90,90,45]",,Red_4,"[45,0,-45,45,-45]","[0,45,90,90,45]",,,,,,,,,RED,5,Different,6,1,,,,,,6,1,2.3497,3,3,51,6,1,,,,,,,,,,,,,,,,,,,,,,,,,,,,,,,,,,,,,,,,,,,,,,
,,,,,,,,6779262b285a5b12c721ecee,2025-01-22_03h57.46.157,VisualArraysMentalRotation_v4,2021.1.4,Win32,59.88023952,679054f2072d526265aabff2,67906c248bea597deeeb84ba,"[45,-45,0,-45,45]","[-45,45,45,0,0]",,Red_3,"[45,-45,0,-45,45]","[-45,45,45,0,0]",,,,,,,,,RED,3,Same,5,1,,,,,,5,1,1.256,3,4,52,0,1,,,,,,,,,,,,,,,,,,,,,,,,,,,,,,,,,,,,,,,,,,,,,,
,,,,,,,,6779262b285a5b12c721ecee,2025-01-22_03h57.46.157,VisualArraysMentalRotation_v4,2021.1.4,Win32,59.88023952,679054f2072d526265aabff2,67906c248bea597deeeb84ba,"[0,0,45,90,-45]","[-45,90,0,45,45]",,Blue_1,"[0,0,45,90,-45]","[90,90,0,45,45]",,,,,,,,,BLUE,5,Different,6,3,,,,,,5,0,1.4924,3,5,53,15,1,,,,,,,,,,,,,,,,,,,,,,,,,,,,,,,,,,,,,,,,,,,,,,
,,,,,,,,6779262b285a5b12c721ecee,2025-01-22_03h57.46.157,VisualArraysMentalRotation_v4,2021.1.4,Win32,59.88023952,679054f2072d526265aabff2,67906c248bea597deeeb84ba,"[-45,0,45,45,90]","[45,90,0,90,90]",,Red_3,"[-45,0,0,45,90]","[45,90,0,90,90]",,,,,,,,,RED,3,Different,6,3,,,,,,5,0,2.0533,3,6,54,5,1,,,,,,,,,,,,,,,,,,,,,,,,,,,,,,,,,,,,,,,,,,,,,,
,,,,,,,,6779262b285a5b12c721ecee,2025-01-22_03h57.46.157,VisualArraysMentalRotation_v4,2021.1.4,Win32,59.88023952,679054f2072d526265aabff2,67906c248bea597deeeb84ba,"[90,-45,0,0,90]","[90,0,45,0,90]",,Red_3,"[90,-45,90,0,90]","[90,0,45,0,90]",,,,,,,,,RED,3,Different,6,1,,,,,,6,1,1.5855,3,7,55,4,1,,,,,,,,,,,,,,,,,,,,,,,,,,,,,,,,,,,,,,,,,,,,,,
,,,,,,,,6779262b285a5b12c721ecee,2025-01-22_03h57.46.157,VisualArraysMentalRotation_v4,2021.1.4,Win32,59.88023952,679054f2072d526265aabff2,67906c248bea597deeeb84ba,"[-45,90,45,-45,90]","[0,45,0,-45,45]",,Blue_2,"[-45,90,45,-45,90]","[0,45,0,-45,45]",,,,,,,,,BLUE,5,Same,5,1,,,,,,5,1,1.3102,3,8,56,10,1,,,,,,,,,,,,,,,,,,,,,,,,,,,,,,,,,,,,,,,,,,,,,,
,,,,,,,,6779262b285a5b12c721ecee,2025-01-22_03h57.46.157,VisualArraysMentalRotation_v4,2021.1.4,Win32,59.88023952,679054f2072d526265aabff2,67906c248bea597deeeb84ba,"[0,0,90,0,90]","[-45,-45,45,90,90]",,Blue_1,"[0,0,90,0,90]","[45,-45,45,90,90]",,,,,,,,,BLUE,3,Different,6,3,,,,,,5,0,0.8782,3,9,57,13,1,,,,,,,,,,,,,,,,,,,,,,,,,,,,,,,,,,,,,,,,,,,,,,
,,,,,,,,6779262b285a5b12c721ecee,2025-01-22_03h57.46.157,VisualArraysMentalRotation_v4,2021.1.4,Win32,59.88023952,679054f2072d526265aabff2,67906c248bea597deeeb84ba,"[-45,-45,45,90,-45]","[90,90,90,-45,45]",,Blue_2,"[-45,-45,45,90,-45]","[90,90,90,-45,45]",,,,,,,,,BLUE,5,Same,5,3,,,,,,6,0,1.8077,3,10,58,11,1,,,,,,,,,,,,,,,,,,,,,,,,,,,,,,,,,,,,,,,,,,,,,,
,,,,,,,,6779262b285a5b12c721ecee,2025-01-22_03h57.46.157,VisualArraysMentalRotation_v4,2021.1.4,Win32,59.88023952,679054f2072d526265aabff2,67906c248bea597deeeb84ba,"[45,90,0,0,45]","[-45,90,-45,45,0]",,Red_5,"[45,90,0,0,-45]","[-45,90,-45,45,0]",,,,,,,,,RED,5,Different,6,3,,,,,,6,1,1.5685,3,11,59,7,1,,,,,,,,,,,,,,,,,,,,,,,,,,,,,,,,,,,,,,,,,,,,,,
,,,,,,,,6779262b285a5b12c721ecee,2025-01-22_03h57.46.157,VisualArraysMentalRotation_v4,2021.1.4,Win32,59.88023952,679054f2072d526265aabff2,67906c248bea597deeeb84ba,"[0,90,-45,90,-45]","[-45,90,90,45,90]",,Red_3,"[0,90,-45,90,-45]","[-45,90,90,45,90]",,,,,,,,,RED,3,Same,5,3,,,,,,6,0,1.6247,3,12,60,1,1,,,,,,,,,,,,,,,,,,,,,,,,,,,,,,,,,,,,,,,,,,,,,,
,,,,,,,,6779262b285a5b12c721ecee,2025-01-22_03h57.46.157,VisualArraysMentalRotation_v4,2021.1.4,Win32,59.88023952,679054f2072d526265aabff2,67906c248bea597deeeb84ba,"[-45,45,-45,45,90]","[0,90,0,45,-45]",,Red_3,"[-45,45,-45,45,90]","[0,90,0,45,-45]",,,,,,,,,RED,5,Same,5,3,,,,,,5,1,2.0687,3,13,61,3,1,,,,,,,,,,,,,,,,,,,,,,,,,,,,,,,,,,,,,,,,,,,,,,
,,,,,,,,6779262b285a5b12c721ecee,2025-01-22_03h57.46.157,VisualArraysMentalRotation_v4,2021.1.4,Win32,59.88023952,679054f2072d526265aabff2,67906c248bea597deeeb84ba,"[90,90,0,0,-45]","[-45,-45,45,-45,45]",,Blue_1,"[90,90,0,0,-45]","[-45,-45,45,-45,45]",,,,,,,,,BLUE,3,Same,5,3,,,,,,5,1,1.6603,3,14,62,9,1,,,,,,,,,,,,,,,,,,,,,,,,,,,,,,,,,,,,,,,,,,,,,,
,,,,,,,,6779262b285a5b12c721ecee,2025-01-22_03h57.46.157,VisualArraysMentalRotation_v4,2021.1.4,Win32,59.88023952,679054f2072d526265aabff2,67906c248bea597deeeb84ba,"[45,0,90,0,-45]","[0,90,45,-45,-45]",,Red_5,"[45,0,90,0,-45]","[0,90,45,-45,-45]",,,,,,,,,RED,5,Same,5,1,,,,,,5,1,4.4004,3,15,63,2,1,,,,,,,,,,,,,,,,,,,,,,,,,,,,,,,,,,,,,,,,,,,,,,
,,,,,,,,6779262b285a5b12c721ecee,2025-01-22_03h57.46.157,VisualArraysMentalRotation_v4,2021.1.4,Win32,59.88023952,679054f2072d526265aabff2,67906c248bea597deeeb84ba,"[45,0,45,0,-45]","[-45,0,-45,90,0]",,Blue_3,"[45,0,45,0,-45]","[-45,0,90,90,0]",,,,,,,,,BLUE,5,Different,6,3,,,,,,5,0,3.6931,4,0,64,15,1,,,,,,,,,,,,,,,,,,,,,,,,,,,,,,,,,,,,,,,,,,,,,,
,,,,,,,,6779262b285a5b12c721ecee,2025-01-22_03h57.46.157,VisualArraysMentalRotation_v4,2021.1.4,Win32,59.88023952,679054f2072d526265aabff2,67906c248bea597deeeb84ba,"[90,45,45,0,0]","[0,45,45,90,-45]",,Blue_4,"[90,45,45,0,0]","[0,45,45,90,-45]",,,,,,,,,BLUE,5,Same,5,3,,,,,,6,0,3.2794,4,1,65,11,1,,,,,,,,,,,,,,,,,,,,,,,,,,,,,,,,,,,,,,,,,,,,,,
,,,,,,,,6779262b285a5b12c721ecee,2025-01-22_03h57.46.157,VisualArraysMentalRotation_v4,2021.1.4,Win32,59.88023952,679054f2072d526265aabff2,67906c248bea597deeeb84ba,"[0,45,-45,90,45]","[45,90,-45,0,-45]",,Red_2,"[0,45,-45,90,45]","[45,90,-45,0,-45]",,,,,,,,,RED,3,Same,5,3,,,,,,5,1,1.313,4,2,66,1,1,,,,,,,,,,,,,,,,,,,,,,,,,,,,,,,,,,,,,,,,,,,,,,
,,,,,,,,6779262b285a5b12c721ecee,2025-01-22_03h57.46.157,VisualArraysMentalRotation_v4,2021.1.4,Win32,59.88023952,679054f2072d526265aabff2,67906c248bea597deeeb84ba,"[45,45,45,45,0]","[-45,0,45,45,-45]",,Blue_3,"[45,45,45,45,0]","[-45,0,45,45,-45]",,,,,,,,,BLUE,3,Same,5,3,,,,,,6,0,1.7011,4,3,67,9,1,,,,,,,,,,,,,,,,,,,,,,,,,,,,,,,,,,,,,,,,,,,,,,
,,,,,,,,6779262b285a5b12c721ecee,2025-01-22_03h57.46.157,VisualArraysMentalRotation_v4,2021.1.4,Win32,59.88023952,679054f2072d526265aabff2,67906c248bea597deeeb84ba,"[90,45,90,90,45]","[-45,90,45,-45,0]",,Blue_5,"[90,45,90,90,45]","[-45,90,45,-45,-45]",,,,,,,,,BLUE,5,Different,6,1,,,,,,5,0,4.1658,4,4,68,14,1,,,,,,,,,,,,,,,,,,,,,,,,,,,,,,,,,,,,,,,,,,,,,,
,,,,,,,,6779262b285a5b12c721ecee,2025-01-22_03h57.46.157,VisualArraysMentalRotation_v4,2021.1.4,Win32,59.88023952,679054f2072d526265aabff2,67906c248bea597deeeb84ba,"[90,90,0,0,45]","[0,-45,-45,90,90]",,Blue_2,"[90,90,0,0,45]","[0,90,-45,90,90]",,,,,,,,,BLUE,3,Different,6,1,,,,,,5,0,1.5176,4,5,69,12,1,,,,,,,,,,,,,,,,,,,,,,,,,,,,,,,,,,,,,,,,,,,,,,
,,,,,,,,6779262b285a5b12c721ecee,2025-01-22_03h57.46.157,VisualArraysMentalRotation_v4,2021.1.4,Win32,59.88023952,679054f2072d526265aabff2,67906c248bea597deeeb84ba,"[0,-45,0,-45,45]","[-45,90,90,90,45]",,Red_3,"[0,-45,45,-45,45]","[-45,90,90,90,45]",,,,,,,,,RED,3,Different,6,1,,,,,,6,1,2.7725,4,6,70,4,1,,,,,,,,,,,,,,,,,,,,,,,,,,,,,,,,,,,,,,,,,,,,,,
,,,,,,,,6779262b285a5b12c721ecee,2025-01-22_03h57.46.157,VisualArraysMentalRotation_v4,2021.1.4,Win32,59.88023952,679054f2072d526265aabff2,67906c248bea597deeeb84ba,"[45,45,0,-45,45]","[-45,0,45,-45,90]",,Red_4,"[45,45,0,-45,45]","[-45,0,45,-45,90]",,,,,,,,,RED,5,Same,5,1,,,,,,5,1,1.3973,4,7,71,2,1,,,,,,,,,,,,,,,,,,,,,,,,,,,,,,,,,,,,,,,,,,,,,,
,,,,,,,,6779262b285a5b12c721ecee,2025-01-22_03h57.46.157,VisualArraysMentalRotation_v4,2021.1.4,Win32,59.88023952,679054f2072d526265aabff2,67906c248bea597deeeb84ba,"[-45,-45,45,0,-45]","[-45,0,-45,45,-45]",,Red_2,"[-45,-45,45,0,-45]","[-45,0,-45,45,-45]",,,,,,,,,RED,3,Same,5,1,,,,,,5,1,1.3436,4,8,72,0,1,,,,,,,,,,,,,,,,,,,,,,,,,,,,,,,,,,,,,,,,,,,,,,
,,,,,,,,6779262b285a5b12c721ecee,2025-01-22_03h57.46.157,VisualArraysMentalRotation_v4,2021.1.4,Win32,59.88023952,679054f2072d526265aabff2,67906c248bea597deeeb84ba,"[45,90,-45,0,0]","[45,-45,-45,-45,90]",,Red_1,"[0,90,-45,0,0]","[45,-45,-45,-45,90]",,,,,,,,,RED,3,Different,6,3,,,,,,5,0,1.1082,4,9,73,5,1,,,,,,,,,,,,,,,,,,,,,,,,,,,,,,,,,,,,,,,,,,,,,,
,,,,,,,,6779262b285a5b12c721ecee,2025-01-22_03h57.46.157,VisualArraysMentalRotation_v4,2021.1.4,Win32,59.88023952,679054f2072d526265aabff2,67906c248bea597deeeb84ba,"[45,-45,45,90,90]","[45,45,0,-45,45]",,Red_4,"[45,-45,45,45,90]","[45,45,0,-45,45]",,,,,,,,,RED,5,Different,6,1,,,,,,5,0,2.0518,4,10,74,6,1,,,,,,,,,,,,,,,,,,,,,,,,,,,,,,,,,,,,,,,,,,,,,,
,,,,,,,,6779262b285a5b12c721ecee,2025-01-22_03h57.46.157,VisualArraysMentalRotation_v4,2021.1.4,Win32,59.88023952,679054f2072d526265aabff2,67906c248bea597deeeb84ba,"[-45,0,-45,45,45]","[-45,45,45,-45,-45]",,Blue_2,"[-45,0,-45,45,45]","[-45,45,45,-45,-45]",,,,,,,,,BLUE,3,Same,5,1,,,,,,5,1,0.9542,4,11,75,8,1,,,,,,,,,,,,,,,,,,,,,,,,,,,,,,,,,,,,,,,,,,,,,,
,,,,,,,,6779262b285a5b12c721ecee,2025-01-22_03h57.46.157,VisualArraysMentalRotation_v4,2021.1.4,Win32,59.88023952,679054f2072d526265aabff2,67906c248bea597deeeb84ba,"[-45,-45,45,90,45]","[-45,-45,0,45,0]",,Blue_2,"[-45,-45,45,90,45]","[-45,90,0,45,0]",,,,,,,,,BLUE,3,Different,6,3,,,,,,5,0,0.9183,4,12,76,13,1,,,,,,,,,,,,,,,,,,,,,,,,,,,,,,,,,,,,,,,,,,,,,,
,,,,,,,,6779262b285a5b12c721ecee,2025-01-22_03h57.46.157,VisualArraysMentalRotation_v4,2021.1.4,Win32,59.88023952,679054f2072d526265aabff2,67906c248bea597deeeb84ba,"[0,-45,0,90,-45]","[90,-45,45,90,45]",,Blue_1,"[0,-45,0,90,-45]","[90,-45,45,90,45]",,,,,,,,,BLUE,5,Same,5,1,,,,,,5,1,2.9918,4,13,77,10,1,,,,,,,,,,,,,,,,,,,,,,,,,,,,,,,,,,,,,,,,,,,,,,
,,,,,,,,6779262b285a5b12c721ecee,2025-01-22_03h57.46.157,VisualArraysMentalRotation_v4,2021.1.4,Win32,59.88023952,679054f2072d526265aabff2,67906c248bea597deeeb84ba,"[0,0,0,0,45]","[-45,90,-45,90,0]",,Red_4,"[0,0,0,-45,45]","[-45,90,-45,90,0]",,,,,,,,,RED,5,Different,6,3,,,,,,5,0,1.9018,4,14,78,7,1,,,,,,,,,,,,,,,,,,,,,,,,,,,,,,,,,,,,,,,,,,,,,,
,,,,,,,,6779262b285a5b12c721ecee,2025-01-22_03h57.46.157,VisualArraysMentalRotation_v4,2021.1.4,Win32,59.88023952,679054f2072d526265aabff2,67906c248bea597deeeb84ba,"[0,-45,-45,0,0]","[90,45,90,0,45]",,Red_2,"[0,-45,-45,0,0]","[90,45,90,0,45]",,,,,,,,,RED,5,Same,5,3,,,,,,5,1,1.09,4,15,79,3,1,,,,,,,,,,,,,,,,,,,,,,,,,,,,,,,,,,,,,,,,,,,,,,
,,,,,,,,6779262b285a5b12c721ecee,2025-01-22_03h57.46.157,VisualArraysMentalRotation_v4,2021.1.4,Win32,59.88023952,679054f2072d526265aabff2,67906c248bea597deeeb84ba,"[90,0,90,90,-45]","[0,-45,0,-45,45]",,Red_1,"[90,0,90,90,-45]","[0,-45,0,-45,45]",,,,,,,,,RED,3,Same,5,1,,,,,,5,1,1.1908,5,0,80,0,1,,,,,,,,,,,,,,,,,,,,,,,,,,,,,,,,,,,,,,,,,,,,,,
,,,,,,,,6779262b285a5b12c721ecee,2025-01-22_03h57.46.157,VisualArraysMentalRotation_v4,2021.1.4,Win32,59.88023952,679054f2072d526265aabff2,67906c248bea597deeeb84ba,"[90,45,0,-45,45]","[0,-45,0,90,45]",,Red_2,"[90,45,0,-45,45]","[0,-45,0,90,45]",,,,,,,,,RED,5,Same,5,3,,,,,,5,1,1.0007,5,1,81,3,1,,,,,,,,,,,,,,,,,,,,,,,,,,,,,,,,,,,,,,,,,,,,,,
,,,,,,,,6779262b285a5b12c721ecee,2025-01-22_03h57.46.157,VisualArraysMentalRotation_v4,2021.1.4,Win32,59.88023952,679054f2072d526265aabff2,67906c248bea597deeeb84ba,"[-45,90,0,45,-45]","[45,90,45,90,-45]",,Blue_1,"[-45,90,0,45,-45]","[45,90,45,90,-45]",,,,,,,,,BLUE,5,Same,5,1,,,,,,5,1,1.4372,5,2,82,10,1,,,,,,,,,,,,,,,,,,,,,,,,,,,,,,,,,,,,,,,,,,,,,,
,,,,,,,,6779262b285a5b12c721ecee,2025-01-22_03h57.46.157,VisualArraysMentalRotation_v4,2021.1.4,Win32,59.88023952,679054f2072d526265aabff2,67906c248bea597deeeb84ba,"[90,0,45,-45,90]","[-45,0,0,-45,0]",,Blue_2,"[90,0,45,-45,90]","[-45,0,0,-45,0]",,,,,,,,,BLUE,3,Same,5,1,,,,,,6,0,2.2349,5,3,83,8,1,,,,,,,,,,,,,,,,,,,,,,,,,,,,,,,,,,,,,,,,,,,,,,
,,,,,,,,6779262b285a5b12c721ecee,2025-01-22_03h57.46.157,VisualArraysMentalRotation_v4,2021.1.4,Win32,59.88023952,679054f2072d526265aabff2,67906c248bea597deeeb84ba,"[0,-45,0,0,90]","[0,-45,45,-45,45]",,Blue_2,"[0,-45,0,0,90]","[0,0,45,-45,45]",,,,,,,,,BLUE,3,Different,6,3,,,,,,6,1,6.018,5,4,84,13,1,,,,,,,,,,,,,,,,,,,,,,,,,,,,,,,,,,,,,,,,,,,,,,
,,,,,,,,6779262b285a5b12c721ecee,2025-01-22_03h57.46.157,VisualArraysMentalRotation_v4,2021.1.4,Win32,59.88023952,679054f2072d526265aabff2,67906c248bea597deeeb84ba,"[0,0,0,0,45]","[45,90,0,0,90]",,Red_4,"[0,0,0,45,45]","[45,90,0,0,90]",,,,,,,,,RED,5,Different,6,1,,,,,,6,1,7.1515,5,5,85,6,1,,,,,,,,,,,,,,,,,,,,,,,,,,,,,,,,,,,,,,,,,,,,,,
,,,,,,,,6779262b285a5b12c721ecee,2025-01-22_03h57.46.157,VisualArraysMentalRotation_v4,2021.1.4,Win32,59.88023952,679054f2072d526265aabff2,67906c248bea597deeeb84ba,"[0,0,45,0,90]","[90,45,90,-45,-45]",,Blue_1,"[0,0,45,0,90]","[-45,45,90,-45,-45]",,,,,,,,,BLUE,3,Different,6,1,,,,,,6,1,5.0204,5,6,86,12,1,,,,,,,,,,,,,,,,,,,,,,,,,,,,,,,,,,,,,,,,,,,,,,
,,,,,,,,6779262b285a5b12c721ecee,2025-01-22_03h57.46.157,VisualArraysMentalRotation_v4,2021.1.4,Win32,59.88023952,679054f2072d526265aabff2,67906c248bea597deeeb84ba,"[0,90,-45,90,45]","[90,45,45,-45,-45]",,Blue_5,"[0,90,-45,90,45]","[90,45,45,-45,0]",,,,,,,,,BLUE,5,Different,6,3,,,,,,5,0,2.0678,5,7,87,15,1,,,,,,,,,,,,,,,,,,,,,,,,,,,,,,,,,,,,,,,,,,,,,,
,,,,,,,,6779262b285a5b12c721ecee,2025-01-22_03h57.46.157,VisualArraysMentalRotation_v4,2021.1.4,Win32,59.88023952,679054f2072d526265aabff2,67906c248bea597deeeb84ba,"[-45,0,90,0,45]","[-45,-45,0,-45,-45]",,Red_1,"[-45,0,90,0,45]","[-45,-45,0,-45,-45]",,,,,,,,,RED,3,Same,5,3,,,,,,5,1,1.1216,5,8,88,1,1,,,,,,,,,,,,,,,,,,,,,,,,,,,,,,,,,,,,,,,,,,,,,,
,,,,,,,,6779262b285a5b12c721ecee,2025-01-22_03h57.46.157,VisualArraysMentalRotation_v4,2021.1.4,Win32,59.88023952,679054f2072d526265aabff2,67906c248bea597deeeb84ba,"[0,90,90,90,90]","[45,-45,-45,-45,-45]",,Red_3,"[0,90,45,90,90]","[45,-45,-45,-45,-45]",,,,,,,,,RED,3,Different,6,3,,,,,,6,1,4.0526,5,9,89,5,1,,,,,,,,,,,,,,,,,,,,,,,,,,,,,,,,,,,,,,,,,,,,,,
,,,,,,,,6779262b285a5b12c721ecee,2025-01-22_03h57.46.157,VisualArraysMentalRotation_v4,2021.1.4,Win32,59.88023952,679054f2072d526265aabff2,67906c248bea597deeeb84ba,"[45,-45,0,0,0]","[90,-45,0,-45,0]",,Blue_3,"[45,-45,0,0,0]","[90,-45,0,-45,0]",,,,,,,,,BLUE,5,Same,5,3,,,,,,5,1,1.2766,5,10,90,11,1,,,,,,,,,,,,,,,,,,,,,,,,,,,,,,,,,,,,,,,,,,,,,,
,,,,,,,,6779262b285a5b12c721ecee,2025-01-22_03h57.46.157,VisualArraysMentalRotation_v4,2021.1.4,Win32,59.88023952,679054f2072d526265aabff2,67906c248bea597deeeb84ba,"[45,-45,45,-45,-45]","[90,90,45,45,-45]",,Red_3,"[45,-45,45,-45,-45]","[90,90,45,45,-45]",,,,,,,,,RED,5,Same,5,1,,,,,,5,1,1.2022,5,11,91,2,1,,,,,,,,,,,,,,,,,,,,,,,,,,,,,,,,,,,,,,,,,,,,,,
,,,,,,,,6779262b285a5b12c721ecee,2025-01-22_03h57.46.157,VisualArraysMentalRotation_v4,2021.1.4,Win32,59.88023952,679054f2072d526265aabff2,67906c248bea597deeeb84ba,"[-45,90,-45,45,90]","[0,90,-45,-45,0]",,Blue_3,"[-45,90,-45,45,90]","[0,90,-45,-45,0]",,,,,,,,,BLUE,3,Same,5,3,,,,,,5,1,1.0527,5,12,92,9,1,,,,,,,,,,,,,,,,,,,,,,,,,,,,,,,,,,,,,,,,,,,,,,
,,,,,,,,6779262b285a5b12c721ecee,2025-01-22_03h57.46.157,VisualArraysMentalRotation_v4,2021.1.4,Win32,59.88023952,679054f2072d526265aabff2,67906c248bea597deeeb84ba,"[0,90,90,-45,90]","[90,45,-45,90,90]",,Red_1,"[90,90,90,-45,90]","[90,45,-45,90,90]",,,,,,,,,RED,3,Different,6,1,,,,,,6,1,1.901,5,13,93,4,1,,,,,,,,,,,,,,,,,,,,,,,,,,,,,,,,,,,,,,,,,,,,,,
,,,,,,,,6779262b285a5b12c721ecee,2025-01-22_03h57.46.157,VisualArraysMentalRotation_v4,2021.1.4,Win32,59.88023952,679054f2072d526265aabff2,67906c248bea597deeeb84ba,"[0,-45,-45,-45,90]","[90,45,-45,45,45]",,Blue_3,"[0,-45,-45,-45,90]","[90,45,90,45,45]",,,,,,,,,BLUE,5,Different,6,1,,,,,,5,0,1.3683,5,14,94,14,1,,,,,,,,,,,,,,,,,,,,,,,,,,,,,,,,,,,,,,,,,,,,,,
,,,,,,,,6779262b285a5b12c721ecee,2025-01-22_03h57.46.157,VisualArraysMentalRotation_v4,2021.1.4,Win32,59.88023952,679054f2072d526265aabff2,67906c248bea597deeeb84ba,"[45,-45,-45,0,90]","[-45,90,0,0,-45]",,Red_1,"[0,-45,-45,0,90]","[-45,90,0,0,-45]",,,,,,,,,RED,5,Different,6,3,,,,,,5,0,3.2171,5,15,95,7,1,,,,,,,,,,,,,,,,,,,,,,,,,,,,,,,,,,,,,,,,,,,,,,
,,,,,,,,6779262b285a5b12c721ecee,2025-01-22_03h57.46.157,VisualArraysMentalRotation_v4,2021.1.4,Win32,59.88023952,679054f2072d526265aabff2,67906c248bea597deeeb84ba,"[90,90,45,0,-45]","[45,45,45,-45,90]",,Blue_3,"[90,90,45,0,-45]","[45,45,45,-45,90]",,,,,,,,,BLUE,3,Same,5,3,,,,,,6,0,1.7511,6,0,96,9,1,,,,,,,,,,,,,,,,,,,,,,,,,,,,,,,,,,,,,,,,,,,,,,
,,,,,,,,6779262b285a5b12c721ecee,2025-01-22_03h57.46.157,VisualArraysMentalRotation_v4,2021.1.4,Win32,59.88023952,679054f2072d526265aabff2,67906c248bea597deeeb84ba,"[0,0,-45,-45,0]","[0,90,-45,90,90]",,Red_2,"[0,45,-45,-45,0]","[0,90,-45,90,90]",,,,,,,,,RED,3,Different,6,3,,,,,,6,1,3.0234,6,1,97,5,1,,,,,,,,,,,,,,,,,,,,,,,,,,,,,,,,,,,,,,,,,,,,,,
,,,,,,,,6779262b285a5b12c721ecee,2025-01-22_03h57.46.157,VisualArraysMentalRotation_v4,2021.1.4,Win32,59.88023952,679054f2072d526265aabff2,67906c248bea597deeeb84ba,"[-45,-45,-45,45,0]","[0,0,-45,90,45]",,Blue_2,"[-45,-45,-45,45,0]","[0,45,-45,90,45]",,,,,,,,,BLUE,5,Different,6,3,,,,,,5,0,1.2699,6,2,98,15,1,,,,,,,,,,,,,,,,,,,,,,,,,,,,,,,,,,,,,,,,,,,,,,
,,,,,,,,6779262b285a5b12c721ecee,2025-01-22_03h57.46.157,VisualArraysMentalRotation_v4,2021.1.4,Win32,59.88023952,679054f2072d526265aabff2,67906c248bea597deeeb84ba,"[90,45,90,-45,0]","[90,-45,0,45,0]",,Red_2,"[90,45,90,-45,0]","[90,-45,0,45,0]",,,,,,,,,RED,3,Same,5,3,,,,,,5,1,1.6005,6,3,99,1,1,,,,,,,,,,,,,,,,,,,,,,,,,,,,,,,,,,,,,,,,,,,,,,
,,,,,,,,6779262b285a5b12c721ecee,2025-01-22_03h57.46.157,VisualArraysMentalRotation_v4,2021.1.4,Win32,59.88023952,679054f2072d526265aabff2,67906c248bea597deeeb84ba,"[-45,0,0,45,0]","[45,-45,45,90,45]",,Blue_2,"[-45,0,0,45,0]","[45,90,45,90,45]",,,,,,,,,BLUE,3,Different,6,3,,,,,,6,1,1.4026,6,4,100,13,1,,,,,,,,,,,,,,,,,,,,,,,,,,,,,,,,,,,,,,,,,,,,,,
,,,,,,,,6779262b285a5b12c721ecee,2025-01-22_03h57.46.157,VisualArraysMentalRotation_v4,2021.1.4,Win32,59.88023952,679054f2072d526265aabff2,67906c248bea597deeeb84ba,"[0,45,-45,0,-45]","[-45,0,45,0,90]",,Blue_3,"[0,45,-45,0,-45]","[-45,0,45,0,90]",,,,,,,,,BLUE,3,Same,5,1,,,,,,5,1,1.7032,6,5,101,8,1,,,,,,,,,,,,,,,,,,,,,,,,,,,,,,,,,,,,,,,,,,,,,,
,,,,,,,,6779262b285a5b12c721ecee,2025-01-22_03h57.46.157,VisualArraysMentalRotation_v4,2021.1.4,Win32,59.88023952,679054f2072d526265aabff2,67906c248bea597deeeb84ba,"[90,-45,-45,-45,45]","[45,0,90,-45,-45]",,Blue_4,"[90,-45,-45,-45,45]","[45,0,90,90,-45]",,,,,,,,,BLUE,5,Different,6,1,,,,,,5,0,2.4348,6,6,102,14,1,,,,,,,,,,,,,,,,,,,,,,,,,,,,,,,,,,,,,,,,,,,,,,
,,,,,,,,6779262b285a5b12c721ecee,2025-01-22_03h57.46.157,VisualArraysMentalRotation_v4,2021.1.4,Win32,59.88023952,679054f2072d526265aabff2,67906c248bea597deeeb84ba,"[-45,-45,45,0,0]","[45,90,45,-45,-45]",,Red_2,"[-45,45,45,0,0]","[45,90,45,-45,-45]",,,,,,,,,RED,5,Different,6,1,,,,,,6,1,2.2537,6,7,103,6,1,,,,,,,,,,,,,,,,,,,,,,,,,,,,,,,,,,,,,,,,,,,,,,
,,,,,,,,6779262b285a5b12c721ecee,2025-01-22_03h57.46.157,VisualArraysMentalRotation_v4,2021.1.4,Win32,59.88023952,679054f2072d526265aabff2,67906c248bea597deeeb84ba,"[45,90,-45,-45,-45]","[0,90,45,90,45]",,Red_5,"[45,90,-45,-45,-45]","[0,90,45,90,45]",,,,,,,,,RED,5,Same,5,3,,,,,,6,0,4.0399,6,8,104,3,1,,,,,,,,,,,,,,,,,,,,,,,,,,,,,,,,,,,,,,,,,,,,,,
,,,,,,,,6779262b285a5b12c721ecee,2025-01-22_03h57.46.157,VisualArraysMentalRotation_v4,2021.1.4,Win32,59.88023952,679054f2072d526265aabff2,67906c248bea597deeeb84ba,"[45,0,0,45,0]","[45,-45,45,90,90]",,Red_2,"[45,0,0,45,0]","[45,-45,45,90,90]",,,,,,,,,RED,3,Same,5,1,,,,,,5,1,1.3697,6,9,105,0,1,,,,,,,,,,,,,,,,,,,,,,,,,,,,,,,,,,,,,,,,,,,,,,
,,,,,,,,6779262b285a5b12c721ecee,2025-01-22_03h57.46.157,VisualArraysMentalRotation_v4,2021.1.4,Win32,59.88023952,679054f2072d526265aabff2,67906c248bea597deeeb84ba,"[45,90,90,45,0]","[45,-45,0,90,0]",,Blue_5,"[45,90,90,45,0]","[45,-45,0,90,0]",,,,,,,,,BLUE,5,Same,5,3,,,,,,5,1,1.3199,6,10,106,11,1,,,,,,,,,,,,,,,,,,,,,,,,,,,,,,,,,,,,,,,,,,,,,,
,,,,,,,,6779262b285a5b12c721ecee,2025-01-22_03h57.46.157,VisualArraysMentalRotation_v4,2021.1.4,Win32,59.88023952,679054f2072d526265aabff2,67906c248bea597deeeb84ba,"[90,90,-45,90,90]","[-45,0,90,45,0]",,Red_4,"[90,90,-45,45,90]","[-45,0,90,45,0]",,,,,,,,,RED,5,Different,6,3,,,,,,6,1,1.659,6,11,107,7,1,,,,,,,,,,,,,,,,,,,,,,,,,,,,,,,,,,,,,,,,,,,,,,
,,,,,,,,6779262b285a5b12c721ecee,2025-01-22_03h57.46.157,VisualArraysMentalRotation_v4,2021.1.4,Win32,59.88023952,679054f2072d526265aabff2,67906c248bea597deeeb84ba,"[45,45,0,90,90]","[0,0,-45,0,45]",,Red_3,"[45,45,-45,90,90]","[0,0,-45,0,45]",,,,,,,,,RED,3,Different,6,1,,,,,,5,0,3.8224,6,12,108,4,1,,,,,,,,,,,,,,,,,,,,,,,,,,,,,,,,,,,,,,,,,,,,,,
,,,,,,,,6779262b285a5b12c721ecee,2025-01-22_03h57.46.157,VisualArraysMentalRotation_v4,2021.1.4,Win32,59.88023952,679054f2072d526265aabff2,67906c248bea597deeeb84ba,"[0,90,-45,45,-45]","[45,-45,90,45,45]",,Red_1,"[0,90,-45,45,-45]","[45,-45,90,45,45]",,,,,,,,,RED,5,Same,5,1,,,,,,5,1,2.6903,6,13,109,2,1,,,,,,,,,,,,,,,,,,,,,,,,,,,,,,,,,,,,,,,,,,,,,,
,,,,,,,,6779262b285a5b12c721ecee,2025-01-22_03h57.46.157,VisualArraysMentalRotation_v4,2021.1.4,Win32,59.88023952,679054f2072d526265aabff2,67906c248bea597deeeb84ba,"[-45,45,90,-45,0]","[0,45,90,-45,90]",,Blue_2,"[-45,45,90,-45,0]","[0,45,90,-45,90]",,,,,,,,,BLUE,5,Same,5,1,,,,,,5,1,2.5331,6,14,110,10,1,,,,,,,,,,,,,,,,,,,,,,,,,,,,,,,,,,,,,,,,,,,,,,
,,,,,,,,6779262b285a5b12c721ecee,2025-01-22_03h57.46.157,VisualArraysMentalRotation_v4,2021.1.4,Win32,59.88023952,679054f2072d526265aabff2,67906c248bea597deeeb84ba,"[90,0,0,0,-45]","[45,-45,-45,0,-45]",,Blue_2,"[90,0,0,0,-45]","[45,45,-45,0,-45]",,,,,,,,,BLUE,3,Different,6,1,,,,,,5,0,1.2628,6,15,111,12,1,,,,,,,,,,,,,,,,,,,,,,,,,,,,,,,,,,,,,,,,,,,,,,
,,,,,,,,6779262b285a5b12c721ecee,2025-01-22_03h57.46.157,VisualArraysMentalRotation_v4,2021.1.4,Win32,59.88023952,679054f2072d526265aabff2,67906c248bea597deeeb84ba,,,,,,,,,,,,,,,,,,,,,,,,,,,,,,,,,0,0,0,0,1,,,,,,,,,,,,,,,,,,,,,,,,,,,,,,,,,,,,,,,,,
,,,,,,,,6779262b285a5b12c721ecee,2025-01-22_03h57.46.157,VisualArraysMentalRotation_v4,2021.1.4,Win32,59.88023952,679054f2072d526265aabff2,67906c248bea597deeeb84ba,,,,,,,,,,,,,,,,,,,,,,,,,,,,,,,,,,,,,,0,0,0,0,1,1,0,,,,,,,,,,,,,,,,,,,,,,,,,,,,,,,,,,
,,,,,,,,6779262b285a5b12c721ecee,2025-01-22_03h57.46.157,VisualArraysMentalRotation_v4,2021.1.4,Win32,59.88023952,679054f2072d526265aabff2,67906c248bea597deeeb84ba,,,,,,,,,,,,,,,,,,,,,,,,,,,,,,,,,,,,,,,,,,,,,,0,0,0,0,2,1,PracticeStim/17_50.jpg,50,Same,b,,,,,,,,,,,,,,,,,,,,,,,
,,,,,,,,6779262b285a5b12c721ecee,2025-01-22_03h57.46.157,VisualArraysMentalRotation_v4,2021.1.4,Win32,59.88023952,679054f2072d526265aabff2,67906c248bea597deeeb84ba,,,,,,,,,,,,,,,,,,,,,,,,,,,,,,,,,,,,,,,,,,,,,b,1,0,1,1,10,1,PracticeStim/41_150.jpg,150,Same,b,7.3695,,,,,,,,,,,,,,,,,,,,,,
,,,,,,,,6779262b285a5b12c721ecee,2025-01-22_03h57.46.157,VisualArraysMentalRotation_v4,2021.1.4,Win32,59.88023952,679054f2072d526265aabff2,67906c248bea597deeeb84ba,,,,,,,,,,,,,,,,,,,,,,,,,,,,,,,,,,,,,,,,,,,,,,0,0,2,2,7,1,PracticeStim/31_50_R.jpg,50,Different,n,,,,,,,,,,,,,,,,,,,,,,,
,,,,,,,,6779262b285a5b12c721ecee,2025-01-22_03h57.46.157,VisualArraysMentalRotation_v4,2021.1.4,Win32,59.88023952,679054f2072d526265aabff2,67906c248bea597deeeb84ba,,,,,,,,,,,,,,,,,,,,,,,,,,,,,,,,,,,,,,,,,,,,,b,1,0,3,3,11,1,PracticeStim/42_50.jpg,50,Same,b,6.2952,,,,,,,,,,,,,,,,,,,,,,
,,,,,,,,6779262b285a5b12c721ecee,2025-01-22_03h57.46.157,VisualArraysMentalRotation_v4,2021.1.4,Win32,59.88023952,679054f2072d526265aabff2,67906c248bea597deeeb84ba,,,,,,,,,,,,,,,,,,,,,,,,,,,,,,,,,,,,,,,,,,,,,b,0,0,4,4,0,1,PracticeStim/7_100_R.jpg,100,Different,n,4.4143,,,,,,,,,,,,,,,,,,,,,,
,,,,,,,,6779262b285a5b12c721ecee,2025-01-22_03h57.46.157,VisualArraysMentalRotation_v4,2021.1.4,Win32,59.88023952,679054f2072d526265aabff2,67906c248bea597deeeb84ba,,,,,,,,,,,,,,,,,,,,,,,,,,,,,,,,,,,,,,,,,,,,,n,1,0,5,5,6,1,PracticeStim/30_100_R.jpg,100,Different,n,6.3782,,,,,,,,,,,,,,,,,,,,,,
,,,,,,,,6779262b285a5b12c721ecee,2025-01-22_03h57.46.157,VisualArraysMentalRotation_v4,2021.1.4,Win32,59.88023952,679054f2072d526265aabff2,67906c248bea597deeeb84ba,,,,,,,,,,,,,,,,,,,,,,,,,,,,,,,,,,,,,,,,,,,,,n,0,0,6,6,4,1,PracticeStim/25_150.jpg,150,Same,b,4.8946,,,,,,,,,,,,,,,,,,,,,,
,,,,,,,,6779262b285a5b12c721ecee,2025-01-22_03h57.46.157,VisualArraysMentalRotation_v4,2021.1.4,Win32,59.88023952,679054f2072d526265aabff2,67906c248bea597deeeb84ba,,,,,,,,,,,,,,,,,,,,,,,,,,,,,,,,,,,,,,,,,,,,,n,1,0,7,7,9,1,PracticeStim/36_100_R.jpg,100,Different,n,4.4345,,,,,,,,,,,,,,,,,,,,,,
,,,,,,,,6779262b285a5b12c721ecee,2025-01-22_03h57.46.157,VisualArraysMentalRotation_v4,2021.1.4,Win32,59.88023952,679054f2072d526265aabff2,67906c248bea597deeeb84ba,,,,,,,,,,,,,,,,,,,,,,,,,,,,,,,,,,,,,,,,,,,,,n,1,0,8,8,1,1,PracticeStim/9_100_R.jpg,100,Different,n,6.0466,,,,,,,,,,,,,,,,,,,,,,
,,,,,,,,6779262b285a5b12c721ecee,2025-01-22_03h57.46.157,VisualArraysMentalRotation_v4,2021.1.4,Win32,59.88023952,679054f2072d526265aabff2,67906c248bea597deeeb84ba,,,,,,,,,,,,,,,,,,,,,,,,,,,,,,,,,,,,,,,,,,,,,b,1,0,9,9,3,1,PracticeStim/18_150.jpg,150,Same,b,7.1687,,,,,,,,,,,,,,,,,,,,,,
,,,,,,,,6779262b285a5b12c721ecee,2025-01-22_03h57.46.157,VisualArraysMentalRotation_v4,2021.1.4,Win32,59.88023952,679054f2072d526265aabff2,67906c248bea597deeeb84ba,,,,,,,,,,,,,,,,,,,,,,,,,,,,,,,,,,,,,,,,,,,,,n,1,0,10,10,8,1,PracticeStim/33_50_R.jpg,50,Different,n,5.1554,,,,,,,,,,,,,,,,,,,,,,
,,,,,,,,6779262b285a5b12c721ecee,2025-01-22_03h57.46.157,VisualArraysMentalRotation_v4,2021.1.4,Win32,59.88023952,679054f2072d526265aabff2,67906c248bea597deeeb84ba,,,,,,,,,,,,,,,,,,,,,,,,,,,,,,,,,,,,,,,,,,,,,b,1,0,11,11,5,1,PracticeStim/26_150.jpg,150,Same,b,5.0563,,,,,,,,,,,,,,,,,,,,,,
,,,,,,,,6779262b285a5b12c721ecee,2025-01-22_03h57.46.157,VisualArraysMentalRotation_v4,2021.1.4,Win32,59.88023952,679054f2072d526265aabff2,67906c248bea597deeeb84ba,,,,,,,,,,,,,,,,,,,,,,,,,,,,,,,,,,,,,,,,,,,,,,,,,,,,,,,,,0,0,0,0,1,,,,,,,,,,,,,,,,,
,,,,,,,,6779262b285a5b12c721ecee,2025-01-22_03h57.46.157,VisualArraysMentalRotation_v4,2021.1.4,Win32,59.88023952,679054f2072d526265aabff2,67906c248bea597deeeb84ba,,,,,,,,,,,,,,,,,,,,,,,,,,,,,,,,,,,,,,,,,,,,,n,1,0,0,0,8,1,PracticeStim/33_50_R.jpg,50,Different,n,3.6099,,,,,,,,,,,,,,,,,,,,,,
,,,,,,,,6779262b285a5b12c721ecee,2025-01-22_03h57.46.157,VisualArraysMentalRotation_v4,2021.1.4,Win32,59.88023952,679054f2072d526265aabff2,67906c248bea597deeeb84ba,,,,,,,,,,,,,,,,,,,,,,,,,,,,,,,,,,,,,,,,,,,,,b,1,0,1,1,10,1,PracticeStim/41_150.jpg,150,Same,b,4.0553,,,,,,,,,,,,,,,,,,,,,,
,,,,,,,,6779262b285a5b12c721ecee,2025-01-22_03h57.46.157,VisualArraysMentalRotation_v4,2021.1.4,Win32,59.88023952,679054f2072d526265aabff2,67906c248bea597deeeb84ba,,,,,,,,,,,,,,,,,,,,,,,,,,,,,,,,,,,,,,,,,,,,,b,0,0,2,2,6,1,PracticeStim/30_100_R.jpg,100,Different,n,4.6406,,,,,,,,,,,,,,,,,,,,,,
,,,,,,,,6779262b285a5b12c721ecee,2025-01-22_03h57.46.157,VisualArraysMentalRotation_v4,2021.1.4,Win32,59.88023952,679054f2072d526265aabff2,67906c248bea597deeeb84ba,,,,,,,,,,,,,,,,,,,,,,,,,,,,,,,,,,,,,,,,,,,,,b,0,0,3,3,9,1,PracticeStim/36_100_R.jpg,100,Different,n,3.9064,,,,,,,,,,,,,,,,,,,,,,
,,,,,,,,6779262b285a5b12c721ecee,2025-01-22_03h57.46.157,VisualArraysMentalRotation_v4,2021.1.4,Win32,59.88023952,679054f2072d526265aabff2,67906c248bea597deeeb84ba,,,,,,,,,,,,,,,,,,,,,,,,,,,,,,,,,,,,,,,,,,,,,n,1,0,4,4,0,1,PracticeStim/7_100_R.jpg,100,Different,n,3.5426,,,,,,,,,,,,,,,,,,,,,,
,,,,,,,,6779262b285a5b12c721ecee,2025-01-22_03h57.46.157,VisualArraysMentalRotation_v4,2021.1.4,Win32,59.88023952,679054f2072d526265aabff2,67906c248bea597deeeb84ba,,,,,,,,,,,,,,,,,,,,,,,,,,,,,,,,,,,,,,,,,,,,,b,1,0,5,5,2,1,PracticeStim/17_50.jpg,50,Same,b,3.6029,,,,,,,,,,,,,,,,,,,,,,
,,,,,,,,6779262b285a5b12c721ecee,2025-01-22_03h57.46.157,VisualArraysMentalRotation_v4,2021.1.4,Win32,59.88023952,679054f2072d526265aabff2,67906c248bea597deeeb84ba,,,,,,,,,,,,,,,,,,,,,,,,,,,,,,,,,,,,,,,,,,,,,n,1,0,6,6,1,1,PracticeStim/9_100_R.jpg,100,Different,n,3.9677,,,,,,,,,,,,,,,,,,,,,,
,,,,,,,,6779262b285a5b12c721ecee,2025-01-22_03h57.46.157,VisualArraysMentalRotation_v4,2021.1.4,Win32,59.88023952,679054f2072d526265aabff2,67906c248bea597deeeb84ba,,,,,,,,,,,,,,,,,,,,,,,,,,,,,,,,,,,,,,,,,,,,,b,1,0,7,7,4,1,PracticeStim/25_150.jpg,150,Same,b,4.5644,,,,,,,,,,,,,,,,,,,,,,
,,,,,,,,6779262b285a5b12c721ecee,2025-01-22_03h57.46.157,VisualArraysMentalRotation_v4,2021.1.4,Win32,59.88023952,679054f2072d526265aabff2,67906c248bea597deeeb84ba,,,,,,,,,,,,,,,,,,,,,,,,,,,,,,,,,,,,,,,,,,,,,b,1,0,8,8,11,1,PracticeStim/42_50.jpg,50,Same,b,3.3417,,,,,,,,,,,,,,,,,,,,,,
,,,,,,,,6779262b285a5b12c721ecee,2025-01-22_03h57.46.157,VisualArraysMentalRotation_v4,2021.1.4,Win32,59.88023952,679054f2072d526265aabff2,67906c248bea597deeeb84ba,,,,,,,,,,,,,,,,,,,,,,,,,,,,,,,,,,,,,,,,,,,,,n,1,0,9,9,7,1,PracticeStim/31_50_R.jpg,50,Different,n,3.4949,,,,,,,,,,,,,,,,,,,,,,
,,,,,,,,6779262b285a5b12c721ecee,2025-01-22_03h57.46.157,VisualArraysMentalRotation_v4,2021.1.4,Win32,59.88023952,679054f2072d526265aabff2,67906c248bea597deeeb84ba,,,,,,,,,,,,,,,,,,,,,,,,,,,,,,,,,,,,,,,,,,,,,b,1,0,10,10,3,1,PracticeStim/18_150.jpg,150,Same,b,6.8986,,,,,,,,,,,,,,,,,,,,,,
,,,,,,,,6779262b285a5b12c721ecee,2025-01-22_03h57.46.157,VisualArraysMentalRotation_v4,2021.1.4,Win32,59.88023952,679054f2072d526265aabff2,67906c248bea597deeeb84ba,,,,,,,,,,,,,,,,,,,,,,,,,,,,,,,,,,,,,,,,,,,,,b,1,0,11,11,5,1,PracticeStim/26_150.jpg,150,Same,b,5.4965,,,,,,,,,,,,,,,,,,,,,,
,,,,,,,,6779262b285a5b12c721ecee,2025-01-22_03h57.46.157,VisualArraysMentalRotation_v4,2021.1.4,Win32,59.88023952,679054f2072d526265aabff2,67906c248bea597deeeb84ba,,,,,,,,,,,,,,,,,,,,,,,,,,,,,,,,,,,,,,,,,,,,,,,,,,,,,,,,,,,,,,Stimuli/32_0_R.jpg,Different,0,n,b,0,3.8011,0,0,0,0,1,,,,,
,,,,,,,,6779262b285a5b12c721ecee,2025-01-22_03h57.46.157,VisualArraysMentalRotation_v4,2021.1.4,Win32,59.88023952,679054f2072d526265aabff2,67906c248bea597deeeb84ba,,,,,,,,,,,,,,,,,,,,,,,,,,,,,,,,,,,,,,,,,,,,,,,,,,,,,,,,,,,,,,Stimuli/3_100.jpg,Same,100,b,n,0,4.8514,1,0,1,0,1,,,,,
,,,,,,,,6779262b285a5b12c721ecee,2025-01-22_03h57.46.157,VisualArraysMentalRotation_v4,2021.1.4,Win32,59.88023952,679054f2072d526265aabff2,67906c248bea597deeeb84ba,,,,,,,,,,,,,,,,,,,,,,,,,,,,,,,,,,,,,,,,,,,,,,,,,,,,,,,,,,,,,,Stimuli/32_150_R.jpg,Different,150,n,b,0,4.6042,2,0,2,0,1,,,,,
,,,,,,,,6779262b285a5b12c721ecee,2025-01-22_03h57.46.157,VisualArraysMentalRotation_v4,2021.1.4,Win32,59.88023952,679054f2072d526265aabff2,67906c248bea597deeeb84ba,,,,,,,,,,,,,,,,,,,,,,,,,,,,,,,,,,,,,,,,,,,,,,,,,,,,,,,,,,,,,,Stimuli/16_50_R.jpg,Different,50,n,n,1,5.1786,3,0,3,0,1,,,,,
,,,,,,,,6779262b285a5b12c721ecee,2025-01-22_03h57.46.157,VisualArraysMentalRotation_v4,2021.1.4,Win32,59.88023952,679054f2072d526265aabff2,67906c248bea597deeeb84ba,,,,,,,,,,,,,,,,,,,,,,,,,,,,,,,,,,,,,,,,,,,,,,,,,,,,,,,,,,,,,,Stimuli/40_150_R.jpg,Different,150,n,b,0,5.0761,4,0,4,0,1,,,,,
,,,,,,,,6779262b285a5b12c721ecee,2025-01-22_03h57.46.157,VisualArraysMentalRotation_v4,2021.1.4,Win32,59.88023952,679054f2072d526265aabff2,67906c248bea597deeeb84ba,,,,,,,,,,,,,,,,,,,,,,,,,,,,,,,,,,,,,,,,,,,,,,,,,,,,,,,,,,,,,,Stimuli/43_150.jpg,Same,150,b,b,1,5.989,5,0,5,0,1,,,,,
,,,,,,,,6779262b285a5b12c721ecee,2025-01-22_03h57.46.157,VisualArraysMentalRotation_v4,2021.1.4,Win32,59.88023952,679054f2072d526265aabff2,67906c248bea597deeeb84ba,,,,,,,,,,,,,,,,,,,,,,,,,,,,,,,,,,,,,,,,,,,,,,,,,,,,,,,,,,,,,,Stimuli/3_150_R.jpg,Different,150,n,b,0,6.295,6,0,6,0,1,,,,,
,,,,,,,,6779262b285a5b12c721ecee,2025-01-22_03h57.46.157,VisualArraysMentalRotation_v4,2021.1.4,Win32,59.88023952,679054f2072d526265aabff2,67906c248bea597deeeb84ba,,,,,,,,,,,,,,,,,,,,,,,,,,,,,,,,,,,,,,,,,,,,,,,,,,,,,,,,,,,,,,Stimuli/43_0.jpg,Same,0,b,b,1,2.3399,7,0,7,0,1,,,,,
,,,,,,,,6779262b285a5b12c721ecee,2025-01-22_03h57.46.157,VisualArraysMentalRotation_v4,2021.1.4,Win32,59.88023952,679054f2072d526265aabff2,67906c248bea597deeeb84ba,,,,,,,,,,,,,,,,,,,,,,,,,,,,,,,,,,,,,,,,,,,,,,,,,,,,,,,,,,,,,,Stimuli/19_150.jpg,Same,150,b,b,1,4.4534,8,0,8,0,1,,,,,
,,,,,,,,6779262b285a5b12c721ecee,2025-01-22_03h57.46.157,VisualArraysMentalRotation_v4,2021.1.4,Win32,59.88023952,679054f2072d526265aabff2,67906c248bea597deeeb84ba,,,,,,,,,,,,,,,,,,,,,,,,,,,,,,,,,,,,,,,,,,,,,,,,,,,,,,,,,,,,,,Stimuli/43_100_R.jpg,Different,100,n,b,0,4.0249,9,0,9,0,1,,,,,
,,,,,,,,6779262b285a5b12c721ecee,2025-01-22_03h57.46.157,VisualArraysMentalRotation_v4,2021.1.4,Win32,59.88023952,679054f2072d526265aabff2,67906c248bea597deeeb84ba,,,,,,,,,,,,,,,,,,,,,,,,,,,,,,,,,,,,,,,,,,,,,,,,,,,,,,,,,,,,,,Stimuli/27_100.jpg,Same,100,b,b,1,2.8027,10,0,10,0,1,,,,,
,,,,,,,,6779262b285a5b12c721ecee,2025-01-22_03h57.46.157,VisualArraysMentalRotation_v4,2021.1.4,Win32,59.88023952,679054f2072d526265aabff2,67906c248bea597deeeb84ba,,,,,,,,,,,,,,,,,,,,,,,,,,,,,,,,,,,,,,,,,,,,,,,,,,,,,,,,,,,,,,Stimuli/22_50_R.jpg,Different,50,n,n,1,5.2247,11,0,11,0,1,,,,,
,,,,,,,,6779262b285a5b12c721ecee,2025-01-22_03h57.46.157,VisualArraysMentalRotation_v4,2021.1.4,Win32,59.88023952,679054f2072d526265aabff2,67906c248bea597deeeb84ba,,,,,,,,,,,,,,,,,,,,,,,,,,,,,,,,,,,,,,,,,,,,,,,,,,,,,,,,,,,,,,Stimuli/27_0_R.jpg,Different,0,n,n,1,5.2853,12,0,12,0,1,,,,,
,,,,,,,,6779262b285a5b12c721ecee,2025-01-22_03h57.46.157,VisualArraysMentalRotation_v4,2021.1.4,Win32,59.88023952,679054f2072d526265aabff2,67906c248bea597deeeb84ba,,,,,,,,,,,,,,,,,,,,,,,,,,,,,,,,,,,,,,,,,,,,,,,,,,,,,,,,,,,,,,Stimuli/44_0.jpg,Same,0,b,b,1,2.9478,13,0,13,0,1,,,,,
,,,,,,,,6779262b285a5b12c721ecee,2025-01-22_03h57.46.157,VisualArraysMentalRotation_v4,2021.1.4,Win32,59.88023952,679054f2072d526265aabff2,67906c248bea597deeeb84ba,,,,,,,,,,,,,,,,,,,,,,,,,,,,,,,,,,,,,,,,,,,,,,,,,,,,,,,,,,,,,,Stimuli/38_150.jpg,Same,150,b,b,1,4.4608,14,0,14,0,1,,,,,
,,,,,,,,6779262b285a5b12c721ecee,2025-01-22_03h57.46.157,VisualArraysMentalRotation_v4,2021.1.4,Win32,59.88023952,679054f2072d526265aabff2,67906c248bea597deeeb84ba,,,,,,,,,,,,,,,,,,,,,,,,,,,,,,,,,,,,,,,,,,,,,,,,,,,,,,,,,,,,,,Stimuli/40_100_R.jpg,Different,100,n,n,1,6.0525,15,0,15,0,1,,,,,
,,,,,,,,6779262b285a5b12c721ecee,2025-01-22_03h57.46.157,VisualArraysMentalRotation_v4,2021.1.4,Win32,59.88023952,679054f2072d526265aabff2,67906c248bea597deeeb84ba,,,,,,,,,,,,,,,,,,,,,,,,,,,,,,,,,,,,,,,,,,,,,,,,,,,,,,,,,,,,,,Stimuli/19_100.jpg,Same,100,b,b,1,3.6454,16,0,16,0,1,,,,,
,,,,,,,,6779262b285a5b12c721ecee,2025-01-22_03h57.46.157,VisualArraysMentalRotation_v4,2021.1.4,Win32,59.88023952,679054f2072d526265aabff2,67906c248bea597deeeb84ba,,,,,,,,,,,,,,,,,,,,,,,,,,,,,,,,,,,,,,,,,,,,,,,,,,,,,,,,,,,,,,Stimuli/44_100.jpg,Same,100,b,,0,,17,0,17,0,1,,,,,
,,,,,,,,6779262b285a5b12c721ecee,2025-01-22_03h57.46.157,VisualArraysMentalRotation_v4,2021.1.4,Win32,59.88023952,679054f2072d526265aabff2,67906c248bea597deeeb84ba,,,,,,,,,,,,,,,,,,,,,,,,,,,,,,,,,,,,,,,,,,,,,,,,,,,,,,,,,,,,,,Stimuli/21_100_R.jpg,Different,100,n,b,0,2.9099,18,0,18,0,1,,,,,
,,,,,,,,6779262b285a5b12c721ecee,2025-01-22_03h57.46.157,VisualArraysMentalRotation_v4,2021.1.4,Win32,59.88023952,679054f2072d526265aabff2,67906c248bea597deeeb84ba,,,,,,,,,,,,,,,,,,,,,,,,,,,,,,,,,,,,,,,,,,,,,,,,,,,,,,,,,,,,,,Stimuli/3_0.jpg,Same,0,b,b,1,2.325,19,0,19,0,1,,,,,
,,,,,,,,6779262b285a5b12c721ecee,2025-01-22_03h57.46.157,VisualArraysMentalRotation_v4,2021.1.4,Win32,59.88023952,679054f2072d526265aabff2,67906c248bea597deeeb84ba,,,,,,,,,,,,,,,,,,,,,,,,,,,,,,,,,,,,,,,,,,,,,,,,,,,,,,,,,,,,,,Stimuli/40_0.jpg,Same,0,b,b,1,2.5482,20,0,20,0,1,,,,,
,,,,,,,,6779262b285a5b12c721ecee,2025-01-22_03h57.46.157,VisualArraysMentalRotation_v4,2021.1.4,Win32,59.88023952,679054f2072d526265aabff2,67906c248bea597deeeb84ba,,,,,,,,,,,,,,,,,,,,,,,,,,,,,,,,,,,,,,,,,,,,,,,,,,,,,,,,,,,,,,Stimuli/22_100_R.jpg,Different,100,n,b,0,3.9958,21,0,21,0,1,,,,,
,,,,,,,,6779262b285a5b12c721ecee,2025-01-22_03h57.46.157,VisualArraysMentalRotation_v4,2021.1.4,Win32,59.88023952,679054f2072d526265aabff2,67906c248bea597deeeb84ba,,,,,,,,,,,,,,,,,,,,,,,,,,,,,,,,,,,,,,,,,,,,,,,,,,,,,,,,,,,,,,Stimuli/44_150_R.jpg,Different,150,n,n,1,4.2997,22,0,22,0,1,,,,,
,,,,,,,,6779262b285a5b12c721ecee,2025-01-22_03h57.46.157,VisualArraysMentalRotation_v4,2021.1.4,Win32,59.88023952,679054f2072d526265aabff2,67906c248bea597deeeb84ba,,,,,,,,,,,,,,,,,,,,,,,,,,,,,,,,,,,,,,,,,,,,,,,,,,,,,,,,,,,,,,Stimuli/21_100.jpg,Same,100,b,b,1,3.5307,23,0,23,0,1,,,,,
,,,,,,,,6779262b285a5b12c721ecee,2025-01-22_03h57.46.157,VisualArraysMentalRotation_v4,2021.1.4,Win32,59.88023952,679054f2072d526265aabff2,67906c248bea597deeeb84ba,,,,,,,,,,,,,,,,,,,,,,,,,,,,,,,,,,,,,,,,,,,,,,,,,,,,,,,,,,,,,,Stimuli/19_0.jpg,Same,0,b,b,1,2.1401,24,0,24,0,1,,,,,
,,,,,,,,6779262b285a5b12c721ecee,2025-01-22_03h57.46.157,VisualArraysMentalRotation_v4,2021.1.4,Win32,59.88023952,679054f2072d526265aabff2,67906c248bea597deeeb84ba,,,,,,,,,,,,,,,,,,,,,,,,,,,,,,,,,,,,,,,,,,,,,,,,,,,,,,,,,,,,,,Stimuli/38_0_R.jpg,Different,0,n,n,1,4.0768,25,0,25,0,1,,,,,
,,,,,,,,6779262b285a5b12c721ecee,2025-01-22_03h57.46.157,VisualArraysMentalRotation_v4,2021.1.4,Win32,59.88023952,679054f2072d526265aabff2,67906c248bea597deeeb84ba,,,,,,,,,,,,,,,,,,,,,,,,,,,,,,,,,,,,,,,,,,,,,,,,,,,,,,,,,,,,,,Stimuli/16_150.jpg,Same,150,b,b,1,3.9993,26,0,26,0,1,,,,,
,,,,,,,,6779262b285a5b12c721ecee,2025-01-22_03h57.46.157,VisualArraysMentalRotation_v4,2021.1.4,Win32,59.88023952,679054f2072d526265aabff2,67906c248bea597deeeb84ba,,,,,,,,,,,,,,,,,,,,,,,,,,,,,,,,,,,,,,,,,,,,,,,,,,,,,,,,,,,,,,Stimuli/3_100_R.jpg,Different,100,n,n,1,3.5989,27,0,27,0,1,,,,,
,,,,,,,,6779262b285a5b12c721ecee,2025-01-22_03h57.46.157,VisualArraysMentalRotation_v4,2021.1.4,Win32,59.88023952,679054f2072d526265aabff2,67906c248bea597deeeb84ba,,,,,,,,,,,,,,,,,,,,,,,,,,,,,,,,,,,,,,,,,,,,,,,,,,,,,,,,,,,,,,Stimuli/19_50_R.jpg,Different,50,n,n,1,5.9591,28,0,28,0,1,,,,,
,,,,,,,,6779262b285a5b12c721ecee,2025-01-22_03h57.46.157,VisualArraysMentalRotation_v4,2021.1.4,Win32,59.88023952,679054f2072d526265aabff2,67906c248bea597deeeb84ba,,,,,,,,,,,,,,,,,,,,,,,,,,,,,,,,,,,,,,,,,,,,,,,,,,,,,,,,,,,,,,Stimuli/44_0_R.jpg,Different,0,n,n,1,4.0354,29,0,29,0,1,,,,,
,,,,,,,,6779262b285a5b12c721ecee,2025-01-22_03h57.46.157,VisualArraysMentalRotation_v4,2021.1.4,Win32,59.88023952,679054f2072d526265aabff2,67906c248bea597deeeb84ba,,,,,,,,,,,,,,,,,,,,,,,,,,,,,,,,,,,,,,,,,,,,,,,,,,,,,,,,,,,,,,Stimuli/27_50.jpg,Same,50,b,b,1,4.3202,30,0,30,0,1,,,,,
,,,,,,,,6779262b285a5b12c721ecee,2025-01-22_03h57.46.157,VisualArraysMentalRotation_v4,2021.1.4,Win32,59.88023952,679054f2072d526265aabff2,67906c248bea597deeeb84ba,,,,,,,,,,,,,,,,,,,,,,,,,,,,,,,,,,,,,,,,,,,,,,,,,,,,,,,,,,,,,,Stimuli/38_150_R.jpg,Different,150,n,n,1,4.3704,31,0,31,0,1,,,,,
,,,,,,,,6779262b285a5b12c721ecee,2025-01-22_03h57.46.157,VisualArraysMentalRotation_v4,2021.1.4,Win32,59.88023952,679054f2072d526265aabff2,67906c248bea597deeeb84ba,,,,,,,,,,,,,,,,,,,,,,,,,,,,,,,,,,,,,,,,,,,,,,,,,,,,,,,,,,,,,,Stimuli/28_50.jpg,Same,50,b,b,1,2.1182,32,0,32,0,1,,,,,
,,,,,,,,6779262b285a5b12c721ecee,2025-01-22_03h57.46.157,VisualArraysMentalRotation_v4,2021.1.4,Win32,59.88023952,679054f2072d526265aabff2,67906c248bea597deeeb84ba,,,,,,,,,,,,,,,,,,,,,,,,,,,,,,,,,,,,,,,,,,,,,,,,,,,,,,,,,,,,,,Stimuli/40_0_R.jpg,Different,0,n,,0,,33,0,33,0,1,,,,,
,,,,,,,,6779262b285a5b12c721ecee,2025-01-22_03h57.46.157,VisualArraysMentalRotation_v4,2021.1.4,Win32,59.88023952,679054f2072d526265aabff2,67906c248bea597deeeb84ba,,,,,,,,,,,,,,,,,,,,,,,,,,,,,,,,,,,,,,,,,,,,,,,,,,,,,,,,,,,,,,Stimuli/27_0.jpg,Same,0,b,b,1,0.0752,34,0,34,0,1,,,,,
,,,,,,,,6779262b285a5b12c721ecee,2025-01-22_03h57.46.157,VisualArraysMentalRotation_v4,2021.1.4,Win32,59.88023952,679054f2072d526265aabff2,67906c248bea597deeeb84ba,,,,,,,,,,,,,,,,,,,,,,,,,,,,,,,,,,,,,,,,,,,,,,,,,,,,,,,,,,,,,,Stimuli/22_100.jpg,Same,100,b,b,1,4.4483,35,0,35,0,1,,,,,
,,,,,,,,6779262b285a5b12c721ecee,2025-01-22_03h57.46.157,VisualArraysMentalRotation_v4,2021.1.4,Win32,59.88023952,679054f2072d526265aabff2,67906c248bea597deeeb84ba,,,,,,,,,,,,,,,,,,,,,,,,,,,,,,,,,,,,,,,,,,,,,,,,,,,,,,,,,,,,,,Stimuli/3_50_R.jpg,Different,50,n,b,0,3.5787,36,0,36,0,1,,,,,
,,,,,,,,6779262b285a5b12c721ecee,2025-01-22_03h57.46.157,VisualArraysMentalRotation_v4,2021.1.4,Win32,59.88023952,679054f2072d526265aabff2,67906c248bea597deeeb84ba,,,,,,,,,,,,,,,,,,,,,,,,,,,,,,,,,,,,,,,,,,,,,,,,,,,,,,,,,,,,,,Stimuli/43_0_R.jpg,Different,0,n,n,1,2.9236,37,0,37,0,1,,,,,
,,,,,,,,6779262b285a5b12c721ecee,2025-01-22_03h57.46.157,VisualArraysMentalRotation_v4,2021.1.4,Win32,59.88023952,679054f2072d526265aabff2,67906c248bea597deeeb84ba,,,,,,,,,,,,,,,,,,,,,,,,,,,,,,,,,,,,,,,,,,,,,,,,,,,,,,,,,,,,,,Stimuli/16_100_R.jpg,Different,100,n,n,1,6.243,38,0,38,0,1,,,,,
,,,,,,,,6779262b285a5b12c721ecee,2025-01-22_03h57.46.157,VisualArraysMentalRotation_v4,2021.1.4,Win32,59.88023952,679054f2072d526265aabff2,67906c248bea597deeeb84ba,,,,,,,,,,,,,,,,,,,,,,,,,,,,,,,,,,,,,,,,,,,,,,,,,,,,,,,,,,,,,,Stimuli/3_150.jpg,Same,150,b,,0,,39,0,39,0,1,,,,,
,,,,,,,,6779262b285a5b12c721ecee,2025-01-22_03h57.46.157,VisualArraysMentalRotation_v4,2021.1.4,Win32,59.88023952,679054f2072d526265aabff2,67906c248bea597deeeb84ba,,,,,,,,,,,,,,,,,,,,,,,,,,,,,,,,,,,,,,,,,,,,,,,,,,,,,,,,,,,,,,Stimuli/38_50.jpg,Same,50,b,b,1,4.3883,40,0,40,0,1,,,,,
,,,,,,,,6779262b285a5b12c721ecee,2025-01-22_03h57.46.157,VisualArraysMentalRotation_v4,2021.1.4,Win32,59.88023952,679054f2072d526265aabff2,67906c248bea597deeeb84ba,,,,,,,,,,,,,,,,,,,,,,,,,,,,,,,,,,,,,,,,,,,,,,,,,,,,,,,,,,,,,,Stimuli/21_50.jpg,Same,50,b,b,1,1.3598,41,0,41,0,1,,,,,
,,,,,,,,6779262b285a5b12c721ecee,2025-01-22_03h57.46.157,VisualArraysMentalRotation_v4,2021.1.4,Win32,59.88023952,679054f2072d526265aabff2,67906c248bea597deeeb84ba,,,,,,,,,,,,,,,,,,,,,,,,,,,,,,,,,,,,,,,,,,,,,,,,,,,,,,,,,,,,,,Stimuli/38_50_R.jpg,Different,50,n,n,1,4.4396,42,0,42,0,1,,,,,
,,,,,,,,6779262b285a5b12c721ecee,2025-01-22_03h57.46.157,VisualArraysMentalRotation_v4,2021.1.4,Win32,59.88023952,679054f2072d526265aabff2,67906c248bea597deeeb84ba,,,,,,,,,,,,,,,,,,,,,,,,,,,,,,,,,,,,,,,,,,,,,,,,,,,,,,,,,,,,,,Stimuli/27_150.jpg,Same,150,b,,0,,43,0,43,0,1,,,,,
,,,,,,,,6779262b285a5b12c721ecee,2025-01-22_03h57.46.157,VisualArraysMentalRotation_v4,2021.1.4,Win32,59.88023952,679054f2072d526265aabff2,67906c248bea597deeeb84ba,,,,,,,,,,,,,,,,,,,,,,,,,,,,,,,,,,,,,,,,,,,,,,,,,,,,,,,,,,,,,,Stimuli/27_150_R.jpg,Different,150,n,n,1,5.7765,44,0,44,0,1,,,,,
,,,,,,,,6779262b285a5b12c721ecee,2025-01-22_03h57.46.157,VisualArraysMentalRotation_v4,2021.1.4,Win32,59.88023952,679054f2072d526265aabff2,67906c248bea597deeeb84ba,,,,,,,,,,,,,,,,,,,,,,,,,,,,,,,,,,,,,,,,,,,,,,,,,,,,,,,,,,,,,,Stimuli/3_50.jpg,Same,50,b,b,1,2.8577,45,0,45,0,1,,,,,
,,,,,,,,6779262b285a5b12c721ecee,2025-01-22_03h57.46.157,VisualArraysMentalRotation_v4,2021.1.4,Win32,59.88023952,679054f2072d526265aabff2,67906c248bea597deeeb84ba,,,,,,,,,,,,,,,,,,,,,,,,,,,,,,,,,,,,,,,,,,,,,,,,,,,,,,,,,,,,,,Stimuli/32_50_R.jpg,Different,50,n,n,1,3.7819,46,0,46,0,1,,,,,
,,,,,,,,6779262b285a5b12c721ecee,2025-01-22_03h57.46.157,VisualArraysMentalRotation_v4,2021.1.4,Win32,59.88023952,679054f2072d526265aabff2,67906c248bea597deeeb84ba,,,,,,,,,,,,,,,,,,,,,,,,,,,,,,,,,,,,,,,,,,,,,,,,,,,,,,,,,,,,,,Stimuli/40_50.jpg,Same,50,b,b,1,4.833,47,0,47,0,1,,,,,
,,,,,,,,6779262b285a5b12c721ecee,2025-01-22_03h57.46.157,VisualArraysMentalRotation_v4,2021.1.4,Win32,59.88023952,679054f2072d526265aabff2,67906c248bea597deeeb84ba,,,,,,,,,,,,,,,,,,,,,,,,,,,,,,,,,,,,,,,,,,,,,,,,,,,,,,,,,,,,,,Stimuli/32_50.jpg,Same,50,b,b,1,2.7648,48,0,48,0,1,,,,,
,,,,,,,,6779262b285a5b12c721ecee,2025-01-22_03h57.46.157,VisualArraysMentalRotation_v4,2021.1.4,Win32,59.88023952,679054f2072d526265aabff2,67906c248bea597deeeb84ba,,,,,,,,,,,,,,,,,,,,,,,,,,,,,,,,,,,,,,,,,,,,,,,,,,,,,,,,,,,,,,Stimuli/16_150_R.jpg,Different,150,n,n,1,4.6561,49,0,49,0,1,,,,,
,,,,,,,,6779262b285a5b12c721ecee,2025-01-22_03h57.46.157,VisualArraysMentalRotation_v4,2021.1.4,Win32,59.88023952,679054f2072d526265aabff2,67906c248bea597deeeb84ba,,,,,,,,,,,,,,,,,,,,,,,,,,,,,,,,,,,,,,,,,,,,,,,,,,,,,,,,,,,,,,Stimuli/28_100_R.jpg,Different,100,n,n,1,4.5855,50,0,50,0,1,,,,,
,,,,,,,,6779262b285a5b12c721ecee,2025-01-22_03h57.46.157,VisualArraysMentalRotation_v4,2021.1.4,Win32,59.88023952,679054f2072d526265aabff2,67906c248bea597deeeb84ba,,,,,,,,,,,,,,,,,,,,,,,,,,,,,,,,,,,,,,,,,,,,,,,,,,,,,,,,,,,,,,Stimuli/16_0.jpg,Same,0,b,b,1,1.4426,51,0,51,0,1,,,,,
,,,,,,,,6779262b285a5b12c721ecee,2025-01-22_03h57.46.157,VisualArraysMentalRotation_v4,2021.1.4,Win32,59.88023952,679054f2072d526265aabff2,67906c248bea597deeeb84ba,,,,,,,,,,,,,,,,,,,,,,,,,,,,,,,,,,,,,,,,,,,,,,,,,,,,,,,,,,,,,,Stimuli/44_150.jpg,Same,150,b,b,1,2.377,52,0,52,0,1,,,,,
,,,,,,,,6779262b285a5b12c721ecee,2025-01-22_03h57.46.157,VisualArraysMentalRotation_v4,2021.1.4,Win32,59.88023952,679054f2072d526265aabff2,67906c248bea597deeeb84ba,,,,,,,,,,,,,,,,,,,,,,,,,,,,,,,,,,,,,,,,,,,,,,,,,,,,,,,,,,,,,,Stimuli/22_0_R.jpg,Different,0,n,n,1,4.2254,53,0,53,0,1,,,,,
,,,,,,,,6779262b285a5b12c721ecee,2025-01-22_03h57.46.157,VisualArraysMentalRotation_v4,2021.1.4,Win32,59.88023952,679054f2072d526265aabff2,67906c248bea597deeeb84ba,,,,,,,,,,,,,,,,,,,,,,,,,,,,,,,,,,,,,,,,,,,,,,,,,,,,,,,,,,,,,,Stimuli/16_0_R.jpg,Different,0,n,n,1,2.6661,54,0,54,0,1,,,,,
,,,,,,,,6779262b285a5b12c721ecee,2025-01-22_03h57.46.157,VisualArraysMentalRotation_v4,2021.1.4,Win32,59.88023952,679054f2072d526265aabff2,67906c248bea597deeeb84ba,,,,,,,,,,,,,,,,,,,,,,,,,,,,,,,,,,,,,,,,,,,,,,,,,,,,,,,,,,,,,,Stimuli/19_50.jpg,Same,50,b,b,1,1.3407,55,0,55,0,1,,,,,
,,,,,,,,6779262b285a5b12c721ecee,2025-01-22_03h57.46.157,VisualArraysMentalRotation_v4,2021.1.4,Win32,59.88023952,679054f2072d526265aabff2,67906c248bea597deeeb84ba,,,,,,,,,,,,,,,,,,,,,,,,,,,,,,,,,,,,,,,,,,,,,,,,,,,,,,,,,,,,,,Stimuli/38_100.jpg,Same,100,b,b,1,3.0664,56,0,56,0,1,,,,,
,,,,,,,,6779262b285a5b12c721ecee,2025-01-22_03h57.46.157,VisualArraysMentalRotation_v4,2021.1.4,Win32,59.88023952,679054f2072d526265aabff2,67906c248bea597deeeb84ba,,,,,,,,,,,,,,,,,,,,,,,,,,,,,,,,,,,,,,,,,,,,,,,,,,,,,,,,,,,,,,Stimuli/28_50_R.jpg,Different,50,n,b,0,1.3562,57,0,57,0,1,,,,,
,,,,,,,,6779262b285a5b12c721ecee,2025-01-22_03h57.46.157,VisualArraysMentalRotation_v4,2021.1.4,Win32,59.88023952,679054f2072d526265aabff2,67906c248bea597deeeb84ba,,,,,,,,,,,,,,,,,,,,,,,,,,,,,,,,,,,,,,,,,,,,,,,,,,,,,,,,,,,,,,Stimuli/21_50_R.jpg,Different,50,n,n,1,2.6211,58,0,58,0,1,,,,,
,,,,,,,,6779262b285a5b12c721ecee,2025-01-22_03h57.46.157,VisualArraysMentalRotation_v4,2021.1.4,Win32,59.88023952,679054f2072d526265aabff2,67906c248bea597deeeb84ba,,,,,,,,,,,,,,,,,,,,,,,,,,,,,,,,,,,,,,,,,,,,,,,,,,,,,,,,,,,,,,Stimuli/16_50.jpg,Same,50,b,b,1,2.8498,59,0,59,0,1,,,,,
,,,,,,,,6779262b285a5b12c721ecee,2025-01-22_03h57.46.157,VisualArraysMentalRotation_v4,2021.1.4,Win32,59.88023952,679054f2072d526265aabff2,67906c248bea597deeeb84ba,,,,,,,,,,,,,,,,,,,,,,,,,,,,,,,,,,,,,,,,,,,,,,,,,,,,,,,,,,,,,,Stimuli/19_100_R.jpg,Different,100,n,n,1,4.3448,60,0,60,0,1,,,,,
,,,,,,,,6779262b285a5b12c721ecee,2025-01-22_03h57.46.157,VisualArraysMentalRotation_v4,2021.1.4,Win32,59.88023952,679054f2072d526265aabff2,67906c248bea597deeeb84ba,,,,,,,,,,,,,,,,,,,,,,,,,,,,,,,,,,,,,,,,,,,,,,,,,,,,,,,,,,,,,,Stimuli/32_100.jpg,Same,100,b,b,1,3.8639,61,0,61,0,1,,,,,
,,,,,,,,6779262b285a5b12c721ecee,2025-01-22_03h57.46.157,VisualArraysMentalRotation_v4,2021.1.4,Win32,59.88023952,679054f2072d526265aabff2,67906c248bea597deeeb84ba,,,,,,,,,,,,,,,,,,,,,,,,,,,,,,,,,,,,,,,,,,,,,,,,,,,,,,,,,,,,,,Stimuli/44_100_R.jpg,Different,100,n,n,1,3.5437,62,0,62,0,1,,,,,
,,,,,,,,6779262b285a5b12c721ecee,2025-01-22_03h57.46.157,VisualArraysMentalRotation_v4,2021.1.4,Win32,59.88023952,679054f2072d526265aabff2,67906c248bea597deeeb84ba,,,,,,,,,,,,,,,,,,,,,,,,,,,,,,,,,,,,,,,,,,,,,,,,,,,,,,,,,,,,,,Stimuli/22_50.jpg,Same,50,b,b,1,2.2834,63,0,63,0,1,,,,,
,,,,,,,,6779262b285a5b12c721ecee,2025-01-22_03h57.46.157,VisualArraysMentalRotation_v4,2021.1.4,Win32,59.88023952,679054f2072d526265aabff2,67906c248bea597deeeb84ba,,,,,,,,,,,,,,,,,,,,,,,,,,,,,,,,,,,,,,,,,,,,,,,,,,,,,,,,,,,,,,Stimuli/21_0_R.jpg,Different,0,n,n,1,4.1753,64,0,64,0,1,,,,,
,,,,,,,,6779262b285a5b12c721ecee,2025-01-22_03h57.46.157,VisualArraysMentalRotation_v4,2021.1.4,Win32,59.88023952,679054f2072d526265aabff2,67906c248bea597deeeb84ba,,,,,,,,,,,,,,,,,,,,,,,,,,,,,,,,,,,,,,,,,,,,,,,,,,,,,,,,,,,,,,Stimuli/32_0.jpg,Same,0,b,b,1,1.1704,65,0,65,0,1,,,,,
,,,,,,,,6779262b285a5b12c721ecee,2025-01-22_03h57.46.157,VisualArraysMentalRotation_v4,2021.1.4,Win32,59.88023952,679054f2072d526265aabff2,67906c248bea597deeeb84ba,,,,,,,,,,,,,,,,,,,,,,,,,,,,,,,,,,,,,,,,,,,,,,,,,,,,,,,,,,,,,,Stimuli/40_100.jpg,Same,100,b,b,1,3.3942,66,0,66,0,1,,,,,
,,,,,,,,6779262b285a5b12c721ecee,2025-01-22_03h57.46.157,VisualArraysMentalRotation_v4,2021.1.4,Win32,59.88023952,679054f2072d526265aabff2,67906c248bea597deeeb84ba,,,,,,,,,,,,,,,,,,,,,,,,,,,,,,,,,,,,,,,,,,,,,,,,,,,,,,,,,,,,,,Stimuli/32_100_R.jpg,Different,100,n,n,1,4.2725,67,0,67,0,1,,,,,
,,,,,,,,6779262b285a5b12c721ecee,2025-01-22_03h57.46.157,VisualArraysMentalRotation_v4,2021.1.4,Win32,59.88023952,679054f2072d526265aabff2,67906c248bea597deeeb84ba,,,,,,,,,,,,,,,,,,,,,,,,,,,,,,,,,,,,,,,,,,,,,,,,,,,,,,,,,,,,,,Stimuli/32_150.jpg,Same,150,b,b,1,2.385,68,0,68,0,1,,,,,
,,,,,,,,6779262b285a5b12c721ecee,2025-01-22_03h57.46.157,VisualArraysMentalRotation_v4,2021.1.4,Win32,59.88023952,679054f2072d526265aabff2,67906c248bea597deeeb84ba,,,,,,,,,,,,,,,,,,,,,,,,,,,,,,,,,,,,,,,,,,,,,,,,,,,,,,,,,,,,,,Stimuli/3_0_R.jpg,Different,0,n,n,1,4.4116,69,0,69,0,1,,,,,
,,,,,,,,6779262b285a5b12c721ecee,2025-01-22_03h57.46.157,VisualArraysMentalRotation_v4,2021.1.4,Win32,59.88023952,679054f2072d526265aabff2,67906c248bea597deeeb84ba,,,,,,,,,,,,,,,,,,,,,,,,,,,,,,,,,,,,,,,,,,,,,,,,,,,,,,,,,,,,,,Stimuli/43_50.jpg,Same,50,b,b,1,4.6085,70,0,70,0,1,,,,,
,,,,,,,,6779262b285a5b12c721ecee,2025-01-22_03h57.46.157,VisualArraysMentalRotation_v4,2021.1.4,Win32,59.88023952,679054f2072d526265aabff2,67906c248bea597deeeb84ba,,,,,,,,,,,,,,,,,,,,,,,,,,,,,,,,,,,,,,,,,,,,,,,,,,,,,,,,,,,,,,Stimuli/22_150.jpg,Same,150,b,b,1,4.0245,71,0,71,0,1,,,,,
,,,,,,,,6779262b285a5b12c721ecee,2025-01-22_03h57.46.157,VisualArraysMentalRotation_v4,2021.1.4,Win32,59.88023952,679054f2072d526265aabff2,67906c248bea597deeeb84ba,,,,,,,,,,,,,,,,,,,,,,,,,,,,,,,,,,,,,,,,,,,,,,,,,,,,,,,,,,,,,,Stimuli/43_150_R.jpg,Different,150,n,b,0,4.2779,72,0,72,0,1,,,,,
,,,,,,,,6779262b285a5b12c721ecee,2025-01-22_03h57.46.157,VisualArraysMentalRotation_v4,2021.1.4,Win32,59.88023952,679054f2072d526265aabff2,67906c248bea597deeeb84ba,,,,,,,,,,,,,,,,,,,,,,,,,,,,,,,,,,,,,,,,,,,,,,,,,,,,,,,,,,,,,,Stimuli/22_150_R.jpg,Different,150,n,n,1,3.7709,73,0,73,0,1,,,,,
,,,,,,,,6779262b285a5b12c721ecee,2025-01-22_03h57.46.157,VisualArraysMentalRotation_v4,2021.1.4,Win32,59.88023952,679054f2072d526265aabff2,67906c248bea597deeeb84ba,,,,,,,,,,,,,,,,,,,,,,,,,,,,,,,,,,,,,,,,,,,,,,,,,,,,,,,,,,,,,,Stimuli/44_50.jpg,Same,50,b,b,1,3.6255,74,0,74,0,1,,,,,
,,,,,,,,6779262b285a5b12c721ecee,2025-01-22_03h57.46.157,VisualArraysMentalRotation_v4,2021.1.4,Win32,59.88023952,679054f2072d526265aabff2,67906c248bea597deeeb84ba,,,,,,,,,,,,,,,,,,,,,,,,,,,,,,,,,,,,,,,,,,,,,,,,,,,,,,,,,,,,,,Stimuli/38_0.jpg,Same,0,b,b,1,0.9857,75,0,75,0,1,,,,,
,,,,,,,,6779262b285a5b12c721ecee,2025-01-22_03h57.46.157,VisualArraysMentalRotation_v4,2021.1.4,Win32,59.88023952,679054f2072d526265aabff2,67906c248bea597deeeb84ba,,,,,,,,,,,,,,,,,,,,,,,,,,,,,,,,,,,,,,,,,,,,,,,,,,,,,,,,,,,,,,Stimuli/27_50_R.jpg,Different,50,n,n,1,2.8915,76,0,76,0,1,,,,,
,,,,,,,,6779262b285a5b12c721ecee,2025-01-22_03h57.46.157,VisualArraysMentalRotation_v4,2021.1.4,Win32,59.88023952,679054f2072d526265aabff2,67906c248bea597deeeb84ba,,,,,,,,,,,,,,,,,,,,,,,,,,,,,,,,,,,,,,,,,,,,,,,,,,,,,,,,,,,,,,Stimuli/21_150.jpg,Same,150,b,b,1,4.083,77,0,77,0,1,,,,,
,,,,,,,,6779262b285a5b12c721ecee,2025-01-22_03h57.46.157,VisualArraysMentalRotation_v4,2021.1.4,Win32,59.88023952,679054f2072d526265aabff2,67906c248bea597deeeb84ba,,,,,,,,,,,,,,,,,,,,,,,,,,,,,,,,,,,,,,,,,,,,,,,,,,,,,,,,,,,,,,Stimuli/21_150_R.jpg,Different,150,n,n,1,3.0478,78,0,78,0,1,,,,,
,,,,,,,,6779262b285a5b12c721ecee,2025-01-22_03h57.46.157,VisualArraysMentalRotation_v4,2021.1.4,Win32,59.88023952,679054f2072d526265aabff2,67906c248bea597deeeb84ba,,,,,,,,,,,,,,,,,,,,,,,,,,,,,,,,,,,,,,,,,,,,,,,,,,,,,,,,,,,,,,Stimuli/28_150_R.jpg,Different,150,n,n,1,4.5483,79,0,79,0,1,,,,,
,,,,,,,,6779262b285a5b12c721ecee,2025-01-22_03h57.46.157,VisualArraysMentalRotation_v4,2021.1.4,Win32,59.88023952,679054f2072d526265aabff2,67906c248bea597deeeb84ba,,,,,,,,,,,,,,,,,,,,,,,,,,,,,,,,,,,,,,,,,,,,,,,,,,,,,,,,,,,,,,Stimuli/28_150.jpg,Same,150,b,b,1,2.907,80,0,80,0,1,,,,,
,,,,,,,,6779262b285a5b12c721ecee,2025-01-22_03h57.46.157,VisualArraysMentalRotation_v4,2021.1.4,Win32,59.88023952,679054f2072d526265aabff2,67906c248bea597deeeb84ba,,,,,,,,,,,,,,,,,,,,,,,,,,,,,,,,,,,,,,,,,,,,,,,,,,,,,,,,,,,,,,Stimuli/43_50_R.jpg,Different,50,n,n,1,3.7185,81,0,81,0,1,,,,,
,,,,,,,,6779262b285a5b12c721ecee,2025-01-22_03h57.46.157,VisualArraysMentalRotation_v4,2021.1.4,Win32,59.88023952,679054f2072d526265aabff2,67906c248bea597deeeb84ba,,,,,,,,,,,,,,,,,,,,,,,,,,,,,,,,,,,,,,,,,,,,,,,,,,,,,,,,,,,,,,Stimuli/43_100.jpg,Same,100,b,b,1,1.6589,82,0,82,0,1,,,,,
,,,,,,,,6779262b285a5b12c721ecee,2025-01-22_03h57.46.157,VisualArraysMentalRotation_v4,2021.1.4,Win32,59.88023952,679054f2072d526265aabff2,67906c248bea597deeeb84ba,,,,,,,,,,,,,,,,,,,,,,,,,,,,,,,,,,,,,,,,,,,,,,,,,,,,,,,,,,,,,,Stimuli/27_100_R.jpg,Different,100,n,n,1,3.3751,83,0,83,0,1,,,,,
,,,,,,,,6779262b285a5b12c721ecee,2025-01-22_03h57.46.157,VisualArraysMentalRotation_v4,2021.1.4,Win32,59.88023952,679054f2072d526265aabff2,67906c248bea597deeeb84ba,,,,,,,,,,,,,,,,,,,,,,,,,,,,,,,,,,,,,,,,,,,,,,,,,,,,,,,,,,,,,,Stimuli/28_100.jpg,Same,100,b,b,1,1.614,84,0,84,0,1,,,,,
,,,,,,,,6779262b285a5b12c721ecee,2025-01-22_03h57.46.157,VisualArraysMentalRotation_v4,2021.1.4,Win32,59.88023952,679054f2072d526265aabff2,67906c248bea597deeeb84ba,,,,,,,,,,,,,,,,,,,,,,,,,,,,,,,,,,,,,,,,,,,,,,,,,,,,,,,,,,,,,,Stimuli/19_150_R.jpg,Different,150,n,n,1,2.8769,85,0,85,0,1,,,,,
,,,,,,,,6779262b285a5b12c721ecee,2025-01-22_03h57.46.157,VisualArraysMentalRotation_v4,2021.1.4,Win32,59.88023952,679054f2072d526265aabff2,67906c248bea597deeeb84ba,,,,,,,,,,,,,,,,,,,,,,,,,,,,,,,,,,,,,,,,,,,,,,,,,,,,,,,,,,,,,,Stimuli/19_0_R.jpg,Different,0,n,b,0,1.0336,86,0,86,0,1,,,,,
,,,,,,,,6779262b285a5b12c721ecee,2025-01-22_03h57.46.157,VisualArraysMentalRotation_v4,2021.1.4,Win32,59.88023952,679054f2072d526265aabff2,67906c248bea597deeeb84ba,,,,,,,,,,,,,,,,,,,,,,,,,,,,,,,,,,,,,,,,,,,,,,,,,,,,,,,,,,,,,,Stimuli/40_150.jpg,Same,150,b,b,1,4.0711,87,0,87,0,1,,,,,
,,,,,,,,6779262b285a5b12c721ecee,2025-01-22_03h57.46.157,VisualArraysMentalRotation_v4,2021.1.4,Win32,59.88023952,679054f2072d526265aabff2,67906c248bea597deeeb84ba,,,,,,,,,,,,,,,,,,,,,,,,,,,,,,,,,,,,,,,,,,,,,,,,,,,,,,,,,,,,,,Stimuli/28_0_R.jpg,Different,0,n,b,0,1.1115,88,0,88,0,1,,,,,
,,,,,,,,6779262b285a5b12c721ecee,2025-01-22_03h57.46.157,VisualArraysMentalRotation_v4,2021.1.4,Win32,59.88023952,679054f2072d526265aabff2,67906c248bea597deeeb84ba,,,,,,,,,,,,,,,,,,,,,,,,,,,,,,,,,,,,,,,,,,,,,,,,,,,,,,,,,,,,,,Stimuli/16_100.jpg,Same,100,b,b,1,2.9204,89,0,89,0,1,,,,,
,,,,,,,,6779262b285a5b12c721ecee,2025-01-22_03h57.46.157,VisualArraysMentalRotation_v4,2021.1.4,Win32,59.88023952,679054f2072d526265aabff2,67906c248bea597deeeb84ba,,,,,,,,,,,,,,,,,,,,,,,,,,,,,,,,,,,,,,,,,,,,,,,,,,,,,,,,,,,,,,Stimuli/38_100_R.jpg,Different,100,n,b,0,3.1894,90,0,90,0,1,,,,,
,,,,,,,,6779262b285a5b12c721ecee,2025-01-22_03h57.46.157,VisualArraysMentalRotation_v4,2021.1.4,Win32,59.88023952,679054f2072d526265aabff2,67906c248bea597deeeb84ba,,,,,,,,,,,,,,,,,,,,,,,,,,,,,,,,,,,,,,,,,,,,,,,,,,,,,,,,,,,,,,Stimuli/44_50_R.jpg,Different,50,n,n,1,2.338,91,0,91,0,1,,,,,
,,,,,,,,6779262b285a5b12c721ecee,2025-01-22_03h57.46.157,VisualArraysMentalRotation_v4,2021.1.4,Win32,59.88023952,679054f2072d526265aabff2,67906c248bea597deeeb84ba,,,,,,,,,,,,,,,,,,,,,,,,,,,,,,,,,,,,,,,,,,,,,,,,,,,,,,,,,,,,,,Stimuli/22_0.jpg,Same,0,b,b,1,1.2914,92,0,92,0,1,,,,,
,,,,,,,,6779262b285a5b12c721ecee,2025-01-22_03h57.46.157,VisualArraysMentalRotation_v4,2021.1.4,Win32,59.88023952,679054f2072d526265aabff2,67906c248bea597deeeb84ba,,,,,,,,,,,,,,,,,,,,,,,,,,,,,,,,,,,,,,,,,,,,,,,,,,,,,,,,,,,,,,Stimuli/21_0.jpg,Same,0,b,b,1,1.3028,93,0,93,0,1,,,,,
,,,,,,,,6779262b285a5b12c721ecee,2025-01-22_03h57.46.157,VisualArraysMentalRotation_v4,2021.1.4,Win32,59.88023952,679054f2072d526265aabff2,67906c248bea597deeeb84ba,,,,,,,,,,,,,,,,,,,,,,,,,,,,,,,,,,,,,,,,,,,,,,,,,,,,,,,,,,,,,,Stimuli/28_0.jpg,Same,0,b,b,1,1.0389,94,0,94,0,1,,,,,
,,,,,,,,6779262b285a5b12c721ecee,2025-01-22_03h57.46.157,VisualArraysMentalRotation_v4,2021.1.4,Win32,59.88023952,679054f2072d526265aabff2,67906c248bea597deeeb84ba,,,,,,,,,,,,,,,,,,,,,,,,,,,,,,,,,,,,,,,,,,,,,,,,,,,,,,,,,,,,,,Stimuli/40_50_R.jpg,Different,50,n,n,1,1.5567,95,0,95,0,1,,,,,
,,,,,,,,6779262b285a5b12c721ecee,2025-01-22_03h57.46.157,VisualArraysMentalRotation_v4,2021.1.4,Win32,59.88023952,679054f2072d526265aabff2,67906c248bea597deeeb84ba,,,,,,,,,,,,,,,,,,,,,,,,,,,,,,,,,,,,,,,,,,,,,,,,,,,,,,,,,,,,,,,,,,,,,,,,,,0,0,0,0,1
,,,,,,,,6779262b285a5b12c721ecee,2025-01-22_03h57.46.157,VisualArraysMentalRotation_v4,2021.1.4,Win32,59.88023952,679054f2072d526265aabff2,67906c248bea597deeeb84ba,,,,,,,,,,,,,,,,,,,,,,,,,,,,,,,,,,,,,,0,1,1,1,1,0,1,,,,,,,,,,,,,,,,,,,,,,,,,,,,,,,,,,
