PROLIFIC_PID,rt_by_angle_slope,rt_by_angle_intercept,rt_by_angle_r_squared,slope_p_value,slope_significant,excluded,exclusion_reason
5cd063ce657e300016f6c95a,0.010525408695652175,1.5896471146245057,0.9694303399450629,0.015403463369354053,True,False,
678e92010390e1c202944292,0.005285657105213626,1.421260029173725,0.971700394453005,0.01425135330906735,True,False,
64013a8e233aaa42388c821f,0.007467727272727273,1.9675227272727271,0.807883043369766,0.10117685645630714,False,False,
676379302839a2e46a4d6de5,,,,,False,True,Overall accuracy < 60%
671fbc510bb94767d36db746,,,,,False,True,Overall accuracy < 60%; Identical responses for > 8 consecutive trials
6754d95f656838004bc46eed,0.01168507142857143,2.759065119047619,0.932604875454057,0.03428530328359569,True,False,
6766b76b0b5bf9820e277b72,,,,,False,True,Overall accuracy < 60%; Identical responses for > 8 consecutive trials
672ba9e5dbe3b9649ad3864d,,,,,False,True,Overall accuracy < 60%; Practice accuracy < 50%
64012a2623351894f2917605,,,,,False,True,Overall accuracy < 60%; Identical responses for > 8 consecutive trials; Practice accuracy < 50%
675ed2ef6a6a6ae2ce682c30,0.0013833942307692308,0.29621858974358983,0.1070118399797022,0.6728733578876489,False,False,
6761e9f88b9ec3f7f3d16c01,,,,,False,True,Identical responses for > 8 consecutive trials
5e76d2652d882b2481d65066,0.002664627463768118,2.5416098514492753,0.1764466408272557,0.5799444788754045,False,False,
671469967e2a4f2e612e3846,0.00902534782608696,1.5511661490683228,0.8139319577599662,0.09781822354917513,False,False,
60a48adfe091e410f4eaba34,,,,,False,True,Overall accuracy < 60%
65c181b4de219e8c75ae4fb8,,,,,False,True,Overall accuracy < 60%
62964d27c2b2866faa677493,,,,,False,True,Overall accuracy < 60%
651d64f5eb4ac4993ecc5abd,0.005781774430394169,1.5383723638642057,0.6655032131336902,0.18421619706340686,False,False,
62861bcc5f0edf6340c914df,0.005101279390175044,1.4272828806700546,0.8324915269725193,0.08759026365753897,False,False,
6773f03382962d5d8c2ca38a,0.0030836210526315796,1.8041578696741853,0.29896657958445993,0.4532216357750978,False,False,
6721aeda53346fd7b593efd7,0.003761806677018635,2.513923382505176,0.555475937659837,0.25469741872187424,False,False,
66bab7aa032ffe5aeb0a3834,,,,,False,True,Overall accuracy < 60%; Practice accuracy < 50%
664f408259a7d76b52e2ae25,0.007264874545454542,2.3010346363636365,0.8758269103938049,0.06414375548709139,False,False,
62ffa989dbd072768cd2a14e,,,,,False,True,Overall accuracy < 60%
678fa1020e5289062a7e76f0,0.007864904552429662,3.252957312020461,0.5963876551152697,0.22773860959175884,False,False,
67896c4807b59990758d8491,,,,,False,True,Overall accuracy < 60%; Identical responses for > 8 consecutive trials; Fast trials (< 200ms) > 10%; Practice accuracy < 50%
6699571ba83beb19c5acbfef,0.01497160203869357,1.8197390888287914,0.9641700744721754,0.01807837661441858,True,False,
6788f11866ac65cc607b3c6a,,,,,False,True,Overall accuracy < 60%; Identical responses for > 8 consecutive trials
672d053f3563ff089759a66f,,,,,False,True,Overall accuracy < 60%
61233706eb1ec697c18d5aef,0.0141803816399287,2.0926259001782537,0.9987822182984938,0.000609076337745762,True,False,
67822f906480ae6f11bf6942,,,,,False,True,Overall accuracy < 60%; Identical responses for > 8 consecutive trials
669adbdb7e97d6e53cb2d924,0.016655188746803072,3.081788273657289,0.9810645588052745,0.009512968885874606,True,False,
67343fb98c1f4f89ea821878,-0.0016972270604395617,1.0472291918498169,0.689502578254948,0.16963708039499492,False,False,
6786d027b56713ac675fbbb1,,,,,False,True,Overall accuracy < 60%
676fac81dc17021dfb5fad67,0.014224979710144928,1.951352795344752,0.9751426978584817,0.012506861867647379,True,False,
67880f3fcfe89c43f375f668,,,,,False,True,Fast trials (< 200ms) > 10%
5d634b27e5f92f0017196a3f,,,,,False,True,Overall accuracy < 60%; Practice accuracy < 50%
55ec49b67480920010aaa4e8,,,,,False,True,Overall accuracy < 60%; Practice accuracy < 50%
612039d9400fae9545b3c5a8,0.007620087488516455,2.479481874571529,0.8387172191492082,0.0841849427153929,False,False,
65d863e56337aa59292ccd66,0.004208701019346785,1.3380484376950283,0.7775862977649727,0.11819146195731767,False,False,
6727e10a76e80949064e1e6c,,,,,False,True,Overall accuracy < 60%; Practice accuracy < 50%
6110b58d7063061e373e2fbc,0.003377537575757578,2.5163583939393934,0.622196135013094,0.21120589821354896,False,False,
67358110193306101974db30,,,,,False,True,Overall accuracy < 60%; Identical responses for > 8 consecutive trials; Fast trials (< 200ms) > 10%; Practice accuracy < 50%
678a7c0fa6dada0f1ffae746,,,,,False,True,Overall accuracy < 60%; Fast trials (< 200ms) > 10%
676a8044ed42478d4ef6493e,,,,,False,True,Overall accuracy < 60%; Practice accuracy < 50%
60fdc934e81b93f92f561d76,0.0045712149068323025,2.7028827260179433,0.8390486329256422,0.08400402133762497,False,False,
67147a6a2c208253099ab82b,,,,,False,True,Overall accuracy < 60%
6127017baee75f10aa174139,0.015064519593450025,1.8298428722002638,0.9046998142476028,0.04884290769210864,True,False,
6655fd511b6c8d1fd05de12d,0.011426478947368432,2.255396315789473,0.8602375054865763,0.07251010491403398,False,False,
5e968e6744b6d010b16540a4,0.01263515037593985,1.6440350307587146,0.9777801525554775,0.011172334248541693,True,False,
6612a3d099bbffc5cc1eebff,,,,,False,True,Overall accuracy < 60%
673a37f0ad04c995c8322ca6,0.010902705566534918,1.517690622529644,0.9800291941533134,0.010035761174519209,True,False,
66f8367b5310ebb97346b93c,0.006230623110047849,1.6332522918660288,0.9994113308797051,0.000294377889318298,True,False,
610341bbc7f7114aea9a2cea,0.010458709740259744,3.1005582683982684,0.9205213830263834,0.04056194414314396,True,False,
671eff2e0b8f048504452726,,,,,False,True,Overall accuracy < 60%; Identical responses for > 8 consecutive trials
673e759016f888e8212c0c1f,0.0020765561324259285,1.7358671436001067,0.6335116470300419,0.20406555104704616,False,False,
6705779b28e9a54f7b3b3535,,,,,False,True,Overall accuracy < 60%; Practice accuracy < 50%
678e5e240021ccd474206641,,,,,False,True,Overall accuracy < 60%; Identical responses for > 8 consecutive trials
6646abc0720d1baaa7e0af4c,,,,,False,True,Overall accuracy < 60%; Identical responses for > 8 consecutive trials
67851f4cba98f2087f182764,,,,,False,True,Overall accuracy < 60%; Practice accuracy < 50%
664ba1d1d71301161344e2a5,,,,,False,True,Overall accuracy < 60%
6668d4917e343a318af11adf,,,,,False,True,Overall accuracy < 60%; Identical responses for > 8 consecutive trials; Practice accuracy < 50%
65fa95fafeda35caf378b6f9,0.005874087027103325,1.7512822193205348,0.9036305572274153,0.049405156111492765,True,False,
5d776e218a8d1d00166d36a6,,,,,False,True,Identical responses for > 8 consecutive trials
6772e011adc3bb3fd579cdb9,,,,,False,True,Overall accuracy < 60%
67519b91595db9a046359da0,0.008044915724637681,2.01589815942029,0.9411423861962686,0.029875066707246933,True,False,
66122c3b55a1487b4e58e292,0.004066056603849777,1.3883213340288063,0.6388567025452563,0.20071488031788265,False,False,
6575c6e1563027adb8f299cb,0.007514863043478264,2.0705244021739126,0.8646033608888667,0.0701594970701338,False,False,
675f432df87b18ecba0964f4,,,,,False,True,Overall accuracy < 60%
672a89bc5e3d67a9fdbdf803,0.00579383672014261,3.7281208467023164,0.29738462469890314,0.45467016888959444,False,False,
5a9bbda1f6dfdd0001ea9639,0.011099256860530779,1.5940458516845468,0.9514030179789945,0.024601098022458023,True,False,
660e2337aad9e33736f08e84,,,,,False,True,Identical responses for > 8 consecutive trials
605e42cc59833acecfd3f301,0.007731998913043479,1.3455793840579708,0.9753832224321296,0.01238508393598603,True,False,
677d3cc83d0aa6a39541f5d6,0.008524290096453252,1.3162022108301055,0.8948102567944923,0.05405589129457944,False,False,
66e7a85e45c1132f1e2d12b6,0.009666322529644271,1.5790961001317525,0.9412148296968396,0.02983773022404157,True,False,
667af5cc382d3037050e3632,0.014134407213438725,2.316177458827405,0.8829608282698611,0.06034004646901048,False,False,
65d563ecf8df20ade2f17888,0.010780593030303029,2.229953868686869,0.6450737220975078,0.19683518372783038,False,False,
5d27851db6eb920018a5fb27,0.011177299827688659,2.2520419863339267,0.9499176251330855,0.025362823850287652,True,False,
5eddaa6d115bb4ac7e59f153,0.006319115724092839,1.5598795957284515,0.716205109920699,0.15371097731289307,False,False,
653ed34dfa601f3952c72ed4,0.008056651666666668,3.0615488333333336,0.9912650697303245,0.0043770443936497205,True,False,
63d5decffe6025fec6a381b0,,,,,False,True,Overall accuracy < 60%; Practice accuracy < 50%
651b43625c3bc6e2217a7e24,,,,,False,True,Overall accuracy < 60%
674f479b2a4ef75e4551f258,,,,,False,True,Overall accuracy < 60%; Identical responses for > 8 consecutive trials
67438c306d8298ec577da281,,,,,False,True,Overall accuracy < 60%
5df967d2f6191f6e87b236e6,0.007140715998494257,1.448361886881235,0.8991779249732909,0.05175007251606356,False,False,
678434b875eab5b07a505724,0.0073603191370224,2.7659850856389987,0.9818342540766609,0.009124501222953496,True,False,
66849ebd4dd65cfd282d2ad5,,,,,False,True,Overall accuracy < 60%; Identical responses for > 8 consecutive trials
5e4e844553bc702cdf68404d,,,,,False,True,Overall accuracy < 60%
6500aa732c4f0eb077f8c809,,,,,False,True,Overall accuracy < 60%
671e39c25e5e3f340a6f21d4,,,,,False,True,Overall accuracy < 60%
58a229e74d580c0001e0a766,0.004636595200604738,1.7464814775167326,0.9834180363981656,0.008325639941132001,True,False,
630386f64c5bbd56ab1c3b0f,0.009248237658622836,2.9050146991366756,0.962744454476405,0.01880457885474973,True,False,
66c9071f0a3b0e1d3a041c01,0.013527067848970257,2.5733050228832948,0.7627172144194009,0.1266631724131857,False,False,
662ddcfc1103d1acda67d937,0.007792833742706566,1.9777506286467155,0.8294180201969381,0.08927610100704064,False,False,
5e7987df47422a5443426cd7,0.012311972294372295,1.6196016450216448,0.9860170623911733,0.007016081504250593,True,False,
661ae93e33b51f5d31a8c3bb,,,,,False,True,Overall accuracy < 60%; Practice accuracy < 50%
678ba680eefc2d7fd8559a03,0.011279252506265661,2.4059822681704266,0.8099256654093794,0.10004129794230021,False,False,
6779262b285a5b12c721ecee,0.008438533333333342,2.826840555555555,0.9445159012964597,0.028137920640763037,True,False,
67704d25c22e3bfcf98ab4fc,,,,,False,True,Overall accuracy < 60%; Identical responses for > 8 consecutive trials
671d2abf2ba7384f9b45678a,0.010964617391304353,1.9312765217391301,0.9119554770797337,0.045036400128395604,True,False,
66370a20a4b5b1a460904760,0.010945726152832671,1.754556350461133,0.9683780279182144,0.015937995897507218,True,False,
5d47901043518d0017bf3c04,,,,,False,True,Overall accuracy < 60%; Identical responses for > 8 consecutive trials
6535d3f1b4ff80adff474548,0.008613173207227556,1.2951299807076981,0.9528613741460895,0.0238538151761849,True,False,
678d4b5574c6a54d8f4cafd8,0.0041048280632411055,1.4024268774703557,0.7143997820872459,0.15477826454400367,False,False,
5b19f4854c72120001f1e1b3,0.003974547628458495,1.874436307641634,0.7875351022953041,0.11256825485263144,False,False,
67856f922cc646ac823a1660,,,,,False,True,Overall accuracy < 60%
668d44c46cb23976673acd95,,,,,False,True,Overall accuracy < 60%; Fast trials (< 200ms) > 10%
6766a8b9f2f6140bdb9fab39,,,,,False,True,Overall accuracy < 60%; Identical responses for > 8 consecutive trials
6736142695794b6108842ed2,0.009159596956160867,2.399802673916739,0.9499579640151623,0.025342129762878196,True,False,
66e2a683a6aed2b156557f9d,0.005480895652173911,2.2962165217391313,0.8557759742673675,0.07491839588749394,False,False,
664f98c80beb5400a141ac91,,,,,False,True,Identical responses for > 8 consecutive trials
676063838d4db0d3eaa69c2b,,,,,False,True,Overall accuracy < 60%; Identical responses for > 8 consecutive trials; Fast trials (< 200ms) > 10%
5b68c9eb87af310001584803,0.0051921636363636324,1.1315854545454551,0.980964802125733,0.009563327554086953,True,False,
661ea4cacedd4c83df3a2dcb,,,,,False,True,Overall accuracy < 60%; Identical responses for > 8 consecutive trials
666640831e2f8d963f8c528f,0.010410400522875818,2.7179276732026145,0.8974332458245341,0.05267046608662418,False,False,
678851f427536397f63120bf,0.008489332094861659,2.014908363636364,0.9184856622701802,0.0416234235593087,True,False,
678aa22eb5db2af9be397452,,,,,False,True,Overall accuracy < 60%
60a1e1f4a3707c983a98f185,0.010318128370391222,1.338719604559527,0.9451116220526526,0.02783148474523589,True,False,
676eb8d5dd1b9e51d21ec734,0.00945684603174603,1.6994426984126987,0.8350705207024862,0.08617806947825657,False,False,
676b5cae2bdeb2fceba3e9cb,,,,,False,True,Overall accuracy < 60%; Identical responses for > 8 consecutive trials
656cef93133dd04969014614,0.008909363636363635,1.6600753246753248,0.9589194277868766,0.02075568534360306,True,False,
5d4869cc692e5400197a980c,0.010671317083882298,1.7757015590689504,0.7840818731517755,0.11451602321003262,False,False,
66ae394dd6f0020399d3b887,0.0024360622882071497,1.3353271215873908,0.40972209804921533,0.35990461800664786,False,False,
66bfd3867e3dd5e2c19650b9,,,,,False,True,Identical responses for > 8 consecutive trials
561487ad7ffc8a0012812266,0.00851801038961039,2.0370559307359315,0.7742307510620328,0.12009616942416224,False,False,
66505efb53953d2da6e1a8cd,0.010309971435406696,1.4995029976076557,0.8352498485362885,0.08607995506374388,False,False,
67529d0aecb73bfe140d521f,0.011064557303758708,1.8125735153084492,0.9597862333250482,0.020313196309632797,True,False,
67855ba77a8e1aaf8e477978,0.01335089531338227,1.3574005910031997,0.9979389724665287,0.001031045293934607,True,False,
677c4a2cd686c6b6cfd1ba2a,0.01193945454545454,1.6815011363636365,0.8345467390194756,0.0864647029153851,False,False,
6659f937e570ab09f05021a3,0.005392623376623378,1.4742708874458872,0.6909920781506605,0.16874066733018833,False,False,
670cf1827819b4f39133584b,,,,,False,True,Overall accuracy < 60%; Identical responses for > 8 consecutive trials
6773fd82b205d22a2e097d3f,,,,,False,True,Overall accuracy < 60%; Practice accuracy < 50%
663b638be7226d4e3fcc255f,0.011549127061998893,3.1554235873620704,0.8666334316143995,0.06906851400632097,False,False,
63ebd39a63bb79b50d438ab7,0.00689550684447692,1.9757705965574641,0.628402396752636,0.20728164096405854,False,False,
63d7fb6ee49281f6c41d6630,,,,,False,True,Overall accuracy < 60%
655fd5be8c6f7bfe39e75e96,0.009080645454545452,1.9624113636363636,0.9541070304358734,0.02321597554225252,True,False,
66ee186efc9a208ef9446a30,0.004263505434782605,3.1072975543478263,0.6959690141681987,0.16575242633364606,False,False,
60e5cb4ca01a593fce9a379d,,,,,False,True,Overall accuracy < 60%; Identical responses for > 8 consecutive trials; Practice accuracy < 50%
5d91daf3704e790018f47229,0.005587928495311174,1.613103399403239,0.6415843149821603,0.1990104151849661,False,False,
66625801c143ca548bcac338,0.0031538151515151515,1.2727488131313134,0.9715175946393223,0.014344078981249009,True,False,
676866e58c692de18dac2de9,,,,,False,True,Overall accuracy < 60%
653d3b418bce22526d2639b4,0.0026969569264069285,2.085355638528138,0.3157455149653562,0.43808762696897663,False,False,
6779d0e560ce37d982f31caf,0.006535312888198761,2.586353545548654,0.9401407869394336,0.030391425914852332,True,False,
678b95e7567348686a870e6b,0.007673971363636361,1.1672644772727272,0.9334019852691197,0.03387268682170075,True,False,
67094b39bddd9489c48cdc8f,0.005983367966751916,2.2243766783887464,0.9158127456195896,0.043018941870013094,True,False,
654e6dcbb060f1ea2d712339,0.014342027459954228,2.8273891939994917,0.8933678227931245,0.05481862968363349,False,False,
6750c18b7e2026c4edd0ad26,,,,,False,True,Overall accuracy < 60%; Identical responses for > 8 consecutive trials; Practice accuracy < 50%
671f3e367fa293418ae68c42,,,,,False,True,Overall accuracy < 60%; Fast trials (< 200ms) > 10%; Practice accuracy < 50%
66046ee084b12b781cb49495,,,,,False,True,Overall accuracy < 60%
673f18bb08e7ff5ef549e488,,,,,False,True,Overall accuracy < 60%; Identical responses for > 8 consecutive trials
65cba5349f4e1e5dfbe80fe8,0.009872568181818184,1.3537344696969695,0.9451973524620287,0.027787393384539172,True,False,
67227eb3d24e7ab203397120,,,,,False,True,Overall accuracy < 60%
672d770786fa273d84b761d2,0.007463086956521743,1.954145158102767,0.9071747570798344,0.047542779396452683,True,False,
66f6e3a582de0614bd19b481,,,,,False,True,Overall accuracy < 60%
66fb8a3730fd6deba2e671e3,0.011763814285714295,2.2782843650793647,0.8366367202705671,0.08532152082244382,False,False,
67813733b9f7bd24cb2745b4,0.007064760869565222,1.9757597826086952,0.4886098716915396,0.3009936540405804,False,False,
5f81fc9446ee002f681ea5e3,0.007833235573122528,1.8836550592885382,0.7900319825220163,0.11116256687625037,False,False,
66969c9921e4f92ad108ed4c,0.007555648215102979,1.6402686464530891,0.7931260466324386,0.10942375585667086,False,False,
66dd097265650e0dec23231f,0.007072937391304346,2.1131425217391304,0.8715762653206324,0.06641751016815212,False,False,
66463ff40a36377060b19272,,,,,False,True,Identical responses for > 8 consecutive trials
67896102d98295a520a25ebb,0.004169045454545454,2.3186696969696965,0.5684252122598836,0.24606020647542182,False,False,
66b435b1d2d981a3ab684c2d,,,,,False,True,Overall accuracy < 60%
677fafc0a5ea31abbf20ebad,0.013248979643962855,2.670645305727554,0.9349607796927049,0.03306630026009305,True,False,
590ffed3f128850001ada77b,0.007870770355731223,1.692813913043478,0.8819577676604018,0.06087393409595876,False,False,
67842352fc58491ff1f4de9d,0.006447187351778656,2.7672712252964433,0.6255999302254514,0.20905124677672626,False,False,
6776957e09a543d5a21c521a,,,,,False,True,Overall accuracy < 60%
6779e07aeb6a0e66e84ae0e7,0.006661906935817809,1.5036687163561075,0.9888888585146596,0.00557108926044414,True,False,
673594215b1a0b92d5835525,,,,,False,True,Practice accuracy < 50%
6501c0a2e788b5556c24569d,0.010884249130434781,1.7107810072463767,0.961955437154352,0.01920673067442391,True,False,
66243f204cef464daff99f8d,0.014220487370600414,1.5110303726708072,0.9883506603475792,0.005841732746953765,True,False,
677614004b333b9a50de9d41,,,,,False,True,Overall accuracy < 60%; Practice accuracy < 50%
6643bcf4ed868a9901a9dd7d,0.004319060079051382,1.080178135704875,0.9587241566153587,0.020855395452051395,True,False,
67683d2ef4617ea5d90b7539,,,,,False,True,Overall accuracy < 60%; Identical responses for > 8 consecutive trials
676e81c9c452593cbf114baf,0.007292264456521739,2.9836850978260867,0.9029688480371997,0.049753269915018494,True,False,
6747d17ec4d287d32e597fa9,0.0024674465909090932,1.9051419318181813,0.5932231525386031,0.2297901892739853,False,False,
5cf398a1e55efc000127adae,0.0038597370588235288,1.345584205882353,0.8699082322137726,0.0673112886853553,False,False,
674083da048a73d78070ea5b,,,,,False,True,Overall accuracy < 60%; Identical responses for > 8 consecutive trials; Fast trials (< 200ms) > 10%; Practice accuracy < 50%
5d76d2f7daf4bf00164d585b,0.024749918181818174,2.5351612121212135,0.8349898845116048,0.08622219084089999,False,False,
610b002738dd01f26e493999,0.006568473509465355,3.1402648289993764,0.7875286132495325,0.1125719109417751,False,False,
5edc7aed858a159580341afa,,,,,False,True,Overall accuracy < 60%; Identical responses for > 8 consecutive trials
678553764d429ce5b3d40f4c,0.003146029775910365,1.8156807535014003,0.347502165860739,0.4105068568161805,False,False,
672ff021dad78d519a50f64a,,,,,False,True,Overall accuracy < 60%; Identical responses for > 8 consecutive trials
677bbfba3b742e3a5bf9a5e7,,,,,False,True,Overall accuracy < 60%; Identical responses for > 8 consecutive trials; Fast trials (< 200ms) > 10%
5ec0ba1bfa01894cceaa1b8e,0.004410397327310371,1.791048522492001,0.9372785392163665,0.0318685320596348,True,False,
678e9a84c6c7879d007bbf4e,0.011009790643274854,1.5790947953216374,0.9844646500425318,0.00779808000461335,True,False,
678969200a76abe09fd2a75c,0.008908989999999993,2.8459745,0.976240934508048,0.011950945292670268,True,False,
677fe9d3bafd440269d2ef89,0.008422210526315787,2.065169423558897,0.7121787071451541,0.15609318811544481,False,False,
66564c348f25a6749f79a714,,,,,False,True,Overall accuracy < 60%
6636a7456e7f277f59dda9bd,0.00772493372859025,1.802406436100132,0.31177886922776354,0.4416283771288483,False,False,
66f5c81fa771db6db1bc2382,,,,,False,True,Overall accuracy < 60%; Identical responses for > 8 consecutive trials; Fast trials (< 200ms) > 10%; RT SD < 120ms
6738d09a032bf7224008ce7e,,,,,False,True,Overall accuracy < 60%
6773f4dfb59cda6e2414cb19,0.012796679960474306,1.5761809249011858,0.9853326335092193,0.007360773740419102,True,False,
66463d3560eac977430ac716,0.010337208767507005,2.672279962184874,0.6851914934149925,0.17223705481883722,False,False,
664993e12a5b629050529e17,,,,,False,True,Identical responses for > 8 consecutive trials
61008f090e777a2b47f1ad76,,,,,False,True,Overall accuracy < 60%; Fast trials (< 200ms) > 10%
657ca800404c8884226c8f42,0.004270765151515145,2.357597601010101,0.6548275907304065,0.19078581900067615,False,False,
564e93659b124900127eb55b,0.005155538260869568,1.607495391304348,0.8740614938278846,0.06508744054436577,False,False,
65de5ddcc637719fe458fc76,0.009576857382493665,2.900194806923726,0.9747640678383164,0.012698593215670462,True,False,
57dd186e6598aa0001992616,0.0029591368506493515,3.008426323051948,0.6549515229951905,0.19070924693581803,False,False,
5da6139c002c29001335b5a2,0.004900864251537936,1.7475695967190705,0.9327218286033659,0.0342247525415833,True,False,
6787a95f87a6e4a695780b13,0.008474986813263733,3.3728480585578753,0.6625926761044945,0.1860020417074164,False,False,
675c3fae9f1afa4c4207dab3,0.00325993399209486,1.6181892885375495,0.8449691944831904,0.08077794060238608,False,False,
6780b105e7a5923128d8457d,,,,,False,True,Overall accuracy < 60%
678f7fd7097858093f4a9540,,,,,False,True,Identical responses for > 8 consecutive trials
6739ff11a2162a865c36fa64,0.014534272499999997,2.693778625,0.9908579165588802,0.004581536961022481,True,False,
5f4d3cb5fdda0b2c403fb801,0.01573567602941177,2.3650163382352947,0.9316792809637245,0.03476464996161455,True,False,
677b43188ec54f1186b62411,0.005790200605191911,2.5458240930084406,0.9090927559601966,0.04653644224847464,True,False,
5e80b109ca1800791e1ca40c,0.00580911616161616,2.965495202020202,0.29142749717446237,0.4601597484676949,False,False,
6751f6e990f3b3698bf1748b,0.007315226449275361,2.5797698110766043,0.43489313677068453,0.34053571986749387,False,False,
678b749494dd9deb974cb25f,,,,,False,True,Overall accuracy < 60%; Identical responses for > 8 consecutive trials; Fast trials (< 200ms) > 10%
6711263a9c4a226969aeb686,,,,,False,True,Overall accuracy < 60%; Identical responses for > 8 consecutive trials; Fast trials (< 200ms) > 10%
5b8bf5dd7b334200011da4aa,0.011995864042913605,1.4957294792019575,0.9122635781283284,0.04487509815295443,True,False,
6781563ac4093eb7a7433ff3,,,,,False,True,Overall accuracy < 60%
6738c218706186b3fe8e8f56,0.010236882850877201,2.872052406432748,0.9547007614246213,0.022912101484916958,True,False,
67826c0cd5858c9d420da7ff,,,,,False,True,Overall accuracy < 60%
6111ec391b7048bb53089f5d,0.013021619078947368,1.3762159481424148,0.6832364422077918,0.17341882297756617,False,False,
5c2c62542c45d400014a32e6,0.009438739696969699,1.3521258484848486,0.939379797549738,0.030783926283855845,True,False,
6778cbf3f0597689c7b5cb4a,0.00020905188536953027,2.7009545550527903,0.12861811807368695,0.6413663177088813,False,False,
677aae4e7390567a435c3c23,,,,,False,True,Overall accuracy < 60%
6716dbc5faa8d435d67f0ed7,,,,,False,True,Overall accuracy < 60%
67207ddb95109f11e89dcfb8,,,,,False,True,Overall accuracy < 60%
676af7a57cae28cecaf83c68,,,,,False,True,Identical responses for > 8 consecutive trials
610466e3fb619bdbdf8eb32d,0.004211182539682543,2.0280236111111107,0.23756543975756006,0.5125931476091456,False,False,
676d40e2915d059bf7ef62e8,,,,,False,True,Overall accuracy < 60%; Identical responses for > 8 consecutive trials
67719f52af5175c7f6b1c990,0.01753761964285714,2.995453154761905,0.9711605371151982,0.014525222486542644,True,False,
6786d6d81286c8386e009009,0.005536646138072455,1.9545434540897701,0.7168167093535551,0.153349712482447,False,False,
674e978e575eccb8dd86167b,0.01900366161616161,3.419457070707071,0.8255483339315861,0.09140309601474739,False,False,
5f974c72a0ed8c0f9ce724ea,0.001957588932806326,1.6683557312252963,0.43214649644003134,0.34262149682239285,False,False,
671609ab4a3f2c6c76dfe9d8,,,,,False,True,Overall accuracy < 60%
6699c7aea5e77f24097879b7,,,,,False,True,Overall accuracy < 60%; Identical responses for > 8 consecutive trials; Practice accuracy < 50%
676ef830be06454935800ec3,0.0028153932806324108,1.1665878458498022,0.8624349533916337,0.0713262395266927,False,False,
66d9fc2d2b46f520118ea65f,0.011584238692185006,2.4925754274322176,0.8715738945982758,0.06641877985990119,False,False,
66b0103854c074757187d029,0.0053640834023561575,1.8541589035422785,0.691800522739258,0.16825453248048405,False,False,
664d46ad7cc1780eecfd0c24,0.0007839641821946141,2.0301379089026916,0.04137323417965799,0.7965958845557495,False,False,
64143c6c286640f3d1348cf8,0.00441952380952381,1.6525452380952383,0.5389729807247656,0.26585220784588226,False,False,
67253dbcd4950a2168aa7741,0.00539797470950102,2.392479790385054,0.9923536581155381,0.003830507335454536,True,False,
6643bef326f3a4026c0ab2b6,0.008364860601355169,1.7844937605872384,0.665319743465151,0.1843286547480345,False,False,
5eec6fe1a0f1c4000a8103b2,0.011326669224543565,2.322373846602673,0.7745828156809843,0.11989613358366391,False,False,
66cfb812269143794dc55575,0.009717539523809531,3.4395892380952375,0.7364181357185333,0.1418519150411548,False,False,
6785fc7153cd5fe0e7d2cc0a,,,,,False,True,Identical responses for > 8 consecutive trials
60641cdc8536a607a60e0612,,,,,False,True,Identical responses for > 8 consecutive trials
655f9f56990f2a2d957b1cad,,,,,False,True,Overall accuracy < 60%
65f9200b96211e5163eb912e,,,,,False,True,Overall accuracy < 60%; Practice accuracy < 50%
677d1f4f3c247c1a7a6fb57f,0.0072597909090909045,2.3586427272727275,0.46917436423508807,0.3150369614095312,False,False,
67824ed63aa44baedbe5d46f,0.0036056285714285694,2.199819803921569,0.8524639945055852,0.07671023264330201,False,False,
6783e8710446ee858344b1b2,0.008909144360902259,1.4539475563909776,0.8790199263385617,0.06243937457966919,False,False,
678e46af9bf54902d3db189f,0.007866589776214832,2.89595115601023,0.7283953813728148,0.1465391740842379,False,False,
60ff8f48909c68ae805ea2ba,0.008172737050960737,1.838675762322473,0.8849040395538386,0.05930661767298551,False,False,
677bbed2d896aee8efecb51d,,,,,False,True,Overall accuracy < 60%; Practice accuracy < 50%
6759fef1b173fb9839ebe137,,,,,False,True,Overall accuracy < 60%; Practice accuracy < 50%
655f8b959477c803eb906622,,,,,False,True,Identical responses for > 8 consecutive trials
667998e5c55fe7def1eb7496,0.0072902435573122485,1.3047334031620554,0.9528394423887366,0.023865049089657697,True,False,
677f7658861507001fe69579,0.006584176869446344,1.9505939767600817,0.7904441908790458,0.11093071649109043,False,False,
673d1231929c7a0a6138a5c1,0.011996033643189722,2.1391386874549148,0.980944318368944,0.009573668378640043,True,False,
67860774acf7592ed65861bb,,,,,False,True,Overall accuracy < 60%; Identical responses for > 8 consecutive trials
67628bf652610e40de8a09e8,,,,,False,True,Overall accuracy < 60%; Identical responses for > 8 consecutive trials
66c8abe49537b182dcbd2049,0.0057045342527441605,1.351279520123839,0.9352488802689802,0.03291733534874064,True,False,
6752092030f55f6f6a50df9e,,,,,False,True,Overall accuracy < 60%; Identical responses for > 8 consecutive trials; Fast trials (< 200ms) > 10%; Practice accuracy < 50%
6033fd8bc8659800086d87b0,0.00916511656785244,1.3245668955862975,0.7523335171660734,0.13262838577339098,False,False,
66c608b7c916342fbca4d075,,,,,False,True,Overall accuracy < 60%; Identical responses for > 8 consecutive trials; Practice accuracy < 50%
6757688470f9e929a8ea7d90,0.009184720238095235,2.4192677579365083,0.9433825477146848,0.028721179210271952,True,False,
5d96eeed1998fb00177f6b71,,,,,False,True,Overall accuracy < 60%; Practice accuracy < 50%
5e375b7e76397a6f27f9547f,0.006664176577808158,1.1856802346776036,0.9270248166225016,0.03717872031072056,True,False,
6631185d17f78b1877ba88cb,0.006506228214285715,2.3224794166666665,0.9056972270851044,0.04831873661130426,True,False,
678dfec50cc874af0b76ab04,0.007712703355816008,2.9053491660216713,0.44219432459879593,0.33502306461141407,False,False,
67841f5e6071ec5527f9c27f,,,,,False,True,Overall accuracy < 60%; Identical responses for > 8 consecutive trials
673a70491f1992a774b72caa,,,,,False,True,Overall accuracy < 60%
66049315b5c325fdaafea8fa,0.006351500952380955,1.5781251666666667,0.9109195737433216,0.04557893268048541,True,False,
67693470121578a6dff417d2,0.0038551785251899778,3.1122613186039967,0.5449302172626918,0.2618061113347714,False,False,
677e333ee5769779d2fb960f,,,,,False,True,Overall accuracy < 60%; Identical responses for > 8 consecutive trials
65d5d1d59bfc5f7fcbbd742d,0.008740201948051946,1.8668923484848485,0.9379945236886956,0.031498826181043826,True,False,
565a3d24c51d430005875042,0.014959030707282916,2.163169462535014,0.8604960318960465,0.07237074652852482,False,False,
67352f08f3ab886418574a6a,0.009833453985507246,1.6012935628019322,0.9664036869704388,0.016941666547483747,True,False,
675aaec58dfc729c338a52eb,0.007278403475090887,1.4601790566336792,0.9458306098769034,0.027461769452273188,True,False,
671d2c608d56f868207f9e9e,,,,,False,True,Overall accuracy < 60%
5dd671942b033b5ec8bc97b4,0.0041783442687747035,1.5712030830039527,0.9329715221671256,0.034095490140394036,True,False,
6759fd05e4ade779f4ee4689,,,,,False,True,Overall accuracy < 60%; Practice accuracy < 50%
676d800c5499f924389756b5,0.005504716600790516,2.450505098814229,0.9102939358309143,0.04590674678472095,True,False,
583d5dd49c5f2a0001b85f40,0.007657198701298704,1.499884069264069,0.8406967137239115,0.0831048512921928,False,False,
6764736f0048fc3595fbb944,,,,,False,True,Overall accuracy < 60%
674b47940b75eb06298f0c67,0.0083995720289855,1.8281763792270533,0.6456883855681286,0.1964526239429758,False,False,
5f1273be29b0711c3cff250f,0.011705648484848482,1.9098854545454547,0.7668923427635955,0.12427610357853336,False,False,
5d6513f46f5284000118ef1d,,,,,False,True,Overall accuracy < 60%
55a9f6a1fdf99b2d81b5295f,0.010861131940523242,1.612262428634168,0.6293560972333148,0.20668033099303873,False,False,
5dac4dad5e53cc001499f1f6,0.004943161051508878,1.8279449902754248,0.9353982820278697,0.03284009490267348,True,False,
66972752027327f711a5e612,0.0058965930735930755,1.4239194805194801,0.9831329415871402,0.00846939452826767,True,False,
6743c8da977b0d274dad1fc2,,,,,False,True,Practice accuracy < 50%
677f26f141f0ce49707accc6,,,,,False,True,Overall accuracy < 60%; Identical responses for > 8 consecutive trials
67329e974d0c9d4221e4c4ac,0.00449122051282051,2.923183675213676,0.6559836920625923,0.19007179820517894,False,False,
672a3b3af4fe3ca8478cd6c6,0.011887507193675886,2.1113829486166003,0.8850338693731713,0.05923761269214678,False,False,
62786f21e2cc1d6adeea0a79,0.0034266416149068297,1.6055699861973776,0.7312654647126045,0.14485938892331585,False,False,
6170cb31c3656859cca7cc57,,,,,False,True,Overall accuracy < 60%; Identical responses for > 8 consecutive trials
6784b7b57a26bfddbafe40e6,,,,,False,True,Overall accuracy < 60%; Practice accuracy < 50%
67863d420c27f3b6e5f57073,0.00671309354930378,1.9470419181585679,0.8579292649064223,0.07375528886453431,False,False,
5c0245f0a9d1ef00011816ea,0.002175722567287786,2.461568737060041,0.35640665582937425,0.4030019632952091,False,False,
66eddeb07ae1f7510780b109,,,,,False,True,Identical responses for > 8 consecutive trials
66f198a897fe47706e8cdfd2,0.003873002631578949,2.6507496929824557,0.49323564638953776,0.2976926268438169,False,False,
668f41cc549b163c5d45534e,0.004171350421508318,1.4501862269309638,0.7622824315645238,0.1269121283831025,False,False,
6711c745bcc0626c2de36d07,0.006068590977443604,1.5571716541353384,0.8749699374609843,0.06460172254756413,False,False,
6701b597d540eba733ee58c9,,,,,False,True,Overall accuracy < 60%; Fast trials (< 200ms) > 10%
674d61ec8e80ca5159d6aa56,,,,,False,True,Overall accuracy < 60%
6740484e188a64793529ee77,0.001963504511278191,2.158533621553885,0.4310748620419418,0.3434370844755683,False,False,
6761f8be0534cd92e822e611,,,,,False,True,Overall accuracy < 60%
6761312f87e4c57c3259eb11,,,,,False,True,Overall accuracy < 60%
66a6bbb40b48d0e4f326767e,,,,,False,True,Identical responses for > 8 consecutive trials
62e029ff528ea30b4508eaf5,0.005315795238095238,1.8123135714285716,0.7169566110257437,0.15326709581725595,False,False,
67896d4bcf7daeb9b9c6945e,,,,,False,True,Overall accuracy < 60%
671c5ad0eb30c87c11b22ec4,0.00913026466165413,2.4497726315789476,0.8346902617508185,0.08638615282449957,False,False,
649d257f5e8bfe6ee264e160,,,,,False,True,Overall accuracy < 60%; Practice accuracy < 50%
678a318061025ebe627384b6,,,,,False,True,Overall accuracy < 60%; Practice accuracy < 50%
6630ec1ebe18d48a3cecb54e,0.01264541621118013,1.90095735300207,0.982566470809303,0.008755090399298338,True,False,
6710e7d85362bdd95a82bcbf,,,,,False,True,Overall accuracy < 60%
5a6e8532e6cc4a0001b6d728,,,,,False,True,Identical responses for > 8 consecutive trials
66c4a2414f979ae2a78a8adc,0.005725374251835119,2.821898629776021,0.7205125494755753,0.15116989363266842,False,False,
63e6378e04ade071ebf9ff9c,,,,,False,True,Fast trials (< 200ms) > 10%
5a6eac90d5d4cb0001d6815a,0.011623768737060046,1.6782746687370595,0.9259794123868565,0.037721759371616814,True,False,
674e0771f3216542d0539c7b,0.01478880909090909,1.0414950000000003,0.9780672213721558,0.01102718875989539,True,False,
67759a26b7a5424ec5d0c0a1,0.00926174395445135,2.2479818612836437,0.8036244447949182,0.10354897245029715,False,False,
66a508e29deb15f57d4458f1,0.005589866252587989,1.8754235403726707,0.8969064425799231,0.05294855336158055,False,False,
674ca6e73e98a96de2cda112,,,,,False,True,Overall accuracy < 60%; Fast trials (< 200ms) > 10%; Practice accuracy < 50%
663a80393a72dac091c817b5,0.006091898701298707,1.9878441414141415,0.7521984265744956,0.13270626280682984,False,False,
56c15833eb5b22000d5babba,0.00956900916149068,1.9878370652173913,0.9381396463558551,0.03142390781319859,True,False,
672b60eb227e2b01fd1f88b5,,,,,False,True,Overall accuracy < 60%; Identical responses for > 8 consecutive trials
58d1f1038084450001956fdc,0.01004520802277433,1.604835025879917,0.8100538374871947,0.09997009078187036,False,False,
5eb342dff78ab11407daf144,0.012239630012531323,2.279025250626567,0.9228740877021913,0.03933664184471408,True,False,
67880bb68accd49a72b45565,,,,,False,True,Overall accuracy < 60%; Fast trials (< 200ms) > 10%
678c417ed431a331d3f547ec,,,,,False,True,Overall accuracy < 60%; Identical responses for > 8 consecutive trials
669b00d76af70db9da1b0301,0.007939709740259733,1.9016024783549792,0.9887296032871937,0.005651166196091184,True,False,
669284eabea5b8c9655927da,,,,,False,True,Overall accuracy < 60%; Identical responses for > 8 consecutive trials; Practice accuracy < 50%
66439d339e8b25efa8cb4b9a,0.008570552975074999,1.8989286905058336,0.9772321937358883,0.011449448062524015,True,False,
61140d2c5d85c524932a2c59,0.0032399587925696616,1.7848151455108356,0.7032943492444451,0.16137353413784683,False,False,
663ec602f5dc7af6ccc1c2d0,0.011124696894409937,1.3928240786749482,0.9901912517271065,0.004916459925546457,True,False,
66ace0fa42d9a6710036025c,0.010308181919191917,1.59393795959596,0.8185338913549686,0.09527137142954922,False,False,
6779f13fe54a982becaa1b3f,0.010423026731601727,2.6715943560606052,0.7227682720858881,0.14984220753680777,False,False,
671d48bbee99c1439ae0d0de,,,,,False,True,Overall accuracy < 60%
678dbad423480901e47ad481,0.007516195256917001,1.5588075889328055,0.8972308837024225,0.05277727872351878,False,False,
675402ab00652943d80d7ddb,,,,,False,True,Fast trials (< 200ms) > 10%
662848c40caa342b28493265,0.005239347802197802,1.8670241208791207,0.38234276055863514,0.38166128977830005,False,False,
678c0db9c6a63a1de276a649,0.011781287792207787,2.1199367272727274,0.95720976254486,0.021629026112865546,True,False,
6643d97ef7bef1480ec1166b,0.004865074994046201,2.402712168373422,0.3243886363331463,0.430448741259273,False,False,
6733c03807f9f957e2eb1382,0.00597834127611519,1.3006477997364956,0.7701639991377338,0.12241011905461563,False,False,
678a5c44e1295faaebfc8ee4,,,,,False,True,Overall accuracy < 60%
67228eb9f3f694a42b636b7f,0.003997386184210529,1.8490758881578948,0.3004732459515951,0.4518456002624851,False,False,
60d3d517873ac00f2ed811e5,0.008079107905138343,1.41203523715415,0.9717097962293441,0.014246584469856272,True,False,
66e28103f28d6e15a3f4f1f0,0.0034852757747515645,1.5496754486566067,0.3806498979835885,0.3830316880231299,False,False,
67808d0260180c6133619b2b,0.00843125172905526,1.9607315763517528,0.6817752463782196,0.17430317526454076,False,False,
6547bf8012d4702680d55663,0.008898862301587306,1.454442817460317,0.9684967662297286,0.015877667040459453,True,False,
6742ecbc50ae979ed5099784,0.01123439985645933,1.8584077559808612,0.9762071320516214,0.01196805109772825,True,False,
6787c530d8f7650e446d17a1,,,,,False,True,Overall accuracy < 60%; Practice accuracy < 50%
610b06f1534fdc7ce455d168,0.00385425606060606,1.7114668434343439,0.2511484564902563,0.49885285944120517,False,False,
67196116a2212bed3b93f4dc,,,,,False,True,Overall accuracy < 60%; Identical responses for > 8 consecutive trials; Practice accuracy < 50%
673283141ee7ec9141e8bcf4,,,,,False,True,Overall accuracy < 60%; Identical responses for > 8 consecutive trials
61216580798476e2db75fc79,0.011327913043478256,1.835026086956522,0.9606377109426422,0.019878726410531344,True,False,
6786e77f621a9c066c534e78,,,,,False,True,Overall accuracy < 60%
66733b0613db805ab4f05114,0.0072660121667805855,1.233235160628845,0.9393499151521573,0.030799342162750598,True,False,
674ba6a23248254461461b54,0.0015516117857142877,1.8701710654761905,0.5868827381916902,0.23391727718758037,False,False,
6761934aa62aae0c93863233,0.008444101303959197,1.971289822107717,0.8429068538912802,0.08190041177915774,False,False,
668ddafedbce64d6094e759e,0.006072113511050353,1.7945698815219868,0.8556276713154486,0.07499855604683048,False,False,
678ac1267cd2b3ce8d1fbf69,0.010345083333333336,1.250984722222222,0.9473163727748064,0.026698210843724812,True,False,
665f97db56096b743c2332b1,0.014287088102766798,1.868130561264822,0.9371023871131763,0.03195951163539834,True,False,
674dc32400f538862eb27f89,,,,,False,True,Practice accuracy < 50%
6734c8a6c51b8aee49adbd1b,,,,,False,True,Identical responses for > 8 consecutive trials
5efe44bebdee09152fe08acc,0.004405361377752683,1.6728604366647843,0.7442154441173424,0.1373207756545065,False,False,
676d592187581f23f60331bb,,,,,False,True,Overall accuracy < 60%
61052deed380657fcbe37682,0.00408828975264247,1.6998804830554652,0.3466041420052912,0.411269041067746,False,False,
66dd9c5b1c02410a87c068e5,0.011622381761221233,2.226265214741399,0.9612909251249673,0.0195455517338059,True,False,
677a8ed897bc0e0f12d23e86,,,,,False,True,Overall accuracy < 60%; Identical responses for > 8 consecutive trials
6740f034985ba328ea9bacbf,,,,,False,True,Overall accuracy < 60%; Identical responses for > 8 consecutive trials
6766dee165ff1cc0f8decea0,0.007632654523809517,2.6637965357142863,0.8578551991979815,0.07379527144481624,False,False,
669be65b7f0c1a71305969d1,,,,,False,True,Overall accuracy < 60%
5f4539788c48690d1f71bfcc,0.0056631344230140546,2.5824472245831975,0.844525845676143,0.0810191265993927,False,False,
677412c094eeb8f1992fc3ae,,,,,False,True,Overall accuracy < 60%
6647e8618c77f7b938865d25,0.0004932971428571423,2.7602673571428578,0.1536397723208739,0.6080309038701213,False,False,
5630b79b733ea00011164946,0.00531910284679089,1.8990946092132504,0.9758420073492143,0.012152842111081252,True,False,
615b01ee4cd1755b6144e0a4,,,,,False,True,Overall accuracy < 60%
671983e8022d66fd0242265b,0.0049353722943722925,1.7273584415584415,0.9339182531937266,0.033605539547268304,True,False,
65a4598a91a3f0e75374a8c4,-5.101118881119023e-05,1.2951176223776226,9.643789875946052e-05,0.9901797200264246,False,False,
6738acfff83934e21342c109,,,,,False,True,Overall accuracy < 60%; Fast trials (< 200ms) > 10%
6786177b26851e38285d94a1,0.007997557979797985,2.291892494949495,0.3913740061944194,0.37440108200667455,False,False,
670d6526115bb30df10ebd72,,,,,False,True,Overall accuracy < 60%; Identical responses for > 8 consecutive trials; Practice accuracy < 50%
678755cc09f64198c984b217,,,,,False,True,Overall accuracy < 60%
673d814ffa7de7d961e6bc53,0.012721753285024156,1.6948064685990338,0.7179974524041377,0.1526526967033306,False,False,
678b3480eed43ba29dc48ed5,0.01400605,2.0156775,0.8638039319870366,0.0705894706928285,False,False,
5ac5260dfa3b4e0001736dd3,,,,,False,True,Practice accuracy < 50%
62fb84322433c8d7e890a145,0.0014648532480818464,2.5105376112531963,0.12555151169344791,0.6456675125063356,False,False,
666dd3d9e53e0ff59d7cc164,,,,,False,True,Overall accuracy < 60%
5ec0260375bf15077a00e645,0.007449132318840578,1.6274923405797104,0.9037325821662504,0.049351493891538034,True,False,
671050c226ff82aa6081d587,0.006733099862637356,3.3549690384615394,0.3628502379296573,0.3976294845116859,False,False,
