PROLIFIC_PID,excluded,exclusion_reason,percent_missing,n_missing_items,percent_identical_responses,response_sd,completion_time_minutes,bottom_completion_percentile,littles_mcar_p_value,missing_pattern_systematic
649d257f5e8bfe6ee264e160,False,,0.0,0,40.625,0.9503819266229829,102.95,99.48186528497408,0.8105445574699165,False
6778cbf3f0597689c7b5cb4a,False,,0.0,0,68.75,0.7120789644505048,49.55,76.68393782383419,0.8105445574699165,False
673594215b1a0b92d5835525,False,,0.0,0,50.0,0.6189220598177385,96.53333333333332,98.96373056994818,0.8105445574699165,False
672a89bc5e3d67a9fdbdf803,False,,0.0,0,34.375,1.073414058942533,46.05,70.98445595854922,0.8105445574699165,False
5d76d2f7daf4bf00164d585b,False,,0.0,0,40.625,0.8654432017665117,103.21666666666668,99.74093264248704,0.8105445574699165,False
65d563ecf8df20ade2f17888,False,,0.0,0,93.75,0.3901509219974802,41.333333333333336,61.65803108808289,0.8105445574699165,False
671609ab4a3f2c6c76dfe9d8,False,,0.0,0,50.0,0.7071067811865476,61.4,88.60103626943004,0.8105445574699165,False
6501c0a2e788b5556c24569d,False,,0.0,0,56.25,0.6148367210474559,36.21666666666667,45.33678756476684,0.8105445574699165,False
6788f11866ac65cc607b3c6a,False,,0.0,0,50.0,0.6189220598177385,61.66666666666666,88.860103626943,0.8105445574699165,False
67896d4bcf7daeb9b9c6945e,False,,0.0,0,46.875,0.895778630487862,42.95,65.28497409326424,0.8105445574699165,False
67896102d98295a520a25ebb,False,,0.0,0,37.5,0.856074122506811,42.56666666666667,63.989637305699475,0.8105445574699165,False
6772e011adc3bb3fd579cdb9,False,,0.0,0,53.125,0.5599179087296003,102.53333333333332,99.22279792746113,0.8105445574699165,False
6739ff11a2162a865c36fa64,False,,0.0,0,43.75,0.8370214087522955,89.93333333333334,97.6683937823834,0.8105445574699165,False
67094b39bddd9489c48cdc8f,False,,0.0,0,31.25,1.4797013648139472,69.45,93.52331606217616,0.8105445574699165,False
6743c8da977b0d274dad1fc2,False,,0.0,0,71.875,0.5303300858899106,66.7,92.48704663212435,0.8105445574699165,False
662848c40caa342b28493265,False,,0.0,0,43.75,0.8321900759926455,42.333333333333336,63.21243523316062,0.8105445574699165,False
67860774acf7592ed65861bb,False,,0.0,0,37.5,1.156590512196614,59.583333333333336,87.30569948186528,0.8105445574699165,False
6759fef1b173fb9839ebe137,False,,0.0,0,40.625,0.87758833761769,46.18333333333333,71.50259067357513,0.8105445574699165,False
671d48bbee99c1439ae0d0de,False,,0.0,0,34.375,1.382129609719912,65.83333333333333,91.70984455958548,0.8105445574699165,False
6500aa732c4f0eb077f8c809,False,,0.0,0,37.5,1.0140146973548327,105.38333333333334,99.99999999999999,0.8105445574699165,False
5ac5260dfa3b4e0001736dd3,False,,0.0,0,40.625,1.016001016001524,36.1,44.81865284974093,0.8105445574699165,False
6646abc0720d1baaa7e0af4c,False,,0.0,0,84.375,0.672021505032247,28.516666666666666,13.471502590673573,0.8105445574699165,False
676a8044ed42478d4ef6493e,False,,0.0,0,59.375,0.5453247035098121,60.91666666666666,88.34196891191709,0.8105445574699165,False
67343fb98c1f4f89ea821878,False,,0.0,0,56.25,0.6690146823211658,78.35,95.59585492227978,0.8105445574699165,False
674b47940b75eb06298f0c67,False,,0.0,0,43.75,0.87758833761769,75.9,94.30051813471502,0.8105445574699165,False
6711263a9c4a226969aeb686,False,,0.0,0,65.625,0.6148367210474559,96.33333333333331,98.70466321243522,0.8105445574699165,False
6787c530d8f7650e446d17a1,False,,0.0,0,68.75,0.6444552588389371,65.41666666666667,91.19170984455958,0.8105445574699165,False
678e46af9bf54902d3db189f,False,,0.0,0,56.25,0.7378040652569471,79.36666666666666,95.85492227979273,0.8105445574699165,False
62e029ff528ea30b4508eaf5,False,,0.0,0,37.5,0.9136068187983487,29.366666666666667,18.523316062176164,0.8105445574699165,False
673a37f0ad04c995c8322ca6,False,,0.0,0,46.875,0.7378040652569471,33.6,37.56476683937824,0.8105445574699165,False
674f479b2a4ef75e4551f258,False,,0.0,0,50.0,0.6927039119836262,36.3,46.11398963730569,0.8105445574699165,False
5d634b27e5f92f0017196a3f,False,,0.0,0,43.75,0.7184212081070996,41.31666666666667,61.398963730569946,0.8105445574699165,False
668d44c46cb23976673acd95,True,Excluded by criteria,0.0,0,100.0,0.0,21.966666666666665,0.5181347150259067,0.8105445574699165,False
663b638be7226d4e3fcc255f,False,,0.0,0,43.75,0.7288689868556626,49.6,76.94300518134715,0.8105445574699165,False
6734c8a6c51b8aee49adbd1b,False,,0.0,0,59.375,0.646797320799606,60.36666666666667,87.82383419689118,0.8105445574699165,False
6752092030f55f6f6a50df9e,False,,0.0,0,81.25,0.9069623173877128,78.06666666666666,95.07772020725388,0.8105445574699165,False
678969200a76abe09fd2a75c,False,,0.0,0,50.0,0.8798826901281197,55.73333333333333,84.06735751295336,0.8105445574699165,False
66564c348f25a6749f79a714,False,,0.0,0,34.375,1.128801819801464,28.5,13.21243523316062,0.8105445574699165,False
5dac4dad5e53cc001499f1f6,False,,0.0,0,81.25,0.39655776945626603,37.23333333333333,50.25906735751295,0.8105445574699165,False
564e93659b124900127eb55b,False,,0.0,0,43.75,1.0472698761772856,66.71666666666667,92.7461139896373,0.8105445574699165,False
672d053f3563ff089759a66f,False,,0.0,0,43.75,0.762000762001143,93.31666666666666,97.92746113989637,0.8105445574699165,False
66b0103854c074757187d029,False,,0.0,0,34.375,1.2181424250644648,75.51666666666667,94.04145077720206,0.8105445574699165,False
66969c9921e4f92ad108ed4c,False,,0.0,0,31.25,1.1198358174592007,40.18333333333333,58.80829015544041,0.8105445574699165,False
6710e7d85362bdd95a82bcbf,False,,0.0,0,31.25,1.157026221578126,78.01666666666667,94.81865284974093,0.8105445574699165,False
5b19f4854c72120001f1e1b3,False,,0.0,0,50.0,0.6213603702179753,57.78333333333333,85.23316062176166,0.8105445574699165,False
6773fd82b205d22a2e097d3f,False,,0.0,0,56.25,0.5922891621605981,65.85,91.96891191709844,0.8105445574699165,False
669284eabea5b8c9655927da,False,,0.0,0,87.5,0.3360107525161235,58.78333333333333,86.78756476683937,0.8105445574699165,False
61052deed380657fcbe37682,False,,0.0,0,53.125,0.8590129369261278,74.6,93.78238341968911,0.8105445574699165,False
6740f034985ba328ea9bacbf,False,,0.0,0,43.75,1.0140146973548327,57.96666666666667,85.75129533678756,0.8105445574699165,False
677bbed2d896aee8efecb51d,False,,0.0,0,53.125,1.4392958627902608,66.43333333333334,92.22797927461139,0.8105445574699165,False
6779f13fe54a982becaa1b3f,False,,0.0,0,59.375,0.5811209967839966,51.81666666666667,80.95854922279791,0.8105445574699165,False
6764736f0048fc3595fbb944,False,,0.0,0,28.125,1.1053389496206072,62.35,89.11917098445595,0.8105445574699165,False
67880bb68accd49a72b45565,False,,0.0,0,43.75,0.7513428837969107,27.0,8.290155440414507,0.8105445574699165,False
671e39c25e5e3f340a6f21d4,False,,0.0,0,50.0,0.7184212081070996,49.7,77.2020725388601,0.8105445574699165,False
57dd186e6598aa0001992616,False,,0.0,0,59.375,0.6444552588389371,32.71666666666667,33.80829015544041,0.8105445574699165,False
66463ff40a36377060b19272,False,,0.0,0,75.0,0.5040161287741853,44.21666666666667,66.32124352331606,0.8105445574699165,False
66625801c143ca548bcac338,False,,0.0,0,37.5,1.20315445607008,39.15,56.217616580310874,0.8105445574699165,False
676866e58c692de18dac2de9,False,,0.0,0,34.375,0.981687158630159,47.2,73.05699481865284,0.8105445574699165,False
676e81c9c452593cbf114baf,False,,0.0,0,50.0,0.75067174218571,67.05,93.2642487046632,0.8105445574699165,False
6738acfff83934e21342c109,False,,0.0,0,46.875,0.8590129369261278,30.633333333333333,26.683937823834196,0.8105445574699165,False
60a48adfe091e410f4eaba34,False,,0.0,0,75.0,0.8400268812903089,36.15,45.07772020725388,0.8105445574699165,False
6786d027b56713ac675fbbb1,False,,0.0,0,100.0,0.0,45.016666666666666,67.7461139896373,0.8105445574699165,False
672ba9e5dbe3b9649ad3864d,False,,0.0,0,34.375,1.544696963704344,60.38333333333333,88.08290155440413,0.8105445574699165,False
6761e9f88b9ec3f7f3d16c01,False,,0.0,0,56.25,0.5040161287741853,44.75,66.83937823834196,0.8105445574699165,False
677a8ed897bc0e0f12d23e86,False,,0.0,0,37.5,0.9152604071537377,47.833333333333336,74.87046632124351,0.8105445574699165,False
66f8367b5310ebb97346b93c,False,,0.0,0,34.375,1.3316101095557091,35.31666666666667,43.13471502590673,0.8105445574699165,False
677c4a2cd686c6b6cfd1ba2a,False,,0.0,0,50.0,0.9136068187983487,42.85,64.76683937823833,0.8105445574699165,False
5f4d3cb5fdda0b2c403fb801,False,,0.0,0,62.5,0.6712710620231424,48.78333333333333,76.16580310880828,0.8105445574699165,False
67196116a2212bed3b93f4dc,False,,0.0,0,34.375,1.20315445607008,58.68333333333333,86.52849740932642,0.8105445574699165,False
669be65b7f0c1a71305969d1,False,,0.0,0,37.5,0.9152604071537377,50.36666666666667,78.75647668393782,0.8105445574699165,False
6779e07aeb6a0e66e84ae0e7,False,,0.0,0,40.625,0.9979818344716921,25.53333333333333,5.181347150259067,0.8105445574699165,False
678434b875eab5b07a505724,False,,0.0,0,37.5,1.0701220913160239,39.56666666666667,56.99481865284974,0.8105445574699165,False
67851f4cba98f2087f182764,False,,0.0,0,56.25,0.5922891621605981,57.15,84.45595854922279,0.8105445574699165,False
655f9f56990f2a2d957b1cad,False,,0.0,0,34.375,1.0080322575483707,78.28333333333333,95.33678756476684,0.8105445574699165,False
615b01ee4cd1755b6144e0a4,False,,0.0,0,40.625,0.9749896608219378,45.333333333333336,68.78238341968911,0.8105445574699165,False
6766dee165ff1cc0f8decea0,False,,0.0,0,40.625,1.0140146973548327,38.91666666666666,55.44041450777202,0.8105445574699165,False
67826c0cd5858c9d420da7ff,False,,0.0,0,37.5,1.1175830776653122,44.85,67.09844559585491,0.8105445574699165,False
65f9200b96211e5163eb912e,False,,0.0,0,40.625,0.9418581497197699,38.53333333333333,54.53367875647668,0.8105445574699165,False
671d2c608d56f868207f9e9e,False,,0.0,0,59.375,1.3285785515888533,47.7,74.3523316062176,0.8105445574699165,False
67628bf652610e40de8a09e8,False,,0.0,0,43.75,0.9832262562440762,46.583333333333336,72.02072538860104,0.8105445574699165,False
67842352fc58491ff1f4de9d,False,,0.0,0,37.5,0.9503819266229829,41.23333333333333,61.13989637305699,0.8105445574699165,False
65d863e56337aa59292ccd66,False,,0.0,0,40.625,1.4142135623730951,27.83333333333333,10.880829015544041,0.8105445574699165,False
65cba5349f4e1e5dfbe80fe8,False,,0.0,0,68.75,0.564400909900732,27.1,8.808290155440414,0.8105445574699165,False
673e759016f888e8212c0c1f,False,,0.0,0,43.75,0.842423539174232,31.25,29.015544041450774,0.8105445574699165,False
610b002738dd01f26e493999,False,,0.0,0,37.5,0.9791166196315481,45.23333333333333,68.13471502590673,0.8105445574699165,False
590ffed3f128850001ada77b,False,,0.0,0,31.25,1.3854078239672525,43.0,65.5440414507772,0.8105445574699165,False
6773f03382962d5d8c2ca38a,False,,0.0,0,53.125,0.6890561567076912,53.71666666666667,82.64248704663211,0.8105445574699165,False
67438c306d8298ec577da281,False,,0.0,0,34.375,1.1359236684941296,43.833333333333336,65.80310880829015,0.8105445574699165,False
5ec0ba1bfa01894cceaa1b8e,False,,0.0,0,68.75,0.508000508000762,36.516666666666666,47.66839378238342,0.8105445574699165,False
64143c6c286640f3d1348cf8,False,,0.0,0,75.0,0.43994134506405985,57.38333333333333,84.9740932642487,0.8105445574699165,False
64012a2623351894f2917605,False,,0.0,0,31.25,1.016001016001524,35.2,42.48704663212435,0.8105445574699165,False
677fe9d3bafd440269d2ef89,False,,0.0,0,53.125,0.762000762001143,40.8,60.103626943005175,0.8105445574699165,False
6747d17ec4d287d32e597fa9,False,,0.0,0,31.25,1.2164862143392416,48.03333333333333,75.38860103626942,0.8105445574699165,False
66e28103f28d6e15a3f4f1f0,False,,0.0,0,71.875,0.60157722803504,42.21666666666667,62.953367875647665,0.8105445574699165,False
6738d09a032bf7224008ce7e,False,,0.0,0,62.5,0.4918693768379647,47.36666666666667,73.3160621761658,0.8105445574699165,False
612039d9400fae9545b3c5a8,False,,0.0,0,56.25,1.20315445607008,57.16666666666666,84.71502590673575,0.8105445574699165,False
67813733b9f7bd24cb2745b4,False,,0.0,0,34.375,1.2600403219354632,54.016666666666666,82.90155440414507,0.8105445574699165,False
67358110193306101974db30,False,,0.0,0,81.25,0.7378040652569471,50.65,79.27461139896373,0.8105445574699165,False
655fd5be8c6f7bfe39e75e96,False,,0.0,0,50.0,0.8400268812903089,33.0,35.62176165803108,0.8105445574699165,False
67896c4807b59990758d8491,False,,0.0,0,84.375,0.672021505032247,58.5,86.26943005181346,0.8105445574699165,False
6643bcf4ed868a9901a9dd7d,False,,0.0,0,56.25,0.9019468191174738,28.3,11.6580310880829,0.8105445574699165,False
5cd063ce657e300016f6c95a,False,,0.0,0,37.5,0.8466013648510979,49.81666666666667,77.720207253886,0.8105445574699165,False
670d6526115bb30df10ebd72,True,Missing >10% of items,25.0,8,33.33333333333333,1.0206207261596576,95.15,98.18652849740931,0.8105445574699165,False
664ba1d1d71301161344e2a5,False,,0.0,0,43.75,0.7378040652569471,29.85,21.761658031088082,0.8105445574699165,False
630386f64c5bbd56ab1c3b0f,False,,0.0,0,37.5,1.2556324713967086,31.316666666666663,29.533678756476682,0.8105445574699165,False
67519b91595db9a046359da0,False,,0.0,0,50.0,0.6213603702179753,37.266666666666666,50.5181347150259,0.8105445574699165,False
6761f8be0534cd92e822e611,False,,0.0,0,50.0,0.9310937030562325,30.6,26.165803108808287,0.8105445574699165,False
674dc32400f538862eb27f89,False,,0.0,0,59.375,0.8400268812903089,50.71666666666667,79.53367875647668,0.8105445574699165,False
66505efb53953d2da6e1a8cd,False,,0.0,0,34.375,1.1067060978854206,33.0,35.62176165803108,0.8105445574699165,False
676af7a57cae28cecaf83c68,False,,0.0,0,50.0,0.6189220598177385,34.06666666666667,38.08290155440414,0.8105445574699165,False
6111ec391b7048bb53089f5d,False,,0.0,0,37.5,0.9482581654734625,35.25,42.7461139896373,0.8105445574699165,False
678d4b5574c6a54d8f4cafd8,False,,0.0,0,34.375,0.9755064854862865,27.766666666666666,10.621761658031087,0.8105445574699165,False
67822f906480ae6f11bf6942,False,,0.0,0,65.625,0.5535807194106618,41.7,62.1761658031088,0.8105445574699165,False
678a7c0fa6dada0f1ffae746,False,,0.0,0,50.0,1.0883362561504661,59.266666666666666,87.04663212435233,0.8105445574699165,False
6701b597d540eba733ee58c9,True,Excluded by criteria,0.0,0,93.75,0.3901509219974802,26.133333333333333,5.958549222797927,0.8105445574699165,False
674ba6a23248254461461b54,False,,0.0,0,43.75,1.0757592967370206,29.28333333333333,17.875647668393782,0.8105445574699165,False
66c608b7c916342fbca4d075,False,,0.0,0,100.0,0.0,52.68333333333333,81.60621761658031,0.8105445574699165,False
66fb8a3730fd6deba2e671e3,False,,0.0,0,43.75,0.802591568487018,36.35,46.37305699481865,0.8105445574699165,False
5da6139c002c29001335b5a2,False,,0.0,0,65.625,0.7063936122898273,38.53333333333333,54.53367875647668,0.8105445574699165,False
5e76d2652d882b2481d65066,False,,0.0,0,37.5,0.8590129369261278,33.55,37.30569948186528,0.8105445574699165,False
5b68c9eb87af310001584803,False,,0.0,0,46.875,0.8032193289024988,24.1,2.5906735751295336,0.8105445574699165,False
678a318061025ebe627384b6,False,,0.0,0,53.125,0.5679618342470648,84.3,96.37305699481864,0.8105445574699165,False
6612a3d099bbffc5cc1eebff,False,,0.0,0,40.625,0.8838834764831844,42.45,63.471502590673566,0.8105445574699165,False
671c5ad0eb30c87c11b22ec4,False,,0.0,0,46.875,0.6530017536902797,35.05,41.70984455958549,0.8105445574699165,False
6727e10a76e80949064e1e6c,False,,0.0,0,59.375,0.9873187869663852,47.85,75.12953367875647,0.8105445574699165,False
67207ddb95109f11e89dcfb8,False,,0.0,0,84.375,0.8125775397243737,30.9,27.72020725388601,0.8105445574699165,False
678dfec50cc874af0b76ab04,False,,0.0,0,68.75,0.508000508000762,85.48333333333333,97.15025906735751,0.8105445574699165,False
676d800c5499f924389756b5,False,,0.0,0,40.625,0.9108441671187193,31.466666666666665,30.051813471502587,0.8105445574699165,False
6754d95f656838004bc46eed,False,,0.0,0,53.125,0.6948833738303187,49.4,76.42487046632124,0.8105445574699165,False
65de5ddcc637719fe458fc76,False,,0.0,0,37.5,0.9503819266229829,42.9,65.02590673575129,0.8105445574699165,False
6643d97ef7bef1480ec1166b,False,,0.0,0,75.0,0.7513428837969107,39.0,55.699481865284966,0.8105445574699165,False
6787a95f87a6e4a695780b13,False,,0.0,0,40.625,0.8273305303514508,45.78333333333333,69.9481865284974,0.8105445574699165,False
678b95e7567348686a870e6b,False,,0.0,0,46.875,1.1482806221027917,58.28333333333333,86.01036269430051,0.8105445574699165,False
66a6bbb40b48d0e4f326767e,False,,0.0,0,43.75,0.8654432017665117,48.73333333333333,75.90673575129533,0.8105445574699165,False
65c181b4de219e8c75ae4fb8,False,,0.0,0,40.625,0.9069623173877128,35.8,44.041450777202066,0.8105445574699165,False
676fac81dc17021dfb5fad67,False,,0.0,0,53.125,0.7931155389125321,42.75,64.24870466321244,0.8105445574699165,False
5cf398a1e55efc000127adae,False,,0.0,0,46.875,0.7156093726283553,37.66666666666666,51.94300518134715,0.8105445574699165,False
653ed34dfa601f3952c72ed4,False,,0.0,0,78.125,0.5811209967839966,36.41666666666666,46.891191709844556,0.8105445574699165,False
6779262b285a5b12c721ecee,False,,0.0,0,40.625,1.2210353882483664,48.5,75.64766839378238,0.8105445574699165,False
671050c226ff82aa6081d587,False,,0.0,0,53.125,0.6948833738303187,37.91666666666666,52.59067357512953,0.8105445574699165,False
6733c03807f9f957e2eb1382,False,,0.0,0,34.375,1.3678332288460768,30.28333333333333,24.09326424870466,0.8105445574699165,False
5d96eeed1998fb00177f6b71,False,,0.0,0,40.625,0.9108441671187193,84.45,96.6321243523316,0.8105445574699165,False
610466e3fb619bdbdf8eb32d,False,,0.0,0,40.625,0.8400268812903089,64.48333333333333,90.67357512953367,0.8105445574699165,False
676ef830be06454935800ec3,False,,0.0,0,37.5,0.8747119341485718,47.61666666666667,74.09326424870466,0.8105445574699165,False
676eb8d5dd1b9e51d21ec734,False,,0.0,0,56.25,0.8125775397243737,51.03333333333333,80.31088082901553,0.8105445574699165,False
6699571ba83beb19c5acbfef,False,,0.0,0,46.875,1.1460837947184006,37.28333333333333,50.777202072538856,0.8105445574699165,False
67228eb9f3f694a42b636b7f,False,,0.0,0,50.0,0.7156093726283553,24.05,2.33160621761658,0.8105445574699165,False
66b435b1d2d981a3ab684c2d,False,,0.0,0,43.75,0.759350316537635,32.083333333333336,31.86528497409326,0.8105445574699165,False
674d61ec8e80ca5159d6aa56,False,,0.0,0,50.0,0.75067174218571,45.65,69.68911917098445,0.8105445574699165,False
671eff2e0b8f048504452726,False,,0.0,0,75.0,0.6530017536902797,38.16666666666666,53.10880829015544,0.8105445574699165,False
605e42cc59833acecfd3f301,False,,0.0,0,50.0,0.9370294518041506,34.516666666666666,40.155440414507765,0.8105445574699165,False
678e5e240021ccd474206641,False,,0.0,0,50.0,1.0606601717798212,62.516666666666666,89.37823834196891,0.8105445574699165,False
67693470121578a6dff417d2,False,,0.0,0,40.625,0.9283830897266078,35.31666666666667,43.13471502590673,0.8105445574699165,False
6786e77f621a9c066c534e78,False,,0.0,0,34.375,1.3908543440819434,29.95,22.797927461139896,0.8105445574699165,False
677fafc0a5ea31abbf20ebad,False,,0.0,0,65.625,0.8206016675429032,64.13333333333334,90.41450777202071,0.8105445574699165,False
5f4539788c48690d1f71bfcc,False,,0.0,0,50.0,0.8032193289024988,44.86666666666667,67.35751295336787,0.8105445574699165,False
5efe44bebdee09152fe08acc,False,,0.0,0,40.625,0.75067174218571,26.25,6.476683937823833,0.8105445574699165,False
676d592187581f23f60331bb,False,,0.0,0,46.875,1.015504800579495,96.18333333333334,98.44559585492227,0.8105445574699165,False
55a9f6a1fdf99b2d81b5295f,False,,0.0,0,31.25,1.0297979758028961,80.63333333333334,96.11398963730569,0.8105445574699165,False
583d5dd49c5f2a0001b85f40,False,,0.0,0,46.875,0.8007053342260588,33.733333333333334,37.82383419689119,0.8105445574699165,False
678e92010390e1c202944292,True,Excluded by criteria,0.0,0,78.125,0.42001344064515445,25.73333333333333,5.4404145077720205,0.8105445574699165,False
676d40e2915d059bf7ef62e8,False,,0.0,0,62.5,0.5599179087296003,66.8,93.00518134715026,0.8105445574699165,False
678755cc09f64198c984b217,False,,0.0,0,34.375,0.9310937030562325,31.48333333333333,30.31088082901554,0.8105445574699165,False
5eb342dff78ab11407daf144,False,,0.0,0,50.0,0.895778630487862,26.383333333333333,6.99481865284974,0.8105445574699165,False
6784b7b57a26bfddbafe40e6,False,,0.0,0,62.5,0.6189220598177385,76.46666666666667,94.55958549222797,0.8105445574699165,False
565a3d24c51d430005875042,False,,0.0,0,40.625,1.128801819801464,37.66666666666666,51.94300518134715,0.8105445574699165,False
660e2337aad9e33736f08e84,False,,0.0,0,37.5,0.9979818344716921,34.28333333333333,38.860103626943,0.8105445574699165,False
6711c745bcc0626c2de36d07,False,,0.0,0,53.125,0.762000762001143,30.566666666666663,25.906735751295333,0.8105445574699165,False
678b749494dd9deb974cb25f,False,,0.0,0,37.5,0.8400268812903089,36.6,48.18652849740932,0.8105445574699165,False
677e333ee5769779d2fb960f,False,,0.0,0,43.75,1.0140146973548327,47.516666666666666,73.83419689119171,0.8105445574699165,False
6630ec1ebe18d48a3cecb54e,False,,0.0,0,43.75,0.9283830897266078,29.966666666666665,23.056994818652846,0.8105445574699165,False
5d4869cc692e5400197a980c,False,,0.0,0,46.875,0.7378040652569471,26.416666666666668,7.253886010362693,0.8105445574699165,False
677aae4e7390567a435c3c23,False,,0.0,0,31.25,1.1482806221027917,51.65,80.56994818652849,0.8105445574699165,False
67329e974d0c9d4221e4c4ac,False,,0.0,0,65.625,0.8793096632421185,37.516666666666666,51.55440414507772,0.8105445574699165,False
55ec49b67480920010aaa4e8,False,,0.0,0,46.875,0.6148367210474559,24.7,3.6269430051813467,0.8105445574699165,False
672a3b3af4fe3ca8478cd6c6,False,,0.0,0,40.625,1.4368424162141993,34.13333333333333,38.34196891191709,0.8105445574699165,False
675ed2ef6a6a6ae2ce682c30,False,,0.0,0,50.0,0.7156093726283553,28.73333333333333,15.284974093264248,0.8105445574699165,False
67880f3fcfe89c43f375f668,False,,0.0,0,34.375,1.0701220913160239,24.416666666666668,3.3678756476683933,0.8105445574699165,False
66046ee084b12b781cb49495,False,,0.0,0,59.375,0.6082431071696208,28.766666666666666,15.5440414507772,0.8105445574699165,False
67808d0260180c6133619b2b,False,,0.0,0,53.125,0.6599120175960898,28.53333333333333,13.730569948186528,0.8105445574699165,False
6738c218706186b3fe8e8f56,False,,0.0,0,46.875,0.6148367210474559,62.91666666666666,89.8963730569948,0.8105445574699165,False
67856f922cc646ac823a1660,False,,0.0,0,75.0,0.7975516971817058,33.1,36.787564766839374,0.8105445574699165,False
5f81fc9446ee002f681ea5e3,False,,0.0,0,46.875,0.7718588789618592,64.86666666666666,90.93264248704662,0.8105445574699165,False
678ac1267cd2b3ce8d1fbf69,False,,0.0,0,43.75,1.1175830776653122,31.516666666666666,30.569948186528496,0.8105445574699165,False
66eddeb07ae1f7510780b109,False,,0.0,0,31.25,1.016001016001524,37.48333333333333,51.295336787564764,0.8105445574699165,False
5a6e8532e6cc4a0001b6d728,False,,0.0,0,37.5,0.9418581497197699,41.06666666666667,60.88082901554404,0.8105445574699165,False
654e6dcbb060f1ea2d712339,False,,0.0,0,71.875,0.6530017536902797,32.583333333333336,33.031088082901555,0.8105445574699165,False
6631185d17f78b1877ba88cb,False,,0.0,0,31.25,1.3060035073805594,36.23333333333333,45.59585492227979,0.8105445574699165,False
670cf1827819b4f39133584b,False,,0.0,0,62.5,0.5350610456580119,26.566666666666663,7.642487046632124,0.8105445574699165,False
61216580798476e2db75fc79,True,Excluded by criteria,0.0,0,100.0,0.0,28.33333333333333,12.04663212435233,0.8105445574699165,False
677f26f141f0ce49707accc6,False,,0.0,0,59.375,1.0776318121606494,63.4,90.15544041450777,0.8105445574699165,False
664f98c80beb5400a141ac91,False,,0.0,0,53.125,0.5679618342470648,29.83333333333333,21.37305699481865,0.8105445574699165,False
672b60eb227e2b01fd1f88b5,False,,0.0,0,100.0,0.0,36.7,48.70466321243523,0.8105445574699165,False
6781563ac4093eb7a7433ff3,False,,0.0,0,59.375,0.9913944236406651,47.5,73.57512953367875,0.8105445574699165,False
675c3fae9f1afa4c4207dab3,False,,0.0,0,50.0,0.8700899100741849,27.15,9.067357512953366,0.8105445574699165,False
673d814ffa7de7d961e6bc53,True,Excluded by criteria,0.0,0,93.75,0.24593468841898236,27.166666666666668,9.32642487046632,0.8105445574699165,False
661ea4cacedd4c83df3a2dcb,False,,0.0,0,43.75,0.8884337432408971,30.383333333333333,24.61139896373057,0.8105445574699165,False
67841f5e6071ec5527f9c27f,False,,0.0,0,37.5,0.8747119341485718,30.55,25.647668393782382,0.8105445574699165,False
6740484e188a64793529ee77,False,,0.0,0,56.25,0.9913944236406651,40.833333333333336,60.36269430051813,0.8105445574699165,False
60e5cb4ca01a593fce9a379d,False,,0.0,0,75.0,0.508000508000762,28.8,15.803108808290155,0.8105445574699165,False
62786f21e2cc1d6adeea0a79,False,,0.0,0,53.125,0.8175247850637608,29.366666666666667,18.523316062176164,0.8105445574699165,False
677614004b333b9a50de9d41,False,,0.0,0,100.0,0.0,65.76666666666667,91.45077720207253,0.8105445574699165,False
671fbc510bb94767d36db746,False,,0.0,0,43.75,0.7718588789618592,36.48333333333333,47.409326424870464,0.8105445574699165,False
677b43188ec54f1186b62411,False,,0.0,0,43.75,0.7378040652569471,26.98333333333333,8.031088082901555,0.8105445574699165,False
67863d420c27f3b6e5f57073,False,,0.0,0,68.75,0.6090712125322324,32.016666666666666,31.60621761658031,0.8105445574699165,False
5d6513f46f5284000118ef1d,False,,0.0,0,68.75,0.5350610456580119,40.35,59.32642487046632,0.8105445574699165,False
66f6e3a582de0614bd19b481,False,,0.0,0,50.0,0.7288689868556626,46.63333333333333,72.27979274611398,0.8105445574699165,False
63ebd39a63bb79b50d438ab7,False,,0.0,0,43.75,0.9482581654734625,57.95,85.4922279792746,0.8105445574699165,False
671f3e367fa293418ae68c42,False,,0.0,0,37.5,1.7180258738522556,36.55,47.927461139896366,0.8105445574699165,False
58a229e74d580c0001e0a766,False,,0.0,0,31.25,1.1283552117444966,30.15,23.83419689119171,0.8105445574699165,False
66c8abe49537b182dcbd2049,False,,0.0,0,53.125,0.7120789644505048,30.35,24.352331606217614,0.8105445574699165,False
63e6378e04ade071ebf9ff9c,False,,0.0,0,71.875,0.45680340939917435,36.45,47.15025906735751,0.8105445574699165,False
5dd671942b033b5ec8bc97b4,False,,0.0,0,43.75,0.8884337432408971,49.833333333333336,77.97927461139896,0.8105445574699165,False
678aa22eb5db2af9be397452,False,,0.0,0,43.75,0.8590129369261278,40.21666666666667,59.067357512953365,0.8105445574699165,False
6736142695794b6108842ed2,False,,0.0,0,34.375,1.189673308368798,29.03333333333333,16.83937823834197,0.8105445574699165,False
6716dbc5faa8d435d67f0ed7,False,,0.0,0,68.75,0.8798826901281197,45.333333333333336,68.78238341968911,0.8105445574699165,False
67253dbcd4950a2168aa7741,False,,0.0,0,53.125,0.8206016675429032,38.516666666666666,54.14507772020725,0.8105445574699165,False
62ffa989dbd072768cd2a14e,False,,0.0,0,53.125,0.7378040652569471,86.15,97.40932642487046,0.8105445574699165,False
664f408259a7d76b52e2ae25,False,,0.0,0,50.0,1.1622419935679933,27.366666666666667,10.10362694300518,0.8105445574699165,False
58d1f1038084450001956fdc,True,Excluded by criteria,0.0,0,62.5,0.4918693768379647,22.016666666666666,0.77720207253886,0.8105445574699165,False
6668d4917e343a318af11adf,False,,0.0,0,53.125,0.8884337432408971,47.16666666666666,72.79792746113989,0.8105445574699165,False
6780b105e7a5923128d8457d,False,,0.0,0,34.375,1.20315445607008,34.96666666666667,41.321243523316056,0.8105445574699165,False
67824ed63aa44baedbe5d46f,False,,0.0,0,37.5,1.0140146973548327,39.583333333333336,57.25388601036269,0.8105445574699165,False
669b00d76af70db9da1b0301,False,,0.0,0,46.875,1.2568361455552564,62.833333333333336,89.63730569948186,0.8105445574699165,False
60ff8f48909c68ae805ea2ba,False,,0.0,0,31.25,1.016001016001524,33.416666666666664,37.04663212435233,0.8105445574699165,False
678851f427536397f63120bf,False,,0.0,0,31.25,1.0297979758028961,32.766666666666666,34.19689119170984,0.8105445574699165,False
5c0245f0a9d1ef00011816ea,False,,0.0,0,56.25,0.6221710168382552,29.683333333333334,19.689119170984455,0.8105445574699165,False
5c2c62542c45d400014a32e6,False,,0.0,0,50.0,0.745280852019624,29.316666666666663,18.134715025906733,0.8105445574699165,False
66bab7aa032ffe5aeb0a3834,False,,0.0,0,43.75,1.1913667943625412,55.73333333333333,84.06735751295336,0.8105445574699165,False
675402ab00652943d80d7ddb,False,,0.0,0,43.75,0.7120789644505048,50.46666666666667,79.01554404145077,0.8105445574699165,False
6766a8b9f2f6140bdb9fab39,False,,0.0,0,50.0,0.8032193289024988,47.13333333333333,72.53886010362693,0.8105445574699165,False
66f5c81fa771db6db1bc2382,False,,0.0,0,46.875,0.8327955253822958,30.03333333333333,23.575129533678755,0.8105445574699165,False
62fb84322433c8d7e890a145,False,,0.0,0,40.625,0.9240295694193397,29.716666666666665,19.94818652849741,0.8105445574699165,False
65a4598a91a3f0e75374a8c4,False,,0.0,0,46.875,0.802591568487018,54.833333333333336,83.16062176165802,0.8105445574699165,False
674083da048a73d78070ea5b,False,,0.0,0,62.5,0.5599179087296003,55.21666666666667,83.67875647668393,0.8105445574699165,False
676b5cae2bdeb2fceba3e9cb,False,,0.0,0,31.25,1.016001016001524,28.55,13.98963730569948,0.8105445574699165,False
6785fc7153cd5fe0e7d2cc0a,True,Excluded by criteria,0.0,0,65.625,0.48255870443481425,23.23333333333333,1.2953367875647668,0.8105445574699165,False
67759a26b7a5424ec5d0c0a1,False,,0.0,0,68.75,0.9482581654734625,36.63333333333333,48.445595854922274,0.8105445574699165,False
677d1f4f3c247c1a7a6fb57f,False,,0.0,0,40.625,0.75067174218571,38.43333333333333,53.88601036269429,0.8105445574699165,False
66d9fc2d2b46f520118ea65f,False,,0.0,0,59.375,0.672021505032247,37.75,52.331606217616574,0.8105445574699165,False
676063838d4db0d3eaa69c2b,False,,0.0,0,100.0,0.0,38.38333333333333,53.626943005181346,0.8105445574699165,False
663ec602f5dc7af6ccc1c2d0,False,,0.0,0,56.25,0.672021505032247,41.45,61.91709844559585,0.8105445574699165,False
67227eb3d24e7ab203397120,False,,0.0,0,37.5,1.0453429750487975,36.0,44.559585492227974,0.8105445574699165,False
671469967e2a4f2e612e3846,False,,0.0,0,78.125,0.42001344064515445,32.11666666666667,32.12435233160622,0.8105445574699165,False
6750c18b7e2026c4edd0ad26,False,,0.0,0,40.625,0.9482581654734625,45.25,68.39378238341968,0.8105445574699165,False
5df967d2f6191f6e87b236e6,False,,0.0,0,65.625,0.6690146823211658,23.816666666666663,1.8134715025906734,0.8105445574699165,False
5d776e218a8d1d00166d36a6,False,,0.0,0,40.625,0.89746506805953,27.3,9.844559585492227,0.8105445574699165,False
66849ebd4dd65cfd282d2ad5,False,,0.0,0,71.875,1.2443420336765103,42.8,64.50777202072538,0.8105445574699165,False
668f41cc549b163c5d45534e,False,,0.0,0,59.375,0.6927039119836262,23.566666666666663,1.55440414507772,0.8105445574699165,False
656cef93133dd04969014614,False,,0.0,0,59.375,0.646797320799606,55.06666666666667,83.41968911917098,0.8105445574699165,False
610341bbc7f7114aea9a2cea,False,,0.0,0,50.0,1.0757592967370206,31.98333333333333,31.347150259067355,0.8105445574699165,False
6547bf8012d4702680d55663,False,,0.0,0,65.625,0.5741403110513958,35.333333333333336,43.523316062176164,0.8105445574699165,False
666dd3d9e53e0ff59d7cc164,False,,0.0,0,50.0,0.7803018439949604,51.81666666666667,80.95854922279791,0.8105445574699165,False
66122c3b55a1487b4e58e292,False,,0.0,0,75.0,0.43994134506405985,29.75,20.336787564766837,0.8105445574699165,False
657ca800404c8884226c8f42,False,,0.0,0,75.0,0.5526694748103036,34.93333333333333,40.673575129533674,0.8105445574699165,False
678c0db9c6a63a1de276a649,False,,0.0,0,37.5,1.3380293646423316,34.35,39.24870466321243,0.8105445574699165,False
65fa95fafeda35caf378b6f9,False,,0.0,0,59.375,0.5453247035098121,34.95,40.93264248704663,0.8105445574699165,False
60fdc934e81b93f92f561d76,False,,0.0,0,43.75,0.8224422717264602,30.95,27.97927461139896,0.8105445574699165,False
67855ba77a8e1aaf8e477978,False,,0.0,0,50.0,1.2443420336765103,29.516666666666666,18.911917098445596,0.8105445574699165,False
6033fd8bc8659800086d87b0,False,,0.0,0,62.5,0.6189220598177385,31.433333333333334,29.792746113989633,0.8105445574699165,False
673a70491f1992a774b72caa,False,,0.0,0,40.625,0.9503819266229829,84.78333333333333,96.89119170984455,0.8105445574699165,False
677412c094eeb8f1992fc3ae,False,,0.0,0,40.625,0.7822372794046079,34.15,38.60103626943005,0.8105445574699165,False
5e968e6744b6d010b16540a4,False,,0.0,0,37.5,0.9954533737723926,38.6,54.92227979274611,0.8105445574699165,False
5f974c72a0ed8c0f9ce724ea,False,,0.0,0,37.5,1.2077538469567008,28.866666666666667,16.32124352331606,0.8105445574699165,False
662ddcfc1103d1acda67d937,False,,0.0,0,62.5,0.87758833761769,28.33333333333333,12.04663212435233,0.8105445574699165,False
665f97db56096b743c2332b1,False,,0.0,0,37.5,1.0080322575483707,29.83333333333333,21.37305699481865,0.8105445574699165,False
6786177b26851e38285d94a1,False,,0.0,0,40.625,0.8206016675429032,32.583333333333336,33.031088082901555,0.8105445574699165,False
5a6eac90d5d4cb0001d6815a,False,,0.0,0,40.625,0.9540871333712221,29.666666666666668,19.4300518134715,0.8105445574699165,False
675f432df87b18ecba0964f4,False,,0.0,0,56.25,0.7063936122898273,44.05,66.06217616580311,0.8105445574699165,False
674ca6e73e98a96de2cda112,False,,0.0,0,40.625,0.9310937030562325,34.35,39.24870466321243,0.8105445574699165,False
6127017baee75f10aa174139,False,,0.0,0,50.0,0.6189220598177385,34.4,39.637305699481864,0.8105445574699165,False
678553764d429ce5b3d40f4c,False,,0.0,0,43.75,0.8075999888159261,30.883333333333333,27.461139896373055,0.8105445574699165,False
664d46ad7cc1780eecfd0c24,False,,0.0,0,28.125,1.294763024774256,29.9,22.409326424870464,0.8105445574699165,False
5a9bbda1f6dfdd0001ea9639,True,Excluded by criteria,0.0,0,78.125,0.42001344064515445,27.716666666666665,10.362694300518134,0.8105445574699165,False
673283141ee7ec9141e8bcf4,False,,0.0,0,65.625,0.8418250143816763,21.23333333333333,0.25906735751295334,0.8105445574699165,False
66049315b5c325fdaafea8fa,False,,0.0,0,43.75,1.0312652735916832,40.65,59.84455958549222,0.8105445574699165,False
66463d3560eac977430ac716,False,,0.0,0,46.875,0.6690146823211658,28.58333333333333,14.248704663212434,0.8105445574699165,False
66733b0613db805ab4f05114,False,,0.0,0,46.875,0.802591568487018,36.78333333333333,49.22279792746114,0.8105445574699165,False
672d770786fa273d84b761d2,False,,0.0,0,62.5,0.8418250143816763,32.85,34.71502590673575,0.8105445574699165,False
6170cb31c3656859cca7cc57,False,,0.0,0,50.0,0.672021505032247,31.183333333333334,28.756476683937823,0.8105445574699165,False
5b8bf5dd7b334200011da4aa,False,,0.0,0,37.5,1.0757592967370206,29.75,20.336787564766837,0.8105445574699165,False
671983e8022d66fd0242265b,False,,0.0,0,46.875,1.0883362561504661,26.566666666666663,7.642487046632124,0.8105445574699165,False
661ae93e33b51f5d31a8c3bb,False,,0.0,0,31.25,1.0658746219314068,49.75,77.46113989637306,0.8105445574699165,False
62964d27c2b2866faa677493,False,,0.0,0,100.0,0.0,42.48333333333333,63.73056994818652,0.8105445574699165,False
66f198a897fe47706e8cdfd2,False,,0.0,0,37.5,0.8175247850637608,31.866666666666667,31.0880829015544,0.8105445574699165,False
678f7fd7097858093f4a9540,False,,0.0,0,34.375,1.0140146973548327,53.333333333333336,82.38341968911917,0.8105445574699165,False
5630b79b733ea00011164946,False,,0.0,0,43.75,0.7718588789618592,31.03333333333333,28.238341968911914,0.8105445574699165,False
6759fd05e4ade779f4ee4689,False,,0.0,0,65.625,0.7233156184342819,41.96666666666667,62.435233160621756,0.8105445574699165,False
66c9071f0a3b0e1d3a041c01,False,,0.0,0,71.875,0.5378796483685103,35.766666666666666,43.78238341968912,0.8105445574699165,False
677bbfba3b742e3a5bf9a5e7,False,,0.0,0,46.875,0.895778630487862,52.93333333333333,82.1243523316062,0.8105445574699165,False
561487ad7ffc8a0012812266,False,,0.0,0,25.0,1.2790968335811872,33.05,36.13989637305699,0.8105445574699165,False
5edc7aed858a159580341afa,False,,0.0,0,43.75,0.7184212081070996,34.483333333333334,39.89637305699482,0.8105445574699165,False
6721aeda53346fd7b593efd7,False,,0.0,0,40.625,0.9482581654734625,32.13333333333333,32.383419689119165,0.8105445574699165,False
5d91daf3704e790018f47229,False,,0.0,0,31.25,1.1600716051314497,22.23333333333333,1.0362694300518134,0.8105445574699165,False
5d47901043518d0017bf3c04,False,,0.0,0,28.125,1.5103807466993215,24.933333333333334,4.1450777202072535,0.8105445574699165,False
6659f937e570ab09f05021a3,True,Excluded by criteria,0.0,0,78.125,0.42001344064515445,28.35,12.564766839378237,0.8105445574699165,False
6575c6e1563027adb8f299cb,False,,0.0,0,34.375,1.190943648622196,29.05,17.09844559585492,0.8105445574699165,False
66e7a85e45c1132f1e2d12b6,False,,0.0,0,37.5,0.9152604071537377,30.616666666666667,26.42487046632124,0.8105445574699165,False
678b3480eed43ba29dc48ed5,True,Excluded by criteria,0.0,0,84.375,0.4918693768379647,25.3,4.922279792746114,0.8105445574699165,False
6742ecbc50ae979ed5099784,False,,0.0,0,37.5,1.0467884834255,39.65,57.512953367875646,0.8105445574699165,False
66cfb812269143794dc55575,False,,0.0,0,59.375,0.5811209967839966,28.816666666666663,16.06217616580311,0.8105445574699165,False
655f8b959477c803eb906622,False,,0.0,0,56.25,0.7398506824069736,42.11666666666667,62.69430051813471,0.8105445574699165,False
677d3cc83d0aa6a39541f5d6,False,,0.0,0,53.125,0.60157722803504,38.88333333333333,55.181347150259064,0.8105445574699165,False
664993e12a5b629050529e17,False,,0.0,0,37.5,0.8798826901281197,40.86666666666667,60.62176165803108,0.8105445574699165,False
66dd097265650e0dec23231f,False,,0.0,0,37.5,0.8607714094664383,31.28333333333333,29.274611398963728,0.8105445574699165,False
66439d339e8b25efa8cb4b9a,False,,0.0,0,46.875,0.7378040652569471,45.016666666666666,67.7461139896373,0.8105445574699165,False
66243f204cef464daff99f8d,False,,0.0,0,40.625,0.8706690049203728,30.433333333333334,25.129533678756474,0.8105445574699165,False
66ee186efc9a208ef9446a30,False,,0.0,0,53.125,0.802591568487018,39.66666666666666,57.77202072538859,0.8105445574699165,False
56c15833eb5b22000d5babba,False,,0.0,0,40.625,0.777065405973841,38.25,53.36787564766839,0.8105445574699165,False
65d5d1d59bfc5f7fcbbd742d,False,,0.0,0,46.875,0.7803018439949604,32.666666666666664,33.41968911917098,0.8105445574699165,False
60a1e1f4a3707c983a98f185,False,,0.0,0,59.375,0.7071067811865476,29.9,22.409326424870464,0.8105445574699165,False
6773f4dfb59cda6e2414cb19,False,,0.0,0,59.375,0.564400909900732,44.48333333333333,66.580310880829,0.8105445574699165,False
67529d0aecb73bfe140d521f,False,,0.0,0,46.875,0.8327955253822958,50.3,78.49740932642486,0.8105445574699165,False
5e375b7e76397a6f27f9547f,False,,0.0,0,43.75,1.7177324700632743,25.116666666666667,4.66321243523316,0.8105445574699165,False
6779d0e560ce37d982f31caf,False,,0.0,0,100.0,0.0,34.833333333333336,40.41450777202072,0.8105445574699165,False
66dd9c5b1c02410a87c068e5,False,,0.0,0,43.75,1.0080322575483707,40.15,58.549222797927456,0.8105445574699165,False
6751f6e990f3b3698bf1748b,False,,0.0,0,46.875,0.8273305303514508,46.43333333333333,71.76165803108807,0.8105445574699165,False
674e0771f3216542d0539c7b,False,,0.0,0,46.875,0.9979818344716921,28.683333333333334,15.025906735751294,0.8105445574699165,False
676379302839a2e46a4d6de5,False,,0.0,0,50.0,0.508000508000762,24.016666666666666,2.0725388601036268,0.8105445574699165,False
673f18bb08e7ff5ef549e488,False,,0.0,0,100.0,0.0,60.13333333333333,87.56476683937824,0.8105445574699165,False
678fa1020e5289062a7e76f0,False,,0.0,0,46.875,0.895778630487862,47.73333333333333,74.61139896373057,0.8105445574699165,False
60d3d517873ac00f2ed811e5,False,,0.0,0,40.625,0.9482581654734625,28.23333333333333,11.398963730569948,0.8105445574699165,False
678a5c44e1295faaebfc8ee4,False,,0.0,0,28.125,1.189673308368798,45.53333333333333,69.4300518134715,0.8105445574699165,False
6766b76b0b5bf9820e277b72,False,,0.0,0,43.75,0.7288689868556626,46.06666666666667,71.24352331606217,0.8105445574699165,False
66a508e29deb15f57d4458f1,False,,0.0,0,34.375,0.8798826901281197,39.7,58.03108808290155,0.8105445574699165,False
67683d2ef4617ea5d90b7539,False,,0.0,0,50.0,0.6189220598177385,37.1,49.99999999999999,0.8105445574699165,False
66bfd3867e3dd5e2c19650b9,False,,0.0,0,100.0,0.0,45.88333333333333,70.46632124352331,0.8105445574699165,False
678ba680eefc2d7fd8559a03,False,,0.0,0,37.5,0.89746506805953,50.11666666666667,78.23834196891191,0.8105445574699165,False
5e4e844553bc702cdf68404d,False,,0.0,0,34.375,1.0273478224959143,39.03333333333333,55.95854922279792,0.8105445574699165,False
67352f08f3ab886418574a6a,False,,0.0,0,68.75,0.646797320799606,26.08333333333333,5.699481865284974,0.8105445574699165,False
6776957e09a543d5a21c521a,False,,0.0,0,50.0,0.672021505032247,52.75,81.86528497409326,0.8105445574699165,False
677f7658861507001fe69579,False,,0.0,0,65.625,0.5526694748103036,29.2,17.616580310880828,0.8105445574699165,False
667af5cc382d3037050e3632,False,,0.0,0,37.5,0.8607714094664383,39.75,58.2901554404145,0.8105445574699165,False
678e9a84c6c7879d007bbf4e,False,,0.0,0,65.625,0.5535807194106618,39.36666666666667,56.47668393782383,0.8105445574699165,False
6761312f87e4c57c3259eb11,False,,0.0,0,46.875,0.9283830897266078,37.43333333333333,51.03626943005181,0.8105445574699165,False
651b43625c3bc6e2217a7e24,False,,0.0,0,31.25,1.3663584756098845,28.616666666666667,14.507772020725387,0.8105445574699165,False
6655fd511b6c8d1fd05de12d,False,,0.0,0,90.625,0.421211769587116,50.93333333333333,79.79274611398964,0.8105445574699165,False
66ace0fa42d9a6710036025c,False,,0.0,0,75.0,0.594836654184399,28.45,12.953367875647666,0.8105445574699165,False
67704d25c22e3bfcf98ab4fc,False,,0.0,0,37.5,0.915810939779251,30.85,27.2020725388601,0.8105445574699165,False
67719f52af5175c7f6b1c990,False,,0.0,0,59.375,0.564400909900732,45.4,69.17098445595855,0.8105445574699165,False
667998e5c55fe7def1eb7496,False,,0.0,0,50.0,0.7156093726283553,24.25,3.10880829015544,0.8105445574699165,False
67147a6a2c208253099ab82b,False,,0.0,0,68.75,0.47092907485988494,32.45,32.64248704663212,0.8105445574699165,False
651d64f5eb4ac4993ecc5abd,False,,0.0,0,37.5,1.0234153762075615,26.266666666666666,6.735751295336787,0.8105445574699165,False
678dbad423480901e47ad481,False,,0.0,0,28.125,1.157026221578126,28.65,14.766839378238341,0.8105445574699165,False
64013a8e233aaa42388c821f,False,,0.0,0,31.25,1.1247759633553411,35.1,41.96891191709844,0.8105445574699165,False
6636a7456e7f277f59dda9bd,False,,0.0,0,37.5,0.8400268812903089,32.71666666666667,33.80829015544041,0.8105445574699165,False
669adbdb7e97d6e53cb2d924,False,,0.0,0,37.5,0.9979818344716921,36.25,45.85492227979274,0.8105445574699165,False
63d7fb6ee49281f6c41d6630,False,,0.0,0,96.875,0.1767766952966369,30.4,24.87046632124352,0.8105445574699165,False
674e978e575eccb8dd86167b,False,,0.0,0,40.625,0.842423539174232,45.96666666666667,70.72538860103626,0.8105445574699165,False
5e7987df47422a5443426cd7,False,,0.0,0,34.375,1.0035220234817486,28.35,12.564766839378237,0.8105445574699165,False
6647e8618c77f7b938865d25,False,,0.0,0,43.75,0.762000762001143,33.06666666666667,36.52849740932642,0.8105445574699165,False
61008f090e777a2b47f1ad76,False,,0.0,0,75.0,0.5922891621605981,24.166666666666668,2.849740932642487,0.8105445574699165,False
61140d2c5d85c524932a2c59,False,,0.0,0,25.0,1.3466655355046884,29.78333333333333,20.98445595854922,0.8105445574699165,False
663a80393a72dac091c817b5,False,,0.0,0,46.875,0.7343803620257232,27.066666666666663,8.54922279792746,0.8105445574699165,False
6643bef326f3a4026c0ab2b6,False,,0.0,0,43.75,0.8224422717264602,30.466666666666665,25.388601036269428,0.8105445574699165,False
5ec0260375bf15077a00e645,False,,0.0,0,40.625,0.7666169923131275,32.88333333333333,35.233160621761655,0.8105445574699165,False
671d2abf2ba7384f9b45678a,False,,0.0,0,50.0,1.481063262354709,36.96666666666667,49.74093264248704,0.8105445574699165,False
675aaec58dfc729c338a52eb,False,,0.0,0,56.25,0.7071067811865476,29.866666666666667,22.020725388601033,0.8105445574699165,False
668ddafedbce64d6094e759e,False,,0.0,0,40.625,0.7803018439949604,31.08333333333333,28.49740932642487,0.8105445574699165,False
673d1231929c7a0a6138a5c1,False,,0.0,0,31.25,1.1845783243211963,29.98333333333333,23.3160621761658,0.8105445574699165,False
66972752027327f711a5e612,False,,0.0,0,50.0,0.7513428837969107,33.05,36.13989637305699,0.8105445574699165,False
5d27851db6eb920018a5fb27,False,,0.0,0,40.625,0.8793096632421185,36.75,48.96373056994818,0.8105445574699165,False
6786d6d81286c8386e009009,False,,0.0,0,59.375,0.49899091723584604,45.833333333333336,70.20725388601036,0.8105445574699165,False
672ff021dad78d519a50f64a,False,,0.0,0,40.625,0.8513509188911317,50.98333333333333,80.05181347150258,0.8105445574699165,False
66370a20a4b5b1a460904760,False,,0.0,0,43.75,0.7184212081070996,35.95,44.30051813471502,0.8105445574699165,False
6705779b28e9a54f7b3b3535,False,,0.0,0,56.25,0.8327955253822958,29.08333333333333,17.357512953367873,0.8105445574699165,False
6535d3f1b4ff80adff474548,False,,0.0,0,31.25,1.4888699980077986,24.966666666666665,4.404145077720207,0.8105445574699165,False
6761934aa62aae0c93863233,False,,0.0,0,37.5,0.856074122506811,30.78333333333333,26.943005181347147,0.8105445574699165,False
5eddaa6d115bb4ac7e59f153,False,,0.0,0,62.5,0.5679618342470648,27.216666666666665,9.585492227979273,0.8105445574699165,False
62861bcc5f0edf6340c914df,False,,0.0,0,56.25,0.5670736994828461,29.766666666666666,20.72538860103627,0.8105445574699165,False
63d5decffe6025fec6a381b0,False,,0.0,0,53.125,0.6890561567076912,35.13333333333333,42.22797927461139,0.8105445574699165,False
66e2a683a6aed2b156557f9d,False,,0.0,0,34.375,1.1635422833577171,34.96666666666667,41.321243523316056,0.8105445574699165,False
60641cdc8536a607a60e0612,False,,0.0,0,31.25,1.0234153762075615,36.95,49.48186528497409,0.8105445574699165,False
66c4a2414f979ae2a78a8adc,False,,0.0,0,96.875,0.3535533905932738,38.15,52.84974093264248,0.8105445574699165,False
6757688470f9e929a8ea7d90,False,,0.0,0,62.5,1.1976960409267507,52.03333333333333,81.34715025906735,0.8105445574699165,False
66ae394dd6f0020399d3b887,False,,0.0,0,59.375,0.646797320799606,24.816666666666663,3.8860103626943,0.8105445574699165,False
610b06f1534fdc7ce455d168,False,,0.0,0,62.5,0.6712710620231424,32.86666666666667,34.9740932642487,0.8105445574699165,False
653d3b418bce22526d2639b4,False,,0.0,0,40.625,1.0472698761772856,28.916666666666668,16.580310880829014,0.8105445574699165,False
678c417ed431a331d3f547ec,False,,0.0,0,40.625,0.75067174218571,26.2,6.21761658031088,0.8105445574699165,False
666640831e2f8d963f8c528f,False,,0.0,0,34.375,1.0993949949125246,40.38333333333333,59.585492227979266,0.8105445574699165,False
5f1273be29b0711c3cff250f,False,,0.0,0,59.375,0.640532792341279,32.8,34.45595854922279,0.8105445574699165,False
6110b58d7063061e373e2fbc,False,,0.0,0,50.0,0.777065405973841,39.45,56.73575129533678,0.8105445574699165,False
5e80b109ca1800791e1ca40c,False,,0.0,0,53.125,0.6890561567076912,36.4,46.6321243523316,0.8105445574699165,False
6783e8710446ee858344b1b2,False,,0.0,0,43.75,0.9152604071537377,31.716666666666665,30.829015544041447,0.8105445574699165,False
6699c7aea5e77f24097879b7,False,,0.0,0,46.875,0.8607714094664383,27.933333333333334,11.139896373056994,0.8105445574699165,False
5eec6fe1a0f1c4000a8103b2,False,,0.0,0,37.5,1.0035220234817486,29.566666666666663,19.170984455958546,0.8105445574699165,False
