PROLIFIC_PID,total_score,familiar_person_score,sunrise_score,shop_front_score,countryside_score,driving_score,beach_score,railway_station_score,garden_score,total_score_z,familiar_person_z,sunrise_z,shop_front_z,countryside_z,driving_z,beach_z,railway_station_z,garden_z,excluded,exclusion_reason
649d257f5e8bfe6ee264e160,120.0,16,20,16,16,13,15,10.0,14.0,0.15323131676996826,0.3466757319273314,1.3967301869189255,0.2293923568406904,0.4375059248830004,-0.1641437834215463,0.2796379175673056,-1.0477543413947221,-0.28973931498276934,False,
6778cbf3f0597689c7b5cb4a,147.0,20,15,20,16,19,17,20.0,20.0,1.362676675785776,1.5739875185206433,-0.07090387957612428,1.380090172914513,0.4375059248830004,1.4223505249624355,0.858458338338341,1.4671173633245298,1.4808898321341535,False,
673594215b1a0b92d5835525,142.0,20,20,18,17,14,17,20.0,16.0,1.1387053130050708,1.5739875185206433,1.3967301869189255,0.8047412648776018,0.7220325821126542,0.10027193464245067,0.858458338338341,1.4671173633245298,0.30047040072287157,False,
672a89bc5e3d67a9fdbdf803,115.0,17,14,16,14,10,12,16.0,16.0,-0.07074004601073686,0.6535036785756594,-0.3644306928751342,0.2293923568406904,-0.13154738957630735,-0.9573909376135373,-0.5885927135892475,0.46116868143682904,0.30047040072287157,False,
5d76d2f7daf4bf00164d585b,117.0,16,18,18,12,11,12,15.0,15.0,0.01884849910154519,0.3466757319273314,0.8096765603209055,0.8047412648776018,-0.700600704035615,-0.6929752195495403,-0.5885927135892475,0.20968151096490387,0.005365542870051119,False,
65d563ecf8df20ade2f17888,35.0,4,7,4,4,4,4,4.0,4.0,-3.654281850502019,-3.3352596278526043,-2.4191183859682037,-3.2227010913807774,-2.9768139618728457,-2.543885245997519,-2.903874396673389,-2.5566773642262732,-3.240787893510974,False,
671609ab4a3f2c6c76dfe9d8,100.0,12,14,14,13,10,12,13.0,12.0,-0.7426541343528522,-0.8806360546659805,-0.3644306928751342,-0.34595655119622093,-0.4160740468059612,-0.9573909376135373,-0.5885927135892475,-0.29329282997894657,-0.8799490306884102,False,
6501c0a2e788b5556c24569d,83.0,10,10,10,12,9,9,11.0,12.0,-1.5041567678072498,-1.4942919479626364,-1.538537946071174,-1.4966543672700436,-0.700600704035615,-1.2218066556775342,-1.4568233447458006,-0.796267170922797,-0.8799490306884102,False,
6788f11866ac65cc607b3c6a,142.0,17,20,19,17,15,18,18.0,18.0,1.1387053130050708,0.6535036785756594,1.3967301869189255,1.0924157188960575,0.7220325821126542,0.36468765270644765,1.1478685487238587,0.9641430223806795,0.8906801164285125,False,
67896d4bcf7daeb9b9c6945e,134.0,15,15,18,18,19,15,16.0,18.0,0.7803511325559427,0.03984778527900344,-0.07090387957612428,0.8047412648776018,1.0065592393423082,1.4223505249624355,0.2796379175673056,0.46116868143682904,0.8906801164285125,False,
67896102d98295a520a25ebb,99.0,10,14,13,10,10,12,17.0,13.0,-0.7874484069089933,-1.4942919479626364,-0.3644306928751342,-0.6336310052146765,-1.2696540184949228,-0.9573909376135373,-0.5885927135892475,0.7126558519087542,-0.5848441728355898,False,
6772e011adc3bb3fd579cdb9,115.0,16,16,13,14,14,15,13.0,14.0,-0.07074004601073686,0.3466757319273314,0.22262293372288566,-0.6336310052146765,-0.13154738957630735,0.10027193464245067,0.2796379175673056,-0.29329282997894657,-0.28973931498276934,False,
6739ff11a2162a865c36fa64,109.0,18,14,16,16,12,13,8.0,12.0,-0.339505681347583,0.9603316252239874,-0.3644306928751342,0.2293923568406904,0.4375059248830004,-0.42855950148554334,-0.29918250320372974,-1.5507286823385726,-0.8799490306884102,False,
67094b39bddd9489c48cdc8f,82.0,13,10,20,8,5,7,4.0,15.0,-1.5489510403633908,-0.5738081080176526,-1.538537946071174,1.380090172914513,-1.8387073329542305,-2.2794695279335224,-2.035643765516836,-2.5566773642262732,0.005365542870051119,False,
6743c8da977b0d274dad1fc2,131.0,19,16,18,16,16,14,16.0,16.0,0.6459683148875196,1.2671595718723154,0.22262293372288566,0.8047412648776018,0.4375059248830004,0.6291033707704446,-0.009772292818212064,0.46116868143682904,0.30047040072287157,False,
662848c40caa342b28493265,135.0,19,14,20,16,15,15,18.0,18.0,0.8251454051120837,1.2671595718723154,-0.3644306928751342,1.380090172914513,0.4375059248830004,0.36468765270644765,0.2796379175673056,0.9641430223806795,0.8906801164285125,False,
67860774acf7592ed65861bb,121.0,17,13,17,10,15,12,20.0,17.0,0.1980255893261093,0.6535036785756594,-0.6579575061741442,0.5170668108591461,-1.2696540184949228,0.36468765270644765,-0.5885927135892475,1.4671173633245298,0.595575258575692,False,
6759fef1b173fb9839ebe137,114.0,14,14,15,13,15,16,16.0,11.0,-0.11553431856687789,-0.26698016136932456,-0.3644306928751342,-0.05828209717776525,-0.4160740468059612,0.36468765270644765,0.5690481279528233,0.46116868143682904,-1.1750538885412307,False,
671d48bbee99c1439ae0d0de,75.0,10,7,7,12,7,8,10.0,14.0,-1.862510948256378,-1.4942919479626364,-2.4191183859682037,-2.3596777293254103,-0.700600704035615,-1.7506380918055282,-1.7462335551313182,-1.0477543413947221,-0.28973931498276934,False,
6500aa732c4f0eb077f8c809,78.0,14,6,11,7,10,11,9.0,10.0,-1.7281281305879548,-0.26698016136932456,-2.7126451992672136,-1.208979913251588,-2.123233990183884,-0.9573909376135373,-0.8780029239747651,-1.2992415118666474,-1.4701587463940513,False,
5ac5260dfa3b4e0001736dd3,104.0,13,12,14,11,16,13,11.0,14.0,-0.5634770441282881,-0.5738081080176526,-0.951484319473154,-0.34595655119622093,-0.9851273612652689,0.6291033707704446,-0.29918250320372974,-0.796267170922797,-0.28973931498276934,False,
6646abc0720d1baaa7e0af4c,152.0,19,14,19,20,20,20,20.0,20.0,1.5866480385664812,1.2671595718723154,-0.3644306928751342,1.0924157188960575,1.5756125538016157,1.6867662430264325,1.726688969494894,1.4671173633245298,1.4808898321341535,False,
676a8044ed42478d4ef6493e,139.0,17,15,18,20,18,18,16.0,17.0,1.0043224953366479,0.6535036785756594,-0.07090387957612428,0.8047412648776018,1.5756125538016157,1.1579348068984385,1.1478685487238587,0.46116868143682904,0.595575258575692,False,
67343fb98c1f4f89ea821878,126.0,15,16,16,17,14,16,16.0,16.0,0.4219969521068144,0.03984778527900344,0.22262293372288566,0.2293923568406904,0.7220325821126542,0.10027193464245067,0.5690481279528233,0.46116868143682904,0.30047040072287157,False,
674b47940b75eb06298f0c67,110.0,15,10,17,14,14,14,14.0,12.0,-0.294711408791442,0.03984778527900344,-1.538537946071174,0.5170668108591461,-0.13154738957630735,0.10027193464245067,-0.009772292818212064,-0.04180565950702135,-0.8799490306884102,False,
6711263a9c4a226969aeb686,147.0,18,19,18,14,20,19,19.0,20.0,1.362676675785776,0.9603316252239874,1.1032033736199154,0.8047412648776018,-0.13154738957630735,1.6867662430264325,1.4372787591093763,1.2156301928526048,1.4808898321341535,False,
6787c530d8f7650e446d17a1,118.0,16,12,16,12,14,16,16.0,16.0,0.06364277165768621,0.3466757319273314,-0.951484319473154,0.2293923568406904,-0.700600704035615,0.10027193464245067,0.5690481279528233,0.46116868143682904,0.30047040072287157,False,
678e46af9bf54902d3db189f,74.0,7,13,9,8,11,9,9.0,8.0,-1.907305220812519,-2.4147757879076206,-0.6579575061741442,-1.7843288212884991,-1.8387073329542305,-0.6929752195495403,-1.4568233447458006,-1.2992415118666474,-2.0603684620996923,False,
62e029ff528ea30b4508eaf5,110.0,13,16,15,14,15,14,10.0,13.0,-0.294711408791442,-0.5738081080176526,0.22262293372288566,-0.05828209717776525,-0.13154738957630735,0.36468765270644765,-0.009772292818212064,-1.0477543413947221,-0.5848441728355898,False,
673a37f0ad04c995c8322ca6,74.0,10,10,7,8,10,9,13.0,7.0,-1.907305220812519,-1.4942919479626364,-1.538537946071174,-2.3596777293254103,-1.8387073329542305,-0.9573909376135373,-1.4568233447458006,-0.29329282997894657,-2.3554733199525124,False,
674f479b2a4ef75e4551f258,134.0,18,16,15,18,14,17,18.0,18.0,0.7803511325559427,0.9603316252239874,0.22262293372288566,-0.05828209717776525,1.0065592393423082,0.10027193464245067,0.858458338338341,0.9641430223806795,0.8906801164285125,False,
5d634b27e5f92f0017196a3f,120.0,15,12,12,12,19,17,16.0,17.0,0.15323131676996826,0.03984778527900344,-0.951484319473154,-0.9213054592331322,-0.700600704035615,1.4223505249624355,0.858458338338341,0.46116868143682904,0.595575258575692,False,
668d44c46cb23976673acd95,160.0,20,20,20,20,20,20,20.0,20.0,1.9450022190156093,1.5739875185206433,1.3967301869189255,1.380090172914513,1.5756125538016157,1.6867662430264325,1.726688969494894,1.4671173633245298,1.4808898321341535,True,Excluded by criteria
663b638be7226d4e3fcc255f,55.0,11,8,10,4,4,6,8.0,4.0,-2.7583963993791984,-1.1874640013143085,-2.125591572669194,-1.4966543672700436,-2.9768139618728457,-2.543885245997519,-2.3250539759023536,-1.5507286823385726,-3.240787893510974,False,
6734c8a6c51b8aee49adbd1b,129.0,16,14,18,14,15,16,19.0,17.0,0.5563797697752375,0.3466757319273314,-0.3644306928751342,0.8047412648776018,-0.13154738957630735,0.36468765270644765,0.5690481279528233,1.2156301928526048,0.595575258575692,False,
6752092030f55f6f6a50df9e,148.0,20,13,20,15,20,20,20.0,20.0,1.407470948341917,1.5739875185206433,-0.6579575061741442,1.380090172914513,0.15297926765334652,1.6867662430264325,1.726688969494894,1.4671173633245298,1.4808898321341535,False,
678969200a76abe09fd2a75c,112.0,15,15,14,15,11,11,14.0,17.0,-0.20512286367915994,0.03984778527900344,-0.07090387957612428,-0.34595655119622093,0.15297926765334652,-0.6929752195495403,-0.8780029239747651,-0.04180565950702135,0.595575258575692,False,
66564c348f25a6749f79a714,108.0,9,17,14,12,14,12,14.0,16.0,-0.38429995390372407,-1.8011198946109646,0.5161497470218955,-0.34595655119622093,-0.700600704035615,0.10027193464245067,-0.5885927135892475,-0.04180565950702135,0.30047040072287157,False,
5dac4dad5e53cc001499f1f6,122.0,15,16,16,16,16,15,12.0,16.0,0.24281986188225033,0.03984778527900344,0.22262293372288566,0.2293923568406904,0.4375059248830004,0.6291033707704446,0.2796379175673056,-0.5447800004508717,0.30047040072287157,False,
564e93659b124900127eb55b,112.0,11,17,12,13,14,18,12.0,15.0,-0.20512286367915994,-1.1874640013143085,0.5161497470218955,-0.9213054592331322,-0.4160740468059612,0.10027193464245067,1.1478685487238587,-0.5447800004508717,0.005365542870051119,False,
672d053f3563ff089759a66f,128.0,17,20,16,16,14,15,14.0,16.0,0.5115854972190965,0.6535036785756594,1.3967301869189255,0.2293923568406904,0.4375059248830004,0.10027193464245067,0.2796379175673056,-0.04180565950702135,0.30047040072287157,False,
66b0103854c074757187d029,112.0,19,14,20,12,16,8,11.0,12.0,-0.20512286367915994,1.2671595718723154,-0.3644306928751342,1.380090172914513,-0.700600704035615,0.6291033707704446,-1.7462335551313182,-0.796267170922797,-0.8799490306884102,False,
66969c9921e4f92ad108ed4c,118.0,11,20,12,17,16,16,11.0,15.0,0.06364277165768621,-1.1874640013143085,1.3967301869189255,-0.9213054592331322,0.7220325821126542,0.6291033707704446,0.5690481279528233,-0.796267170922797,0.005365542870051119,False,
6710e7d85362bdd95a82bcbf,108.0,11,17,13,11,9,18,13.0,16.0,-0.38429995390372407,-1.1874640013143085,0.5161497470218955,-0.6336310052146765,-0.9851273612652689,-1.2218066556775342,1.1478685487238587,-0.29329282997894657,0.30047040072287157,False,
5b19f4854c72120001f1e1b3,113.0,17,15,15,13,13,12,13.0,15.0,-0.16032859112301892,0.6535036785756594,-0.07090387957612428,-0.05828209717776525,-0.4160740468059612,-0.1641437834215463,-0.5885927135892475,-0.29329282997894657,0.005365542870051119,False,
6773fd82b205d22a2e097d3f,118.0,16,14,14,14,14,16,15.0,15.0,0.06364277165768621,0.3466757319273314,-0.3644306928751342,-0.34595655119622093,-0.13154738957630735,0.10027193464245067,0.5690481279528233,0.20968151096490387,0.005365542870051119,False,
669284eabea5b8c9655927da,132.0,17,17,16,16,16,18,16.0,16.0,0.6907625874436606,0.6535036785756594,0.5161497470218955,0.2293923568406904,0.4375059248830004,0.6291033707704446,1.1478685487238587,0.46116868143682904,0.30047040072287157,False,
61052deed380657fcbe37682,138.0,14,20,18,17,19,17,17.0,16.0,0.9595282227805068,-0.26698016136932456,1.3967301869189255,0.8047412648776018,0.7220325821126542,1.4223505249624355,0.858458338338341,0.7126558519087542,0.30047040072287157,False,
6740f034985ba328ea9bacbf,130.0,18,16,15,16,19,15,16.0,15.0,0.6011740423313785,0.9603316252239874,0.22262293372288566,-0.05828209717776525,0.4375059248830004,1.4223505249624355,0.2796379175673056,0.46116868143682904,0.005365542870051119,False,
677bbed2d896aee8efecb51d,123.0,11,6,17,16,18,18,17.0,20.0,0.28761413443839134,-1.1874640013143085,-2.7126451992672136,0.5170668108591461,0.4375059248830004,1.1579348068984385,1.1478685487238587,0.7126558519087542,1.4808898321341535,False,
6779f13fe54a982becaa1b3f,87.0,10,10,12,12,9,11,10.0,13.0,-1.3249796775826856,-1.4942919479626364,-1.538537946071174,-0.9213054592331322,-0.700600704035615,-1.2218066556775342,-0.8780029239747651,-1.0477543413947221,-0.5848441728355898,False,
6764736f0048fc3595fbb944,94.0,14,15,15,12,7,6,10.0,15.0,-1.0114197696896985,-0.26698016136932456,-0.07090387957612428,-0.05828209717776525,-0.700600704035615,-1.7506380918055282,-2.3250539759023536,-1.0477543413947221,0.005365542870051119,False,
67880bb68accd49a72b45565,116.0,17,16,13,14,13,14,14.0,15.0,-0.025945773454595835,0.6535036785756594,0.22262293372288566,-0.6336310052146765,-0.13154738957630735,-0.1641437834215463,-0.009772292818212064,-0.04180565950702135,0.005365542870051119,False,
671e39c25e5e3f340a6f21d4,96.0,12,12,14,12,9,10,14.0,13.0,-0.9218312245774164,-0.8806360546659805,-0.951484319473154,-0.34595655119622093,-0.700600704035615,-1.2218066556775342,-1.1674131343602827,-0.04180565950702135,-0.5848441728355898,False,
57dd186e6598aa0001992616,118.0,14,17,16,16,15,14,11.0,15.0,0.06364277165768621,-0.26698016136932456,0.5161497470218955,0.2293923568406904,0.4375059248830004,0.36468765270644765,-0.009772292818212064,-0.796267170922797,0.005365542870051119,False,
66463ff40a36377060b19272,98.0,14,12,11,12,13,12,11.0,13.0,-0.8322426794651343,-0.26698016136932456,-0.951484319473154,-1.208979913251588,-0.700600704035615,-0.1641437834215463,-0.5885927135892475,-0.796267170922797,-0.5848441728355898,False,
66625801c143ca548bcac338,118.0,17,17,12,12,16,14,11.0,19.0,0.06364277165768621,0.6535036785756594,0.5161497470218955,-0.9213054592331322,-0.700600704035615,0.6291033707704446,-0.009772292818212064,-0.796267170922797,1.185784974281333,False,
676866e58c692de18dac2de9,114.0,14,14,17,12,12,13,13.0,19.0,-0.11553431856687789,-0.26698016136932456,-0.3644306928751342,0.5170668108591461,-0.700600704035615,-0.42855950148554334,-0.29918250320372974,-0.29329282997894657,1.185784974281333,False,
676e81c9c452593cbf114baf,135.0,19,13,19,16,16,17,17.0,18.0,0.8251454051120837,1.2671595718723154,-0.6579575061741442,1.0924157188960575,0.4375059248830004,0.6291033707704446,0.858458338338341,0.7126558519087542,0.8906801164285125,False,
6738acfff83934e21342c109,138.0,16,16,16,19,17,14,20.0,20.0,0.9595282227805068,0.3466757319273314,0.22262293372288566,0.2293923568406904,1.291085896571962,0.8935190888344416,-0.009772292818212064,1.4671173633245298,1.4808898321341535,False,
60a48adfe091e410f4eaba34,146.0,20,16,16,20,19,16,19.0,20.0,1.317882403229635,1.5739875185206433,0.22262293372288566,0.2293923568406904,1.5756125538016157,1.4223505249624355,0.5690481279528233,1.2156301928526048,1.4808898321341535,False,
6786d027b56713ac675fbbb1,160.0,20,20,20,20,20,20,20.0,20.0,1.9450022190156093,1.5739875185206433,1.3967301869189255,1.380090172914513,1.5756125538016157,1.6867662430264325,1.726688969494894,1.4671173633245298,1.4808898321341535,False,
672ba9e5dbe3b9649ad3864d,111.0,10,8,18,16,12,13,20.0,14.0,-0.24991713623530096,-1.4942919479626364,-2.125591572669194,0.8047412648776018,0.4375059248830004,-0.42855950148554334,-0.29918250320372974,1.4671173633245298,-0.28973931498276934,False,
6761e9f88b9ec3f7f3d16c01,78.0,10,10,11,9,9,10,10.0,9.0,-1.7281281305879548,-1.4942919479626364,-1.538537946071174,-1.208979913251588,-1.5541806757245766,-1.2218066556775342,-1.1674131343602827,-1.0477543413947221,-1.7652636042468717,False,
677a8ed897bc0e0f12d23e86,113.0,12,15,13,16,12,15,15.0,15.0,-0.16032859112301892,-0.8806360546659805,-0.07090387957612428,-0.6336310052146765,0.4375059248830004,-0.42855950148554334,0.2796379175673056,0.20968151096490387,0.005365542870051119,False,
66f8367b5310ebb97346b93c,97.0,10,18,13,17,7,12,5.0,15.0,-0.8770369520212753,-1.4942919479626364,0.8096765603209055,-0.6336310052146765,0.7220325821126542,-1.7506380918055282,-0.5885927135892475,-2.305190193754348,0.005365542870051119,False,
677c4a2cd686c6b6cfd1ba2a,110.0,15,12,12,13,13,11,16.0,18.0,-0.294711408791442,0.03984778527900344,-0.951484319473154,-0.9213054592331322,-0.4160740468059612,-0.1641437834215463,-0.8780029239747651,0.46116868143682904,0.8906801164285125,False,
5f4d3cb5fdda0b2c403fb801,145.0,19,19,17,20,18,17,16.0,19.0,1.273088130673494,1.2671595718723154,1.1032033736199154,0.5170668108591461,1.5756125538016157,1.1579348068984385,0.858458338338341,0.46116868143682904,1.185784974281333,False,
67196116a2212bed3b93f4dc,106.0,18,13,16,10,9,14,14.0,12.0,-0.4738884990160061,0.9603316252239874,-0.6579575061741442,0.2293923568406904,-1.2696540184949228,-1.2218066556775342,-0.009772292818212064,-0.04180565950702135,-0.8799490306884102,False,
669be65b7f0c1a71305969d1,111.0,13,15,14,11,15,14,15.0,14.0,-0.24991713623530096,-0.5738081080176526,-0.07090387957612428,-0.34595655119622093,-0.9851273612652689,0.36468765270644765,-0.009772292818212064,0.20968151096490387,-0.28973931498276934,False,
6779e07aeb6a0e66e84ae0e7,86.0,11,11,5,12,13,9,10.0,15.0,-1.3697739501388266,-1.1874640013143085,-1.245011132772164,-2.9350266373623217,-0.700600704035615,-0.1641437834215463,-1.4568233447458006,-1.0477543413947221,0.005365542870051119,False,
678434b875eab5b07a505724,124.0,17,20,16,11,14,17,11.0,18.0,0.3324084069945324,0.6535036785756594,1.3967301869189255,0.2293923568406904,-0.9851273612652689,0.10027193464245067,0.858458338338341,-0.796267170922797,0.8906801164285125,False,
67851f4cba98f2087f182764,138.0,15,16,17,18,16,19,18.0,19.0,0.9595282227805068,0.03984778527900344,0.22262293372288566,0.5170668108591461,1.0065592393423082,0.6291033707704446,1.4372787591093763,0.9641430223806795,1.185784974281333,False,
655f9f56990f2a2d957b1cad,124.0,14,19,17,14,16,15,13.0,16.0,0.3324084069945324,-0.26698016136932456,1.1032033736199154,0.5170668108591461,-0.13154738957630735,0.6291033707704446,0.2796379175673056,-0.29329282997894657,0.30047040072287157,False,
615b01ee4cd1755b6144e0a4,121.0,15,13,18,17,12,19,15.0,12.0,0.1980255893261093,0.03984778527900344,-0.6579575061741442,0.8047412648776018,0.7220325821126542,-0.42855950148554334,1.4372787591093763,0.20968151096490387,-0.8799490306884102,False,
6766dee165ff1cc0f8decea0,110.0,16,12,15,13,13,12,17.0,12.0,-0.294711408791442,0.3466757319273314,-0.951484319473154,-0.05828209717776525,-0.4160740468059612,-0.1641437834215463,-0.5885927135892475,0.7126558519087542,-0.8799490306884102,False,
67826c0cd5858c9d420da7ff,125.0,17,12,15,14,15,15,19.0,18.0,0.3772026795506734,0.6535036785756594,-0.951484319473154,-0.05828209717776525,-0.13154738957630735,0.36468765270644765,0.2796379175673056,1.2156301928526048,0.8906801164285125,False,
65f9200b96211e5163eb912e,132.0,16,14,16,17,17,17,16.0,19.0,0.6907625874436606,0.3466757319273314,-0.3644306928751342,0.2293923568406904,0.7220325821126542,0.8935190888344416,0.858458338338341,0.46116868143682904,1.185784974281333,False,
671d2c608d56f868207f9e9e,131.0,14,14,16,17,19,15,18.0,18.0,0.6459683148875196,-0.26698016136932456,-0.3644306928751342,0.2293923568406904,0.7220325821126542,1.4223505249624355,0.2796379175673056,0.9641430223806795,0.8906801164285125,False,
67628bf652610e40de8a09e8,113.0,11,20,12,15,12,15,15.0,13.0,-0.16032859112301892,-1.1874640013143085,1.3967301869189255,-0.9213054592331322,0.15297926765334652,-0.42855950148554334,0.2796379175673056,0.20968151096490387,-0.5848441728355898,False,
67842352fc58491ff1f4de9d,128.0,18,16,18,15,17,11,19.0,14.0,0.5115854972190965,0.9603316252239874,0.22262293372288566,0.8047412648776018,0.15297926765334652,0.8935190888344416,-0.8780029239747651,1.2156301928526048,-0.28973931498276934,False,
65d863e56337aa59292ccd66,120.0,19,14,20,12,10,17,13.0,15.0,0.15323131676996826,1.2671595718723154,-0.3644306928751342,1.380090172914513,-0.700600704035615,-0.9573909376135373,0.858458338338341,-0.29329282997894657,0.005365542870051119,False,
65cba5349f4e1e5dfbe80fe8,130.0,17,17,18,17,16,16,12.0,17.0,0.6011740423313785,0.6535036785756594,0.5161497470218955,0.8047412648776018,0.7220325821126542,0.6291033707704446,0.5690481279528233,-0.5447800004508717,0.595575258575692,False,
673e759016f888e8212c0c1f,136.0,16,19,14,17,17,17,17.0,19.0,0.8699396776682247,0.3466757319273314,1.1032033736199154,-0.34595655119622093,0.7220325821126542,0.8935190888344416,0.858458338338341,0.7126558519087542,1.185784974281333,False,
610b002738dd01f26e493999,115.0,10,16,10,18,15,14,17.0,15.0,-0.07074004601073686,-1.4942919479626364,0.22262293372288566,-1.4966543672700436,1.0065592393423082,0.36468765270644765,-0.009772292818212064,0.7126558519087542,0.005365542870051119,False,
590ffed3f128850001ada77b,108.0,15,14,15,12,10,9,18.0,15.0,-0.38429995390372407,0.03984778527900344,-0.3644306928751342,-0.05828209717776525,-0.700600704035615,-0.9573909376135373,-1.4568233447458006,0.9641430223806795,0.005365542870051119,False,
6773f03382962d5d8c2ca38a,125.0,16,15,15,16,15,16,16.0,16.0,0.3772026795506734,0.3466757319273314,-0.07090387957612428,-0.05828209717776525,0.4375059248830004,0.36468765270644765,0.5690481279528233,0.46116868143682904,0.30047040072287157,False,
67438c306d8298ec577da281,112.0,17,10,15,15,11,12,14.0,18.0,-0.20512286367915994,0.6535036785756594,-1.538537946071174,-0.05828209717776525,0.15297926765334652,-0.6929752195495403,-0.5885927135892475,-0.04180565950702135,0.8906801164285125,False,
5ec0ba1bfa01894cceaa1b8e,104.0,12,14,15,12,13,12,12.0,14.0,-0.5634770441282881,-0.8806360546659805,-0.3644306928751342,-0.05828209717776525,-0.700600704035615,-0.1641437834215463,-0.5885927135892475,-0.5447800004508717,-0.28973931498276934,False,
64143c6c286640f3d1348cf8,88.0,9,12,11,12,8,12,12.0,12.0,-1.2801854050265447,-1.8011198946109646,-0.951484319473154,-1.208979913251588,-0.700600704035615,-1.4862223737415312,-0.5885927135892475,-0.5447800004508717,-0.8799490306884102,False,
64012a2623351894f2917605,88.0,12,11,16,10,7,8,13.0,11.0,-1.2801854050265447,-0.8806360546659805,-1.245011132772164,0.2293923568406904,-1.2696540184949228,-1.7506380918055282,-1.7462335551313182,-0.29329282997894657,-1.1750538885412307,False,
677fe9d3bafd440269d2ef89,128.0,18,12,17,17,15,17,15.0,17.0,0.5115854972190965,0.9603316252239874,-0.951484319473154,0.5170668108591461,0.7220325821126542,0.36468765270644765,0.858458338338341,0.20968151096490387,0.595575258575692,False,
6747d17ec4d287d32e597fa9,82.0,11,11,14,7,7,7,10.0,15.0,-1.5489510403633908,-1.1874640013143085,-1.245011132772164,-0.34595655119622093,-2.123233990183884,-1.7506380918055282,-2.035643765516836,-1.0477543413947221,0.005365542870051119,False,
66e28103f28d6e15a3f4f1f0,149.0,17,20,19,20,19,17,18.0,19.0,1.452265220898058,0.6535036785756594,1.3967301869189255,1.0924157188960575,1.5756125538016157,1.4223505249624355,0.858458338338341,0.9641430223806795,1.185784974281333,False,
6738d09a032bf7224008ce7e,148.0,18,20,19,18,18,18,19.0,18.0,1.407470948341917,0.9603316252239874,1.3967301869189255,1.0924157188960575,1.0065592393423082,1.1579348068984385,1.1478685487238587,1.2156301928526048,0.8906801164285125,False,
612039d9400fae9545b3c5a8,70.0,20,9,7,7,8,5,6.0,8.0,-2.086482311037083,1.5739875185206433,-1.8320647593701838,-2.3596777293254103,-2.123233990183884,-1.4862223737415312,-2.6144641862878713,-2.053703023282423,-2.0603684620996923,False,
67813733b9f7bd24cb2745b4,117.0,13,17,16,16,20,11,9.0,15.0,0.01884849910154519,-0.5738081080176526,0.5161497470218955,0.2293923568406904,0.4375059248830004,1.6867662430264325,-0.8780029239747651,-1.2992415118666474,0.005365542870051119,False,
67358110193306101974db30,150.0,20,17,20,19,16,18,20.0,20.0,1.497059493454199,1.5739875185206433,0.5161497470218955,1.380090172914513,1.291085896571962,0.6291033707704446,1.1478685487238587,1.4671173633245298,1.4808898321341535,False,
655fd5be8c6f7bfe39e75e96,110.0,15,18,12,15,15,13,10.0,12.0,-0.294711408791442,0.03984778527900344,0.8096765603209055,-0.9213054592331322,0.15297926765334652,0.36468765270644765,-0.29918250320372974,-1.0477543413947221,-0.8799490306884102,False,
67896c4807b59990758d8491,152.0,19,19,20,20,14,20,20.0,20.0,1.5866480385664812,1.2671595718723154,1.1032033736199154,1.380090172914513,1.5756125538016157,0.10027193464245067,1.726688969494894,1.4671173633245298,1.4808898321341535,False,
6643bcf4ed868a9901a9dd7d,107.0,6,12,12,16,15,16,16.0,14.0,-0.42909422645986506,-2.7216037345559485,-0.951484319473154,-0.9213054592331322,0.4375059248830004,0.36468765270644765,0.5690481279528233,0.46116868143682904,-0.28973931498276934,False,
5cd063ce657e300016f6c95a,101.0,12,15,17,14,9,11,12.0,11.0,-0.6978598617967112,-0.8806360546659805,-0.07090387957612428,0.5170668108591461,-0.13154738957630735,-1.2218066556775342,-0.8780029239747651,-0.5447800004508717,-1.1750538885412307,False,
664ba1d1d71301161344e2a5,90.0,9,14,11,11,12,11,9.0,13.0,-1.1905968599142625,-1.8011198946109646,-0.3644306928751342,-1.208979913251588,-0.9851273612652689,-0.42855950148554334,-0.8780029239747651,-1.2992415118666474,-0.5848441728355898,False,
630386f64c5bbd56ab1c3b0f,70.0,8,18,5,10,5,8,8.0,8.0,-2.086482311037083,-2.1079478412592927,0.8096765603209055,-2.9350266373623217,-1.2696540184949228,-2.2794695279335224,-1.7462335551313182,-1.5507286823385726,-2.0603684620996923,False,
67519b91595db9a046359da0,111.0,14,15,15,13,16,13,12.0,13.0,-0.24991713623530096,-0.26698016136932456,-0.07090387957612428,-0.05828209717776525,-0.4160740468059612,0.6291033707704446,-0.29918250320372974,-0.5447800004508717,-0.5848441728355898,False,
6761f8be0534cd92e822e611,122.0,14,17,17,14,15,18,9.0,18.0,0.24281986188225033,-0.26698016136932456,0.5161497470218955,0.5170668108591461,-0.13154738957630735,0.36468765270644765,1.1478685487238587,-1.2992415118666474,0.8906801164285125,False,
674dc32400f538862eb27f89,142.0,18,16,19,15,19,17,18.0,20.0,1.1387053130050708,0.9603316252239874,0.22262293372288566,1.0924157188960575,0.15297926765334652,1.4223505249624355,0.858458338338341,0.9641430223806795,1.4808898321341535,False,
66505efb53953d2da6e1a8cd,111.0,14,17,12,16,11,11,13.0,17.0,-0.24991713623530096,-0.26698016136932456,0.5161497470218955,-0.9213054592331322,0.4375059248830004,-0.6929752195495403,-0.8780029239747651,-0.29329282997894657,0.595575258575692,False,
676af7a57cae28cecaf83c68,142.0,18,20,20,17,17,20,14.0,16.0,1.1387053130050708,0.9603316252239874,1.3967301869189255,1.380090172914513,0.7220325821126542,0.8935190888344416,1.726688969494894,-0.04180565950702135,0.30047040072287157,False,
6111ec391b7048bb53089f5d,130.0,15,13,18,20,15,19,16.0,14.0,0.6011740423313785,0.03984778527900344,-0.6579575061741442,0.8047412648776018,1.5756125538016157,0.36468765270644765,1.4372787591093763,0.46116868143682904,-0.28973931498276934,False,
678d4b5574c6a54d8f4cafd8,116.0,13,16,15,13,14,17,12.0,16.0,-0.025945773454595835,-0.5738081080176526,0.22262293372288566,-0.05828209717776525,-0.4160740468059612,0.10027193464245067,0.858458338338341,-0.5447800004508717,0.30047040072287157,False,
67822f906480ae6f11bf6942,116.0,14,14,15,15,16,15,14.0,13.0,-0.025945773454595835,-0.26698016136932456,-0.3644306928751342,-0.05828209717776525,0.15297926765334652,0.6291033707704446,0.2796379175673056,-0.04180565950702135,-0.5848441728355898,False,
678a7c0fa6dada0f1ffae746,131.0,18,17,18,11,17,15,18.0,17.0,0.6459683148875196,0.9603316252239874,0.5161497470218955,0.8047412648776018,-0.9851273612652689,0.8935190888344416,0.2796379175673056,0.9641430223806795,0.595575258575692,False,
6701b597d540eba733ee58c9,157.0,20,20,20,20,20,20,17.0,20.0,1.8106194013471864,1.5739875185206433,1.3967301869189255,1.380090172914513,1.5756125538016157,1.6867662430264325,1.726688969494894,0.7126558519087542,1.4808898321341535,True,Excluded by criteria
674ba6a23248254461461b54,82.0,14,10,11,10,9,8,8.0,12.0,-1.5489510403633908,-0.26698016136932456,-1.538537946071174,-1.208979913251588,-1.2696540184949228,-1.2218066556775342,-1.7462335551313182,-1.5507286823385726,-0.8799490306884102,False,
66c608b7c916342fbca4d075,160.0,20,20,20,20,20,20,20.0,20.0,1.9450022190156093,1.5739875185206433,1.3967301869189255,1.380090172914513,1.5756125538016157,1.6867662430264325,1.726688969494894,1.4671173633245298,1.4808898321341535,False,
66fb8a3730fd6deba2e671e3,79.0,10,14,11,8,10,9,8.0,9.0,-1.6833338580318138,-1.4942919479626364,-0.3644306928751342,-1.208979913251588,-1.8387073329542305,-0.9573909376135373,-1.4568233447458006,-1.5507286823385726,-1.7652636042468717,False,
5da6139c002c29001335b5a2,121.0,16,15,17,13,14,15,16.0,15.0,0.1980255893261093,0.3466757319273314,-0.07090387957612428,0.5170668108591461,-0.4160740468059612,0.10027193464245067,0.2796379175673056,0.46116868143682904,0.005365542870051119,False,
5e76d2652d882b2481d65066,86.0,15,11,12,10,9,11,6.0,12.0,-1.3697739501388266,0.03984778527900344,-1.245011132772164,-0.9213054592331322,-1.2696540184949228,-1.2218066556775342,-0.8780029239747651,-2.053703023282423,-0.8799490306884102,False,
5b68c9eb87af310001584803,136.0,17,19,19,17,16,17,16.0,15.0,0.8699396776682247,0.6535036785756594,1.1032033736199154,1.0924157188960575,0.7220325821126542,0.6291033707704446,0.858458338338341,0.46116868143682904,0.005365542870051119,False,
678a318061025ebe627384b6,144.0,16,20,18,19,16,18,19.0,18.0,1.2282938581173528,0.3466757319273314,1.3967301869189255,0.8047412648776018,1.291085896571962,0.6291033707704446,1.1478685487238587,1.2156301928526048,0.8906801164285125,False,
6612a3d099bbffc5cc1eebff,91.0,13,14,10,12,6,12,11.0,13.0,-1.1458025873581215,-0.5738081080176526,-0.3644306928751342,-1.4966543672700436,-0.700600704035615,-2.015053809869525,-0.5885927135892475,-0.796267170922797,-0.5848441728355898,False,
671c5ad0eb30c87c11b22ec4,107.0,13,15,14,15,14,14,10.0,12.0,-0.42909422645986506,-0.5738081080176526,-0.07090387957612428,-0.34595655119622093,0.15297926765334652,0.10027193464245067,-0.009772292818212064,-1.0477543413947221,-0.8799490306884102,False,
6727e10a76e80949064e1e6c,101.0,8,17,14,12,12,13,13.0,12.0,-0.6978598617967112,-2.1079478412592927,0.5161497470218955,-0.34595655119622093,-0.700600704035615,-0.42855950148554334,-0.29918250320372974,-0.29329282997894657,-0.8799490306884102,False,
67207ddb95109f11e89dcfb8,151.0,13,20,20,20,20,20,19.0,19.0,1.5418537660103402,-0.5738081080176526,1.3967301869189255,1.380090172914513,1.5756125538016157,1.6867662430264325,1.726688969494894,1.2156301928526048,1.185784974281333,False,
678dfec50cc874af0b76ab04,136.0,16,19,17,16,17,16,18.0,17.0,0.8699396776682247,0.3466757319273314,1.1032033736199154,0.5170668108591461,0.4375059248830004,0.8935190888344416,0.5690481279528233,0.9641430223806795,0.595575258575692,False,
676d800c5499f924389756b5,77.0,9,9,14,8,10,7,8.0,12.0,-1.772922403144096,-1.8011198946109646,-1.8320647593701838,-0.34595655119622093,-1.8387073329542305,-0.9573909376135373,-2.035643765516836,-1.5507286823385726,-0.8799490306884102,False,
6754d95f656838004bc46eed,95.0,14,12,12,12,12,10,10.0,13.0,-0.9666254971335574,-0.26698016136932456,-0.951484319473154,-0.9213054592331322,-0.700600704035615,-0.42855950148554334,-1.1674131343602827,-1.0477543413947221,-0.5848441728355898,False,
65de5ddcc637719fe458fc76,128.0,17,19,11,16,20,17,14.0,14.0,0.5115854972190965,0.6535036785756594,1.1032033736199154,-1.208979913251588,0.4375059248830004,1.6867662430264325,0.858458338338341,-0.04180565950702135,-0.28973931498276934,False,
6643d97ef7bef1480ec1166b,148.0,18,20,17,19,20,15,20.0,19.0,1.407470948341917,0.9603316252239874,1.3967301869189255,0.5170668108591461,1.291085896571962,1.6867662430264325,0.2796379175673056,1.4671173633245298,1.185784974281333,False,
6787a95f87a6e4a695780b13,85.0,9,8,11,13,11,10,13.0,10.0,-1.4145682226949676,-1.8011198946109646,-2.125591572669194,-1.208979913251588,-0.4160740468059612,-0.6929752195495403,-1.1674131343602827,-0.29329282997894657,-1.4701587463940513,False,
678b95e7567348686a870e6b,106.0,12,11,17,15,15,11,11.0,14.0,-0.4738884990160061,-0.8806360546659805,-1.245011132772164,0.5170668108591461,0.15297926765334652,0.36468765270644765,-0.8780029239747651,-0.796267170922797,-0.28973931498276934,False,
66a6bbb40b48d0e4f326767e,117.0,17,18,12,14,13,16,13.0,14.0,0.01884849910154519,0.6535036785756594,0.8096765603209055,-0.9213054592331322,-0.13154738957630735,-0.1641437834215463,0.5690481279528233,-0.29329282997894657,-0.28973931498276934,False,
65c181b4de219e8c75ae4fb8,92.0,18,12,10,8,12,10,8.0,14.0,-1.1010083148019805,0.9603316252239874,-0.951484319473154,-1.4966543672700436,-1.8387073329542305,-0.42855950148554334,-1.1674131343602827,-1.5507286823385726,-0.28973931498276934,False,
676fac81dc17021dfb5fad67,52.0,8,4,5,8,9,5,6.0,7.0,-2.8927792170476216,-2.1079478412592927,-3.2996988258652333,-2.9350266373623217,-1.8387073329542305,-1.2218066556775342,-2.6144641862878713,-2.053703023282423,-2.3554733199525124,False,
5cf398a1e55efc000127adae,82.0,13,13,8,10,8,9,10.0,11.0,-1.5489510403633908,-0.5738081080176526,-0.6579575061741442,-2.072003275306955,-1.2696540184949228,-1.4862223737415312,-1.4568233447458006,-1.0477543413947221,-1.1750538885412307,False,
653ed34dfa601f3952c72ed4,151.0,19,20,20,19,17,16,20.0,20.0,1.5418537660103402,1.2671595718723154,1.3967301869189255,1.380090172914513,1.291085896571962,0.8935190888344416,0.5690481279528233,1.4671173633245298,1.4808898321341535,False,
6779262b285a5b12c721ecee,123.0,11,10,20,14,15,15,20.0,18.0,0.28761413443839134,-1.1874640013143085,-1.538537946071174,1.380090172914513,-0.13154738957630735,0.36468765270644765,0.2796379175673056,1.4671173633245298,0.8906801164285125,False,
671050c226ff82aa6081d587,127.0,16,16,20,15,14,14,16.0,16.0,0.4667912246629555,0.3466757319273314,0.22262293372288566,1.380090172914513,0.15297926765334652,0.10027193464245067,-0.009772292818212064,0.46116868143682904,0.30047040072287157,False,
6733c03807f9f957e2eb1382,112.0,17,13,18,11,9,14,12.0,18.0,-0.20512286367915994,0.6535036785756594,-0.6579575061741442,0.8047412648776018,-0.9851273612652689,-1.2218066556775342,-0.009772292818212064,-0.5447800004508717,0.8906801164285125,False,
5d96eeed1998fb00177f6b71,109.0,14,14,14,13,13,13,14.0,14.0,-0.339505681347583,-0.26698016136932456,-0.3644306928751342,-0.34595655119622093,-0.4160740468059612,-0.1641437834215463,-0.29918250320372974,-0.04180565950702135,-0.28973931498276934,False,
610466e3fb619bdbdf8eb32d,126.0,16,16,15,11,16,15,19.0,18.0,0.4219969521068144,0.3466757319273314,0.22262293372288566,-0.05828209717776525,-0.9851273612652689,0.6291033707704446,0.2796379175673056,1.2156301928526048,0.8906801164285125,False,
676ef830be06454935800ec3,77.0,8,11,15,6,9,11,10.0,7.0,-1.772922403144096,-2.1079478412592927,-1.245011132772164,-0.05828209717776525,-2.407760647413538,-1.2218066556775342,-0.8780029239747651,-1.0477543413947221,-2.3554733199525124,False,
676eb8d5dd1b9e51d21ec734,105.0,11,14,14,13,11,13,15.0,14.0,-0.5186827715721471,-1.1874640013143085,-0.3644306928751342,-0.34595655119622093,-0.4160740468059612,-0.6929752195495403,-0.29918250320372974,0.20968151096490387,-0.28973931498276934,False,
6699571ba83beb19c5acbfef,125.0,16,19,16,18,10,16,10.0,20.0,0.3772026795506734,0.3466757319273314,1.1032033736199154,0.2293923568406904,1.0065592393423082,-0.9573909376135373,0.5690481279528233,-1.0477543413947221,1.4808898321341535,False,
67228eb9f3f694a42b636b7f,130.0,17,18,17,16,16,16,12.0,18.0,0.6011740423313785,0.6535036785756594,0.8096765603209055,0.5170668108591461,0.4375059248830004,0.6291033707704446,0.5690481279528233,-0.5447800004508717,0.8906801164285125,False,
66b435b1d2d981a3ab684c2d,130.0,16,15,16,17,15,15,18.0,18.0,0.6011740423313785,0.3466757319273314,-0.07090387957612428,0.2293923568406904,0.7220325821126542,0.36468765270644765,0.2796379175673056,0.9641430223806795,0.8906801164285125,False,
674d61ec8e80ca5159d6aa56,121.0,14,16,17,14,17,15,14.0,14.0,0.1980255893261093,-0.26698016136932456,0.22262293372288566,0.5170668108591461,-0.13154738957630735,0.8935190888344416,0.2796379175673056,-0.04180565950702135,-0.28973931498276934,False,
671eff2e0b8f048504452726,149.0,18,18,20,17,17,20,19.0,20.0,1.452265220898058,0.9603316252239874,0.8096765603209055,1.380090172914513,0.7220325821126542,0.8935190888344416,1.726688969494894,1.2156301928526048,1.4808898321341535,False,
605e42cc59833acecfd3f301,117.0,16,16,12,15,14,13,12.0,19.0,0.01884849910154519,0.3466757319273314,0.22262293372288566,-0.9213054592331322,0.15297926765334652,0.10027193464245067,-0.29918250320372974,-0.5447800004508717,1.185784974281333,False,
678e5e240021ccd474206641,122.0,17,10,20,16,15,13,16.0,15.0,0.24281986188225033,0.6535036785756594,-1.538537946071174,1.380090172914513,0.4375059248830004,0.36468765270644765,-0.29918250320372974,0.46116868143682904,0.005365542870051119,False,
67693470121578a6dff417d2,131.0,13,15,20,16,12,18,19.0,18.0,0.6459683148875196,-0.5738081080176526,-0.07090387957612428,1.380090172914513,0.4375059248830004,-0.42855950148554334,1.1478685487238587,1.2156301928526048,0.8906801164285125,False,
6786e77f621a9c066c534e78,111.0,15,18,16,10,14,14,13.0,11.0,-0.24991713623530096,0.03984778527900344,0.8096765603209055,0.2293923568406904,-1.2696540184949228,0.10027193464245067,-0.009772292818212064,-0.29329282997894657,-1.1750538885412307,False,
677fafc0a5ea31abbf20ebad,122.0,17,15,18,12,13,15,16.0,16.0,0.24281986188225033,0.6535036785756594,-0.07090387957612428,0.8047412648776018,-0.700600704035615,-0.1641437834215463,0.2796379175673056,0.46116868143682904,0.30047040072287157,False,
5f4539788c48690d1f71bfcc,112.0,12,16,14,14,18,12,13.0,13.0,-0.20512286367915994,-0.8806360546659805,0.22262293372288566,-0.34595655119622093,-0.13154738957630735,1.1579348068984385,-0.5885927135892475,-0.29329282997894657,-0.5848441728355898,False,
5efe44bebdee09152fe08acc,103.0,13,15,14,10,13,12,10.0,16.0,-0.6082713166844291,-0.5738081080176526,-0.07090387957612428,-0.34595655119622093,-1.2696540184949228,-0.1641437834215463,-0.5885927135892475,-1.0477543413947221,0.30047040072287157,False,
676d592187581f23f60331bb,113.0,18,19,12,10,13,14,12.0,15.0,-0.16032859112301892,0.9603316252239874,1.1032033736199154,-0.9213054592331322,-1.2696540184949228,-0.1641437834215463,-0.009772292818212064,-0.5447800004508717,0.005365542870051119,False,
55a9f6a1fdf99b2d81b5295f,90.0,9,14,13,13,10,9,9.0,13.0,-1.1905968599142625,-1.8011198946109646,-0.3644306928751342,-0.6336310052146765,-0.4160740468059612,-0.9573909376135373,-1.4568233447458006,-1.2992415118666474,-0.5848441728355898,False,
583d5dd49c5f2a0001b85f40,126.0,17,16,15,18,18,16,12.0,14.0,0.4219969521068144,0.6535036785756594,0.22262293372288566,-0.05828209717776525,1.0065592393423082,1.1579348068984385,0.5690481279528233,-0.5447800004508717,-0.28973931498276934,False,
678e92010390e1c202944292,153.0,20,20,20,18,20,18,18.0,19.0,1.6314423111226222,1.5739875185206433,1.3967301869189255,1.380090172914513,1.0065592393423082,1.6867662430264325,1.1478685487238587,0.9641430223806795,1.185784974281333,True,Excluded by criteria
676d40e2915d059bf7ef62e8,147.0,17,17,19,18,19,19,19.0,19.0,1.362676675785776,0.6535036785756594,0.5161497470218955,1.0924157188960575,1.0065592393423082,1.4223505249624355,1.4372787591093763,1.2156301928526048,1.185784974281333,False,
678755cc09f64198c984b217,122.0,16,13,16,15,15,16,16.0,15.0,0.24281986188225033,0.3466757319273314,-0.6579575061741442,0.2293923568406904,0.15297926765334652,0.36468765270644765,0.5690481279528233,0.46116868143682904,0.005365542870051119,False,
5eb342dff78ab11407daf144,134.0,17,16,14,18,18,13,18.0,20.0,0.7803511325559427,0.6535036785756594,0.22262293372288566,-0.34595655119622093,1.0065592393423082,1.1579348068984385,-0.29918250320372974,0.9641430223806795,1.4808898321341535,False,
6784b7b57a26bfddbafe40e6,130.0,16,19,15,17,18,15,15.0,15.0,0.6011740423313785,0.3466757319273314,1.1032033736199154,-0.05828209717776525,0.7220325821126542,1.1579348068984385,0.2796379175673056,0.20968151096490387,0.005365542870051119,False,
565a3d24c51d430005875042,100.0,12,16,10,13,9,13,13.0,14.0,-0.7426541343528522,-0.8806360546659805,0.22262293372288566,-1.4966543672700436,-0.4160740468059612,-1.2218066556775342,-0.29918250320372974,-0.29329282997894657,-0.28973931498276934,False,
660e2337aad9e33736f08e84,118.0,18,17,16,16,15,8,12.0,16.0,0.06364277165768621,0.9603316252239874,0.5161497470218955,0.2293923568406904,0.4375059248830004,0.36468765270644765,-1.7462335551313182,-0.5447800004508717,0.30047040072287157,False,
6711c745bcc0626c2de36d07,96.0,11,16,11,12,8,15,11.0,12.0,-0.9218312245774164,-1.1874640013143085,0.22262293372288566,-1.208979913251588,-0.700600704035615,-1.4862223737415312,0.2796379175673056,-0.796267170922797,-0.8799490306884102,False,
678b749494dd9deb974cb25f,130.0,20,20,15,13,14,19,14.0,15.0,0.6011740423313785,1.5739875185206433,1.3967301869189255,-0.05828209717776525,-0.4160740468059612,0.10027193464245067,1.4372787591093763,-0.04180565950702135,0.005365542870051119,False,
677e333ee5769779d2fb960f,130.0,16,17,19,17,15,11,20.0,15.0,0.6011740423313785,0.3466757319273314,0.5161497470218955,1.0924157188960575,0.7220325821126542,0.36468765270644765,-0.8780029239747651,1.4671173633245298,0.005365542870051119,False,
6630ec1ebe18d48a3cecb54e,125.0,12,16,16,18,14,18,16.0,15.0,0.3772026795506734,-0.8806360546659805,0.22262293372288566,0.2293923568406904,1.0065592393423082,0.10027193464245067,1.1478685487238587,0.46116868143682904,0.005365542870051119,False,
5d4869cc692e5400197a980c,106.0,12,12,12,14,14,13,14.0,15.0,-0.4738884990160061,-0.8806360546659805,-0.951484319473154,-0.9213054592331322,-0.13154738957630735,0.10027193464245067,-0.29918250320372974,-0.04180565950702135,0.005365542870051119,False,
677aae4e7390567a435c3c23,106.0,14,13,16,9,10,13,20.0,11.0,-0.4738884990160061,-0.26698016136932456,-0.6579575061741442,0.2293923568406904,-1.5541806757245766,-0.9573909376135373,-0.29918250320372974,1.4671173633245298,-1.1750538885412307,False,
67329e974d0c9d4221e4c4ac,143.0,14,20,17,20,17,19,16.0,20.0,1.1834995855612118,-0.26698016136932456,1.3967301869189255,0.5170668108591461,1.5756125538016157,0.8935190888344416,1.4372787591093763,0.46116868143682904,1.4808898321341535,False,
55ec49b67480920010aaa4e8,115.0,14,15,17,14,14,15,13.0,13.0,-0.07074004601073686,-0.26698016136932456,-0.07090387957612428,0.5170668108591461,-0.13154738957630735,0.10027193464245067,0.2796379175673056,-0.29329282997894657,-0.5848441728355898,False,
672a3b3af4fe3ca8478cd6c6,120.0,17,19,15,17,17,14,4.0,17.0,0.15323131676996826,0.6535036785756594,1.1032033736199154,-0.05828209717776525,0.7220325821126542,0.8935190888344416,-0.009772292818212064,-2.5566773642262732,0.595575258575692,False,
675ed2ef6a6a6ae2ce682c30,94.0,14,13,11,14,9,11,12.0,10.0,-1.0114197696896985,-0.26698016136932456,-0.6579575061741442,-1.208979913251588,-0.13154738957630735,-1.2218066556775342,-0.8780029239747651,-0.5447800004508717,-1.4701587463940513,False,
67880f3fcfe89c43f375f668,100.0,15,13,11,16,14,14,6.0,11.0,-0.7426541343528522,0.03984778527900344,-0.6579575061741442,-1.208979913251588,0.4375059248830004,0.10027193464245067,-0.009772292818212064,-2.053703023282423,-1.1750538885412307,False,
66046ee084b12b781cb49495,89.0,12,11,11,14,10,11,8.0,12.0,-1.2353911324704037,-0.8806360546659805,-1.245011132772164,-1.208979913251588,-0.13154738957630735,-0.9573909376135373,-0.8780029239747651,-1.5507286823385726,-0.8799490306884102,False,
67808d0260180c6133619b2b,108.0,14,14,13,13,16,12,13.0,13.0,-0.38429995390372407,-0.26698016136932456,-0.3644306928751342,-0.6336310052146765,-0.4160740468059612,0.6291033707704446,-0.5885927135892475,-0.29329282997894657,-0.5848441728355898,False,
6738c218706186b3fe8e8f56,141.0,17,16,20,17,15,18,20.0,18.0,1.0939110404489298,0.6535036785756594,0.22262293372288566,1.380090172914513,0.7220325821126542,0.36468765270644765,1.1478685487238587,1.4671173633245298,0.8906801164285125,False,
67856f922cc646ac823a1660,147.0,17,15,20,20,15,20,20.0,20.0,1.362676675785776,0.6535036785756594,-0.07090387957612428,1.380090172914513,1.5756125538016157,0.36468765270644765,1.726688969494894,1.4671173633245298,1.4808898321341535,False,
5f81fc9446ee002f681ea5e3,105.0,10,16,13,16,8,16,13.0,13.0,-0.5186827715721471,-1.4942919479626364,0.22262293372288566,-0.6336310052146765,0.4375059248830004,-1.4862223737415312,0.5690481279528233,-0.29329282997894657,-0.5848441728355898,False,
678ac1267cd2b3ce8d1fbf69,125.0,11,20,20,19,15,15,11.0,14.0,0.3772026795506734,-1.1874640013143085,1.3967301869189255,1.380090172914513,1.291085896571962,0.36468765270644765,0.2796379175673056,-0.796267170922797,-0.28973931498276934,False,
66eddeb07ae1f7510780b109,112.0,14,12,15,10,13,12,19.0,17.0,-0.20512286367915994,-0.26698016136932456,-0.951484319473154,-0.05828209717776525,-1.2696540184949228,-0.1641437834215463,-0.5885927135892475,1.2156301928526048,0.595575258575692,False,
5a6e8532e6cc4a0001b6d728,124.0,13,20,19,17,12,16,14.0,13.0,0.3324084069945324,-0.5738081080176526,1.3967301869189255,1.0924157188960575,0.7220325821126542,-0.42855950148554334,0.5690481279528233,-0.04180565950702135,-0.5848441728355898,False,
654e6dcbb060f1ea2d712339,149.0,20,17,20,17,20,18,17.0,20.0,1.452265220898058,1.5739875185206433,0.5161497470218955,1.380090172914513,0.7220325821126542,1.6867662430264325,1.1478685487238587,0.7126558519087542,1.4808898321341535,False,
6631185d17f78b1877ba88cb,102.0,14,16,15,14,12,6,10.0,15.0,-0.6530655892405702,-0.26698016136932456,0.22262293372288566,-0.05828209717776525,-0.13154738957630735,-0.42855950148554334,-2.3250539759023536,-1.0477543413947221,0.005365542870051119,False,
670cf1827819b4f39133584b,118.0,15,15,13,14,14,16,15.0,16.0,0.06364277165768621,0.03984778527900344,-0.07090387957612428,-0.6336310052146765,-0.13154738957630735,0.10027193464245067,0.5690481279528233,0.20968151096490387,0.30047040072287157,False,
61216580798476e2db75fc79,160.0,20,20,20,20,20,20,20.0,20.0,1.9450022190156093,1.5739875185206433,1.3967301869189255,1.380090172914513,1.5756125538016157,1.6867662430264325,1.726688969494894,1.4671173633245298,1.4808898321341535,True,Excluded by criteria
677f26f141f0ce49707accc6,136.0,18,18,20,19,9,12,20.0,20.0,0.8699396776682247,0.9603316252239874,0.8096765603209055,1.380090172914513,1.291085896571962,-1.2218066556775342,-0.5885927135892475,1.4671173633245298,1.4808898321341535,False,
664f98c80beb5400a141ac91,144.0,17,16,19,18,18,18,18.0,20.0,1.2282938581173528,0.6535036785756594,0.22262293372288566,1.0924157188960575,1.0065592393423082,1.1579348068984385,1.1478685487238587,0.9641430223806795,1.4808898321341535,False,
672b60eb227e2b01fd1f88b5,160.0,20,20,20,20,20,20,20.0,20.0,1.9450022190156093,1.5739875185206433,1.3967301869189255,1.380090172914513,1.5756125538016157,1.6867662430264325,1.726688969494894,1.4671173633245298,1.4808898321341535,False,
6781563ac4093eb7a7433ff3,137.0,17,17,18,20,17,16,14.0,18.0,0.9147339502243658,0.6535036785756594,0.5161497470218955,0.8047412648776018,1.5756125538016157,0.8935190888344416,0.5690481279528233,-0.04180565950702135,0.8906801164285125,False,
675c3fae9f1afa4c4207dab3,121.0,15,16,19,17,14,10,14.0,16.0,0.1980255893261093,0.03984778527900344,0.22262293372288566,1.0924157188960575,0.7220325821126542,0.10027193464245067,-1.1674131343602827,-0.04180565950702135,0.30047040072287157,False,
673d814ffa7de7d961e6bc53,126.0,16,16,16,16,16,14,16.0,16.0,0.4219969521068144,0.3466757319273314,0.22262293372288566,0.2293923568406904,0.4375059248830004,0.6291033707704446,-0.009772292818212064,0.46116868143682904,0.30047040072287157,True,Excluded by criteria
661ea4cacedd4c83df3a2dcb,73.0,11,13,9,12,5,7,7.0,9.0,-1.95209949336866,-1.1874640013143085,-0.6579575061741442,-1.7843288212884991,-0.700600704035615,-2.2794695279335224,-2.035643765516836,-1.802215852810498,-1.7652636042468717,False,
67841f5e6071ec5527f9c27f,109.0,13,15,14,18,9,13,14.0,13.0,-0.339505681347583,-0.5738081080176526,-0.07090387957612428,-0.34595655119622093,1.0065592393423082,-1.2218066556775342,-0.29918250320372974,-0.04180565950702135,-0.5848441728355898,False,
6740484e188a64793529ee77,105.0,15,13,6,15,11,16,15.0,14.0,-0.5186827715721471,0.03984778527900344,-0.6579575061741442,-2.647352183343866,0.15297926765334652,-0.6929752195495403,0.5690481279528233,0.20968151096490387,-0.28973931498276934,False,
60e5cb4ca01a593fce9a379d,128.0,20,14,14,16,16,16,16.0,16.0,0.5115854972190965,1.5739875185206433,-0.3644306928751342,-0.34595655119622093,0.4375059248830004,0.6291033707704446,0.5690481279528233,0.46116868143682904,0.30047040072287157,False,
62786f21e2cc1d6adeea0a79,125.0,15,15,18,18,13,15,15.0,16.0,0.3772026795506734,0.03984778527900344,-0.07090387957612428,0.8047412648776018,1.0065592393423082,-0.1641437834215463,0.2796379175673056,0.20968151096490387,0.30047040072287157,False,
677614004b333b9a50de9d41,32.0,4,4,4,4,4,4,4.0,4.0,-3.788664668170442,-3.3352596278526043,-3.2996988258652333,-3.2227010913807774,-2.9768139618728457,-2.543885245997519,-2.903874396673389,-2.5566773642262732,-3.240787893510974,False,
671fbc510bb94767d36db746,137.0,16,18,19,17,15,16,18.0,18.0,0.9147339502243658,0.3466757319273314,0.8096765603209055,1.0924157188960575,0.7220325821126542,0.36468765270644765,0.5690481279528233,0.9641430223806795,0.8906801164285125,False,
677b43188ec54f1186b62411,134.0,15,20,16,20,18,14,16.0,15.0,0.7803511325559427,0.03984778527900344,1.3967301869189255,0.2293923568406904,1.5756125538016157,1.1579348068984385,-0.009772292818212064,0.46116868143682904,0.005365542870051119,False,
67863d420c27f3b6e5f57073,148.0,18,18,17,19,18,20,19.0,19.0,1.407470948341917,0.9603316252239874,0.8096765603209055,0.5170668108591461,1.291085896571962,1.1579348068984385,1.726688969494894,1.2156301928526048,1.185784974281333,False,
5d6513f46f5284000118ef1d,102.0,13,14,13,12,12,12,12.0,14.0,-0.6530655892405702,-0.5738081080176526,-0.3644306928751342,-0.6336310052146765,-0.700600704035615,-0.42855950148554334,-0.5885927135892475,-0.5447800004508717,-0.28973931498276934,False,
66f6e3a582de0614bd19b481,55.0,6,7,11,8,8,5,4.0,6.0,-2.7583963993791984,-2.7216037345559485,-2.4191183859682037,-1.208979913251588,-1.8387073329542305,-1.4862223737415312,-2.6144641862878713,-2.5566773642262732,-2.650578177805333,False,
63ebd39a63bb79b50d438ab7,110.0,9,12,17,13,15,13,15.0,16.0,-0.294711408791442,-1.8011198946109646,-0.951484319473154,0.5170668108591461,-0.4160740468059612,0.36468765270644765,-0.29918250320372974,0.20968151096490387,0.30047040072287157,False,
671f3e367fa293418ae68c42,100.0,20,20,20,16,8,8,4.0,4.0,-0.7426541343528522,1.5739875185206433,1.3967301869189255,1.380090172914513,0.4375059248830004,-1.4862223737415312,-1.7462335551313182,-2.5566773642262732,-3.240787893510974,False,
58a229e74d580c0001e0a766,103.0,10,16,9,16,10,17,8.0,17.0,-0.6082713166844291,-1.4942919479626364,0.22262293372288566,-1.7843288212884991,0.4375059248830004,-0.9573909376135373,0.858458338338341,-1.5507286823385726,0.595575258575692,False,
66c8abe49537b182dcbd2049,115.0,15,14,12,15,15,15,11.0,18.0,-0.07074004601073686,0.03984778527900344,-0.3644306928751342,-0.9213054592331322,0.15297926765334652,0.36468765270644765,0.2796379175673056,-0.796267170922797,0.8906801164285125,False,
63e6378e04ade071ebf9ff9c,151.0,17,19,20,18,20,20,20.0,17.0,1.5418537660103402,0.6535036785756594,1.1032033736199154,1.380090172914513,1.0065592393423082,1.6867662430264325,1.726688969494894,1.4671173633245298,0.595575258575692,False,
5dd671942b033b5ec8bc97b4,119.0,18,16,14,17,15,13,10.0,16.0,0.10843704421382724,0.9603316252239874,0.22262293372288566,-0.34595655119622093,0.7220325821126542,0.36468765270644765,-0.29918250320372974,-1.0477543413947221,0.30047040072287157,False,
678aa22eb5db2af9be397452,134.0,16,19,12,20,16,17,17.0,17.0,0.7803511325559427,0.3466757319273314,1.1032033736199154,-0.9213054592331322,1.5756125538016157,0.6291033707704446,0.858458338338341,0.7126558519087542,0.595575258575692,False,
6736142695794b6108842ed2,94.0,11,12,10,13,12,13,9.0,14.0,-1.0114197696896985,-1.1874640013143085,-0.951484319473154,-1.4966543672700436,-0.4160740468059612,-0.42855950148554334,-0.29918250320372974,-1.2992415118666474,-0.28973931498276934,False,
6716dbc5faa8d435d67f0ed7,144.0,20,18,20,12,19,16,19.0,20.0,1.2282938581173528,1.5739875185206433,0.8096765603209055,1.380090172914513,-0.700600704035615,1.4223505249624355,0.5690481279528233,1.2156301928526048,1.4808898321341535,False,
67253dbcd4950a2168aa7741,138.0,19,20,20,17,17,13,19.0,13.0,0.9595282227805068,1.2671595718723154,1.3967301869189255,1.380090172914513,0.7220325821126542,0.8935190888344416,-0.29918250320372974,1.2156301928526048,-0.5848441728355898,False,
62ffa989dbd072768cd2a14e,122.0,16,16,15,17,13,15,15.0,15.0,0.24281986188225033,0.3466757319273314,0.22262293372288566,-0.05828209717776525,0.7220325821126542,-0.1641437834215463,0.2796379175673056,0.20968151096490387,0.005365542870051119,False,
664f408259a7d76b52e2ae25,126.0,14,17,20,13,13,12,20.0,17.0,0.4219969521068144,-0.26698016136932456,0.5161497470218955,1.380090172914513,-0.4160740468059612,-0.1641437834215463,-0.5885927135892475,1.4671173633245298,0.595575258575692,False,
58d1f1038084450001956fdc,116.0,13,15,16,13,16,12,15.0,16.0,-0.025945773454595835,-0.5738081080176526,-0.07090387957612428,0.2293923568406904,-0.4160740468059612,0.6291033707704446,-0.5885927135892475,0.20968151096490387,0.30047040072287157,True,Excluded by criteria
6668d4917e343a318af11adf,105.0,12,20,14,14,13,12,9.0,11.0,-0.5186827715721471,-0.8806360546659805,1.3967301869189255,-0.34595655119622093,-0.13154738957630735,-0.1641437834215463,-0.5885927135892475,-1.2992415118666474,-1.1750538885412307,False,
6780b105e7a5923128d8457d,118.0,19,10,13,16,18,16,16.0,10.0,0.06364277165768621,1.2671595718723154,-1.538537946071174,-0.6336310052146765,0.4375059248830004,1.1579348068984385,0.5690481279528233,0.46116868143682904,-1.4701587463940513,False,
67824ed63aa44baedbe5d46f,126.0,15,14,18,18,9,14,19.0,19.0,0.4219969521068144,0.03984778527900344,-0.3644306928751342,0.8047412648776018,1.0065592393423082,-1.2218066556775342,-0.009772292818212064,1.2156301928526048,1.185784974281333,False,
669b00d76af70db9da1b0301,127.0,12,18,16,16,17,14,17.0,17.0,0.4667912246629555,-0.8806360546659805,0.8096765603209055,0.2293923568406904,0.4375059248830004,0.8935190888344416,-0.009772292818212064,0.7126558519087542,0.595575258575692,False,
60ff8f48909c68ae805ea2ba,88.0,10,11,13,7,10,13,13.0,11.0,-1.2801854050265447,-1.4942919479626364,-1.245011132772164,-0.6336310052146765,-2.123233990183884,-0.9573909376135373,-0.29918250320372974,-0.29329282997894657,-1.1750538885412307,False,
678851f427536397f63120bf,90.0,13,12,16,8,7,15,8.0,11.0,-1.1905968599142625,-0.5738081080176526,-0.951484319473154,0.2293923568406904,-1.8387073329542305,-1.7506380918055282,0.2796379175673056,-1.5507286823385726,-1.1750538885412307,False,
5c0245f0a9d1ef00011816ea,120.0,15,17,17,15,14,13,14.0,15.0,0.15323131676996826,0.03984778527900344,0.5161497470218955,0.5170668108591461,0.15297926765334652,0.10027193464245067,-0.29918250320372974,-0.04180565950702135,0.005365542870051119,False,
5c2c62542c45d400014a32e6,85.0,13,12,11,10,9,9,10.0,11.0,-1.4145682226949676,-0.5738081080176526,-0.951484319473154,-1.208979913251588,-1.2696540184949228,-1.2218066556775342,-1.4568233447458006,-1.0477543413947221,-1.1750538885412307,False,
66bab7aa032ffe5aeb0a3834,128.0,14,12,17,18,20,11,20.0,16.0,0.5115854972190965,-0.26698016136932456,-0.951484319473154,0.5170668108591461,1.0065592393423082,1.6867662430264325,-0.8780029239747651,1.4671173633245298,0.30047040072287157,False,
675402ab00652943d80d7ddb,115.0,15,15,18,11,14,14,13.0,15.0,-0.07074004601073686,0.03984778527900344,-0.07090387957612428,0.8047412648776018,-0.9851273612652689,0.10027193464245067,-0.009772292818212064,-0.29329282997894657,0.005365542870051119,False,
6766a8b9f2f6140bdb9fab39,112.0,15,13,18,13,11,15,14.0,13.0,-0.20512286367915994,0.03984778527900344,-0.6579575061741442,0.8047412648776018,-0.4160740468059612,-0.6929752195495403,0.2796379175673056,-0.04180565950702135,-0.5848441728355898,False,
66f5c81fa771db6db1bc2382,116.0,14,13,16,15,15,14,13.0,16.0,-0.025945773454595835,-0.26698016136932456,-0.6579575061741442,0.2293923568406904,0.15297926765334652,0.36468765270644765,-0.009772292818212064,-0.29329282997894657,0.30047040072287157,False,
62fb84322433c8d7e890a145,119.0,16,20,16,14,12,14,11.0,16.0,0.10843704421382724,0.3466757319273314,1.3967301869189255,0.2293923568406904,-0.13154738957630735,-0.42855950148554334,-0.009772292818212064,-0.796267170922797,0.30047040072287157,False,
65a4598a91a3f0e75374a8c4,111.0,15,15,10,14,14,12,14.0,17.0,-0.24991713623530096,0.03984778527900344,-0.07090387957612428,-1.4966543672700436,-0.13154738957630735,0.10027193464245067,-0.5885927135892475,-0.04180565950702135,0.595575258575692,False,
674083da048a73d78070ea5b,147.0,18,18,18,19,18,19,19.0,18.0,1.362676675785776,0.9603316252239874,0.8096765603209055,0.8047412648776018,1.291085896571962,1.1579348068984385,1.4372787591093763,1.2156301928526048,0.8906801164285125,False,
676b5cae2bdeb2fceba3e9cb,120.0,12,20,14,15,13,16,13.0,17.0,0.15323131676996826,-0.8806360546659805,1.3967301869189255,-0.34595655119622093,0.15297926765334652,-0.1641437834215463,0.5690481279528233,-0.29329282997894657,0.595575258575692,False,
6785fc7153cd5fe0e7d2cc0a,149.0,20,20,20,19,17,17,17.0,19.0,1.452265220898058,1.5739875185206433,1.3967301869189255,1.380090172914513,1.291085896571962,0.8935190888344416,0.858458338338341,0.7126558519087542,1.185784974281333,True,Excluded by criteria
67759a26b7a5424ec5d0c0a1,142.0,18,19,20,12,17,17,20.0,19.0,1.1387053130050708,0.9603316252239874,1.1032033736199154,1.380090172914513,-0.700600704035615,0.8935190888344416,0.858458338338341,1.4671173633245298,1.185784974281333,False,
677d1f4f3c247c1a7a6fb57f,121.0,15,14,15,16,15,16,15.0,15.0,0.1980255893261093,0.03984778527900344,-0.3644306928751342,-0.05828209717776525,0.4375059248830004,0.36468765270644765,0.5690481279528233,0.20968151096490387,0.005365542870051119,False,
66d9fc2d2b46f520118ea65f,136.0,13,19,19,16,16,16,17.0,20.0,0.8699396776682247,-0.5738081080176526,1.1032033736199154,1.0924157188960575,0.4375059248830004,0.6291033707704446,0.5690481279528233,0.7126558519087542,1.4808898321341535,False,
676063838d4db0d3eaa69c2b,160.0,20,20,20,20,20,20,20.0,20.0,1.9450022190156093,1.5739875185206433,1.3967301869189255,1.380090172914513,1.5756125538016157,1.6867662430264325,1.726688969494894,1.4671173633245298,1.4808898321341535,False,
663ec602f5dc7af6ccc1c2d0,96.0,11,14,14,12,11,12,12.0,10.0,-0.9218312245774164,-1.1874640013143085,-0.3644306928751342,-0.34595655119622093,-0.700600704035615,-0.6929752195495403,-0.5885927135892475,-0.5447800004508717,-1.4701587463940513,False,
67227eb3d24e7ab203397120,126.0,17,14,15,12,20,14,17.0,17.0,0.4219969521068144,0.6535036785756594,-0.3644306928751342,-0.05828209717776525,-0.700600704035615,1.6867662430264325,-0.009772292818212064,0.7126558519087542,0.595575258575692,False,
671469967e2a4f2e612e3846,153.0,17,20,20,20,18,20,18.0,20.0,1.6314423111226222,0.6535036785756594,1.3967301869189255,1.380090172914513,1.5756125538016157,1.1579348068984385,1.726688969494894,0.9641430223806795,1.4808898321341535,False,
6750c18b7e2026c4edd0ad26,130.0,15,20,17,17,14,13,18.0,16.0,0.6011740423313785,0.03984778527900344,1.3967301869189255,0.5170668108591461,0.7220325821126542,0.10027193464245067,-0.29918250320372974,0.9641430223806795,0.30047040072287157,False,
5df967d2f6191f6e87b236e6,146.0,20,20,20,20,16,15,20.0,15.0,1.317882403229635,1.5739875185206433,1.3967301869189255,1.380090172914513,1.5756125538016157,0.6291033707704446,0.2796379175673056,1.4671173633245298,0.005365542870051119,False,
5d776e218a8d1d00166d36a6,127.0,16,18,17,14,15,14,16.0,17.0,0.4667912246629555,0.3466757319273314,0.8096765603209055,0.5170668108591461,-0.13154738957630735,0.36468765270644765,-0.009772292818212064,0.46116868143682904,0.595575258575692,False,
66849ebd4dd65cfd282d2ad5,136.0,17,20,16,18,20,17,14.0,14.0,0.8699396776682247,0.6535036785756594,1.3967301869189255,0.2293923568406904,1.0065592393423082,1.6867662430264325,0.858458338338341,-0.04180565950702135,-0.28973931498276934,False,
668f41cc549b163c5d45534e,102.0,12,17,13,11,11,12,11.0,15.0,-0.6530655892405702,-0.8806360546659805,0.5161497470218955,-0.6336310052146765,-0.9851273612652689,-0.6929752195495403,-0.5885927135892475,-0.796267170922797,0.005365542870051119,False,
656cef93133dd04969014614,129.0,18,17,15,19,15,14,16.0,15.0,0.5563797697752375,0.9603316252239874,0.5161497470218955,-0.05828209717776525,1.291085896571962,0.36468765270644765,-0.009772292818212064,0.46116868143682904,0.005365542870051119,False,
610341bbc7f7114aea9a2cea,130.0,20,20,20,17,11,14,16.0,12.0,0.6011740423313785,1.5739875185206433,1.3967301869189255,1.380090172914513,0.7220325821126542,-0.6929752195495403,-0.009772292818212064,0.46116868143682904,-0.8799490306884102,False,
6547bf8012d4702680d55663,59.0,8,8,10,9,5,8,4.0,7.0,-2.5792193091546345,-2.1079478412592927,-2.125591572669194,-1.4966543672700436,-1.5541806757245766,-2.2794695279335224,-1.7462335551313182,-2.5566773642262732,-2.3554733199525124,False,
666dd3d9e53e0ff59d7cc164,118.0,17,17,16,16,12,14,10.0,16.0,0.06364277165768621,0.6535036785756594,0.5161497470218955,0.2293923568406904,0.4375059248830004,-0.42855950148554334,-0.009772292818212064,-1.0477543413947221,0.30047040072287157,False,
66122c3b55a1487b4e58e292,120.0,12,14,15,15,16,16,16.0,16.0,0.15323131676996826,-0.8806360546659805,-0.3644306928751342,-0.05828209717776525,0.15297926765334652,0.6291033707704446,0.5690481279528233,0.46116868143682904,0.30047040072287157,False,
657ca800404c8884226c8f42,121.0,13,16,16,15,14,16,15.0,16.0,0.1980255893261093,-0.5738081080176526,0.22262293372288566,0.2293923568406904,0.15297926765334652,0.10027193464245067,0.5690481279528233,0.20968151096490387,0.30047040072287157,False,
678c0db9c6a63a1de276a649,116.0,20,7,18,9,16,17,13.0,16.0,-0.025945773454595835,1.5739875185206433,-2.4191183859682037,0.8047412648776018,-1.5541806757245766,0.6291033707704446,0.858458338338341,-0.29329282997894657,0.30047040072287157,False,
65fa95fafeda35caf378b6f9,85.0,12,12,12,12,9,9,8.0,11.0,-1.4145682226949676,-0.8806360546659805,-0.951484319473154,-0.9213054592331322,-0.700600704035615,-1.2218066556775342,-1.4568233447458006,-1.5507286823385726,-1.1750538885412307,False,
60fdc934e81b93f92f561d76,127.0,15,15,19,14,13,17,15.0,19.0,0.4667912246629555,0.03984778527900344,-0.07090387957612428,1.0924157188960575,-0.13154738957630735,-0.1641437834215463,0.858458338338341,0.20968151096490387,1.185784974281333,False,
67855ba77a8e1aaf8e477978,128.0,14,17,20,16,19,20,8.0,14.0,0.5115854972190965,-0.26698016136932456,0.5161497470218955,1.380090172914513,0.4375059248830004,1.4223505249624355,1.726688969494894,-1.5507286823385726,-0.28973931498276934,False,
6033fd8bc8659800086d87b0,126.0,15,17,15,17,14,18,14.0,16.0,0.4219969521068144,0.03984778527900344,0.5161497470218955,-0.05828209717776525,0.7220325821126542,0.10027193464245067,1.1478685487238587,-0.04180565950702135,0.30047040072287157,False,
673a70491f1992a774b72caa,128.0,19,16,16,17,12,14,17.0,17.0,0.5115854972190965,1.2671595718723154,0.22262293372288566,0.2293923568406904,0.7220325821126542,-0.42855950148554334,-0.009772292818212064,0.7126558519087542,0.595575258575692,False,
677412c094eeb8f1992fc3ae,95.0,12,15,11,15,8,14,9.0,11.0,-0.9666254971335574,-0.8806360546659805,-0.07090387957612428,-1.208979913251588,0.15297926765334652,-1.4862223737415312,-0.009772292818212064,-1.2992415118666474,-1.1750538885412307,False,
5e968e6744b6d010b16540a4,93.0,12,16,11,10,6,10,16.0,12.0,-1.0562140422458395,-0.8806360546659805,0.22262293372288566,-1.208979913251588,-1.2696540184949228,-2.015053809869525,-1.1674131343602827,0.46116868143682904,-0.8799490306884102,False,
5f974c72a0ed8c0f9ce724ea,117.0,16,12,19,10,16,13,20.0,11.0,0.01884849910154519,0.3466757319273314,-0.951484319473154,1.0924157188960575,-1.2696540184949228,0.6291033707704446,-0.29918250320372974,1.4671173633245298,-1.1750538885412307,False,
662ddcfc1103d1acda67d937,142.0,15,18,15,19,20,20,16.0,19.0,1.1387053130050708,0.03984778527900344,0.8096765603209055,-0.05828209717776525,1.291085896571962,1.6867662430264325,1.726688969494894,0.46116868143682904,1.185784974281333,False,
665f97db56096b743c2332b1,124.0,17,18,15,15,13,16,17.0,13.0,0.3324084069945324,0.6535036785756594,0.8096765603209055,-0.05828209717776525,0.15297926765334652,-0.1641437834215463,0.5690481279528233,0.7126558519087542,-0.5848441728355898,False,
6786177b26851e38285d94a1,102.0,13,13,13,15,8,13,14.0,13.0,-0.6530655892405702,-0.5738081080176526,-0.6579575061741442,-0.6336310052146765,0.15297926765334652,-1.4862223737415312,-0.29918250320372974,-0.04180565950702135,-0.5848441728355898,False,
5a6eac90d5d4cb0001d6815a,91.0,14,9,10,10,12,14,9.0,13.0,-1.1458025873581215,-0.26698016136932456,-1.8320647593701838,-1.4966543672700436,-1.2696540184949228,-0.42855950148554334,-0.009772292818212064,-1.2992415118666474,-0.5848441728355898,False,
675f432df87b18ecba0964f4,135.0,18,19,14,16,16,17,17.0,18.0,0.8251454051120837,0.9603316252239874,1.1032033736199154,-0.34595655119622093,0.4375059248830004,0.6291033707704446,0.858458338338341,0.7126558519087542,0.8906801164285125,False,
674ca6e73e98a96de2cda112,122.0,16,19,16,14,13,14,12.0,18.0,0.24281986188225033,0.3466757319273314,1.1032033736199154,0.2293923568406904,-0.13154738957630735,-0.1641437834215463,-0.009772292818212064,-0.5447800004508717,0.8906801164285125,False,
6127017baee75f10aa174139,110.0,15,16,14,14,10,13,13.0,15.0,-0.294711408791442,0.03984778527900344,0.22262293372288566,-0.34595655119622093,-0.13154738957630735,-0.9573909376135373,-0.29918250320372974,-0.29329282997894657,0.005365542870051119,False,
678553764d429ce5b3d40f4c,133.0,12,15,17,18,16,18,19.0,18.0,0.7355568599998016,-0.8806360546659805,-0.07090387957612428,0.5170668108591461,1.0065592393423082,0.6291033707704446,1.1478685487238587,1.2156301928526048,0.8906801164285125,False,
664d46ad7cc1780eecfd0c24,113.0,18,13,16,17,10,7,13.0,19.0,-0.16032859112301892,0.9603316252239874,-0.6579575061741442,0.2293923568406904,0.7220325821126542,-0.9573909376135373,-2.035643765516836,-0.29329282997894657,1.185784974281333,False,
5a9bbda1f6dfdd0001ea9639,71.0,9,9,9,9,9,8,10.0,8.0,-2.041688038480942,-1.8011198946109646,-1.8320647593701838,-1.7843288212884991,-1.5541806757245766,-1.2218066556775342,-1.7462335551313182,-1.0477543413947221,-2.0603684620996923,True,Excluded by criteria
673283141ee7ec9141e8bcf4,143.0,14,20,12,20,20,20,19.0,18.0,1.1834995855612118,-0.26698016136932456,1.3967301869189255,-0.9213054592331322,1.5756125538016157,1.6867662430264325,1.726688969494894,1.2156301928526048,0.8906801164285125,False,
66049315b5c325fdaafea8fa,129.0,18,18,13,18,12,13,19.0,18.0,0.5563797697752375,0.9603316252239874,0.8096765603209055,-0.6336310052146765,1.0065592393423082,-0.42855950148554334,-0.29918250320372974,1.2156301928526048,0.8906801164285125,False,
66463d3560eac977430ac716,110.0,14,15,14,15,12,12,12.0,16.0,-0.294711408791442,-0.26698016136932456,-0.07090387957612428,-0.34595655119622093,0.15297926765334652,-0.42855950148554334,-0.5885927135892475,-0.5447800004508717,0.30047040072287157,False,
66733b0613db805ab4f05114,111.0,14,18,14,15,12,15,9.0,14.0,-0.24991713623530096,-0.26698016136932456,0.8096765603209055,-0.34595655119622093,0.15297926765334652,-0.42855950148554334,0.2796379175673056,-1.2992415118666474,-0.28973931498276934,False,
672d770786fa273d84b761d2,111.0,14,16,16,14,11,11,14.0,15.0,-0.24991713623530096,-0.26698016136932456,0.22262293372288566,0.2293923568406904,-0.13154738957630735,-0.6929752195495403,-0.8780029239747651,-0.04180565950702135,0.005365542870051119,False,
6170cb31c3656859cca7cc57,104.0,16,11,16,11,12,13,12.0,13.0,-0.5634770441282881,0.3466757319273314,-1.245011132772164,0.2293923568406904,-0.9851273612652689,-0.42855950148554334,-0.29918250320372974,-0.5447800004508717,-0.5848441728355898,False,
5b8bf5dd7b334200011da4aa,126.0,16,19,12,16,16,16,13.0,18.0,0.4219969521068144,0.3466757319273314,1.1032033736199154,-0.9213054592331322,0.4375059248830004,0.6291033707704446,0.5690481279528233,-0.29329282997894657,0.8906801164285125,False,
671983e8022d66fd0242265b,99.0,16,16,14,12,6,13,6.0,16.0,-0.7874484069089933,0.3466757319273314,0.22262293372288566,-0.34595655119622093,-0.700600704035615,-2.015053809869525,-0.29918250320372974,-2.053703023282423,0.30047040072287157,False,
661ae93e33b51f5d31a8c3bb,117.0,11,19,18,16,13,13,11.0,16.0,0.01884849910154519,-1.1874640013143085,1.1032033736199154,0.8047412648776018,0.4375059248830004,-0.1641437834215463,-0.29918250320372974,-0.796267170922797,0.30047040072287157,False,
62964d27c2b2866faa677493,128.0,16,16,16,16,16,16,16.0,16.0,0.5115854972190965,0.3466757319273314,0.22262293372288566,0.2293923568406904,0.4375059248830004,0.6291033707704446,0.5690481279528233,0.46116868143682904,0.30047040072287157,False,
66f198a897fe47706e8cdfd2,93.0,12,12,10,15,8,13,10.0,13.0,-1.0562140422458395,-0.8806360546659805,-0.951484319473154,-1.4966543672700436,0.15297926765334652,-1.4862223737415312,-0.29918250320372974,-1.0477543413947221,-0.5848441728355898,False,
678f7fd7097858093f4a9540,114.0,16,18,14,13,8,12,13.0,20.0,-0.11553431856687789,0.3466757319273314,0.8096765603209055,-0.34595655119622093,-0.4160740468059612,-1.4862223737415312,-0.5885927135892475,-0.29329282997894657,1.4808898321341535,False,
5630b79b733ea00011164946,119.0,14,15,17,13,15,14,17.0,14.0,0.10843704421382724,-0.26698016136932456,-0.07090387957612428,0.5170668108591461,-0.4160740468059612,0.36468765270644765,-0.009772292818212064,0.7126558519087542,-0.28973931498276934,False,
6759fd05e4ade779f4ee4689,101.0,13,16,14,14,12,10,10.0,12.0,-0.6978598617967112,-0.5738081080176526,0.22262293372288566,-0.34595655119622093,-0.13154738957630735,-0.42855950148554334,-1.1674131343602827,-1.0477543413947221,-0.8799490306884102,False,
66c9071f0a3b0e1d3a041c01,95.0,12,13,13,12,13,12,8.0,12.0,-0.9666254971335574,-0.8806360546659805,-0.6579575061741442,-0.6336310052146765,-0.700600704035615,-0.1641437834215463,-0.5885927135892475,-1.5507286823385726,-0.8799490306884102,False,
677bbfba3b742e3a5bf9a5e7,102.0,12,14,13,15,13,14,11.0,10.0,-0.6530655892405702,-0.8806360546659805,-0.3644306928751342,-0.6336310052146765,0.15297926765334652,-0.1641437834215463,-0.009772292818212064,-0.796267170922797,-1.4701587463940513,False,
561487ad7ffc8a0012812266,93.0,16,18,15,11,7,8,5.0,13.0,-1.0562140422458395,0.3466757319273314,0.8096765603209055,-0.05828209717776525,-0.9851273612652689,-1.7506380918055282,-1.7462335551313182,-2.305190193754348,-0.5848441728355898,False,
5edc7aed858a159580341afa,120.0,16,15,13,17,13,17,13.0,16.0,0.15323131676996826,0.3466757319273314,-0.07090387957612428,-0.6336310052146765,0.7220325821126542,-0.1641437834215463,0.858458338338341,-0.29329282997894657,0.30047040072287157,False,
6721aeda53346fd7b593efd7,110.0,10,15,15,17,13,11,14.0,15.0,-0.294711408791442,-1.4942919479626364,-0.07090387957612428,-0.05828209717776525,0.7220325821126542,-0.1641437834215463,-0.8780029239747651,-0.04180565950702135,0.005365542870051119,False,
5d91daf3704e790018f47229,77.0,12,16,6,12,8,11,7.0,5.0,-1.772922403144096,-0.8806360546659805,0.22262293372288566,-2.647352183343866,-0.700600704035615,-1.4862223737415312,-0.8780029239747651,-1.802215852810498,-2.9456830356581536,False,
5d47901043518d0017bf3c04,93.0,7,12,8,11,20,14,14.0,7.0,-1.0562140422458395,-2.4147757879076206,-0.951484319473154,-2.072003275306955,-0.9851273612652689,1.6867662430264325,-0.009772292818212064,-0.04180565950702135,-2.3554733199525124,False,
6659f937e570ab09f05021a3,153.0,20,20,20,18,18,19,19.0,19.0,1.6314423111226222,1.5739875185206433,1.3967301869189255,1.380090172914513,1.0065592393423082,1.1579348068984385,1.4372787591093763,1.2156301928526048,1.185784974281333,True,Excluded by criteria
6575c6e1563027adb8f299cb,113.0,17,9,17,14,12,14,14.0,16.0,-0.16032859112301892,0.6535036785756594,-1.8320647593701838,0.5170668108591461,-0.13154738957630735,-0.42855950148554334,-0.009772292818212064,-0.04180565950702135,0.30047040072287157,False,
66e7a85e45c1132f1e2d12b6,81.0,10,10,10,11,5,11,15.0,9.0,-1.5937453129195318,-1.4942919479626364,-1.538537946071174,-1.4966543672700436,-0.9851273612652689,-2.2794695279335224,-0.8780029239747651,0.20968151096490387,-1.7652636042468717,False,
678b3480eed43ba29dc48ed5,124.0,13,17,16,15,15,16,16.0,16.0,0.3324084069945324,-0.5738081080176526,0.5161497470218955,0.2293923568406904,0.15297926765334652,0.36468765270644765,0.5690481279528233,0.46116868143682904,0.30047040072287157,True,Excluded by criteria
6742ecbc50ae979ed5099784,111.0,18,18,10,15,10,14,12.0,14.0,-0.24991713623530096,0.9603316252239874,0.8096765603209055,-1.4966543672700436,0.15297926765334652,-0.9573909376135373,-0.009772292818212064,-0.5447800004508717,-0.28973931498276934,False,
66cfb812269143794dc55575,119.0,14,17,13,15,15,14,14.0,17.0,0.10843704421382724,-0.26698016136932456,0.5161497470218955,-0.6336310052146765,0.15297926765334652,0.36468765270644765,-0.009772292818212064,-0.04180565950702135,0.595575258575692,False,
655f8b959477c803eb906622,95.0,10,11,14,11,12,14,9.0,14.0,-0.9666254971335574,-1.4942919479626364,-1.245011132772164,-0.34595655119622093,-0.9851273612652689,-0.42855950148554334,-0.009772292818212064,-1.2992415118666474,-0.28973931498276934,False,
677d3cc83d0aa6a39541f5d6,117.0,17,14,14,14,14,14,14.0,16.0,0.01884849910154519,0.6535036785756594,-0.3644306928751342,-0.34595655119622093,-0.13154738957630735,0.10027193464245067,-0.009772292818212064,-0.04180565950702135,0.30047040072287157,False,
664993e12a5b629050529e17,120.0,13,16,15,15,13,15,15.0,18.0,0.15323131676996826,-0.5738081080176526,0.22262293372288566,-0.05828209717776525,0.15297926765334652,-0.1641437834215463,0.2796379175673056,0.20968151096490387,0.8906801164285125,False,
66dd097265650e0dec23231f,95.0,15,13,10,9,11,12,11.0,14.0,-0.9666254971335574,0.03984778527900344,-0.6579575061741442,-1.4966543672700436,-1.5541806757245766,-0.6929752195495403,-0.5885927135892475,-0.796267170922797,-0.28973931498276934,False,
66439d339e8b25efa8cb4b9a,54.0,10,5,5,6,4,6,11.0,7.0,-2.8031906719353397,-1.4942919479626364,-3.0061720125662235,-2.9350266373623217,-2.407760647413538,-2.543885245997519,-2.3250539759023536,-0.796267170922797,-2.3554733199525124,False,
66243f204cef464daff99f8d,108.0,17,13,16,11,10,12,16.0,13.0,-0.38429995390372407,0.6535036785756594,-0.6579575061741442,0.2293923568406904,-0.9851273612652689,-0.9573909376135373,-0.5885927135892475,0.46116868143682904,-0.5848441728355898,False,
66ee186efc9a208ef9446a30,113.0,16,15,13,17,12,14,11.0,15.0,-0.16032859112301892,0.3466757319273314,-0.07090387957612428,-0.6336310052146765,0.7220325821126542,-0.42855950148554334,-0.009772292818212064,-0.796267170922797,0.005365542870051119,False,
56c15833eb5b22000d5babba,99.0,13,11,15,10,11,9,14.0,16.0,-0.7874484069089933,-0.5738081080176526,-1.245011132772164,-0.05828209717776525,-1.2696540184949228,-0.6929752195495403,-1.4568233447458006,-0.04180565950702135,0.30047040072287157,False,
65d5d1d59bfc5f7fcbbd742d,90.0,15,12,14,12,8,10,8.0,11.0,-1.1905968599142625,0.03984778527900344,-0.951484319473154,-0.34595655119622093,-0.700600704035615,-1.4862223737415312,-1.1674131343602827,-1.5507286823385726,-1.1750538885412307,False,
60a1e1f4a3707c983a98f185,92.0,8,16,12,12,11,13,8.0,12.0,-1.1010083148019805,-2.1079478412592927,0.22262293372288566,-0.9213054592331322,-0.700600704035615,-0.6929752195495403,-0.29918250320372974,-1.5507286823385726,-0.8799490306884102,False,
6773f4dfb59cda6e2414cb19,146.0,17,18,17,17,19,19,20.0,19.0,1.317882403229635,0.6535036785756594,0.8096765603209055,0.5170668108591461,0.7220325821126542,1.4223505249624355,1.4372787591093763,1.4671173633245298,1.185784974281333,False,
67529d0aecb73bfe140d521f,116.0,11,13,20,16,15,15,14.0,12.0,-0.025945773454595835,-1.1874640013143085,-0.6579575061741442,1.380090172914513,0.4375059248830004,0.36468765270644765,0.2796379175673056,-0.04180565950702135,-0.8799490306884102,False,
5e375b7e76397a6f27f9547f,103.0,20,12,20,7,7,6,20.0,11.0,-0.6082713166844291,1.5739875185206433,-0.951484319473154,1.380090172914513,-2.123233990183884,-1.7506380918055282,-2.3250539759023536,1.4671173633245298,-1.1750538885412307,False,
6779d0e560ce37d982f31caf,160.0,20,20,20,20,20,20,20.0,20.0,1.9450022190156093,1.5739875185206433,1.3967301869189255,1.380090172914513,1.5756125538016157,1.6867662430264325,1.726688969494894,1.4671173633245298,1.4808898321341535,False,
66dd9c5b1c02410a87c068e5,116.0,14,18,18,17,12,13,8.0,16.0,-0.025945773454595835,-0.26698016136932456,0.8096765603209055,0.8047412648776018,0.7220325821126542,-0.42855950148554334,-0.29918250320372974,-1.5507286823385726,0.30047040072287157,False,
6751f6e990f3b3698bf1748b,107.0,17,14,13,11,10,13,14.0,15.0,-0.42909422645986506,0.6535036785756594,-0.3644306928751342,-0.6336310052146765,-0.9851273612652689,-0.9573909376135373,-0.29918250320372974,-0.04180565950702135,0.005365542870051119,False,
674e0771f3216542d0539c7b,102.0,16,13,13,13,9,12,13.0,13.0,-0.6530655892405702,0.3466757319273314,-0.6579575061741442,-0.6336310052146765,-0.4160740468059612,-1.2218066556775342,-0.5885927135892475,-0.29329282997894657,-0.5848441728355898,False,
676379302839a2e46a4d6de5,144.0,20,17,18,18,18,18,17.0,18.0,1.2282938581173528,1.5739875185206433,0.5161497470218955,0.8047412648776018,1.0065592393423082,1.1579348068984385,1.1478685487238587,0.7126558519087542,0.8906801164285125,False,
673f18bb08e7ff5ef549e488,160.0,20,20,20,20,20,20,20.0,20.0,1.9450022190156093,1.5739875185206433,1.3967301869189255,1.380090172914513,1.5756125538016157,1.6867662430264325,1.726688969494894,1.4671173633245298,1.4808898321341535,False,
678fa1020e5289062a7e76f0,122.0,12,19,14,14,17,15,17.0,14.0,0.24281986188225033,-0.8806360546659805,1.1032033736199154,-0.34595655119622093,-0.13154738957630735,0.8935190888344416,0.2796379175673056,0.7126558519087542,-0.28973931498276934,False,
60d3d517873ac00f2ed811e5,98.0,13,11,15,10,11,9,15.0,14.0,-0.8322426794651343,-0.5738081080176526,-1.245011132772164,-0.05828209717776525,-1.2696540184949228,-0.6929752195495403,-1.4568233447458006,0.20968151096490387,-0.28973931498276934,False,
678a5c44e1295faaebfc8ee4,110.0,11,15,13,10,14,15,15.0,17.0,-0.294711408791442,-1.1874640013143085,-0.07090387957612428,-0.6336310052146765,-1.2696540184949228,0.10027193464245067,0.2796379175673056,0.20968151096490387,0.595575258575692,False,
6766b76b0b5bf9820e277b72,137.0,16,18,15,19,15,17,17.0,20.0,0.9147339502243658,0.3466757319273314,0.8096765603209055,-0.05828209717776525,1.291085896571962,0.36468765270644765,0.858458338338341,0.7126558519087542,1.4808898321341535,False,
66a508e29deb15f57d4458f1,128.0,18,20,13,18,16,16,14.0,13.0,0.5115854972190965,0.9603316252239874,1.3967301869189255,-0.6336310052146765,1.0065592393423082,0.6291033707704446,0.5690481279528233,-0.04180565950702135,-0.5848441728355898,False,
67683d2ef4617ea5d90b7539,142.0,20,15,16,20,17,18,17.0,19.0,1.1387053130050708,1.5739875185206433,-0.07090387957612428,0.2293923568406904,1.5756125538016157,0.8935190888344416,1.1478685487238587,0.7126558519087542,1.185784974281333,False,
66bfd3867e3dd5e2c19650b9,160.0,20,20,20,20,20,20,20.0,20.0,1.9450022190156093,1.5739875185206433,1.3967301869189255,1.380090172914513,1.5756125538016157,1.6867662430264325,1.726688969494894,1.4671173633245298,1.4808898321341535,False,
678ba680eefc2d7fd8559a03,129.0,16,17,19,18,15,18,14.0,12.0,0.5563797697752375,0.3466757319273314,0.5161497470218955,1.0924157188960575,1.0065592393423082,0.36468765270644765,1.1478685487238587,-0.04180565950702135,-0.8799490306884102,False,
5e4e844553bc702cdf68404d,93.0,11,9,13,14,8,10,15.0,13.0,-1.0562140422458395,-1.1874640013143085,-1.8320647593701838,-0.6336310052146765,-0.13154738957630735,-1.4862223737415312,-1.1674131343602827,0.20968151096490387,-0.5848441728355898,False,
67352f08f3ab886418574a6a,127.0,16,20,15,15,14,16,15.0,16.0,0.4667912246629555,0.3466757319273314,1.3967301869189255,-0.05828209717776525,0.15297926765334652,0.10027193464245067,0.5690481279528233,0.20968151096490387,0.30047040072287157,False,
6776957e09a543d5a21c521a,120.0,16,15,14,19,13,16,12.0,15.0,0.15323131676996826,0.3466757319273314,-0.07090387957612428,-0.34595655119622093,1.291085896571962,-0.1641437834215463,0.5690481279528233,-0.5447800004508717,0.005365542870051119,False,
677f7658861507001fe69579,121.0,15,16,16,17,14,14,15.0,14.0,0.1980255893261093,0.03984778527900344,0.22262293372288566,0.2293923568406904,0.7220325821126542,0.10027193464245067,-0.009772292818212064,0.20968151096490387,-0.28973931498276934,False,
667af5cc382d3037050e3632,129.0,17,16,17,18,14,17,17.0,13.0,0.5563797697752375,0.6535036785756594,0.22262293372288566,0.5170668108591461,1.0065592393423082,0.10027193464245067,0.858458338338341,0.7126558519087542,-0.5848441728355898,False,
678e9a84c6c7879d007bbf4e,148.0,20,19,18,19,17,17,20.0,18.0,1.407470948341917,1.5739875185206433,1.1032033736199154,0.8047412648776018,1.291085896571962,0.8935190888344416,0.858458338338341,1.4671173633245298,0.8906801164285125,False,
6761312f87e4c57c3259eb11,131.0,20,19,19,17,12,12,20.0,12.0,0.6459683148875196,1.5739875185206433,1.1032033736199154,1.0924157188960575,0.7220325821126542,-0.42855950148554334,-0.5885927135892475,1.4671173633245298,-0.8799490306884102,False,
651b43625c3bc6e2217a7e24,82.0,13,15,10,5,10,8,6.0,15.0,-1.5489510403633908,-0.5738081080176526,-0.07090387957612428,-1.4966543672700436,-2.692287304643192,-0.9573909376135373,-1.7462335551313182,-2.053703023282423,0.005365542870051119,False,
6655fd511b6c8d1fd05de12d,156.0,20,18,20,20,20,19,19.0,20.0,1.7658251287910451,1.5739875185206433,0.8096765603209055,1.380090172914513,1.5756125538016157,1.6867662430264325,1.4372787591093763,1.2156301928526048,1.4808898321341535,False,
66ace0fa42d9a6710036025c,127.0,15,14,16,17,16,17,17.0,15.0,0.4667912246629555,0.03984778527900344,-0.3644306928751342,0.2293923568406904,0.7220325821126542,0.6291033707704446,0.858458338338341,0.7126558519087542,0.005365542870051119,False,
67704d25c22e3bfcf98ab4fc,120.0,10,18,15,13,17,17,15.0,15.0,0.15323131676996826,-1.4942919479626364,0.8096765603209055,-0.05828209717776525,-0.4160740468059612,0.8935190888344416,0.858458338338341,0.20968151096490387,0.005365542870051119,False,
67719f52af5175c7f6b1c990,146.0,16,18,18,20,18,19,20.0,17.0,1.317882403229635,0.3466757319273314,0.8096765603209055,0.8047412648776018,1.5756125538016157,1.1579348068984385,1.4372787591093763,1.4671173633245298,0.595575258575692,False,
667998e5c55fe7def1eb7496,94.0,16,11,14,9,11,12,11.0,10.0,-1.0114197696896985,0.3466757319273314,-1.245011132772164,-0.34595655119622093,-1.5541806757245766,-0.6929752195495403,-0.5885927135892475,-0.796267170922797,-1.4701587463940513,False,
67147a6a2c208253099ab82b,86.0,11,10,12,9,10,12,10.0,12.0,-1.3697739501388266,-1.1874640013143085,-1.538537946071174,-0.9213054592331322,-1.5541806757245766,-0.9573909376135373,-0.5885927135892475,-1.0477543413947221,-0.8799490306884102,False,
651d64f5eb4ac4993ecc5abd,105.0,18,11,17,13,12,12,11.0,11.0,-0.5186827715721471,0.9603316252239874,-1.245011132772164,0.5170668108591461,-0.4160740468059612,-0.42855950148554334,-0.5885927135892475,-0.796267170922797,-1.1750538885412307,False,
678dbad423480901e47ad481,116.0,14,18,14,14,19,13,9.0,15.0,-0.025945773454595835,-0.26698016136932456,0.8096765603209055,-0.34595655119622093,-0.13154738957630735,1.4223505249624355,-0.29918250320372974,-1.2992415118666474,0.005365542870051119,False,
64013a8e233aaa42388c821f,107.0,11,14,20,14,9,12,12.0,15.0,-0.42909422645986506,-1.1874640013143085,-0.3644306928751342,1.380090172914513,-0.13154738957630735,-1.2218066556775342,-0.5885927135892475,-0.5447800004508717,0.005365542870051119,False,
6636a7456e7f277f59dda9bd,130.0,17,20,15,18,13,15,15.0,17.0,0.6011740423313785,0.6535036785756594,1.3967301869189255,-0.05828209717776525,1.0065592393423082,-0.1641437834215463,0.2796379175673056,0.20968151096490387,0.595575258575692,False,
669adbdb7e97d6e53cb2d924,86.0,12,8,17,10,10,7,12.0,10.0,-1.3697739501388266,-0.8806360546659805,-2.125591572669194,0.5170668108591461,-1.2696540184949228,-0.9573909376135373,-2.035643765516836,-0.5447800004508717,-1.4701587463940513,False,
63d7fb6ee49281f6c41d6630,159.0,19,20,20,20,20,20,20.0,20.0,1.9002079464594683,1.2671595718723154,1.3967301869189255,1.380090172914513,1.5756125538016157,1.6867662430264325,1.726688969494894,1.4671173633245298,1.4808898321341535,False,
674e978e575eccb8dd86167b,96.0,12,13,7,13,14,15,10.0,12.0,-0.9218312245774164,-0.8806360546659805,-0.6579575061741442,-2.3596777293254103,-0.4160740468059612,0.10027193464245067,0.2796379175673056,-1.0477543413947221,-0.8799490306884102,False,
5e7987df47422a5443426cd7,117.0,16,17,20,11,13,12,15.0,13.0,0.01884849910154519,0.3466757319273314,0.5161497470218955,1.380090172914513,-0.9851273612652689,-0.1641437834215463,-0.5885927135892475,0.20968151096490387,-0.5848441728355898,False,
6647e8618c77f7b938865d25,136.0,19,16,19,16,15,15,19.0,17.0,0.8699396776682247,1.2671595718723154,0.22262293372288566,1.0924157188960575,0.4375059248830004,0.36468765270644765,0.2796379175673056,1.2156301928526048,0.595575258575692,False,
61008f090e777a2b47f1ad76,150.0,18,20,20,20,17,17,18.0,20.0,1.497059493454199,0.9603316252239874,1.3967301869189255,1.380090172914513,1.5756125538016157,0.8935190888344416,0.858458338338341,0.9641430223806795,1.4808898321341535,False,
61140d2c5d85c524932a2c59,91.0,18,10,19,7,8,11,8.0,10.0,-1.1458025873581215,0.9603316252239874,-1.538537946071174,1.0924157188960575,-2.123233990183884,-1.4862223737415312,-0.8780029239747651,-1.5507286823385726,-1.4701587463940513,False,
663a80393a72dac091c817b5,99.0,15,14,11,14,10,12,10.0,13.0,-0.7874484069089933,0.03984778527900344,-0.3644306928751342,-1.208979913251588,-0.13154738957630735,-0.9573909376135373,-0.5885927135892475,-1.0477543413947221,-0.5848441728355898,False,
6643bef326f3a4026c0ab2b6,127.0,15,18,17,18,14,11,17.0,17.0,0.4667912246629555,0.03984778527900344,0.8096765603209055,0.5170668108591461,1.0065592393423082,0.10027193464245067,-0.8780029239747651,0.7126558519087542,0.595575258575692,False,
5ec0260375bf15077a00e645,91.0,12,11,13,11,9,9,13.0,13.0,-1.1458025873581215,-0.8806360546659805,-1.245011132772164,-0.6336310052146765,-0.9851273612652689,-1.2218066556775342,-1.4568233447458006,-0.29329282997894657,-0.5848441728355898,False,
671d2abf2ba7384f9b45678a,120.0,14,20,13,15,17,11,20.0,10.0,0.15323131676996826,-0.26698016136932456,1.3967301869189255,-0.6336310052146765,0.15297926765334652,0.8935190888344416,-0.8780029239747651,1.4671173633245298,-1.4701587463940513,False,
675aaec58dfc729c338a52eb,116.0,13,16,14,14,14,15,16.0,14.0,-0.025945773454595835,-0.5738081080176526,0.22262293372288566,-0.34595655119622093,-0.13154738957630735,0.10027193464245067,0.2796379175673056,0.46116868143682904,-0.28973931498276934,False,
668ddafedbce64d6094e759e,58.0,7,11,6,9,6,7,6.0,6.0,-2.6240135817107753,-2.4147757879076206,-1.245011132772164,-2.647352183343866,-1.5541806757245766,-2.015053809869525,-2.035643765516836,-2.053703023282423,-2.650578177805333,False,
673d1231929c7a0a6138a5c1,108.0,15,16,16,16,10,10,11.0,14.0,-0.38429995390372407,0.03984778527900344,0.22262293372288566,0.2293923568406904,0.4375059248830004,-0.9573909376135373,-1.1674131343602827,-0.796267170922797,-0.28973931498276934,False,
66972752027327f711a5e612,140.0,15,18,19,19,15,18,20.0,16.0,1.0491167678927888,0.03984778527900344,0.8096765603209055,1.0924157188960575,1.291085896571962,0.36468765270644765,1.1478685487238587,1.4671173633245298,0.30047040072287157,False,
5d27851db6eb920018a5fb27,111.0,14,13,14,12,13,18,15.0,12.0,-0.24991713623530096,-0.26698016136932456,-0.6579575061741442,-0.34595655119622093,-0.700600704035615,-0.1641437834215463,1.1478685487238587,0.20968151096490387,-0.8799490306884102,False,
6786d6d81286c8386e009009,147.0,20,18,19,20,18,16,16.0,20.0,1.362676675785776,1.5739875185206433,0.8096765603209055,1.0924157188960575,1.5756125538016157,1.1579348068984385,0.5690481279528233,0.46116868143682904,1.4808898321341535,False,
672ff021dad78d519a50f64a,87.0,16,12,9,10,11,12,8.0,9.0,-1.3249796775826856,0.3466757319273314,-0.951484319473154,-1.7843288212884991,-1.2696540184949228,-0.6929752195495403,-0.5885927135892475,-1.5507286823385726,-1.7652636042468717,False,
66370a20a4b5b1a460904760,112.0,15,13,14,15,11,14,12.0,18.0,-0.20512286367915994,0.03984778527900344,-0.6579575061741442,-0.34595655119622093,0.15297926765334652,-0.6929752195495403,-0.009772292818212064,-0.5447800004508717,0.8906801164285125,False,
6705779b28e9a54f7b3b3535,140.0,18,20,14,16,19,17,18.0,18.0,1.0491167678927888,0.9603316252239874,1.3967301869189255,-0.34595655119622093,0.4375059248830004,1.4223505249624355,0.858458338338341,0.9641430223806795,0.8906801164285125,False,
6535d3f1b4ff80adff474548,99.0,18,13,17,4,9,12,16.0,10.0,-0.7874484069089933,0.9603316252239874,-0.6579575061741442,0.5170668108591461,-2.9768139618728457,-1.2218066556775342,-0.5885927135892475,0.46116868143682904,-1.4701587463940513,False,
6761934aa62aae0c93863233,131.0,18,18,15,16,14,15,17.0,18.0,0.6459683148875196,0.9603316252239874,0.8096765603209055,-0.05828209717776525,0.4375059248830004,0.10027193464245067,0.2796379175673056,0.7126558519087542,0.8906801164285125,False,
5eddaa6d115bb4ac7e59f153,120.0,16,16,17,13,13,14,16.0,15.0,0.15323131676996826,0.3466757319273314,0.22262293372288566,0.5170668108591461,-0.4160740468059612,-0.1641437834215463,-0.009772292818212064,0.46116868143682904,0.005365542870051119,False,
62861bcc5f0edf6340c914df,113.0,15,13,14,13,13,13,16.0,16.0,-0.16032859112301892,0.03984778527900344,-0.6579575061741442,-0.34595655119622093,-0.4160740468059612,-0.1641437834215463,-0.29918250320372974,0.46116868143682904,0.30047040072287157,False,
63d5decffe6025fec6a381b0,125.0,14,16,16,14,14,17,20.0,14.0,0.3772026795506734,-0.26698016136932456,0.22262293372288566,0.2293923568406904,-0.13154738957630735,0.10027193464245067,0.858458338338341,1.4671173633245298,-0.28973931498276934,False,
66e2a683a6aed2b156557f9d,113.0,16,15,17,10,13,11,14.0,17.0,-0.16032859112301892,0.3466757319273314,-0.07090387957612428,0.5170668108591461,-1.2696540184949228,-0.1641437834215463,-0.8780029239747651,-0.04180565950702135,0.595575258575692,False,
60641cdc8536a607a60e0612,119.0,15,17,13,18,16,17,12.0,11.0,0.10843704421382724,0.03984778527900344,0.5161497470218955,-0.6336310052146765,1.0065592393423082,0.6291033707704446,0.858458338338341,-0.5447800004508717,-1.1750538885412307,False,
66c4a2414f979ae2a78a8adc,158.0,20,20,20,20,20,20,20.0,18.0,1.8554136739033273,1.5739875185206433,1.3967301869189255,1.380090172914513,1.5756125538016157,1.6867662430264325,1.726688969494894,1.4671173633245298,0.8906801164285125,False,
6757688470f9e929a8ea7d90,137.0,19,11,20,15,19,15,18.0,20.0,0.9147339502243658,1.2671595718723154,-1.245011132772164,1.380090172914513,0.15297926765334652,1.4223505249624355,0.2796379175673056,0.9641430223806795,1.4808898321341535,False,
66ae394dd6f0020399d3b887,127.0,19,16,14,16,17,14,15.0,16.0,0.4667912246629555,1.2671595718723154,0.22262293372288566,-0.34595655119622093,0.4375059248830004,0.8935190888344416,-0.009772292818212064,0.20968151096490387,0.30047040072287157,False,
610b06f1534fdc7ce455d168,145.0,17,20,17,19,18,19,16.0,19.0,1.273088130673494,0.6535036785756594,1.3967301869189255,0.5170668108591461,1.291085896571962,1.1579348068984385,1.4372787591093763,0.46116868143682904,1.185784974281333,False,
653d3b418bce22526d2639b4,96.0,10,9,19,11,11,13,10.0,13.0,-0.9218312245774164,-1.4942919479626364,-1.8320647593701838,1.0924157188960575,-0.9851273612652689,-0.6929752195495403,-0.29918250320372974,-1.0477543413947221,-0.5848441728355898,False,
678c417ed431a331d3f547ec,135.0,18,17,18,17,15,16,20.0,14.0,0.8251454051120837,0.9603316252239874,0.5161497470218955,0.8047412648776018,0.7220325821126542,0.36468765270644765,0.5690481279528233,1.4671173633245298,-0.28973931498276934,False,
666640831e2f8d963f8c528f,121.0,16,12,18,13,13,13,19.0,17.0,0.1980255893261093,0.3466757319273314,-0.951484319473154,0.8047412648776018,-0.4160740468059612,-0.1641437834215463,-0.29918250320372974,1.2156301928526048,0.595575258575692,False,
5f1273be29b0711c3cff250f,99.0,14,14,11,13,14,11,10.0,12.0,-0.7874484069089933,-0.26698016136932456,-0.3644306928751342,-1.208979913251588,-0.4160740468059612,0.10027193464245067,-0.8780029239747651,-1.0477543413947221,-0.8799490306884102,False,
6110b58d7063061e373e2fbc,93.0,12,11,15,11,12,10,12.0,10.0,-1.0562140422458395,-0.8806360546659805,-1.245011132772164,-0.05828209717776525,-0.9851273612652689,-0.42855950148554334,-1.1674131343602827,-0.5447800004508717,-1.4701587463940513,False,
5e80b109ca1800791e1ca40c,93.0,15,13,11,10,9,10,13.0,12.0,-1.0562140422458395,0.03984778527900344,-0.6579575061741442,-1.208979913251588,-1.2696540184949228,-1.2218066556775342,-1.1674131343602827,-0.29329282997894657,-0.8799490306884102,False,
6783e8710446ee858344b1b2,111.0,15,17,18,14,10,10,15.0,12.0,-0.24991713623530096,0.03984778527900344,0.5161497470218955,0.8047412648776018,-0.13154738957630735,-0.9573909376135373,-1.1674131343602827,0.20968151096490387,-0.8799490306884102,False,
6699c7aea5e77f24097879b7,97.0,12,14,15,13,10,11,12.0,10.0,-0.8770369520212753,-0.8806360546659805,-0.3644306928751342,-0.05828209717776525,-0.4160740468059612,-0.9573909376135373,-0.8780029239747651,-0.5447800004508717,-1.4701587463940513,False,
5eec6fe1a0f1c4000a8103b2,107.0,11,18,11,12,10,14,16.0,15.0,-0.42909422645986506,-1.1874640013143085,0.8096765603209055,-1.208979913251588,-0.700600704035615,-0.9573909376135373,-0.009772292818212064,0.46116868143682904,0.005365542870051119,False,
