PROLIFIC_PID,va_d_prime_ss3_d1,va_d_prime_ss3_d3,va_d_prime_ss5_d1,va_d_prime_ss5_d3,va_set_size_effect_delay1,va_set_size_effect_delay3,va_delay_effect_size3,va_delay_effect_size5,mrt_accuracy_0,mrt_accuracy_50,mrt_accuracy_100,mrt_accuracy_150,mrt_rt_slope,mrt_overall_accuracy,familiar_person_score,sunrise_score,shop_front_score,countryside_score,driving_score,beach_score,railway_station_score,garden_score
649d257f5e8bfe6ee264e160,,,,,,,,,,,,,,,16,20,16,16,13,15,10.0,14.0
6778cbf3f0597689c7b5cb4a,,,,,,,,,0.7391304347826086,0.5,0.5416666666666666,0.7083333333333334,0.0002090518853695,0.6222826086956522,20,15,20,16,19,17,20.0,20.0
673594215b1a0b92d5835525,,,,,,,,,,,,,,,20,20,18,17,14,17,20.0,16.0
672a89bc5e3d67a9fdbdf803,3.2288199630120378,2.217715480016221,0.6950799924537355,1.4661283579394562,2.5337399705583024,0.7515871220767654,1.0111044829958162,-0.7710483654857206,0.9166666666666666,0.9090909090909092,0.75,0.7727272727272727,0.0057938367201426,0.8371212121212122,17,14,16,14,10,12,16.0,16.0
5d76d2f7daf4bf00164d585b,2.5604636462620807,1.2000886025789064,1.0850198398645678,0.7916386077433746,1.4754438063975128,0.4084499948355318,1.3603750436831743,0.2933812321211932,1.0,0.9523809523809524,0.6818181818181818,0.7142857142857143,0.0247499181818181,0.8371212121212122,16,18,18,12,11,12,15.0,15.0
65d563ecf8df20ade2f17888,3.5344074868614355,3.571568129257897,3.194901910791553,1.9116767659149505,0.3395055760698819,1.6598913633429466,-0.0371606423964614,1.2832251448766032,0.9565217391304348,0.9090909090909092,0.9166666666666666,0.782608695652174,0.010780593030303,0.8912220026350461,4,7,4,4,4,4,4.0,4.0
671609ab4a3f2c6c76dfe9d8,,,,,,,,,,,,,,,12,14,14,13,10,12,13.0,12.0
6501c0a2e788b5556c24569d,,,,,,,,,0.8695652173913043,1.0,0.9090909090909092,0.782608695652174,0.0108842491304347,0.8903162055335968,10,10,10,12,9,9,11.0,12.0
6788f11866ac65cc607b3c6a,,,,,,,,,,,,,,,17,20,19,17,15,18,18.0,18.0
67896d4bcf7daeb9b9c6945e,,,,,,,,,,,,,,,15,15,18,18,19,15,16.0,18.0
67896102d98295a520a25ebb,2.485310025471724,1.811714840529576,1.29404083111673,1.5224784561595568,1.191269194354994,0.2892363843700192,0.673595184942148,-0.2284376250428268,1.0,0.9565217391304348,0.9166666666666666,0.75,0.0041690454545454,0.9057971014492754,10,14,13,10,10,12,17.0,13.0
6772e011adc3bb3fd579cdb9,,,,,,,,,,,,,,,16,16,13,14,14,15,13.0,14.0
6739ff11a2162a865c36fa64,,,,,,,,,0.782608695652174,0.8333333333333334,0.7272727272727273,0.6818181818181818,0.0145342724999999,0.756258234519104,18,14,16,16,12,13,8.0,12.0
67094b39bddd9489c48cdc8f,3.2679768834247134,2.4936473961509886,1.4336768806787117,1.967636016058878,1.834300002746002,0.5260113800921107,0.7743294872737247,-0.5339591353801665,1.0,0.7083333333333334,0.6666666666666666,0.3333333333333333,0.0059833679667519,0.6770833333333334,13,10,20,8,5,7,4.0,15.0
6743c8da977b0d274dad1fc2,,,,,,,,,,,,,,,19,16,18,16,16,14,16.0,16.0
662848c40caa342b28493265,1.756392150162331,1.3022647393089928,1.329518256983208,1.606089242065552,0.4268738931791229,-0.3038245027565593,0.4541274108533382,-0.2765709850823441,0.8695652173913043,0.3478260869565217,0.5833333333333334,0.6190476190476191,0.0052393478021978,0.6049430641821946,19,14,20,16,15,15,18.0,18.0
67860774acf7592ed65861bb,,,,,,,,,,,,,,,17,13,17,10,15,12,20.0,17.0
6759fef1b173fb9839ebe137,,,,,,,,,,,,,,,14,14,15,13,15,16,16.0,11.0
671d48bbee99c1439ae0d0de,1.9920256942057104,1.8038864412542712,1.606089242065552,1.3686751773958834,0.385936452140158,0.4352112638583878,0.1881392529514389,0.2374140646696687,,,,,,,10,7,7,12,7,8,10.0,14.0
6500aa732c4f0eb077f8c809,2.822819323525392,1.758615024806716,1.433676880678711,0.6625074372225022,1.3891424428466808,1.096107587584214,1.0642042987186755,0.7711694434562089,,,,,,,14,6,11,7,10,11,9.0,10.0
5ac5260dfa3b4e0001736dd3,2.836395562396848,2.89131066495837,1.9488374083114115,0.7916386077433746,0.8875581540854365,2.0996720572149954,-0.0549151025615222,1.1571988005680367,,,,,,,13,12,14,11,16,13,11.0,14.0
6646abc0720d1baaa7e0af4c,0.4982573756221813,0.385936452140158,1.967636016058878,0.3223898535806504,-1.4693786404366966,0.0635465985595076,0.1123209234820232,1.6452461624782275,,,,,,,19,14,19,20,20,20,20.0,20.0
676a8044ed42478d4ef6493e,,,,,,,,,,,,,,,17,15,18,20,18,18,16.0,17.0
67343fb98c1f4f89ea821878,0.7957834554945489,1.792183229073417,0.5563035475834245,0.1968226168315542,0.2394799079111244,1.5953606122418629,-0.996399773578868,0.3594809307518702,0.6956521739130435,0.5652173913043478,0.6086956521739131,0.5217391304347826,-0.0016972270604395,0.5978260869565217,15,16,16,17,14,16,16.0,16.0
674b47940b75eb06298f0c67,,,,,,,,,0.8695652173913043,1.0,0.9583333333333334,0.782608695652174,0.0083995720289855,0.9026268115942029,15,10,17,14,14,14,14.0,12.0
6711263a9c4a226969aeb686,,,,,,,,,,,,,,,18,19,18,14,20,19,19.0,20.0
6787c530d8f7650e446d17a1,,,,,,,,,,,,,,,16,12,16,12,14,16,16.0,16.0
678e46af9bf54902d3db189f,,,,,,,,,0.9583333333333334,0.7272727272727273,0.8695652173913043,0.7391304347826086,0.0078665897762148,0.8235754281949934,7,13,9,8,11,9,9.0,8.0
62e029ff528ea30b4508eaf5,,,,,,,,,0.9130434782608696,0.875,1.0,0.875,0.0053157952380952,0.9157608695652174,13,16,15,14,15,14,10.0,13.0
673a37f0ad04c995c8322ca6,3.234058831204229,3.196898188807768,2.822819323525392,2.930467585371045,0.4112395076788373,0.2664306034367225,0.0371606423964614,-0.1076482618456533,1.0,1.0,1.0,1.0,0.0109027055665349,1.0,10,10,7,8,10,9,13.0,7.0
674f479b2a4ef75e4551f258,,,,,,,,,,,,,,,18,16,15,18,14,17,18.0,18.0
5d634b27e5f92f0017196a3f,,,,,,,,,,,,,,,15,12,12,12,19,17,16.0,17.0
663b638be7226d4e3fcc255f,,,,,,,,,0.7916666666666666,0.782608695652174,0.5652173913043478,0.8095238095238095,0.0115491270619988,0.7372541407867494,11,8,10,4,4,6,8.0,4.0
6734c8a6c51b8aee49adbd1b,,,,,,,,,,,,,,,16,14,18,14,15,16,19.0,17.0
6752092030f55f6f6a50df9e,,,,,,,,,,,,,,,20,13,20,15,20,20,20.0,20.0
678969200a76abe09fd2a75c,2.013171484987115,1.8313401494860924,0.8400638629934963,-0.385936452140158,1.1731076219936187,2.21727660162625,0.1818313355010228,1.2260003151336545,0.9545454545454546,0.7916666666666666,0.8333333333333334,0.5217391304347826,0.0089089899999999,0.7753211462450593,15,15,14,15,11,11,14.0,17.0
66564c348f25a6749f79a714,1.792183229073417,0.8593300540540565,1.1718525605643293,1.2000886025789064,0.6203306685090877,-0.3407585485248499,0.9328531750193604,-0.028236042014577,,,,,,,9,17,14,12,14,12,14.0,16.0
5dac4dad5e53cc001499f1f6,3.2679768834247134,1.9920256942057104,2.031182614618386,1.859209131621516,1.2367942688063276,0.1328165625841939,1.2759511892190032,0.1719734829968695,0.9565217391304348,0.9583333333333334,0.75,0.875,0.0049431610515088,0.884963768115942,15,16,16,16,16,15,12.0,16.0
564e93659b124900127eb55b,2.89131066495837,2.822819323525392,1.2475828936708466,1.527954525119504,1.6437277712875231,1.2948647984058876,0.0684913414329781,-0.2803716314486575,1.0,1.0,0.8695652173913043,0.9583333333333334,0.0051555382608695,0.9569746376811594,11,17,12,13,14,18,12.0,15.0
672d053f3563ff089759a66f,,,,,,,,,,,,,,,17,20,16,16,14,15,14.0,16.0
66b0103854c074757187d029,,,,,,,,,0.7916666666666666,0.5833333333333334,0.7083333333333334,0.4583333333333333,0.0053640834023561,0.6354166666666667,19,14,20,12,16,8,11.0,12.0
66969c9921e4f92ad108ed4c,2.822819323525392,1.792183229073417,1.2475828936708466,1.0683510453062186,1.5752364298545452,0.7238321837671984,1.0306360944519748,0.179231848364628,0.9090909090909092,0.9583333333333334,0.8333333333333334,0.7916666666666666,0.0075556482151029,0.8731060606060607,11,20,12,17,16,16,11.0,15.0
6710e7d85362bdd95a82bcbf,2.53905900811532,1.758615024806716,,0.9628315693121672,,0.795783455494549,0.7804439833086039,,,,,,,,11,17,13,11,9,18,13.0,16.0
5b19f4854c72120001f1e1b3,3.2288199630120378,1.1577449645439442,1.433676880678711,1.527954525119504,1.7951430823333268,-0.37020956057556,2.0710749984680934,-0.0942776444407931,1.0,0.9583333333333334,0.9166666666666666,0.9565217391304348,0.0039745476284584,0.9578804347826086,17,15,15,13,13,12,13.0,15.0
6773fd82b205d22a2e097d3f,,,,,,,,,,,,,,,16,14,14,14,14,16,15.0,15.0
669284eabea5b8c9655927da,,,,,,,,,,,,,,,17,17,16,16,16,18,16.0,16.0
61052deed380657fcbe37682,2.096124322860384,2.5604636462620807,0.8400638629934963,0.2933812321211932,1.2560604598668874,2.267082414140887,-0.4643393234016968,0.5466826308723031,0.8695652173913043,0.9583333333333334,0.875,0.8260869565217391,0.0040882897526424,0.8822463768115942,14,20,18,17,19,17,17.0,16.0
6740f034985ba328ea9bacbf,,,,,,,,,,,,,,,18,16,15,16,19,15,16.0,15.0
677bbed2d896aee8efecb51d,,,,,,,,,,,,,,,11,6,17,16,18,18,17.0,20.0
6779f13fe54a982becaa1b3f,1.756392150162331,0.4626649720902087,1.527954525119504,-0.1800123697927051,0.2284376250428268,0.6426773418829138,1.2937271780721222,1.707966894912209,1.0,0.9166666666666666,1.0,0.9545454545454546,0.0104230267316017,0.9678030303030303,10,10,12,12,9,11,10.0,13.0
6764736f0048fc3595fbb944,,,,,,,,,,,,,,,14,15,15,12,7,6,10.0,15.0
67880bb68accd49a72b45565,,,,,,,,,,,,,,,17,16,13,14,13,14,14.0,15.0
671e39c25e5e3f340a6f21d4,,,,,,,,,,,,,,,12,12,14,12,9,10,14.0,13.0
57dd186e6598aa0001992616,2.52330300386562,2.087646756664343,1.1577449645439442,1.1318976438657262,1.365558039321676,0.9557491127986169,0.435656247201277,0.0258473206782179,0.9565217391304348,0.875,0.6956521739130435,0.9166666666666666,0.0029591368506493,0.8609601449275363,14,17,16,16,15,14,11.0,15.0
66463ff40a36377060b19272,,,,,,,,,,,,,,,14,12,11,12,13,12,11.0,13.0
66625801c143ca548bcac338,2.4326553587872235,2.3347738604515693,1.0200762327862014,0.9163282871688344,1.412579126001022,1.4184455732827348,0.0978814983356541,0.1037479456173668,0.8695652173913043,0.8695652173913043,0.9565217391304348,0.782608695652174,0.0031538151515151,0.8695652173913043,17,17,12,12,16,14,11.0,19.0
676866e58c692de18dac2de9,,,,,,,,,,,,,,,14,14,17,12,12,13,13.0,19.0
676e81c9c452593cbf114baf,,,,,,,,,0.8333333333333334,0.8695652173913043,0.9583333333333334,0.7272727272727273,0.0072922644565217,0.8471261528326746,19,13,19,16,16,17,17.0,18.0
6738acfff83934e21342c109,,,,,,,,,,,,,,,16,16,16,19,17,14,20.0,20.0
60a48adfe091e410f4eaba34,0.3661063568005696,1.859209131621516,0.5659488219328631,0.7322127136011394,-0.1998424651322934,1.1269964180203769,-1.4931027748209469,-0.1662638916682762,,,,,,,20,16,16,20,19,16,19.0,20.0
6786d027b56713ac675fbbb1,,,,,,,,,,,,,,,20,20,20,20,20,20,20.0,20.0
672ba9e5dbe3b9649ad3864d,2.16884944753976,2.53905900811532,0.6950799924537355,0.9710119085885026,1.4737694550860247,1.5680470995268174,-0.3702095605755597,-0.2759319161347671,,,,,,,10,8,18,16,12,13,20.0,14.0
6761e9f88b9ec3f7f3d16c01,,,,,,,,,,,,,,,10,10,11,9,9,10,10.0,9.0
677a8ed897bc0e0f12d23e86,,,,,,,,,,,,,,,12,15,13,16,12,15,15.0,15.0
66f8367b5310ebb97346b93c,2.031182614618386,2.034992089979843,1.2475828936708466,0.5651683005047862,0.7835997209475392,1.4698237894750568,-0.0038094753614572,0.6824145931660605,0.9565217391304348,0.8333333333333334,0.9047619047619048,0.9166666666666666,0.0062306231100478,0.9028209109730848,10,18,13,17,7,12,5.0,15.0
677c4a2cd686c6b6cfd1ba2a,2.031182614618386,2.3051453141125458,1.0675705238781417,1.29404083111673,0.963612090740244,1.0111044829958158,-0.2739626994941599,-0.2264703072385883,0.9565217391304348,0.8695652173913043,0.8333333333333334,0.8333333333333334,0.0119394545454545,0.8731884057971016,15,12,12,13,13,11,16.0,18.0
5f4d3cb5fdda0b2c403fb801,2.096124322860384,2.201549710061652,1.0200762327862014,1.3861825895867712,1.0760480900741825,0.8153671204748809,-0.1054253872012682,-0.3661063568005698,0.7727272727272727,0.8695652173913043,0.8333333333333334,0.6666666666666666,0.0157356760294117,0.7855731225296443,19,19,17,20,18,17,16.0,19.0
67196116a2212bed3b93f4dc,,,,,,,,,,,,,,,18,13,16,10,9,14,14.0,12.0
669be65b7f0c1a71305969d1,,,,,,,,,,,,,,,13,15,14,11,15,14,15.0,14.0
6779e07aeb6a0e66e84ae0e7,3.1857372178398284,2.201549710061652,2.013171484987115,1.3575874296762378,1.1725657328527133,0.8439622803854143,0.9841875077781764,0.6555840553108774,1.0,1.0,0.9130434782608696,0.9583333333333334,0.0066619069358178,0.9678442028985508,11,11,5,12,13,9,10.0,15.0
678434b875eab5b07a505724,2.89131066495837,2.822819323525392,1.569972747251497,1.6060892420655524,1.321337917706873,1.21673008145984,0.0684913414329777,-0.0361164948140553,0.9166666666666666,1.0,1.0,0.9565217391304348,0.0073603191370224,0.9682971014492754,17,20,16,11,14,17,11.0,18.0
67851f4cba98f2087f182764,2.870313614617332,1.758615024806716,0.2892363843700191,1.1166348480758406,2.5810772302473124,0.6419801767308755,1.1116985898106155,-0.8273984637058215,,,,,,,15,16,17,18,16,19,18.0,19.0
655f9f56990f2a2d957b1cad,0.5461187265932749,1.386182589586771,0.4541274108533383,0.469390206643224,0.0919913157399365,0.9167923829435468,-0.8400638629934961,-0.0152627957898857,,,,,,,14,19,17,14,16,15,13.0,16.0
615b01ee4cd1755b6144e0a4,,,,,,,,,,,,,,,15,13,18,17,12,19,15.0,12.0
6766dee165ff1cc0f8decea0,,,,,,,,,1.0,0.9130434782608696,0.9130434782608696,0.8333333333333334,0.0076326545238095,0.9148550724637682,16,12,15,13,13,12,17.0,12.0
67826c0cd5858c9d420da7ff,,,,,,,,,,,,,,,17,12,15,14,15,15,19.0,18.0
65f9200b96211e5163eb912e,,,,,,,,,,,,,,,16,14,16,17,17,17,16.0,19.0
671d2c608d56f868207f9e9e,,,,,,,,,,,,,,,14,14,16,17,19,15,18.0,18.0
67628bf652610e40de8a09e8,,,,,,,,,,,,,,,11,20,12,15,12,15,15.0,13.0
67842352fc58491ff1f4de9d,,,,,,,,,1.0,0.9565217391304348,0.9583333333333334,1.0,0.0064471873517786,0.978713768115942,18,16,18,15,17,11,19.0,14.0
65d863e56337aa59292ccd66,,,,,,,,,1.0,0.8333333333333334,0.9565217391304348,0.8260869565217391,0.0042087010193467,0.9039855072463769,19,14,20,12,10,17,13.0,15.0
65cba5349f4e1e5dfbe80fe8,2.822819323525392,2.4936473961509886,2.7992349200003868,0.8685085801739253,0.023584403525005,1.6251388159770634,0.3291719273744031,1.9307263398264616,1.0,0.9166666666666666,0.9565217391304348,1.0,0.0098725681818181,0.9682971014492754,17,17,18,17,16,16,12.0,17.0
673e759016f888e8212c0c1f,2.031182614618386,2.4936473961509886,1.3686751773958834,0.4733936019138982,0.6625074372225024,2.0202537942370906,-0.4624647815326028,0.8952815754819852,0.9166666666666666,0.9130434782608696,0.9583333333333334,0.8260869565217391,0.0020765561324259,0.9035326086956522,16,19,14,17,17,17,17.0,19.0
610b002738dd01f26e493999,2.4936473961509886,2.1351410477562838,1.1641291391677808,2.532804316563664,1.3295182569832078,-0.3976632688073804,0.3585063483947053,-1.368675177395883,0.9583333333333334,0.9166666666666666,0.9090909090909092,0.8260869565217391,0.0065684735094653,0.9025444664031621,10,16,10,18,15,14,17.0,15.0
590ffed3f128850001ada77b,3.2288199630120378,3.605486181478381,2.822819323525392,1.1577449645439444,0.406000639486646,2.447741216934437,-0.3766662184663434,1.6650743589814474,1.0,0.9166666666666666,0.9565217391304348,0.8695652173913043,0.0078707703557312,0.9356884057971014,15,14,15,12,10,9,18.0,15.0
6773f03382962d5d8c2ca38a,,,,,,,,,0.9130434782608696,0.8260869565217391,0.8636363636363636,0.875,0.0030836210526315,0.8694416996047432,16,15,15,16,15,16,16.0,16.0
67438c306d8298ec577da281,,,,,,,,,,,,,,,17,10,15,15,11,12,14.0,18.0
5ec0ba1bfa01894cceaa1b8e,2.087646756664343,2.485310025471724,0.6594875889217631,1.0675705238781417,1.42815916774258,1.4177395015935823,-0.3976632688073809,-0.4080829349563786,0.9583333333333334,0.9166666666666666,0.9130434782608696,0.9565217391304348,0.0044103973273103,0.9361413043478262,12,14,15,12,13,12,12.0,14.0
64143c6c286640f3d1348cf8,1.9920256942057104,1.569972747251497,1.3829941271006383,0.2695477415109305,0.6090315671050719,1.3004250057405664,0.4220529469542131,1.113446385589708,0.9565217391304348,0.9130434782608696,0.9166666666666666,1.0,0.0044195238095238,0.9465579710144928,9,12,11,12,8,12,12.0,12.0
64012a2623351894f2917605,2.822819323525392,1.3022647393089928,2.217715480016221,0.6625074372225022,0.6051038435091702,0.6397573020864906,1.520554584216399,1.5552080427937194,,,,,,,12,11,16,10,7,8,13.0,11.0
677fe9d3bafd440269d2ef89,2.031182614618386,1.6335193458110044,0.096558615289639,0.7363159173761297,1.9346239993287464,0.8972034284348748,0.3976632688073813,-0.6397573020864906,0.9047619047619048,0.875,0.875,0.8260869565217391,0.0084222105263157,0.870212215320911,18,12,17,17,15,17,15.0,17.0
6747d17ec4d287d32e597fa9,0.9716509775360797,2.087646756664343,1.5224784561595568,0.6594875889217631,-0.5508274786234773,1.42815916774258,-1.1159957791282635,0.8629908672377937,1.0,0.9166666666666666,0.8695652173913043,0.6666666666666666,0.002467446590909,0.8632246376811593,11,11,14,7,7,7,10.0,15.0
66e28103f28d6e15a3f4f1f0,,,,,,,,,0.8260869565217391,0.6521739130434783,0.5,0.5416666666666666,0.0034852757747515,0.629981884057971,17,20,19,20,19,17,18.0,19.0
6738d09a032bf7224008ce7e,,,,,,,,,,,,,,,18,20,19,18,18,18,19.0,18.0
612039d9400fae9545b3c5a8,2.989465387366056,2.770762304038371,1.8166027952519683,1.3876353969964748,1.1728625921140874,1.383126907041896,0.2187030833276848,0.4289673982554935,0.9782608695652174,0.9565217391304348,0.8936170212765957,0.9361702127659576,0.0076200874885164,0.9411424606845513,20,9,7,7,8,5,6.0,8.0
67813733b9f7bd24cb2745b4,3.234058831204229,1.5860250547190646,1.5226354875624863,1.222365907038832,1.7114233436417428,0.3636591476802326,1.6480337764851645,0.3002695805236544,1.0,1.0,0.8695652173913043,0.9583333333333334,0.0070647608695652,0.9569746376811594,13,17,16,16,20,11,9.0,15.0
67358110193306101974db30,2.485310025471724,3.234058831204229,1.2779989181260665,1.4652337926855226,1.2073111073456575,1.7688250385187063,-0.7487488057325051,-0.1872348745594561,,,,,,,20,17,20,19,16,18,20.0,20.0
655fd5be8c6f7bfe39e75e96,,,,,,,,,0.9565217391304348,0.8695652173913043,0.8695652173913043,0.8333333333333334,0.0090806454545454,0.8822463768115942,15,18,12,15,15,13,10.0,12.0
67896c4807b59990758d8491,,,,,,,,,,,,,,,19,19,20,20,14,20,20.0,20.0
6643bcf4ed868a9901a9dd7d,2.53905900811532,3.2288199630120378,2.3686919126720536,2.53905900811532,0.1703670954432663,0.6897609548967178,-0.6897609548967178,-0.1703670954432663,0.9565217391304348,1.0,0.8695652173913043,1.0,0.0043190600790513,0.9565217391304348,6,12,12,16,15,16,16.0,14.0
5cd063ce657e300016f6c95a,2.822819323525392,2.4936473961509886,2.5390590081153204,0.7916386077433746,0.2837603154100714,1.702008788407614,0.3291719273744031,1.7474204003719458,0.9583333333333334,0.9583333333333334,0.9166666666666666,0.9565217391304348,0.0105254086956521,0.9474637681159421,12,15,17,14,9,11,12.0,11.0
664ba1d1d71301161344e2a5,2.087646756664343,2.485310025471724,1.811714840529576,1.029697149497323,0.2759319161347671,1.455612875974401,-0.3976632688073809,0.7820176910322529,,,,,,,9,14,11,11,12,11,9.0,13.0
630386f64c5bbd56ab1c3b0f,2.930467585371045,2.1351410477562838,1.6335193458110044,1.9489429490335013,1.296948239560041,0.186198098722782,0.7953265376147618,-0.3154236032224968,1.0,0.9583333333333334,0.8260869565217391,0.9166666666666666,0.0092482376586228,0.9252717391304348,8,18,5,10,5,8,8.0,8.0
67519b91595db9a046359da0,,,,,,,,,1.0,1.0,1.0,0.8333333333333334,0.0080449157246376,0.9583333333333334,14,15,15,13,16,13,12.0,13.0
6761f8be0534cd92e822e611,,,,,,,,,,,,,,,14,17,17,14,15,18,9.0,18.0
674dc32400f538862eb27f89,2.031182614618386,3.1857372178398284,1.8313401494860924,2.031182614618386,0.1998424651322934,1.1545546032214429,-1.1545546032214429,-0.1998424651322934,,,,,,,18,16,19,15,19,17,18.0,20.0
66505efb53953d2da6e1a8cd,1.569972747251497,1.811714840529576,0.4982573756221813,0.5659488219328631,1.0717153716293155,1.2457660185967128,-0.2417420932780789,-0.0676914463106818,0.9166666666666666,0.9565217391304348,0.8695652173913043,0.8260869565217391,0.0103099714354066,0.8922101449275363,14,17,12,16,11,11,13.0,17.0
676af7a57cae28cecaf83c68,,,,,,,,,,,,,,,18,20,20,17,17,20,14.0,16.0
6111ec391b7048bb53089f5d,,,,,,,,,0.8636363636363636,0.7727272727272727,0.7727272727272727,0.7619047619047619,0.0130216190789473,0.7927489177489178,15,13,18,20,15,19,16.0,14.0
678d4b5574c6a54d8f4cafd8,3.605486181478381,2.532804316563664,1.758615024806716,1.569972747251497,1.846871156671665,0.9628315693121668,1.0726818649147174,0.188642277555219,0.9583333333333334,0.8695652173913043,0.9565217391304348,0.9565217391304348,0.0041048280632411,0.9352355072463767,13,16,15,13,14,17,12.0,16.0
67822f906480ae6f11bf6942,,,,,,,,,,,,,,,14,14,15,15,16,15,14.0,13.0
678a7c0fa6dada0f1ffae746,,,,,,,,,,,,,,,18,17,18,11,17,15,18.0,17.0
674ba6a23248254461461b54,1.859209131621516,0.9716509775360797,0.4978122265838214,1.6452461624782275,1.3613969050376948,-0.673595184942148,0.8875581540854367,-1.147433935894406,0.6521739130434783,0.6521739130434783,0.6666666666666666,0.6086956521739131,0.0015516117857142,0.644927536231884,14,10,11,10,9,8,8.0,12.0
66c608b7c916342fbca4d075,,,,,,,,,,,,,,,20,20,20,20,20,20,20.0,20.0
66fb8a3730fd6deba2e671e3,2.822819323525392,2.217715480016221,2.45056465097878,0.8593300540540565,0.372254672546612,1.358385425962165,0.6051038435091702,1.5912345969247232,0.9565217391304348,0.875,0.9545454545454546,0.75,0.0117638142857142,0.8840167984189724,10,14,11,8,10,9,8.0,9.0
5da6139c002c29001335b5a2,2.836395562396848,2.4936473961509886,1.8313401494860924,1.9920256942057104,1.0050554129107554,0.5016217019452784,0.3427481662458591,-0.1606855447196178,0.9166666666666666,0.8636363636363636,0.8636363636363636,0.9130434782608696,0.0049008642515379,0.8892457180500659,16,15,17,13,14,15,16.0,15.0
5e76d2652d882b2481d65066,2.034992089979843,1.6756621869334474,2.4936473961509886,0.8685085801739252,-0.4586553061711456,0.8071536067595222,0.3593299030463956,1.6251388159770634,1.0,1.0,1.0,0.8695652173913043,0.0026646274637681,0.967391304347826,15,11,12,10,9,11,6.0,12.0
5b68c9eb87af310001584803,2.087646756664343,1.5860250547190646,1.2000886025789064,1.433676880678711,0.8875581540854367,0.1523481740403536,0.5016217019452784,-0.2335882780998046,0.9565217391304348,0.9565217391304348,0.9565217391304348,0.8695652173913043,0.0051921636363636,0.9347826086956522,17,19,19,17,16,17,16.0,15.0
678a318061025ebe627384b6,,,,,,,,,,,,,,,16,20,18,19,16,18,19.0,18.0
6612a3d099bbffc5cc1eebff,0.5651683005047862,1.085019839864568,0.3223898535806504,0.6625074372225022,0.2427784469241357,0.4225124026420659,-0.5198515393597819,-0.3401175836418517,,,,,,,13,14,10,12,6,12,11.0,13.0
671c5ad0eb30c87c11b22ec4,2.4936473961509886,2.836395562396848,1.859209131621516,1.3861825895867712,0.6344382645294724,1.4502129728100766,-0.3427481662458591,0.473026542034745,0.9130434782608696,0.7916666666666666,0.7916666666666666,0.7916666666666666,0.0091302646616541,0.8220108695652173,13,15,14,15,14,14,10.0,12.0
6727e10a76e80949064e1e6c,,,,,,,,,,,,,,,8,17,14,12,12,13,13.0,12.0
67207ddb95109f11e89dcfb8,,,,,,,,,,,,,,,13,20,20,20,20,20,19.0,19.0
678dfec50cc874af0b76ab04,,,,,,,,,0.875,0.7916666666666666,0.7272727272727273,0.7083333333333334,0.007712703355816,0.7755681818181818,16,19,17,16,17,16,18.0,17.0
676d800c5499f924389756b5,0.9710119085885026,1.246064502480142,0.4982573756221813,0.4626649720902087,0.4727545329663213,0.7833995303899333,-0.2750525938916394,0.0355924035319725,1.0,0.9583333333333334,1.0,0.9166666666666666,0.0055047166007905,0.96875,9,9,14,8,10,7,8.0,12.0
6754d95f656838004bc46eed,2.7889012713049075,3.234058831204229,1.4652337926855226,1.3609517559993352,1.323667478619385,1.873107075204894,-0.4451575598993216,0.1042820366861874,0.8333333333333334,0.9090909090909092,0.9090909090909092,0.9545454545454546,0.0116850714285714,0.9015151515151516,14,12,12,12,12,10,10.0,13.0
65de5ddcc637719fe458fc76,2.89131066495837,1.3575874296762378,1.313457464907395,0.7322127136011394,1.577853200050975,0.6253747160750984,1.5337232352821322,0.5812447513062555,0.9166666666666666,0.8636363636363636,0.7391304347826086,0.8333333333333334,0.0095768573824936,0.838191699604743,17,19,11,16,20,17,14.0,14.0
6643d97ef7bef1480ec1166b,,,,,,,,,0.7083333333333334,0.5909090909090909,0.4166666666666667,0.7916666666666666,0.0048650749940462,0.6268939393939394,18,20,17,19,20,15,20.0,19.0
6787a95f87a6e4a695780b13,,,,,,,,,0.875,0.5833333333333334,0.6086956521739131,0.6190476190476191,0.0084749868132637,0.6715191511387164,9,8,11,13,11,10,13.0,10.0
678b95e7567348686a870e6b,,,,,,,,,1.0,0.9565217391304348,0.8695652173913043,0.8333333333333334,0.0076739713636363,0.9148550724637682,12,11,17,15,15,11,11.0,14.0
66a6bbb40b48d0e4f326767e,3.194901910791553,1.89596109198098,1.2475828936708466,0.1171488575472928,1.9473190171207069,1.778812234433687,1.2989408188105735,1.1304340361235536,,,,,,,17,18,12,14,13,16,13.0,14.0
65c181b4de219e8c75ae4fb8,,,,,,,,,,,,,,,18,12,10,8,12,10,8.0,14.0
676fac81dc17021dfb5fad67,2.7701646568408917,3.2288199630120378,0.7741892917569484,0.7014641670775721,1.995975365083943,2.527355795934466,-0.4586553061711464,0.0727251246793763,0.782608695652174,1.0,0.9166666666666666,0.9166666666666666,0.0142249797101449,0.9039855072463767,8,4,5,8,9,5,6.0,7.0
5cf398a1e55efc000127adae,,,,,,,,,0.9090909090909092,0.7391304347826086,0.4347826086956521,0.7391304347826086,0.0038597370588235,0.7055335968379446,13,13,8,10,8,9,10.0,11.0
653ed34dfa601f3952c72ed4,2.505140955894836,2.485310025471724,1.8027430907391904,1.2000886025789064,0.7023978651556457,1.2852214228928176,0.0198309304231121,0.602654488160284,0.9166666666666666,0.8333333333333334,0.625,0.6666666666666666,0.0080566516666666,0.7604166666666666,19,20,20,19,17,16,20.0,20.0
6779262b285a5b12c721ecee,,,,,,,,,0.8636363636363636,0.9166666666666666,0.782608695652174,0.8181818181818182,0.0084385333333333,0.8452733860342556,11,10,20,14,15,15,20.0,18.0
671050c226ff82aa6081d587,1.758615024806716,2.89131066495837,0.4255322509428049,0.9320551787334328,1.333082773863911,1.9592554862249367,-1.132695640151654,-0.5065229277906278,0.9545454545454546,0.7619047619047619,0.5909090909090909,0.6190476190476191,0.0067330998626373,0.7316017316017316,16,16,20,15,14,14,16.0,16.0
6733c03807f9f957e2eb1382,1.967636016058878,2.594381698482565,0.9163282871688344,1.2460645024801422,1.0513077288900434,1.3483171960024227,-0.626745682423687,-0.3297362153113077,0.9545454545454546,0.9166666666666666,0.9583333333333334,0.9565217391304348,0.0059783412761151,0.9465167984189724,17,13,18,11,9,14,12.0,18.0
5d96eeed1998fb00177f6b71,,,,,,,,,,,,,,,14,14,14,13,13,13,14.0,14.0
610466e3fb619bdbdf8eb32d,1.756392150162331,1.29404083111673,0.6744897501960817,0.096558615289639,1.0819023999662494,1.1974822158270908,0.462351319045601,0.5779311349064427,0.875,0.6,0.631578947368421,0.5333333333333333,0.0042111825396825,0.6599780701754385,16,16,15,11,16,15,19.0,18.0
676ef830be06454935800ec3,2.532804316563664,3.2288199630120378,1.2000886025789064,1.967636016058878,1.3327157139847574,1.2611839469531598,-0.696015646448374,-0.7675474134799716,1.0,0.9565217391304348,1.0,0.9565217391304348,0.0028153932806324,0.9782608695652173,8,11,15,6,9,11,10.0,7.0
676eb8d5dd1b9e51d21ec734,,,,,,,,,0.875,0.782608695652174,0.875,0.6956521739130435,0.009456846031746,0.8070652173913043,11,14,14,13,11,13,15.0,14.0
6699571ba83beb19c5acbfef,2.233470390034648,2.7889012713049075,1.4260768722728472,-0.2725675898116698,0.8073935177618006,3.061468861116577,-0.5554308812702597,1.6986444620845171,1.0,0.9166666666666666,1.0,0.7916666666666666,0.0149716020386935,0.9270833333333333,16,19,16,18,10,16,10.0,20.0
67228eb9f3f694a42b636b7f,0.8328745326657686,2.256872400428897,0.3899398474108323,0.7363159173761296,0.4429346852549363,1.5205564830527676,-1.4239978677631284,-0.3463760699652972,0.9166666666666666,0.9047619047619048,0.6956521739130435,0.8333333333333334,0.0039973861842105,0.8376035196687371,17,18,17,16,16,16,12.0,18.0
66b435b1d2d981a3ab684c2d,1.1024222741766994,1.6335193458110049,0.8875581540854366,0.0727251246793763,0.2148641200912627,1.5607942211316286,-0.5310970716343055,0.8148330294060602,,,,,,,16,15,16,17,15,15,18.0,18.0
674d61ec8e80ca5159d6aa56,,,,,,,,,,,,,,,14,16,17,14,17,15,14.0,14.0
671eff2e0b8f048504452726,3.234058831204229,2.89131066495837,0.7968336560960271,0.6824145931660605,2.437225175108202,2.2088960717923096,0.3427481662458591,0.1144190629299666,,,,,,,18,18,20,17,17,20,19.0,20.0
605e42cc59833acecfd3f301,,,,,,,,,1.0,1.0,0.8695652173913043,0.6956521739130435,0.0077319989130434,0.8913043478260869,16,16,12,15,14,13,12.0,19.0
678e5e240021ccd474206641,,,,,,,,,,,,,,,17,10,20,16,15,13,16.0,15.0
67693470121578a6dff417d2,,,,,,,,,0.9166666666666666,0.8260869565217391,0.7083333333333334,0.7916666666666666,0.0038551785251899,0.8106884057971014,13,15,20,16,12,18,19.0,18.0
6786e77f621a9c066c534e78,1.085019839864568,2.53905900811532,0.6950799924537355,1.569972747251497,0.3899398474108325,0.9690862608638228,-1.454039168250752,-0.8748927547977615,,,,,,,15,18,16,10,14,14,13.0,11.0
677fafc0a5ea31abbf20ebad,,,,,,,,,1.0,0.9565217391304348,0.8260869565217391,0.7391304347826086,0.0132489796439628,0.8804347826086956,17,15,18,12,13,15,16.0,16.0
5f4539788c48690d1f71bfcc,,,,,,,,,0.9583333333333334,0.7916666666666666,0.875,0.7916666666666666,0.005663134423014,0.8541666666666666,12,16,14,14,18,12,13.0,13.0
5efe44bebdee09152fe08acc,1.569972747251497,2.256872400428897,2.4936473961509886,1.3022647393089928,-0.9236746488994916,0.9546076611199044,-0.6868996531774001,1.1913826568419958,1.0,0.9166666666666666,0.875,0.9130434782608696,0.0044053613777526,0.926177536231884,13,15,14,10,13,12,10.0,16.0
676d592187581f23f60331bb,1.792183229073417,1.085019839864568,1.0664271733630608,1.1718525605643293,0.7257560557103562,-0.0868327206997612,0.7071633892088489,-0.1054253872012684,,,,,,,18,19,12,10,13,14,12.0,15.0
55a9f6a1fdf99b2d81b5295f,,,,,,,,,0.9130434782608696,0.9583333333333334,0.9166666666666666,0.8181818181818182,0.0108611319405232,0.901556324110672,9,14,13,13,10,9,9.0,13.0
583d5dd49c5f2a0001b85f40,2.53905900811532,1.5860250547190646,1.5617924079751615,1.758615024806716,0.9772666001401582,-0.1725899700876514,0.9530339533962552,-0.1968226168315543,0.9130434782608696,0.9565217391304348,0.9130434782608696,0.9130434782608696,0.0076571987012987,0.9239130434782609,17,16,15,18,18,16,12.0,14.0
676d40e2915d059bf7ef62e8,,,,,,,,,,,,,,,17,17,19,18,19,19,19.0,19.0
678755cc09f64198c984b217,,,,,,,,,,,,,,,16,13,16,15,15,16,16.0,15.0
5eb342dff78ab11407daf144,1.811714840529576,1.1024222741766994,0.9628315693121672,0.9163282871688344,0.8488832712174089,0.1860939870078648,0.7092925663528766,0.0465032821433325,0.9130434782608696,1.0,0.8260869565217391,0.875,0.0122396300125313,0.9035326086956522,17,16,14,18,18,13,18.0,20.0
6784b7b57a26bfddbafe40e6,,,,,,,,,,,,,,,16,19,15,17,18,15,15.0,15.0
565a3d24c51d430005875042,2.087646756664343,2.087646756664343,1.3861825895867712,1.386182589586771,0.7014641670775719,0.7014641670775721,0.0,2.220446049250313e-16,0.9130434782608696,0.9130434782608696,0.7272727272727273,0.7391304347826086,0.0149590307072829,0.8231225296442688,12,16,10,13,9,13,13.0,14.0
660e2337aad9e33736f08e84,3.2288199630120378,2.4936473961509886,1.527954525119504,2.256872400428897,1.7008654378925336,0.2367749957220914,0.7351725668610491,-0.728917875309393,,,,,,,18,17,16,16,15,8,12.0,16.0
6711c745bcc0626c2de36d07,1.7590601738450755,1.1024222741766994,-0.3223898535806505,1.0850198398645678,2.0814500274257264,0.0174024343121315,0.6566378996683764,-1.4074096934452185,0.8695652173913043,0.8260869565217391,0.6086956521739131,0.7916666666666666,0.0060685909774436,0.7740036231884058,11,16,11,12,8,15,11.0,12.0
678b749494dd9deb974cb25f,,,,,,,,,,,,,,,20,20,15,13,14,19,14.0,15.0
677e333ee5769779d2fb960f,,,,,,,,,,,,,,,16,17,19,17,15,11,20.0,15.0
6630ec1ebe18d48a3cecb54e,3.1857372178398284,3.234058831204229,1.4652337926855226,1.1641291391677808,1.720503425154306,2.0699296920364483,-0.0483216133644006,0.3011046535177417,0.875,0.9583333333333334,0.8695652173913043,0.875,0.0126454162111801,0.8944746376811594,12,16,16,18,14,18,16.0,15.0
5d4869cc692e5400197a980c,2.8482279197861606,2.532804316563664,2.217715480016221,1.3575874296762378,0.6305124397699391,1.1752168868874264,0.3154236032224964,0.8601280503399837,1.0,0.9166666666666666,0.75,0.875,0.0106713170838822,0.8854166666666666,12,12,12,14,14,13,14.0,15.0
677aae4e7390567a435c3c23,,,,,,,,,,,,,,,14,13,16,9,10,13,20.0,11.0
67329e974d0c9d4221e4c4ac,2.4936473961509886,0.8593300540540564,1.3861825895867712,1.6335193458110049,1.1074648065642174,-0.7741892917569485,1.6343173420969324,-0.2473367562242336,0.782608695652174,0.5416666666666666,0.75,0.4166666666666667,0.0044912205128205,0.6227355072463768,14,20,17,20,17,19,16.0,20.0
55ec49b67480920010aaa4e8,,,,,,,,,,,,,,,14,15,17,14,14,15,13.0,13.0
672a3b3af4fe3ca8478cd6c6,,,,,,,,,1.0,0.8695652173913043,0.8260869565217391,0.9166666666666666,0.0118875071936758,0.9030797101449275,17,19,15,17,17,14,4.0,17.0
675ed2ef6a6a6ae2ce682c30,,,,,,,,,0.5909090909090909,0.7272727272727273,0.5454545454545454,0.5217391304347826,0.0013833942307692,0.5963438735177866,14,13,11,14,9,11,12.0,10.0
67880f3fcfe89c43f375f668,,,,,,,,,,,,,,,15,13,11,16,14,14,6.0,11.0
66046ee084b12b781cb49495,2.53905900811532,3.267976883424713,1.5860250547190646,1.2387181407494852,0.9530339533962552,2.0292587426752275,-0.728917875309393,0.3473069139695794,,,,,,,12,11,11,14,10,11,8.0,12.0
67808d0260180c6133619b2b,,,,,,,,,0.782608695652174,0.8333333333333334,0.7391304347826086,0.9166666666666666,0.0084312517290552,0.8179347826086957,14,14,13,13,16,12,13.0,13.0
6738c218706186b3fe8e8f56,1.3609517559993352,1.5860250547190646,1.1718525605643293,0.7916386077433746,0.1890991954350058,0.79438644697569,-0.2250732987197294,0.3802139528209547,0.782608695652174,0.6956521739130435,0.8260869565217391,0.6521739130434783,0.0102368828508772,0.7391304347826086,17,16,20,17,15,18,20.0,18.0
67856f922cc646ac823a1660,3.571568129257897,3.2288199630120378,1.967636016058878,2.040152465572403,1.603932113199019,1.188667497439635,0.3427481662458591,-0.0725164495135248,,,,,,,17,15,20,20,15,20,20.0,20.0
5f81fc9446ee002f681ea5e3,0.6824145931660606,0.6107396690881626,0.5651683005047862,0.8685085801739253,0.1172462926612744,-0.2577689110857627,0.071674924077898,-0.3033402796691391,0.9565217391304348,0.9583333333333334,0.9583333333333334,0.9565217391304348,0.0078332355731225,0.957427536231884,10,16,13,16,8,16,13.0,13.0
678ac1267cd2b3ce8d1fbf69,1.8568041715683048,0.6625074372225022,0.9710119085885026,0.2104283942479248,0.885792262979802,0.4520790429745773,1.1942967343458024,0.7605835143405778,0.8181818181818182,0.9583333333333334,0.8695652173913043,0.75,0.0103450833333333,0.849020092226614,11,20,20,19,15,15,11.0,14.0
66eddeb07ae1f7510780b109,1.4652337926855226,1.6452461624782275,1.246064502480142,2.201549710061652,0.2191692902053805,-0.5563035475834246,-0.1800123697927049,-0.95548520758151,,,,,,,14,12,15,10,13,12,19.0,17.0
5a6e8532e6cc4a0001b6d728,,,,,,,,,,,,,,,13,20,19,17,12,16,14.0,13.0
654e6dcbb060f1ea2d712339,,,,,,,,,1.0,0.8260869565217391,0.625,0.75,0.0143420274599542,0.8002717391304348,20,17,20,17,20,18,17.0,20.0
6631185d17f78b1877ba88cb,,,,,,,,,0.875,0.782608695652174,0.8333333333333334,0.6666666666666666,0.0065062282142857,0.7894021739130435,14,16,15,14,12,6,10.0,15.0
670cf1827819b4f39133584b,,,,,,,,,,,,,,,15,15,13,14,14,16,15.0,16.0
677f26f141f0ce49707accc6,1.5617924079751615,1.147433935894406,0.9163282871688344,0.4733936019138982,0.6454641208063272,0.6740403339805079,0.4143584720807556,0.4429346852549363,,,,,,,18,18,20,19,9,12,20.0,20.0
664f98c80beb5400a141ac91,0.9716509775360797,0.8545021199887867,0.0474942910919402,0.2933812321211932,0.9241566864441392,0.5611208878675934,0.1171488575472928,-0.245886941029253,,,,,,,17,16,19,18,18,18,18.0,20.0
672b60eb227e2b01fd1f88b5,,,,,,,,,,,,,,,20,20,20,20,20,20,20.0,20.0
6781563ac4093eb7a7433ff3,,,,,,,,,,,,,,,17,17,18,20,17,16,14.0,18.0
675c3fae9f1afa4c4207dab3,3.571568129257897,2.7701646568408917,2.134931395319276,1.792183229073417,1.436636733938621,0.9779814277674744,0.8014034724170056,0.3427481662458589,1.0,0.9565217391304348,1.0,0.8695652173913043,0.0032599339920948,0.9565217391304347,15,16,19,17,14,10,14.0,16.0
661ea4cacedd4c83df3a2dcb,,,,,,,,,,,,,,,11,13,9,12,5,7,7.0,9.0
67841f5e6071ec5527f9c27f,,,,,,,,,,,,,,,13,15,14,18,9,13,14.0,13.0
6740484e188a64793529ee77,1.5888126687260011,2.271227261892062,0.4451575598993211,0.469390206643224,1.14365510882668,1.8018370552488376,-0.6824145931660608,-0.0242326467439029,0.9166666666666666,0.7916666666666666,0.8695652173913043,0.9130434782608696,0.0019635045112781,0.8727355072463768,15,13,6,15,11,16,15.0,14.0
60e5cb4ca01a593fce9a379d,,,,,,,,,,,,,,,20,14,14,16,16,16,16.0,16.0
62786f21e2cc1d6adeea0a79,,,,,,,,,0.9583333333333334,0.9130434782608696,0.9130434782608696,0.782608695652174,0.0034266416149068,0.8917572463768116,15,15,18,18,13,15,15.0,16.0
677614004b333b9a50de9d41,,,,,,,,,,,,,,,4,4,4,4,4,4,4.0,4.0
671fbc510bb94767d36db746,,,,,,,,,,,,,,,16,18,19,17,15,16,18.0,18.0
677b43188ec54f1186b62411,2.53905900811532,1.3575874296762378,0.4451575598993211,0.36002473958541,2.0939014482159988,0.9975626900908278,1.181471578439082,0.0851328203139111,0.9583333333333334,0.875,0.8695652173913043,0.5652173913043478,0.0057902006051919,0.8170289855072463,15,20,16,20,18,14,16.0,15.0
67863d420c27f3b6e5f57073,,,,,,,,,0.9583333333333334,0.7391304347826086,0.75,0.75,0.0067130935493037,0.7993659420289855,18,18,17,19,18,20,19.0,19.0
5d6513f46f5284000118ef1d,,,,,,,,,,,,,,,13,14,13,12,12,12,12.0,14.0
66f6e3a582de0614bd19b481,0.9896630205119294,1.861697466359116,0.5435391283755626,0.2104283942479247,0.4461238921363668,1.651269072111191,-0.8720344458471863,0.3331107341276379,,,,,,,6,7,11,8,8,5,4.0,6.0
63ebd39a63bb79b50d438ab7,2.8521537445456944,2.836395562396848,1.1024222741766994,0.8685085801739252,1.749731470368995,1.9678869822229224,0.0157581821488466,0.2339136940027741,0.75,0.9583333333333334,0.6086956521739131,0.7391304347826086,0.0068955068444769,0.7640398550724639,9,12,17,13,15,13,15.0,16.0
671f3e367fa293418ae68c42,,,,,,,,,,,,,,,20,20,20,16,8,8,4.0,4.0
58a229e74d580c0001e0a766,,,,,,,,,0.9583333333333334,0.9565217391304348,1.0,0.9130434782608696,0.0046365952006047,0.9569746376811594,10,16,9,16,10,17,8.0,17.0
66c8abe49537b182dcbd2049,2.6990859622239465,2.217715480016221,1.029697149497323,0.0,1.6693888127266234,2.217715480016221,0.4813704822077249,1.029697149497323,0.9565217391304348,0.9565217391304348,0.7916666666666666,0.7391304347826086,0.0057045342527441,0.8609601449275361,15,14,12,15,15,15,11.0,18.0
63e6378e04ade071ebf9ff9c,,,,,,,,,,,,,,,17,19,20,18,20,20,20.0,17.0
5dd671942b033b5ec8bc97b4,2.217715480016221,1.792183229073417,0.6116262379506695,0.7459611917255681,1.606089242065552,1.046222037347849,0.4255322509428045,-0.1343349537748985,0.9583333333333334,0.9583333333333334,0.9166666666666666,0.8695652173913043,0.0041783442687747,0.9257246376811594,18,16,14,17,15,13,10.0,16.0
678aa22eb5db2af9be397452,,,,,,,,,,,,,,,16,19,12,20,16,17,17.0,17.0
6736142695794b6108842ed2,1.8993017060288293,2.836395562396848,1.1718525605643293,1.085019839864568,0.7274491454645002,1.7513757225322797,-0.9370938563680182,0.0868327206997612,1.0,1.0,1.0,0.8333333333333334,0.0091595969561608,0.9583333333333334,11,12,10,13,12,13,9.0,14.0
6716dbc5faa8d435d67f0ed7,,,,,,,,,,,,,,,20,18,20,12,19,16,19.0,20.0
67253dbcd4950a2168aa7741,,,,,,,,,0.8260869565217391,0.9565217391304348,0.9166666666666666,0.875,0.005397974709501,0.8935688405797101,19,20,20,17,17,13,19.0,13.0
62ffa989dbd072768cd2a14e,,,,,,,,,,,,,,,16,16,15,17,13,15,15.0,15.0
664f408259a7d76b52e2ae25,3.5376500770374126,2.930467585371045,2.031182614618386,1.811714840529576,1.5064674624190268,1.1187527448414691,0.6071824916663675,0.2194677740888098,0.9166666666666666,0.9166666666666666,0.9090909090909092,0.9166666666666666,0.0072648745454545,0.9147727272727272,14,17,20,13,13,12,20.0,17.0
6668d4917e343a318af11adf,2.505140955894836,2.485310025471724,0.9710119085885026,1.3686751773958834,1.5341290473063336,1.1166348480758406,0.0198309304231121,-0.3976632688073808,,,,,,,12,20,14,14,13,12,9.0,11.0
6780b105e7a5923128d8457d,,,,,,,,,,,,,,,19,10,13,16,18,16,16.0,10.0
67824ed63aa44baedbe5d46f,,,,,,,,,0.875,0.7391304347826086,0.7391304347826086,0.7391304347826086,0.0036056285714285,0.7730978260869565,15,14,18,18,9,14,19.0,19.0
669b00d76af70db9da1b0301,2.5604636462620807,1.5860250547190646,0.7968336560960274,0.469390206643224,1.7636299901660533,1.1166348480758406,0.974438591543016,0.3274434494528033,1.0,1.0,0.9565217391304348,0.9130434782608696,0.0079397097402597,0.967391304347826,12,18,16,16,17,14,17.0,17.0
60ff8f48909c68ae805ea2ba,3.2288199630120378,2.031182614618386,2.201549710061652,0.3702095605755599,1.0272702529503857,1.6609730540428258,1.197637348393652,1.831340149486092,1.0,0.875,0.8181818181818182,0.8260869565217391,0.0081727370509607,0.8798171936758894,10,11,13,7,10,13,13.0,11.0
678851f427536397f63120bf,2.3347738604515693,1.3575874296762378,2.096124322860384,0.3899398474108323,0.2386495375911854,0.9676475822654056,0.9771864307753316,1.7061844754495517,0.9583333333333334,0.9166666666666666,0.9583333333333334,0.8695652173913043,0.0084893320948616,0.9257246376811594,13,12,16,8,7,15,8.0,11.0
5c0245f0a9d1ef00011816ea,,,,,,,,,0.9583333333333334,0.9583333333333334,0.875,1.0,0.0021757225672877,0.9479166666666667,15,17,17,15,14,13,14.0,15.0
5c2c62542c45d400014a32e6,,,,,,,,,0.9565217391304348,0.9565217391304348,1.0,0.8695652173913043,0.0094387396969696,0.9456521739130435,13,12,11,10,9,9,10.0,11.0
66bab7aa032ffe5aeb0a3834,,,,,,,,,,,,,,,14,12,17,18,20,11,20.0,16.0
675402ab00652943d80d7ddb,2.532804316563664,2.7701646568408917,1.8038864412542712,0.9163282871688349,0.7289178753093926,1.8538363696720568,-0.2373603402772275,0.8875581540854365,,,,,,,15,15,18,11,14,14,13.0,15.0
6766a8b9f2f6140bdb9fab39,,,,,,,,,,,,,,,15,13,18,13,11,15,14.0,13.0
66f5c81fa771db6db1bc2382,,,,,,,,,,,,,,,14,13,16,15,15,14,13.0,16.0
62fb84322433c8d7e890a145,,,,,,,,,0.9583333333333334,0.7083333333333334,0.8333333333333334,0.6666666666666666,0.0014648532480818,0.7916666666666666,16,20,16,14,12,14,11.0,16.0
65a4598a91a3f0e75374a8c4,,,,,,,,,0.782608695652174,0.5,0.5909090909090909,0.5,-5.101118881119023e-05,0.5933794466403162,15,15,10,14,14,12,14.0,17.0
674083da048a73d78070ea5b,,,,,,,,,,,,,,,18,18,18,19,18,19,19.0,18.0
676b5cae2bdeb2fceba3e9cb,1.329518256983208,1.5832772154867492,-0.6950799924537355,0.8328745326657686,2.024598249436944,0.7504026828209805,-0.2537589585035411,-1.527954525119504,,,,,,,12,20,14,15,13,16,13.0,17.0
67759a26b7a5424ec5d0c0a1,1.792183229073417,1.6335193458110049,1.509361858617997,0.1362958665727858,0.2828213704554199,1.497223479238219,0.1586638832624121,1.3730659920452113,1.0,0.9130434782608696,0.9583333333333334,0.8695652173913043,0.0092617439544513,0.9352355072463768,18,19,20,12,17,17,20.0,19.0
677d1f4f3c247c1a7a6fb57f,2.4461531050590484,1.5888126687260014,1.1164780971684778,0.774189291756948,1.3296750078905706,0.8146233769690534,0.857340436333047,0.3422888054115298,0.9565217391304348,0.7391304347826086,0.8695652173913043,0.8695652173913043,0.0072597909090909,0.858695652173913,15,14,15,16,15,16,15.0,15.0
66d9fc2d2b46f520118ea65f,,,,,,,,,0.9565217391304348,0.8695652173913043,0.9130434782608696,0.9047619047619048,0.011584238692185,0.9109730848861284,13,19,19,16,16,16,17.0,20.0
676063838d4db0d3eaa69c2b,,,,,,,,,,,,,,,20,20,20,20,20,20,20.0,20.0
663ec602f5dc7af6ccc1c2d0,2.134931395319276,2.4461531050590484,2.031182614618386,1.756392150162331,0.1037487807008901,0.6897609548967174,-0.3112217097397725,0.2747904644560548,1.0,0.875,0.9583333333333334,0.875,0.0111246968944099,0.9270833333333334,11,14,14,12,11,12,12.0,10.0
67227eb3d24e7ab203397120,1.7061844754495512,0.9710119085885026,1.1718525605643293,0.9320551787334328,0.5343319148852219,0.0389567298550698,0.7351725668610486,0.2397973818308965,,,,,,,17,14,15,12,20,14,17.0,17.0
671469967e2a4f2e612e3846,,,,,,,,,0.9130434782608696,0.9583333333333334,0.8181818181818182,0.875,0.0090253478260869,0.8911396574440054,17,20,20,20,18,20,18.0,20.0
6750c18b7e2026c4edd0ad26,,,,,,,,,,,,,,,15,20,17,17,14,13,18.0,16.0
5df967d2f6191f6e87b236e6,0.6824145931660606,1.9920256942057104,0.8593300540540564,0.8400638629934964,-0.1769154608879958,1.1519618312122135,-1.3096111010396496,0.0192661910605599,0.9565217391304348,1.0,0.875,0.9565217391304348,0.0071407159984942,0.9470108695652173,20,20,20,20,16,15,20.0,15.0
5d776e218a8d1d00166d36a6,3.5376500770374126,2.822819323525392,0.8400638629934963,1.5860250547190646,2.697586214043916,1.2367942688063271,0.7148307535120209,-0.7459611917255683,,,,,,,16,18,17,14,15,14,16.0,17.0
66849ebd4dd65cfd282d2ad5,,,,,,,,,,,,,,,17,20,16,18,20,17,14.0,14.0
668f41cc549b163c5d45534e,1.606089242065552,0.8685085801739253,0.5651683005047862,1.1024222741766994,1.040920941560766,-0.233913694002774,0.7375806618916269,-0.5372539736719132,0.9565217391304348,0.9130434782608696,0.875,0.7916666666666666,0.0041713504215083,0.8840579710144928,12,17,13,11,11,12,11.0,15.0
656cef93133dd04969014614,2.1351410477562838,1.433676880678711,1.1318976438657262,1.0200762327862014,1.003243403890557,0.4136006478925096,0.7014641670775723,0.1118214110795248,0.9545454545454546,0.9565217391304348,0.875,0.9565217391304348,0.0089093636363636,0.935647233201581,18,17,15,19,15,14,16.0,15.0
610341bbc7f7114aea9a2cea,0.7957834554945488,1.3022647393089928,-0.2695477415109305,0.9710119085885024,1.0653311970054793,0.3312528307204904,-0.506481283814444,-1.240559650099433,0.9166666666666666,0.875,0.9130434782608696,0.6956521739130435,0.0104587097402597,0.8500905797101449,20,20,20,17,11,14,16.0,12.0
6547bf8012d4702680d55663,,,,,,,,,0.9130434782608696,0.9130434782608696,0.782608695652174,0.6956521739130435,0.0088988623015873,0.8260869565217391,8,8,10,9,5,8,4.0,7.0
666dd3d9e53e0ff59d7cc164,,,,,,,,,,,,,,,17,17,16,16,12,14,10.0,16.0
66122c3b55a1487b4e58e292,,,,,,,,,0.8333333333333334,0.9583333333333334,0.7916666666666666,0.7083333333333334,0.0040660566038497,0.8229166666666667,12,14,15,15,16,16,16.0,16.0
657ca800404c8884226c8f42,,,,,,,,,1.0,0.9166666666666666,1.0,0.782608695652174,0.0042707651515151,0.9248188405797101,13,16,16,15,14,16,15.0,16.0
678c0db9c6a63a1de276a649,3.2288199630120378,3.571568129257897,1.527954525119504,1.811714840529576,1.7008654378925336,1.759853288728321,-0.3427481662458591,-0.2837603154100718,0.9545454545454546,0.9565217391304348,0.8333333333333334,0.8695652173913043,0.0117812877922077,0.9034914361001317,20,7,18,9,16,17,13.0,16.0
65fa95fafeda35caf378b6f9,3.2288199630120378,2.256872400428897,2.485310025471724,1.5224784561595568,0.7435099375403138,0.7343939442693403,0.9719475625831406,0.9628315693121672,1.0,0.9565217391304348,0.9583333333333334,0.875,0.0058740870271033,0.947463768115942,12,12,12,12,9,9,8.0,11.0
60fdc934e81b93f92f561d76,2.836395562396848,2.485310025471724,1.8313401494860924,1.5860250547190646,1.0050554129107554,0.8992849707526593,0.3510855369251238,0.2453150947670277,1.0,0.9583333333333334,0.9130434782608696,0.782608695652174,0.0045712149068323,0.9134963768115942,15,15,19,14,13,17,15.0,19.0
67855ba77a8e1aaf8e477978,0.8593300540540565,0.7459611917255682,0.8545021199887867,0.6594875889217631,0.0048279340652698,0.0864736028038051,0.1133688623284883,0.1950145310670236,0.9565217391304348,1.0,0.9166666666666666,0.875,0.0133508953133822,0.9370471014492754,14,17,20,16,19,20,8.0,14.0
6033fd8bc8659800086d87b0,,,,,,,,,0.9565217391304348,0.9583333333333334,1.0,0.9583333333333334,0.0091651165678524,0.9682971014492754,15,17,15,17,14,18,14.0,16.0
673a70491f1992a774b72caa,,,,,,,,,,,,,,,19,16,16,17,12,14,17.0,17.0
677412c094eeb8f1992fc3ae,0.9710119085885026,1.2475828936708466,1.29404083111673,0.6824145931660606,-0.3230289225282273,0.5651683005047861,-0.276570985082344,0.6116262379506694,,,,,,,12,15,11,15,8,14,9.0,11.0
5e968e6744b6d010b16540a4,3.571568129257897,3.1857372178398284,1.1641291391677808,1.8313401494860924,2.407438990090116,1.354397068353736,0.3858309114180684,-0.6672110103183115,0.9565217391304348,0.9166666666666666,0.9130434782608696,0.8260869565217391,0.0126351503759398,0.9030797101449276,12,16,11,10,6,10,16.0,12.0
5f974c72a0ed8c0f9ce724ea,2.89131066495837,2.532804316563664,1.8313401494860924,1.1577449645439442,1.0599705154722776,1.37505935201972,0.3585063483947057,0.6735951849421482,1.0,0.9583333333333334,1.0,0.9565217391304348,0.0019575889328063,0.9787137681159421,16,12,19,10,16,13,20.0,11.0
662ddcfc1103d1acda67d937,,,,,,,,,1.0,1.0,0.9166666666666666,0.9130434782608696,0.0077928337427065,0.957427536231884,15,18,15,19,20,20,16.0,19.0
665f97db56096b743c2332b1,1.569972747251497,2.53905900811532,0.4255322509428049,1.3861825895867712,1.144440496308692,1.1528764185285487,-0.9690862608638228,-0.9606503386439662,0.9565217391304348,1.0,0.9166666666666666,0.8333333333333334,0.0142870881027667,0.9266304347826088,17,18,15,15,13,16,17.0,13.0
6786177b26851e38285d94a1,1.0683510453062186,0.4626649720902088,0.5461187265932745,0.4626649720902087,0.5222323187129441,1.1102230246251563e-16,0.6056860732160098,0.0834537545030658,0.9565217391304348,0.75,0.8333333333333334,0.6521739130434783,0.0079975579797979,0.7980072463768115,13,13,13,15,8,13,14.0,13.0
5a6eac90d5d4cb0001d6815a,2.368691912672054,2.594381698482565,2.217715480016221,1.5832772154867492,0.1509764326558325,1.0111044829958158,-0.2256897858105109,0.6344382645294724,1.0,1.0,0.9545454545454546,0.9583333333333334,0.01162376873706,0.978219696969697,14,9,10,10,12,14,9.0,13.0
675f432df87b18ecba0964f4,0.5431700111701008,0.9320551787334328,-0.1362958665727858,1.4795527423902777,0.6794658777428866,-0.5474975636568445,-0.3888851675633321,-1.6158486089630633,,,,,,,18,19,14,16,16,17,17.0,18.0
674ca6e73e98a96de2cda112,2.3347738604515693,1.8027430907391904,1.246064502480142,1.0683510453062186,1.088709357971427,0.7343920454329718,0.532030769712379,0.1777134571739234,,,,,,,16,19,16,14,13,14,12.0,18.0
6127017baee75f10aa174139,,,,,,,,,0.9130434782608696,0.9565217391304348,0.9583333333333334,0.9583333333333334,0.01506451959345,0.9465579710144928,15,16,14,14,10,13,13.0,15.0
678553764d429ce5b3d40f4c,2.53905900811532,1.7590601738450755,1.2000886025789064,0.209020991252162,1.3389704055364136,1.5500391825929136,0.7799988342702442,0.9910676113267444,0.8695652173913043,0.8333333333333334,0.875,0.7391304347826086,0.0031460297759103,0.8292572463768115,12,15,17,18,16,18,19.0,18.0
664d46ad7cc1780eecfd0c24,3.571568129257897,3.571568129257897,1.606089242065552,1.1577449645439444,1.9654788871923448,2.4138231647139525,0.0,0.4483442775216077,0.9583333333333334,1.0,0.8333333333333334,0.875,0.0007839641821946,0.9166666666666667,18,13,16,17,10,7,13.0,19.0
673283141ee7ec9141e8bcf4,,,,,,,,,,,,,,,14,20,12,20,20,20,19.0,18.0
66049315b5c325fdaafea8fa,1.2000886025789064,2.201549710061652,1.8038864412542712,1.1024222741766994,-0.6037978386753649,1.0991274358849528,-1.0014611074827455,0.7014641670775719,0.9130434782608696,1.0,0.8695652173913043,0.8695652173913043,0.0063515009523809,0.9130434782608695,18,18,13,18,12,13,19.0,18.0
66463d3560eac977430ac716,2.271227261892062,2.594381698482565,0.5659488219328631,2.031182614618386,1.7052784399591987,0.5631990838641792,-0.323154436590503,-1.4652337926855226,0.8695652173913043,0.875,0.7391304347826086,0.75,0.010337208767507,0.8084239130434783,14,15,14,15,12,12,12.0,16.0
66733b0613db805ab4f05114,0.8875581540854366,1.238718140749485,-0.2695477415109305,0.8881972230330136,1.1571058955963671,0.3505209177164713,-0.3511599866640483,-1.1577449645439442,0.8260869565217391,0.9565217391304348,0.6521739130434783,0.6086956521739131,0.0072660121667805,0.7608695652173914,14,18,14,15,12,15,9.0,14.0
672d770786fa273d84b761d2,3.234058831204229,3.196898188807768,2.89131066495837,1.3686751773958834,0.3427481662458591,1.8282230114118845,0.0371606423964614,1.5226354875624866,1.0,0.9565217391304348,0.9565217391304348,0.9166666666666666,0.0074630869565217,0.957427536231884,14,16,16,14,11,11,14.0,15.0
6170cb31c3656859cca7cc57,2.013171484987115,1.569972747251497,0.1362958665727858,0.2695477415109307,1.8768756184143291,1.3004250057405664,0.4431987377356181,-0.1332518749381449,,,,,,,16,11,16,11,12,13,12.0,13.0
5b8bf5dd7b334200011da4aa,,,,,,,,,0.8333333333333334,0.9565217391304348,0.9583333333333334,0.875,0.0119958640429136,0.9057971014492754,16,19,12,16,16,16,13.0,18.0
671983e8022d66fd0242265b,1.9284790956462028,1.9920256942057104,1.0675705238781417,0.9320551787334328,0.8609085717680611,1.0599705154722772,-0.0635465985595074,0.1355153451447087,0.9130434782608696,0.9166666666666666,0.9130434782608696,0.9565217391304348,0.0049353722943722,0.9248188405797102,16,16,14,12,6,13,6.0,16.0
661ae93e33b51f5d31a8c3bb,,,,,,,,,,,,,,,11,19,18,16,13,13,11.0,16.0
62964d27c2b2866faa677493,,,,,,,,,,,,,,,16,16,16,16,16,16,16.0,16.0
66f198a897fe47706e8cdfd2,1.2852214228928174,1.3609517559993352,-0.2284376250428268,1.0675705238781417,1.5136590479356442,0.2933812321211935,-0.0757303331065177,-1.2960081489209685,1.0,0.8636363636363636,0.8260869565217391,0.7916666666666666,0.0038730026315789,0.8703474967061924,12,12,10,15,8,13,10.0,13.0
678f7fd7097858093f4a9540,,,,,,,,,,,,,,,16,18,14,13,8,12,13.0,20.0
5630b79b733ea00011164946,,,,,,,,,1.0,0.9583333333333334,0.75,0.6086956521739131,0.0053191028467908,0.8292572463768116,14,15,17,13,15,14,17.0,14.0
6759fd05e4ade779f4ee4689,,,,,,,,,,,,,,,13,16,14,14,12,10,10.0,12.0
66c9071f0a3b0e1d3a041c01,2.2976132180551083,1.29404083111673,0.6539698759856318,1.1577449645439442,1.6436433420694765,0.1362958665727858,1.0035723869383784,-0.5037750885583123,1.0,0.8695652173913043,0.9047619047619048,1.0,0.0135270678489702,0.9435817805383022,12,13,13,12,13,12,8.0,12.0
677bbfba3b742e3a5bf9a5e7,,,,,,,,,,,,,,,12,14,13,15,13,14,11.0,10.0
561487ad7ffc8a0012812266,2.930467585371045,1.29404083111673,2.1351410477562838,1.606089242065552,0.7953265376147618,-0.3120484109488222,1.6364267542543152,0.5290518056907312,0.9565217391304348,0.9545454545454546,0.875,0.9130434782608696,0.0085180103896103,0.9247776679841898,16,18,15,11,7,8,5.0,13.0
5edc7aed858a159580341afa,,,,,,,,,,,,,,,16,15,13,17,13,17,13.0,16.0
6721aeda53346fd7b593efd7,2.53905900811532,3.571568129257897,2.256872400428897,1.569972747251497,0.2821866076864228,2.0015953820064,-1.032509121142577,0.6868996531774001,1.0,0.9583333333333334,0.9583333333333334,0.875,0.0037618066770186,0.9479166666666667,10,15,15,17,13,11,14.0,15.0
5d91daf3704e790018f47229,,,,,,,,,1.0,1.0,0.7083333333333334,0.6956521739130435,0.0055879284953111,0.8509963768115942,12,16,6,12,8,11,7.0,5.0
5d47901043518d0017bf3c04,,,,,,,,,,,,,,,7,12,8,11,20,14,14.0,7.0
6575c6e1563027adb8f299cb,3.2288199630120378,3.571568129257897,1.606089242065552,1.606089242065552,1.6227307209464856,1.9654788871923448,-0.3427481662458591,0.0,1.0,1.0,0.9583333333333334,0.9166666666666666,0.0075148630434782,0.96875,17,9,17,14,12,14,14.0,16.0
66e7a85e45c1132f1e2d12b6,2.45056465097878,1.3686751773958834,1.3609517559993352,1.5617924079751615,1.089612894979445,-0.1931172305792783,1.0818894735828968,-0.2008406519758265,1.0,0.9583333333333334,0.9166666666666666,0.9565217391304348,0.0096663225296442,0.9578804347826086,10,10,10,11,5,11,15.0,9.0
6742ecbc50ae979ed5099784,,,,,,,,,0.8695652173913043,0.7916666666666666,0.9565217391304348,0.6666666666666666,0.0112343998564593,0.8211050724637681,18,18,10,15,10,14,12.0,14.0
66cfb812269143794dc55575,2.53905900811532,3.234058831204229,1.1718525605643293,2.087646756664343,1.3672064475509906,1.146412074539886,-0.6949998230889092,-0.9157941961000138,0.8333333333333334,0.5,0.6956521739130435,0.6363636363636364,0.0097175395238095,0.6663372859025033,14,17,13,15,15,14,14.0,17.0
655f8b959477c803eb906622,3.2288199630120378,2.485310025471724,0.6594875889217631,0.5867624642423868,2.5693323740902745,1.8985475612293368,0.7435099375403138,0.0727251246793763,,,,,,,10,11,14,11,12,14,9.0,14.0
677d3cc83d0aa6a39541f5d6,2.4936473961509886,2.2976132180551083,1.3686751773958834,1.7586150248067158,1.1249722187551052,0.5389981932483925,0.1960341780958803,-0.3899398474108324,0.9565217391304348,0.782608695652174,0.9130434782608696,0.7916666666666666,0.0085242900964532,0.8609601449275363,17,14,14,14,14,14,14.0,16.0
664993e12a5b629050529e17,,,,,,,,,,,,,,,13,16,15,15,13,15,15.0,18.0
66dd097265650e0dec23231f,1.792183229073417,3.2288199630120378,0.1362958665727858,1.5832772154867492,1.6558873625006312,1.6455427475252886,-1.4366367339386208,-1.4469813489139634,0.9565217391304348,0.9583333333333334,0.8333333333333334,0.9090909090909092,0.0070729373913043,0.9143198287220027,15,13,10,9,11,12,11.0,14.0
66439d339e8b25efa8cb4b9a,1.1577449645439444,2.89131066495837,0.3661063568005696,-0.096558615289639,0.7916386077433748,2.987869280248009,-1.7335657004144256,0.4626649720902087,1.0,0.8333333333333334,0.875,0.6956521739130435,0.0085705529750749,0.8509963768115942,10,5,5,6,4,6,11.0,7.0
66243f204cef464daff99f8d,2.532804316563664,2.870313614617332,1.4336768806787117,0.4626649720902087,1.0991274358849523,2.407648642527123,-0.3375092980536678,0.9710119085885028,1.0,1.0,0.9130434782608696,0.875,0.0142204873706004,0.9470108695652174,17,13,16,11,10,12,16.0,13.0
66ee186efc9a208ef9446a30,2.7701646568408917,2.087646756664343,1.3022647393089928,1.1577449645439444,1.4678999175318983,0.9299017921203988,0.6825179001765482,0.1445197747650484,1.0,1.0,1.0,0.9583333333333334,0.0042635054347826,0.9895833333333334,16,15,13,17,12,14,11.0,15.0
56c15833eb5b22000d5babba,1.967636016058878,1.811714840529576,1.099127435884953,0.4626649720902088,0.868508580173925,1.349049868439367,0.1559211755293019,0.6364624637947441,1.0,0.9130434782608696,0.9583333333333334,1.0,0.0095690091614906,0.9678442028985508,13,11,15,10,11,9,14.0,16.0
65d5d1d59bfc5f7fcbbd742d,2.836395562396848,1.9488374083114115,1.1024222741766994,0.6824145931660606,1.7339732882201484,1.266422815145351,0.8875581540854363,0.4200076810106388,1.0,0.9166666666666666,0.6086956521739131,0.875,0.0087402019480519,0.8500905797101449,15,12,14,12,8,10,8.0,11.0
60a1e1f4a3707c983a98f185,,,,,,,,,0.8636363636363636,1.0,0.8695652173913043,0.7391304347826086,0.0103181283703912,0.8680830039525691,8,16,12,12,11,13,8.0,12.0
6773f4dfb59cda6e2414cb19,2.7701646568408917,1.9920256942057104,0.8875581540854366,0.6625074372225022,1.8826065027554544,1.329518256983208,0.7781389626351811,0.2250507168629344,0.9166666666666666,0.9583333333333334,0.9583333333333334,0.8333333333333334,0.0127966799604743,0.9166666666666667,17,18,17,17,19,19,20.0,19.0
67529d0aecb73bfe140d521f,,,,,,,,,0.9347826086956522,0.9130434782608696,0.851063829787234,0.7083333333333334,0.0110645573037587,0.8518058125192723,11,13,20,16,15,15,14.0,12.0
5e375b7e76397a6f27f9547f,1.831340149486092,1.238718140749485,1.8313401494860924,1.29404083111673,-2.220446049250313e-16,-0.055322690367245,0.5926220087366072,0.5372993183693624,0.9565217391304348,0.9130434782608696,0.8260869565217391,0.8260869565217391,0.0066641765778081,0.8804347826086957,20,12,20,7,7,6,20.0,11.0
6779d0e560ce37d982f31caf,2.162392789648977,2.4326553587872235,1.5923146964912656,-0.8593300540540564,0.5700780931577114,3.29198541284128,-0.2702625691382465,2.451644750545322,0.9583333333333334,0.9130434782608696,1.0,1.0,0.0065353128881987,0.9678442028985508,20,20,20,20,20,20,20.0,20.0
66dd9c5b1c02410a87c068e5,3.2288199630120378,3.1857372178398293,1.0683510453062186,1.6335193458110044,2.160468917705819,1.5522178720288249,0.0430827451722084,-0.5651683005047858,0.9166666666666666,0.9130434782608696,0.8695652173913043,0.8260869565217391,0.0116223817612212,0.8813405797101449,14,18,18,17,12,13,8.0,16.0
6751f6e990f3b3698bf1748b,1.859209131621516,0.2725675898116698,0.7363159173761296,0.083453754503066,1.122893214245387,0.1891138353086038,1.5866415418098463,0.6528621628730635,1.0,0.875,1.0,0.9130434782608696,0.0073152264492753,0.9470108695652174,17,14,13,11,10,13,14.0,15.0
674e0771f3216542d0539c7b,1.2475828936708466,2.822819323525392,1.29404083111673,1.1577449645439442,-0.0464579374458833,1.665074358981448,-1.5752364298545456,0.1362958665727858,0.9565217391304348,0.9565217391304348,0.9565217391304348,0.8695652173913043,0.014788809090909,0.9347826086956522,16,13,13,13,9,12,13.0,13.0
676379302839a2e46a4d6de5,0.083453754503066,0.2933812321211932,1.004804446746711,0.7957834554945489,-0.921350692243645,-0.5024022233733556,-0.2099274776181272,0.2090209912521621,,,,,,,20,17,18,18,18,18,17.0,18.0
673f18bb08e7ff5ef549e488,,,,,,,,,,,,,,,20,20,20,20,20,20,20.0,20.0
678fa1020e5289062a7e76f0,,,,,,,,,0.9583333333333334,0.75,0.4545454545454545,0.7083333333333334,0.0078649045524296,0.7178030303030304,12,19,14,14,17,15,17.0,14.0
60d3d517873ac00f2ed811e5,2.836395562396848,3.234058831204229,1.803886441254271,0.9716509775360797,1.0325091211425768,2.2624078536681496,-0.3976632688073813,0.8322354637181913,1.0,0.9565217391304348,0.9565217391304348,1.0,0.0080791079051383,0.9782608695652174,13,11,15,10,11,9,15.0,14.0
678a5c44e1295faaebfc8ee4,,,,,,,,,,,,,,,11,15,13,10,14,15,15.0,17.0
6766b76b0b5bf9820e277b72,,,,,,,,,,,,,,,16,18,15,19,15,17,17.0,20.0
66a508e29deb15f57d4458f1,2.822819323525392,2.822819323525392,1.859209131621516,0.7916386077433746,0.9636101919038756,2.031180715782017,0.0,1.0675705238781417,1.0,0.9130434782608696,0.9545454545454546,0.9545454545454546,0.0055898662525879,0.9555335968379447,18,20,13,18,16,16,14.0,13.0
67683d2ef4617ea5d90b7539,,,,,,,,,,,,,,,20,15,16,20,17,18,17.0,19.0
66bfd3867e3dd5e2c19650b9,,,,,,,,,,,,,,,20,20,20,20,20,20,20.0,20.0
678ba680eefc2d7fd8559a03,,,,,,,,,0.9130434782608696,0.9130434782608696,0.8636363636363636,1.0,0.0112792525062656,0.9224308300395258,16,17,19,18,15,18,14.0,12.0
5e4e844553bc702cdf68404d,1.5832772154867492,0.9716509775360797,1.5860250547190646,0.8875581540854365,-0.0027478392323154,0.0840928234506431,0.6116262379506695,0.6984669006336282,,,,,,,11,9,13,14,8,10,15.0,13.0
67352f08f3ab886418574a6a,1.527954525119504,1.5224784561595568,-0.5659488219328631,0.2892363843700191,2.093903347052368,1.2332420717895376,0.0054760689599473,-0.8551852063028822,0.9583333333333334,1.0,0.8695652173913043,0.75,0.0098334539855072,0.8944746376811594,16,20,15,15,14,16,15.0,16.0
6776957e09a543d5a21c521a,,,,,,,,,,,,,,,16,15,14,19,13,16,12.0,15.0
677f7658861507001fe69579,0.6594875889217631,1.569972747251497,1.6335193458110044,0.8400638629934964,-0.9740317568892414,0.7299088842580006,-0.910485158329734,0.793455482817508,0.9565217391304348,0.7916666666666666,0.8695652173913043,0.875,0.0065841768694463,0.8731884057971014,15,16,16,17,14,14,15.0,14.0
667af5cc382d3037050e3632,3.234058831204229,2.836395562396848,1.6335193458110049,1.3861825895867712,1.6005394853932242,1.4502129728100766,0.3976632688073813,0.2473367562242336,1.0,0.9583333333333334,0.7727272727272727,0.9565217391304348,0.0141344072134387,0.9218955862977603,17,16,17,18,14,17,17.0,13.0
678e9a84c6c7879d007bbf4e,1.29404083111673,0.3661063568005696,0.0834537545030658,1.004804446746711,1.2105870766136642,-0.6386980899461414,0.9279344743161604,-0.9213506922436452,0.8636363636363636,0.9130434782608696,0.782608695652174,0.9130434782608696,0.0110097906432748,0.8680830039525692,20,19,18,19,17,17,20.0,18.0
6761312f87e4c57c3259eb11,,,,,,,,,,,,,,,20,19,19,17,12,12,20.0,12.0
651b43625c3bc6e2217a7e24,,,,,,,,,,,,,,,13,15,10,5,10,8,6.0,15.0
6655fd511b6c8d1fd05de12d,2.201549710061652,2.822819323525392,0.9716509775360797,1.0683510453062186,1.2298987325255726,1.7544682782191732,-0.6212696134637397,-0.096700067770139,0.9090909090909092,0.7916666666666666,0.6666666666666666,0.7916666666666666,0.0114264789473684,0.7897727272727272,20,18,20,20,20,19,19.0,20.0
66ace0fa42d9a6710036025c,,,,,,,,,0.9565217391304348,0.9166666666666666,0.782608695652174,0.8695652173913043,0.0103081819191919,0.8813405797101449,15,14,16,17,16,17,17.0,15.0
67704d25c22e3bfcf98ab4fc,,,,,,,,,,,,,,,10,18,15,13,17,17,15.0,15.0
67719f52af5175c7f6b1c990,,,,,,,,,1.0,0.9130434782608696,0.6956521739130435,0.7619047619047619,0.0175376196428571,0.8426501035196687,16,18,18,20,18,19,20.0,17.0
667998e5c55fe7def1eb7496,2.256872400428897,1.6335193458110044,1.1718525605643293,1.527954525119504,1.0850198398645678,0.1055648206915003,0.6233530546178927,-0.3561019645551748,1.0,0.8695652173913043,0.8695652173913043,0.9565217391304348,0.0072902435573122,0.9239130434782608,16,11,14,9,11,12,11.0,10.0
67147a6a2c208253099ab82b,0.7014641670775721,1.859209131621516,1.0200762327862014,0.4626649720902088,-0.3186120657086293,1.3965441595313073,-1.1577449645439442,0.5574112606959926,,,,,,,11,10,12,9,10,12,10.0,12.0
651d64f5eb4ac4993ecc5abd,2.217715480016221,1.4336768806787117,1.3861825895867712,1.0683510453062186,0.8315328904294503,0.3653258353724928,0.7840385993375101,0.3178315442805526,0.9565217391304348,1.0,0.9130434782608696,0.8260869565217391,0.0057817744303941,0.923913043478261,18,11,17,13,12,12,11.0,11.0
678dbad423480901e47ad481,2.5604636462620807,2.7889012713049075,1.967636016058878,2.217715480016221,0.5928276302032027,0.571185791288686,-0.2284376250428268,-0.2500794639573436,1.0,1.0,0.9565217391304348,0.9583333333333334,0.007516195256917,0.978713768115942,14,18,14,14,19,13,9.0,15.0
64013a8e233aaa42388c821f,2.5390590081153204,1.2475828936708466,0.6397573020864905,2.087646756664343,1.89930170602883,-0.8400638629934964,1.2914761144444735,-1.447889454577853,0.9565217391304348,0.8695652173913043,0.9166666666666666,0.9130434782608696,0.0074677272727272,0.9139492753623188,11,14,20,14,9,12,12.0,15.0
6636a7456e7f277f59dda9bd,,,,,,,,,0.9545454545454546,1.0,0.8571428571428571,0.9565217391304348,0.0077249337285902,0.9420525127046866,17,20,15,18,13,15,15.0,17.0
669adbdb7e97d6e53cb2d924,2.1351410477562838,2.836395562396848,1.719458104394041,2.870313614617332,0.4156829433622426,-0.0339180522204838,-0.7012545146405644,-1.150855510223291,0.9583333333333334,0.8695652173913043,0.8695652173913043,0.7391304347826086,0.016655188746803,0.8591485507246377,12,8,17,10,10,7,12.0,10.0
63d7fb6ee49281f6c41d6630,,,,,,,,,,,,,,,19,20,20,20,20,20,20.0,20.0
674e978e575eccb8dd86167b,2.139723542881604,1.803886441254271,1.1024222741766994,0.8685085801739253,1.0373012687049048,0.9353778610803456,0.3358371016273331,0.233913694002774,0.9565217391304348,0.4090909090909091,0.5217391304347826,0.5454545454545454,0.0190036616161616,0.608201581027668,12,13,7,13,14,15,10.0,12.0
5e7987df47422a5443426cd7,1.569972747251497,1.5224784561595568,1.758615024806716,0.4982573756221811,-0.188642277555219,1.0242210805373757,0.0474942910919402,1.260357649184535,0.9130434782608696,0.9565217391304348,0.9130434782608696,0.9565217391304348,0.0123119722943722,0.9347826086956521,16,17,20,11,13,12,15.0,13.0
6647e8618c77f7b938865d25,,,,,,,,,0.8333333333333334,0.8333333333333334,0.5833333333333334,0.75,0.0004932971428571,0.75,19,16,19,16,15,15,19.0,17.0
61008f090e777a2b47f1ad76,,,,,,,,,,,,,,,18,20,20,20,17,17,18.0,20.0
61140d2c5d85c524932a2c59,,,,,,,,,0.625,0.8333333333333334,0.7916666666666666,0.7083333333333334,0.0032399587925696,0.7395833333333334,18,10,19,7,8,11,8.0,10.0
663a80393a72dac091c817b5,2.201549710061652,2.4936473961509886,0.9710119085885026,1.0200762327862014,1.2305378014731496,1.4735711633647872,-0.2920976860893365,-0.0490643241976987,0.9130434782608696,0.9130434782608696,0.9166666666666666,0.75,0.0060918987012987,0.8731884057971014,15,14,11,14,10,12,10.0,13.0
6643bef326f3a4026c0ab2b6,,,,,,,,,0.9565217391304348,1.0,0.9583333333333334,0.9545454545454546,0.0083648606013551,0.9673501317523057,15,18,17,18,14,11,17.0,17.0
5ec0260375bf15077a00e645,,,,,,,,,0.9583333333333334,0.875,0.8333333333333334,0.8695652173913043,0.0074491323188405,0.8840579710144928,12,11,13,11,9,9,13.0,13.0
671d2abf2ba7384f9b45678a,1.3861825895867712,1.313457464907395,0.967870982317275,1.0683510453062186,0.4183116072694962,0.245106419601176,0.0727251246793765,-0.1004800629889436,0.9583333333333334,1.0,1.0,1.0,0.0109646173913043,0.9895833333333334,14,20,13,15,17,11,20.0,10.0
675aaec58dfc729c338a52eb,,,,,,,,,0.9565217391304348,1.0,0.9130434782608696,0.8636363636363636,0.0072784034750908,0.9333003952569171,13,16,14,14,14,15,16.0,14.0
668ddafedbce64d6094e759e,2.822819323525392,3.2679768834247134,0.6824145931660606,1.1577449645439444,2.1404047303593314,2.110231918880769,-0.4451575598993216,-0.4753303713778838,0.9565217391304348,0.9130434782608696,0.8695652173913043,0.7916666666666666,0.0060721135110503,0.8826992753623188,7,11,6,9,6,7,6.0,6.0
673d1231929c7a0a6138a5c1,1.0200762327862014,1.5617924079751615,1.9488374083114115,0.1133688623284884,-0.92876117552521,1.4484235456466732,-0.5417161751889603,1.8354685459829228,0.9583333333333334,1.0,0.7391304347826086,0.5909090909090909,0.0119960336431897,0.8220932147562583,15,16,16,16,10,10,11.0,14.0
66972752027327f711a5e612,1.859209131621516,0.7459611917255681,1.6335193458110049,1.792183229073417,0.2256897858105113,-1.046222037347849,1.113247939895948,-0.1586638832624121,0.9130434782608696,0.9565217391304348,0.875,0.782608695652174,0.005896593073593,0.8817934782608696,15,18,19,19,15,18,20.0,16.0
5d27851db6eb920018a5fb27,1.29404083111673,0.4982573756221813,0.5659488219328631,0.1968226168315543,0.7280920091838669,0.301434758790627,0.7957834554945487,0.3691262051013088,0.9166666666666666,0.75,0.7727272727272727,0.8695652173913043,0.0111772998276886,0.8272397891963109,14,13,14,12,13,18,15.0,12.0
6786d6d81286c8386e009009,1.246064502480142,0.1968226168315543,0.8685085801739252,0.6824145931660605,0.3775559223062168,-0.4855919763345061,1.0492418856485877,0.1860939870078647,0.9130434782608696,0.9166666666666666,0.8636363636363636,0.875,0.0055366461380724,0.892086627140975,20,18,19,20,18,16,16.0,20.0
672ff021dad78d519a50f64a,1.606089242065552,1.3022647393089928,0.6539698759856318,0.4307272992954575,0.9521193660799204,0.8715374400135352,0.3038245027565593,0.2232425766901742,,,,,,,16,12,9,10,11,12,8.0,9.0
66370a20a4b5b1a460904760,3.2679768834247134,3.571568129257897,2.031182614618386,2.1688494475397606,1.2367942688063276,1.4027186817181363,-0.3035912458331835,-0.1376668329213748,1.0,1.0,1.0,0.9565217391304348,0.0109457261528326,0.9891304347826086,15,13,14,15,11,14,12.0,18.0
6705779b28e9a54f7b3b3535,,,,,,,,,,,,,,,18,20,14,16,19,17,18.0,18.0
6535d3f1b4ff80adff474548,,,,,,,,,1.0,0.9565217391304348,1.0,0.9130434782608696,0.0086131732072275,0.967391304347826,18,13,17,4,9,12,16.0,10.0
6761934aa62aae0c93863233,2.5604636462620807,1.3022647393089928,2.087646756664343,0.7363159173761296,0.4728168895977376,0.5659488219328632,1.258198906953088,1.3513308392882135,0.875,0.9166666666666666,0.8260869565217391,0.6190476190476191,0.0084441013039591,0.8092003105590062,18,18,15,16,14,15,17.0,18.0
5eddaa6d115bb4ac7e59f153,2.162392789648977,1.527954525119504,2.217715480016221,1.3861825895867712,-0.0553226903672445,0.1417719355327329,0.6344382645294728,0.8315328904294503,0.9545454545454546,0.9583333333333334,0.7916666666666666,0.9583333333333334,0.0063191157240928,0.915719696969697,16,16,17,13,13,14,16.0,15.0
62861bcc5f0edf6340c914df,3.234058831204229,3.571568129257897,2.89131066495837,3.267976883424713,0.3427481662458591,0.303591245833184,-0.3375092980536678,-0.3766662184663429,1.0,0.9565217391304348,0.9166666666666666,0.9545454545454546,0.005101279390175,0.956933465085639,15,13,14,13,13,13,16.0,16.0
63d5decffe6025fec6a381b0,,,,,,,,,,,,,,,14,16,16,14,14,17,20.0,14.0
66e2a683a6aed2b156557f9d,2.7889012713049075,1.2000886025789066,0.5563035475834245,0.5024022233733555,2.232597723721483,0.6976863792055511,1.588812668726001,0.0539013242100689,0.9583333333333334,1.0,1.0,0.9565217391304348,0.0054808956521739,0.9787137681159421,16,15,17,10,13,11,14.0,17.0
60641cdc8536a607a60e0612,1.8038864412542712,0.8685085801739252,0.6824145931660605,0.2695477415109307,1.1214718480882109,0.5989608386629944,0.935377861080346,0.4128668516551297,,,,,,,15,17,13,18,16,17,12.0,11.0
66c4a2414f979ae2a78a8adc,,,,,,,,,0.9545454545454546,1.0,0.9565217391304348,1.0,0.0057253742518351,0.9777667984189724,20,20,20,20,20,20,20.0,18.0
6757688470f9e929a8ea7d90,1.3686751773958834,1.2475828936708466,1.5617924079751615,1.1641291391677808,-0.1931172305792783,0.0834537545030658,0.1210922837250367,0.3976632688073809,0.75,0.6086956521739131,0.6666666666666666,0.4347826086956521,0.0091847202380952,0.6150362318840579,19,11,20,15,19,15,18.0,20.0
66ae394dd6f0020399d3b887,,,,,,,,,0.9565217391304348,0.8695652173913043,0.7391304347826086,0.8260869565217391,0.0024360622882071,0.8478260869565217,19,16,14,16,17,14,15.0,16.0
610b06f1534fdc7ce455d168,1.2000886025789066,1.2475828936708466,1.0200762327862014,0.6950799924537355,0.1800123697927051,0.5525029012171111,-0.04749429109194,0.3249962403324659,0.8695652173913043,0.9565217391304348,0.7272727272727273,0.782608695652174,0.003854256060606,0.8339920948616601,17,20,17,19,18,19,16.0,19.0
653d3b418bce22526d2639b4,2.822819323525392,3.196898188807768,1.6335193458110049,1.803886441254271,1.189299977714387,1.3930117475534969,-0.3740788652823759,-0.1703670954432661,0.9130434782608696,0.9166666666666666,1.0,0.9545454545454546,0.0026969569264069,0.9460638998682477,10,9,19,11,11,13,10.0,13.0
678c417ed431a331d3f547ec,,,,,,,,,,,,,,,18,17,18,17,15,16,20.0,14.0
666640831e2f8d963f8c528f,3.2288199630120378,2.3051453141125458,2.087646756664343,1.758615024806716,1.1411732063476947,0.5465302893058297,0.923674648899492,0.329031731857627,0.625,0.7083333333333334,0.75,0.5,0.0104104005228758,0.6458333333333334,16,12,18,13,13,13,19.0,17.0
5f1273be29b0711c3cff250f,,,,,,,,,0.9166666666666666,0.8333333333333334,0.8181818181818182,0.782608695652174,0.0117056484848484,0.837697628458498,14,14,11,13,14,11,10.0,12.0
6110b58d7063061e373e2fbc,1.246064502480142,1.9920256942057104,1.3655580393216755,0.6824145931660605,-0.1194935368415337,1.3096111010396498,-0.7459611917255682,0.6831434461556153,0.9166666666666666,0.6818181818181818,0.782608695652174,0.875,0.0033775375757575,0.8140233860342556,12,11,15,11,12,10,12.0,10.0
5e80b109ca1800791e1ca40c,,,,,,,,,0.75,0.7083333333333334,0.8571428571428571,0.4782608695652174,0.0058091161616161,0.698434265010352,15,13,11,10,9,10,13.0,12.0
6783e8710446ee858344b1b2,,,,,,,,,0.8333333333333334,0.7916666666666666,0.8333333333333334,0.5833333333333334,0.0089091443609022,0.7604166666666667,15,17,18,14,10,10,15.0,12.0
6699c7aea5e77f24097879b7,0.9320551787334328,1.3686751773958834,0.6594875889217631,-0.4733936019138985,0.2725675898116698,1.8420687793097816,-0.4366199986624505,1.1328811908356615,,,,,,,12,14,15,13,10,11,12.0,10.0
5eec6fe1a0f1c4000a8103b2,3.2288199630120378,3.571568129257897,1.8027430907391904,1.758615024806716,1.4260768722728474,1.8129531044511809,-0.3427481662458591,0.0441280659324743,0.9583333333333334,0.9166666666666666,0.9130434782608696,0.8695652173913043,0.0113266692245435,0.9144021739130435,11,18,11,12,10,14,16.0,15.0
